run_index,seed,epoch,train_accuracy,test_accuracy
0,80349449,0,0.5149999856948853,0.5049999952316284
0,80349449,1,0.5,0.4399999976158142
0,80349449,2,0.4899999797344208,0.4650000035762787
0,80349449,3,0.5,0.5
0,80349449,4,0.5099999904632568,0.5099999904632568
0,80349449,5,0.5249999761581421,0.48499998450279236
0,80349449,6,0.5349999666213989,0.4899999797344208
0,80349449,7,0.5349999666213989,0.4949999749660492
0,80349449,8,0.5399999618530273,0.4949999749660492
0,80349449,9,0.5399999618530273,0.4949999749660492
0,80349449,10,0.550000011920929,0.4949999749660492
0,80349449,11,0.550000011920929,0.5
0,80349449,12,0.550000011920929,0.4949999749660492
0,80349449,13,0.5550000071525574,0.5
0,80349449,14,0.5600000023841858,0.5049999952316284
0,80349449,15,0.550000011920929,0.4899999797344208
0,80349449,16,0.5600000023841858,0.5049999952316284
0,80349449,17,0.5600000023841858,0.5099999904632568
0,80349449,18,0.5699999928474426,0.4949999749660492
0,80349449,19,0.5600000023841858,0.5
0,80349449,20,0.5699999928474426,0.5
0,80349449,21,0.5649999976158142,0.4949999749660492
0,80349449,22,0.5699999928474426,0.4949999749660492
0,80349449,23,0.5699999928474426,0.5099999904632568
0,80349449,24,0.574999988079071,0.5
0,80349449,25,0.5649999976158142,0.5099999904632568
0,80349449,26,0.5799999833106995,0.4949999749660492
0,80349449,27,0.5799999833106995,0.4949999749660492
0,80349449,28,0.5799999833106995,0.5049999952316284
0,80349449,29,0.574999988079071,0.5049999952316284
0,80349449,30,0.5999999642372131,0.4899999797344208
0,80349449,31,0.5849999785423279,0.5
0,80349449,32,0.5949999690055847,0.5049999952316284
0,80349449,33,0.5849999785423279,0.5
0,80349449,34,0.5999999642372131,0.4899999797344208
0,80349449,35,0.5899999737739563,0.5
0,80349449,36,0.5999999642372131,0.4949999749660492
0,80349449,37,0.6049999594688416,0.5
0,80349449,38,0.6049999594688416,0.4899999797344208
0,80349449,39,0.6150000095367432,0.5
0,80349449,40,0.6150000095367432,0.5
0,80349449,41,0.6100000143051147,0.4949999749660492
0,80349449,42,0.6150000095367432,0.4949999749660492
0,80349449,43,0.6150000095367432,0.4949999749660492
0,80349449,44,0.625,0.5
0,80349449,45,0.625,0.5049999952316284
0,80349449,46,0.625,0.5049999952316284
0,80349449,47,0.625,0.5049999952316284
0,80349449,48,0.6349999904632568,0.5049999952316284
0,80349449,49,0.6349999904632568,0.5049999952316284
0,80349449,50,0.6399999856948853,0.5
0,80349449,51,0.6299999952316284,0.5099999904632568
0,80349449,52,0.6349999904632568,0.5
0,80349449,53,0.6349999904632568,0.5049999952316284
0,80349449,54,0.6349999904632568,0.5099999904632568
0,80349449,55,0.6349999904632568,0.5049999952316284
0,80349449,56,0.6549999713897705,0.5049999952316284
0,80349449,57,0.6449999809265137,0.4949999749660492
0,80349449,58,0.6649999618530273,0.5099999904632568
0,80349449,59,0.6599999666213989,0.5049999952316284
0,80349449,60,0.6699999570846558,0.5099999904632568
0,80349449,61,0.6649999618530273,0.4949999749660492
0,80349449,62,0.6699999570846558,0.5049999952316284
0,80349449,63,0.675000011920929,0.5
0,80349449,64,0.6850000023841858,0.5049999952316284
0,80349449,65,0.6899999976158142,0.4949999749660492
0,80349449,66,0.6800000071525574,0.5049999952316284
0,80349449,67,0.6800000071525574,0.5099999904632568
0,80349449,68,0.699999988079071,0.5099999904632568
0,80349449,69,0.6949999928474426,0.5149999856948853
0,80349449,70,0.7099999785423279,0.5099999904632568
0,80349449,71,0.7049999833106995,0.5049999952316284
0,80349449,72,0.7049999833106995,0.5049999952316284
0,80349449,73,0.7049999833106995,0.5049999952316284
0,80349449,74,0.7199999690055847,0.5099999904632568
0,80349449,75,0.7149999737739563,0.5049999952316284
0,80349449,76,0.7149999737739563,0.5
0,80349449,77,0.7299999594688416,0.5149999856948853
0,80349449,78,0.7199999690055847,0.5099999904632568
0,80349449,79,0.7299999594688416,0.5199999809265137
0,80349449,80,0.73499995470047,0.5099999904632568
0,80349449,81,0.7400000095367432,0.5049999952316284
0,80349449,82,0.73499995470047,0.5199999809265137
0,80349449,83,0.7450000047683716,0.5199999809265137
0,80349449,84,0.73499995470047,0.5149999856948853
0,80349449,85,0.7450000047683716,0.5149999856948853
0,80349449,86,0.7400000095367432,0.5249999761581421
0,80349449,87,0.75,0.5049999952316284
0,80349449,88,0.7400000095367432,0.5249999761581421
0,80349449,89,0.75,0.5149999856948853
0,80349449,90,0.7400000095367432,0.5049999952316284
0,80349449,91,0.7599999904632568,0.5099999904632568
0,80349449,92,0.75,0.5199999809265137
0,80349449,93,0.7599999904632568,0.5049999952316284
0,80349449,94,0.7549999952316284,0.5199999809265137
0,80349449,95,0.7699999809265137,0.5099999904632568
0,80349449,96,0.7599999904632568,0.5199999809265137
0,80349449,97,0.7749999761581421,0.5199999809265137
0,80349449,98,0.7699999809265137,0.5249999761581421
0,80349449,99,0.7749999761581421,0.5249999761581421
0,80349449,100,0.7549999952316284,0.5199999809265137
0,80349449,101,0.7749999761581421,0.5099999904632568
0,80349449,102,0.7849999666213989,0.5299999713897705
0,80349449,103,0.7799999713897705,0.5149999856948853
0,80349449,104,0.7949999570846558,0.5149999856948853
0,80349449,105,0.7899999618530273,0.5149999856948853
0,80349449,106,0.7999999523162842,0.5299999713897705
0,80349449,107,0.7899999618530273,0.5149999856948853
0,80349449,108,0.8050000071525574,0.5199999809265137
0,80349449,109,0.7949999570846558,0.5199999809265137
0,80349449,110,0.7949999570846558,0.5199999809265137
0,80349449,111,0.8100000023841858,0.5199999809265137
0,80349449,112,0.8050000071525574,0.5149999856948853
0,80349449,113,0.8100000023841858,0.5199999809265137
0,80349449,114,0.8149999976158142,0.5199999809265137
0,80349449,115,0.8149999976158142,0.5149999856948853
0,80349449,116,0.8050000071525574,0.5149999856948853
0,80349449,117,0.8199999928474426,0.5349999666213989
0,80349449,118,0.8050000071525574,0.5199999809265137
0,80349449,119,0.8199999928474426,0.5149999856948853
0,80349449,120,0.8199999928474426,0.5249999761581421
0,80349449,121,0.8199999928474426,0.5199999809265137
0,80349449,122,0.8199999928474426,0.5249999761581421
0,80349449,123,0.8199999928474426,0.5299999713897705
0,80349449,124,0.8199999928474426,0.5199999809265137
0,80349449,125,0.8199999928474426,0.5299999713897705
0,80349449,126,0.8199999928474426,0.5249999761581421
0,80349449,127,0.8199999928474426,0.5349999666213989
0,80349449,128,0.824999988079071,0.5199999809265137
0,80349449,129,0.824999988079071,0.5249999761581421
0,80349449,130,0.8199999928474426,0.5199999809265137
0,80349449,131,0.8199999928474426,0.5199999809265137
0,80349449,132,0.8299999833106995,0.5149999856948853
0,80349449,133,0.8299999833106995,0.5249999761581421
0,80349449,134,0.824999988079071,0.5199999809265137
0,80349449,135,0.8349999785423279,0.5399999618530273
0,80349449,136,0.824999988079071,0.5249999761581421
0,80349449,137,0.8349999785423279,0.5299999713897705
0,80349449,138,0.8349999785423279,0.5249999761581421
0,80349449,139,0.8499999642372131,0.5349999666213989
0,80349449,140,0.8299999833106995,0.5249999761581421
0,80349449,141,0.8499999642372131,0.5349999666213989
0,80349449,142,0.8349999785423279,0.5299999713897705
0,80349449,143,0.8499999642372131,0.5349999666213989
0,80349449,144,0.8349999785423279,0.5149999856948853
0,80349449,145,0.85999995470047,0.5249999761581421
0,80349449,146,0.8449999690055847,0.5349999666213989
0,80349449,147,0.8499999642372131,0.5349999666213989
0,80349449,148,0.8449999690055847,0.5249999761581421
0,80349449,149,0.85999995470047,0.5349999666213989
0,80349449,150,0.85999995470047,0.5249999761581421
0,80349449,151,0.85999995470047,0.5349999666213989
0,80349449,152,0.8499999642372131,0.5299999713897705
0,80349449,153,0.85999995470047,0.5349999666213989
0,80349449,154,0.8650000095367432,0.5299999713897705
0,80349449,155,0.8650000095367432,0.5299999713897705
0,80349449,156,0.8700000047683716,0.5299999713897705
0,80349449,157,0.8700000047683716,0.5349999666213989
0,80349449,158,0.8700000047683716,0.5249999761581421
0,80349449,159,0.8700000047683716,0.5349999666213989
0,80349449,160,0.8899999856948853,0.5249999761581421
0,80349449,161,0.875,0.5299999713897705
0,80349449,162,0.9049999713897705,0.5349999666213989
0,80349449,163,0.8899999856948853,0.5450000166893005
0,80349449,164,0.9099999666213989,0.5450000166893005
0,80349449,165,0.8849999904632568,0.5450000166893005
0,80349449,166,0.8999999761581421,0.5299999713897705
0,80349449,167,0.8899999856948853,0.5450000166893005
0,80349449,168,0.9149999618530273,0.5349999666213989
0,80349449,169,0.8949999809265137,0.5349999666213989
0,80349449,170,0.9149999618530273,0.5349999666213989
0,80349449,171,0.8999999761581421,0.5349999666213989
0,80349449,172,0.9149999618530273,0.5299999713897705
0,80349449,173,0.9049999713897705,0.5399999618530273
0,80349449,174,0.9199999570846558,0.5349999666213989
0,80349449,175,0.9099999666213989,0.5399999618530273
0,80349449,176,0.9199999570846558,0.5349999666213989
0,80349449,177,0.9099999666213989,0.5349999666213989
0,80349449,178,0.9149999618530273,0.5450000166893005
0,80349449,179,0.9149999618530273,0.5399999618530273
0,80349449,180,0.9249999523162842,0.5450000166893005
0,80349449,181,0.9099999666213989,0.5349999666213989
0,80349449,182,0.9300000071525574,0.5299999713897705
0,80349449,183,0.9199999570846558,0.5349999666213989
0,80349449,184,0.9249999523162842,0.5550000071525574
0,80349449,185,0.9249999523162842,0.5399999618530273
0,80349449,186,0.9350000023841858,0.5450000166893005
0,80349449,187,0.9300000071525574,0.5399999618530273
0,80349449,188,0.9350000023841858,0.5550000071525574
0,80349449,189,0.9300000071525574,0.5349999666213989
0,80349449,190,0.9449999928474426,0.5450000166893005
0,80349449,191,0.9399999976158142,0.5399999618530273
0,80349449,192,0.9449999928474426,0.5399999618530273
0,80349449,193,0.9350000023841858,0.5399999618530273
0,80349449,194,0.9449999928474426,0.5450000166893005
0,80349449,195,0.9350000023841858,0.5450000166893005
0,80349449,196,0.9449999928474426,0.550000011920929
0,80349449,197,0.9399999976158142,0.5550000071525574
0,80349449,198,0.949999988079071,0.5600000023841858
0,80349449,199,0.9549999833106995,0.5399999618530273
0,80349449,200,0.9449999928474426,0.5450000166893005
0,80349449,201,0.9449999928474426,0.5399999618530273
0,80349449,202,0.9549999833106995,0.550000011920929
0,80349449,203,0.9399999976158142,0.550000011920929
0,80349449,204,0.9599999785423279,0.5550000071525574
0,80349449,205,0.949999988079071,0.5450000166893005
0,80349449,206,0.949999988079071,0.5550000071525574
0,80349449,207,0.9549999833106995,0.5550000071525574
0,80349449,208,0.9599999785423279,0.5600000023841858
0,80349449,209,0.949999988079071,0.5600000023841858
0,80349449,210,0.9599999785423279,0.5450000166893005
0,80349449,211,0.9649999737739563,0.550000011920929
0,80349449,212,0.9599999785423279,0.550000011920929
0,80349449,213,0.9549999833106995,0.5399999618530273
0,80349449,214,0.9699999690055847,0.5600000023841858
0,80349449,215,0.9649999737739563,0.5450000166893005
0,80349449,216,0.9599999785423279,0.550000011920929
0,80349449,217,0.9649999737739563,0.5550000071525574
0,80349449,218,0.9699999690055847,0.5600000023841858
0,80349449,219,0.9599999785423279,0.5649999976158142
0,80349449,220,0.9699999690055847,0.5600000023841858
0,80349449,221,0.9749999642372131,0.550000011920929
0,80349449,222,0.9749999642372131,0.5550000071525574
0,80349449,223,0.9749999642372131,0.5550000071525574
0,80349449,224,0.9699999690055847,0.5550000071525574
0,80349449,225,0.9749999642372131,0.550000011920929
0,80349449,226,0.9699999690055847,0.550000011920929
0,80349449,227,0.9749999642372131,0.550000011920929
0,80349449,228,0.9749999642372131,0.5600000023841858
0,80349449,229,0.9749999642372131,0.5600000023841858
0,80349449,230,0.9749999642372131,0.5600000023841858
0,80349449,231,0.9749999642372131,0.5550000071525574
0,80349449,232,0.9749999642372131,0.5600000023841858
0,80349449,233,0.9749999642372131,0.5550000071525574
0,80349449,234,0.9749999642372131,0.5699999928474426
0,80349449,235,0.9749999642372131,0.5649999976158142
0,80349449,236,0.9699999690055847,0.5600000023841858
0,80349449,237,0.9799999594688416,0.5649999976158142
0,80349449,238,0.9749999642372131,0.5649999976158142
0,80349449,239,0.9799999594688416,0.5649999976158142
0,80349449,240,0.9799999594688416,0.5600000023841858
0,80349449,241,0.9799999594688416,0.5550000071525574
0,80349449,242,0.9799999594688416,0.5600000023841858
0,80349449,243,0.98499995470047,0.5649999976158142
0,80349449,244,0.9799999594688416,0.574999988079071
0,80349449,245,0.9799999594688416,0.5600000023841858
0,80349449,246,0.9799999594688416,0.5600000023841858
0,80349449,247,0.9799999594688416,0.5550000071525574
0,80349449,248,0.9799999594688416,0.5600000023841858
0,80349449,249,0.98499995470047,0.5600000023841858
0,80349449,250,0.9799999594688416,0.5699999928474426
0,80349449,251,0.98499995470047,0.5799999833106995
0,80349449,252,0.9799999594688416,0.5649999976158142
0,80349449,253,0.98499995470047,0.550000011920929
0,80349449,254,0.9799999594688416,0.5649999976158142
0,80349449,255,0.98499995470047,0.5600000023841858
0,80349449,256,0.9799999594688416,0.574999988079071
0,80349449,257,0.98499995470047,0.5799999833106995
0,80349449,258,0.9799999594688416,0.5649999976158142
0,80349449,259,0.98499995470047,0.5600000023841858
0,80349449,260,0.9799999594688416,0.5600000023841858
0,80349449,261,0.98499995470047,0.5550000071525574
0,80349449,262,0.9799999594688416,0.5699999928474426
0,80349449,263,0.98499995470047,0.5649999976158142
0,80349449,264,0.9799999594688416,0.5649999976158142
0,80349449,265,0.9899999499320984,0.574999988079071
0,80349449,266,0.9799999594688416,0.574999988079071
0,80349449,267,0.9899999499320984,0.5649999976158142
0,80349449,268,0.98499995470047,0.5699999928474426
0,80349449,269,0.9899999499320984,0.5699999928474426
0,80349449,270,0.98499995470047,0.5649999976158142
0,80349449,271,0.9899999499320984,0.5899999737739563
0,80349449,272,0.9899999499320984,0.5600000023841858
0,80349449,273,0.9899999499320984,0.574999988079071
0,80349449,274,0.98499995470047,0.5699999928474426
0,80349449,275,0.9899999499320984,0.5699999928474426
0,80349449,276,0.9899999499320984,0.5699999928474426
0,80349449,277,0.9899999499320984,0.5699999928474426
0,80349449,278,0.9899999499320984,0.5649999976158142
0,80349449,279,0.9950000047683716,0.5849999785423279
0,80349449,280,0.9899999499320984,0.574999988079071
0,80349449,281,0.9899999499320984,0.5849999785423279
0,80349449,282,0.9950000047683716,0.5649999976158142
0,80349449,283,0.9899999499320984,0.574999988079071
0,80349449,284,0.9950000047683716,0.5600000023841858
0,80349449,285,0.9899999499320984,0.5799999833106995
0,80349449,286,0.9950000047683716,0.5649999976158142
0,80349449,287,0.9950000047683716,0.5799999833106995
0,80349449,288,0.9950000047683716,0.5600000023841858
0,80349449,289,0.9950000047683716,0.5849999785423279
0,80349449,290,0.9950000047683716,0.5600000023841858
0,80349449,291,0.9950000047683716,0.574999988079071
0,80349449,292,0.9950000047683716,0.574999988079071
0,80349449,293,0.9950000047683716,0.574999988079071
0,80349449,294,0.9950000047683716,0.5600000023841858
0,80349449,295,0.9950000047683716,0.5849999785423279
0,80349449,296,0.9950000047683716,0.5699999928474426
0,80349449,297,0.9950000047683716,0.5799999833106995
0,80349449,298,0.9950000047683716,0.5699999928474426
0,80349449,299,0.9950000047683716,0.5849999785423279
0,80349449,300,0.9950000047683716,0.5649999976158142
0,80349449,301,1.0,0.5799999833106995
0,80349449,302,0.9950000047683716,0.5600000023841858
0,80349449,303,1.0,0.5799999833106995
0,80349449,304,0.9950000047683716,0.574999988079071
0,80349449,305,1.0,0.5799999833106995
0,80349449,306,0.9950000047683716,0.5699999928474426
0,80349449,307,1.0,0.5849999785423279
0,80349449,308,0.9950000047683716,0.574999988079071
0,80349449,309,1.0,0.5849999785423279
0,80349449,310,0.9950000047683716,0.5699999928474426
0,80349449,311,1.0,0.5849999785423279
0,80349449,312,0.9950000047683716,0.5799999833106995
0,80349449,313,0.9950000047683716,0.5799999833106995
0,80349449,314,1.0,0.5849999785423279
0,80349449,315,1.0,0.5799999833106995
0,80349449,316,1.0,0.5799999833106995
0,80349449,317,1.0,0.5849999785423279
0,80349449,318,0.9950000047683716,0.5899999737739563
0,80349449,319,1.0,0.5849999785423279
0,80349449,320,1.0,0.5849999785423279
0,80349449,321,1.0,0.5699999928474426
0,80349449,322,0.9950000047683716,0.5949999690055847
0,80349449,323,1.0,0.5849999785423279
0,80349449,324,0.9950000047683716,0.5949999690055847
0,80349449,325,1.0,0.5799999833106995
0,80349449,326,1.0,0.5849999785423279
0,80349449,327,1.0,0.5799999833106995
0,80349449,328,1.0,0.5849999785423279
0,80349449,329,1.0,0.5849999785423279
0,80349449,330,1.0,0.5899999737739563
0,80349449,331,1.0,0.5849999785423279
0,80349449,332,1.0,0.6049999594688416
0,80349449,333,1.0,0.5949999690055847
0,80349449,334,1.0,0.6049999594688416
0,80349449,335,1.0,0.574999988079071
0,80349449,336,1.0,0.5899999737739563
0,80349449,337,1.0,0.5849999785423279
0,80349449,338,1.0,0.5899999737739563
0,80349449,339,1.0,0.5899999737739563
0,80349449,340,1.0,0.5899999737739563
0,80349449,341,1.0,0.5899999737739563
0,80349449,342,1.0,0.6049999594688416
0,80349449,343,1.0,0.5849999785423279
0,80349449,344,1.0,0.5949999690055847
0,80349449,345,1.0,0.5949999690055847
0,80349449,346,1.0,0.5949999690055847
0,80349449,347,1.0,0.5849999785423279
0,80349449,348,1.0,0.5999999642372131
0,80349449,349,1.0,0.5849999785423279
0,80349449,350,1.0,0.5999999642372131
0,80349449,351,1.0,0.5899999737739563
0,80349449,352,1.0,0.5949999690055847
0,80349449,353,1.0,0.5949999690055847
0,80349449,354,1.0,0.5999999642372131
0,80349449,355,1.0,0.6100000143051147
0,80349449,356,1.0,0.6049999594688416
0,80349449,357,1.0,0.6049999594688416
0,80349449,358,1.0,0.5899999737739563
0,80349449,359,1.0,0.5899999737739563
0,80349449,360,1.0,0.5999999642372131
0,80349449,361,1.0,0.5899999737739563
0,80349449,362,1.0,0.5999999642372131
0,80349449,363,1.0,0.5999999642372131
0,80349449,364,1.0,0.6049999594688416
0,80349449,365,1.0,0.5949999690055847
0,80349449,366,1.0,0.5899999737739563
0,80349449,367,1.0,0.6049999594688416
0,80349449,368,1.0,0.6150000095367432
0,80349449,369,1.0,0.6150000095367432
0,80349449,370,1.0,0.6049999594688416
0,80349449,371,1.0,0.6100000143051147
0,80349449,372,1.0,0.5899999737739563
0,80349449,373,1.0,0.5949999690055847
0,80349449,374,1.0,0.6100000143051147
0,80349449,375,1.0,0.5999999642372131
0,80349449,376,1.0,0.5999999642372131
0,80349449,377,1.0,0.6049999594688416
0,80349449,378,1.0,0.6100000143051147
0,80349449,379,1.0,0.5999999642372131
0,80349449,380,1.0,0.6150000095367432
0,80349449,381,1.0,0.5949999690055847
0,80349449,382,1.0,0.5949999690055847
0,80349449,383,1.0,0.5949999690055847
0,80349449,384,1.0,0.6150000095367432
0,80349449,385,1.0,0.6049999594688416
0,80349449,386,1.0,0.6150000095367432
0,80349449,387,1.0,0.6150000095367432
0,80349449,388,1.0,0.5999999642372131
0,80349449,389,1.0,0.5999999642372131
0,80349449,390,1.0,0.5999999642372131
0,80349449,391,1.0,0.6049999594688416
0,80349449,392,1.0,0.6100000143051147
0,80349449,393,1.0,0.6049999594688416
0,80349449,394,1.0,0.6049999594688416
0,80349449,395,1.0,0.6150000095367432
0,80349449,396,1.0,0.6049999594688416
0,80349449,397,1.0,0.6049999594688416
0,80349449,398,1.0,0.6100000143051147
0,80349449,399,1.0,0.5999999642372131
0,80349449,400,1.0,0.6049999594688416
0,80349449,401,1.0,0.6150000095367432
0,80349449,402,1.0,0.6150000095367432
0,80349449,403,1.0,0.6049999594688416
0,80349449,404,1.0,0.6299999952316284
0,80349449,405,1.0,0.6150000095367432
0,80349449,406,1.0,0.6100000143051147
0,80349449,407,1.0,0.6150000095367432
0,80349449,408,1.0,0.6150000095367432
0,80349449,409,1.0,0.6049999594688416
0,80349449,410,1.0,0.6049999594688416
0,80349449,411,1.0,0.6200000047683716
0,80349449,412,1.0,0.6150000095367432
0,80349449,413,1.0,0.6150000095367432
0,80349449,414,1.0,0.6049999594688416
0,80349449,415,1.0,0.6150000095367432
0,80349449,416,1.0,0.6100000143051147
0,80349449,417,1.0,0.6049999594688416
0,80349449,418,1.0,0.6200000047683716
0,80349449,419,1.0,0.6100000143051147
0,80349449,420,1.0,0.625
0,80349449,421,1.0,0.6100000143051147
0,80349449,422,1.0,0.6049999594688416
0,80349449,423,1.0,0.6150000095367432
0,80349449,424,1.0,0.6150000095367432
0,80349449,425,1.0,0.6200000047683716
0,80349449,426,1.0,0.6100000143051147
0,80349449,427,1.0,0.6150000095367432
0,80349449,428,1.0,0.6150000095367432
0,80349449,429,1.0,0.6150000095367432
0,80349449,430,1.0,0.6150000095367432
0,80349449,431,1.0,0.6150000095367432
0,80349449,432,1.0,0.6200000047683716
0,80349449,433,1.0,0.6150000095367432
0,80349449,434,1.0,0.5849999785423279
0,80349449,435,1.0,0.6100000143051147
0,80349449,436,1.0,0.6150000095367432
0,80349449,437,1.0,0.6100000143051147
0,80349449,438,1.0,0.6049999594688416
0,80349449,439,1.0,0.6200000047683716
0,80349449,440,1.0,0.6150000095367432
0,80349449,441,1.0,0.6150000095367432
0,80349449,442,1.0,0.625
0,80349449,443,1.0,0.6049999594688416
0,80349449,444,1.0,0.6200000047683716
0,80349449,445,1.0,0.6049999594688416
0,80349449,446,1.0,0.6200000047683716
0,80349449,447,1.0,0.6200000047683716
0,80349449,448,1.0,0.6150000095367432
0,80349449,449,1.0,0.6150000095367432
0,80349449,450,1.0,0.6150000095367432
0,80349449,451,1.0,0.6150000095367432
0,80349449,452,1.0,0.6150000095367432
0,80349449,453,1.0,0.6200000047683716
0,80349449,454,1.0,0.6150000095367432
0,80349449,455,1.0,0.6150000095367432
0,80349449,456,1.0,0.6150000095367432
0,80349449,457,1.0,0.6049999594688416
0,80349449,458,1.0,0.6150000095367432
0,80349449,459,1.0,0.6200000047683716
0,80349449,460,1.0,0.6150000095367432
0,80349449,461,1.0,0.6200000047683716
0,80349449,462,1.0,0.6349999904632568
0,80349449,463,1.0,0.6150000095367432
0,80349449,464,1.0,0.6200000047683716
0,80349449,465,1.0,0.625
0,80349449,466,1.0,0.6299999952316284
0,80349449,467,1.0,0.6100000143051147
0,80349449,468,1.0,0.6200000047683716
0,80349449,469,1.0,0.6200000047683716
0,80349449,470,1.0,0.6100000143051147
0,80349449,471,1.0,0.6200000047683716
0,80349449,472,1.0,0.6200000047683716
0,80349449,473,1.0,0.6299999952316284
0,80349449,474,1.0,0.6200000047683716
0,80349449,475,1.0,0.625
0,80349449,476,1.0,0.6349999904632568
0,80349449,477,1.0,0.6100000143051147
0,80349449,478,1.0,0.6150000095367432
0,80349449,479,1.0,0.625
0,80349449,480,1.0,0.6299999952316284
0,80349449,481,1.0,0.6200000047683716
0,80349449,482,1.0,0.6200000047683716
0,80349449,483,1.0,0.625
0,80349449,484,1.0,0.6200000047683716
0,80349449,485,1.0,0.6349999904632568
0,80349449,486,1.0,0.625
0,80349449,487,1.0,0.6299999952316284
0,80349449,488,1.0,0.6299999952316284
0,80349449,489,1.0,0.6200000047683716
0,80349449,490,1.0,0.625
0,80349449,491,1.0,0.6200000047683716
0,80349449,492,1.0,0.6299999952316284
0,80349449,493,1.0,0.6200000047683716
0,80349449,494,1.0,0.6150000095367432
0,80349449,495,1.0,0.6200000047683716
0,80349449,496,1.0,0.6399999856948853
0,80349449,497,1.0,0.6150000095367432
0,80349449,498,1.0,0.6349999904632568
0,80349449,499,1.0,0.625
0,80349449,500,1.0,0.6299999952316284
0,80349449,501,1.0,0.6200000047683716
0,80349449,502,1.0,0.6349999904632568
0,80349449,503,1.0,0.625
0,80349449,504,1.0,0.6349999904632568
0,80349449,505,1.0,0.6200000047683716
0,80349449,506,1.0,0.6299999952316284
0,80349449,507,1.0,0.6200000047683716
0,80349449,508,1.0,0.6349999904632568
0,80349449,509,1.0,0.6299999952316284
0,80349449,510,1.0,0.6200000047683716
0,80349449,511,1.0,0.6299999952316284
0,80349449,512,1.0,0.6299999952316284
0,80349449,513,1.0,0.6200000047683716
0,80349449,514,1.0,0.6349999904632568
0,80349449,515,1.0,0.625
0,80349449,516,1.0,0.625
0,80349449,517,1.0,0.6299999952316284
0,80349449,518,1.0,0.6349999904632568
0,80349449,519,1.0,0.625
0,80349449,520,1.0,0.625
0,80349449,521,1.0,0.625
0,80349449,522,1.0,0.6299999952316284
0,80349449,523,1.0,0.6299999952316284
0,80349449,524,1.0,0.6449999809265137
0,80349449,525,1.0,0.6299999952316284
0,80349449,526,1.0,0.6150000095367432
0,80349449,527,1.0,0.6449999809265137
0,80349449,528,1.0,0.6399999856948853
0,80349449,529,1.0,0.6200000047683716
0,80349449,530,1.0,0.6399999856948853
0,80349449,531,1.0,0.6299999952316284
0,80349449,532,1.0,0.6299999952316284
0,80349449,533,1.0,0.6349999904632568
0,80349449,534,1.0,0.625
0,80349449,535,1.0,0.6349999904632568
0,80349449,536,1.0,0.6499999761581421
0,80349449,537,1.0,0.6299999952316284
0,80349449,538,1.0,0.625
0,80349449,539,1.0,0.6299999952316284
0,80349449,540,1.0,0.6299999952316284
0,80349449,541,1.0,0.6200000047683716
0,80349449,542,1.0,0.6499999761581421
0,80349449,543,1.0,0.6399999856948853
0,80349449,544,1.0,0.6299999952316284
0,80349449,545,1.0,0.6299999952316284
0,80349449,546,1.0,0.6299999952316284
0,80349449,547,1.0,0.6399999856948853
0,80349449,548,1.0,0.6399999856948853
0,80349449,549,1.0,0.6349999904632568
0,80349449,550,1.0,0.6499999761581421
0,80349449,551,1.0,0.6399999856948853
0,80349449,552,1.0,0.6399999856948853
0,80349449,553,1.0,0.6449999809265137
0,80349449,554,1.0,0.6499999761581421
0,80349449,555,1.0,0.6399999856948853
0,80349449,556,1.0,0.6200000047683716
0,80349449,557,1.0,0.6299999952316284
0,80349449,558,1.0,0.6499999761581421
0,80349449,559,1.0,0.6349999904632568
0,80349449,560,1.0,0.6399999856948853
0,80349449,561,1.0,0.6449999809265137
0,80349449,562,1.0,0.6299999952316284
0,80349449,563,1.0,0.6549999713897705
0,80349449,564,1.0,0.6399999856948853
0,80349449,565,1.0,0.6449999809265137
0,80349449,566,1.0,0.6499999761581421
0,80349449,567,1.0,0.6349999904632568
0,80349449,568,1.0,0.6349999904632568
0,80349449,569,1.0,0.6449999809265137
0,80349449,570,1.0,0.6499999761581421
0,80349449,571,1.0,0.6399999856948853
0,80349449,572,1.0,0.6299999952316284
0,80349449,573,1.0,0.6549999713897705
0,80349449,574,1.0,0.6499999761581421
0,80349449,575,1.0,0.6349999904632568
0,80349449,576,1.0,0.6349999904632568
0,80349449,577,1.0,0.6499999761581421
0,80349449,578,1.0,0.6499999761581421
0,80349449,579,1.0,0.6399999856948853
0,80349449,580,1.0,0.6549999713897705
0,80349449,581,1.0,0.6499999761581421
0,80349449,582,1.0,0.6449999809265137
0,80349449,583,1.0,0.6549999713897705
0,80349449,584,1.0,0.6349999904632568
0,80349449,585,1.0,0.6549999713897705
0,80349449,586,1.0,0.6499999761581421
0,80349449,587,1.0,0.6599999666213989
0,80349449,588,1.0,0.6449999809265137
0,80349449,589,1.0,0.6549999713897705
0,80349449,590,1.0,0.6549999713897705
0,80349449,591,1.0,0.6549999713897705
0,80349449,592,1.0,0.6499999761581421
0,80349449,593,1.0,0.6549999713897705
0,80349449,594,1.0,0.6499999761581421
0,80349449,595,1.0,0.675000011920929
0,80349449,596,1.0,0.6549999713897705
0,80349449,597,1.0,0.6499999761581421
0,80349449,598,1.0,0.6549999713897705
0,80349449,599,1.0,0.6499999761581421
0,80349449,600,1.0,0.6449999809265137
0,80349449,601,1.0,0.6599999666213989
0,80349449,602,1.0,0.6499999761581421
0,80349449,603,1.0,0.6599999666213989
0,80349449,604,1.0,0.6649999618530273
0,80349449,605,1.0,0.6499999761581421
0,80349449,606,1.0,0.6499999761581421
0,80349449,607,1.0,0.6499999761581421
0,80349449,608,1.0,0.6549999713897705
0,80349449,609,1.0,0.6549999713897705
0,80349449,610,1.0,0.6549999713897705
0,80349449,611,1.0,0.6549999713897705
0,80349449,612,1.0,0.6499999761581421
0,80349449,613,1.0,0.6699999570846558
0,80349449,614,1.0,0.6449999809265137
0,80349449,615,1.0,0.6599999666213989
0,80349449,616,1.0,0.6599999666213989
0,80349449,617,1.0,0.6549999713897705
0,80349449,618,1.0,0.6449999809265137
0,80349449,619,1.0,0.675000011920929
0,80349449,620,1.0,0.6399999856948853
0,80349449,621,1.0,0.6599999666213989
0,80349449,622,1.0,0.6599999666213989
0,80349449,623,1.0,0.6499999761581421
0,80349449,624,1.0,0.6499999761581421
0,80349449,625,1.0,0.6699999570846558
0,80349449,626,1.0,0.6599999666213989
0,80349449,627,1.0,0.6649999618530273
0,80349449,628,1.0,0.6549999713897705
0,80349449,629,1.0,0.6549999713897705
0,80349449,630,1.0,0.6649999618530273
0,80349449,631,1.0,0.6850000023841858
0,80349449,632,1.0,0.6449999809265137
0,80349449,633,1.0,0.6850000023841858
0,80349449,634,1.0,0.6549999713897705
0,80349449,635,1.0,0.6699999570846558
0,80349449,636,1.0,0.6549999713897705
0,80349449,637,1.0,0.6549999713897705
0,80349449,638,1.0,0.6549999713897705
0,80349449,639,1.0,0.6850000023841858
0,80349449,640,1.0,0.6649999618530273
0,80349449,641,1.0,0.6649999618530273
0,80349449,642,1.0,0.6399999856948853
0,80349449,643,1.0,0.6649999618530273
0,80349449,644,1.0,0.6800000071525574
0,80349449,645,1.0,0.6599999666213989
0,80349449,646,1.0,0.6649999618530273
0,80349449,647,1.0,0.6800000071525574
0,80349449,648,1.0,0.6599999666213989
0,80349449,649,1.0,0.6649999618530273
0,80349449,650,1.0,0.6649999618530273
0,80349449,651,1.0,0.6649999618530273
0,80349449,652,1.0,0.6649999618530273
0,80349449,653,1.0,0.6850000023841858
0,80349449,654,1.0,0.6499999761581421
0,80349449,655,1.0,0.675000011920929
0,80349449,656,1.0,0.6699999570846558
0,80349449,657,1.0,0.6899999976158142
0,80349449,658,1.0,0.6649999618530273
0,80349449,659,1.0,0.675000011920929
0,80349449,660,1.0,0.6850000023841858
0,80349449,661,1.0,0.6699999570846558
0,80349449,662,1.0,0.675000011920929
0,80349449,663,1.0,0.6649999618530273
0,80349449,664,1.0,0.6699999570846558
0,80349449,665,1.0,0.675000011920929
0,80349449,666,1.0,0.675000011920929
0,80349449,667,1.0,0.6599999666213989
0,80349449,668,1.0,0.6850000023841858
0,80349449,669,1.0,0.6850000023841858
0,80349449,670,1.0,0.6549999713897705
0,80349449,671,1.0,0.6800000071525574
0,80349449,672,1.0,0.6699999570846558
0,80349449,673,1.0,0.6800000071525574
0,80349449,674,1.0,0.7049999833106995
0,80349449,675,1.0,0.675000011920929
0,80349449,676,1.0,0.675000011920929
0,80349449,677,1.0,0.7049999833106995
0,80349449,678,1.0,0.6649999618530273
0,80349449,679,1.0,0.6899999976158142
0,80349449,680,1.0,0.6800000071525574
0,80349449,681,1.0,0.6850000023841858
0,80349449,682,1.0,0.6699999570846558
0,80349449,683,1.0,0.6949999928474426
0,80349449,684,1.0,0.675000011920929
0,80349449,685,1.0,0.699999988079071
0,80349449,686,1.0,0.6850000023841858
0,80349449,687,1.0,0.6800000071525574
0,80349449,688,1.0,0.6850000023841858
0,80349449,689,1.0,0.7049999833106995
0,80349449,690,1.0,0.6599999666213989
0,80349449,691,1.0,0.6800000071525574
0,80349449,692,1.0,0.675000011920929
0,80349449,693,1.0,0.6850000023841858
0,80349449,694,1.0,0.6800000071525574
0,80349449,695,1.0,0.6800000071525574
0,80349449,696,1.0,0.675000011920929
0,80349449,697,1.0,0.6899999976158142
0,80349449,698,1.0,0.6899999976158142
0,80349449,699,1.0,0.6899999976158142
0,80349449,700,1.0,0.6850000023841858
0,80349449,701,1.0,0.699999988079071
0,80349449,702,1.0,0.6800000071525574
0,80349449,703,1.0,0.6800000071525574
0,80349449,704,1.0,0.6899999976158142
0,80349449,705,1.0,0.6800000071525574
0,80349449,706,1.0,0.6800000071525574
0,80349449,707,1.0,0.7049999833106995
0,80349449,708,1.0,0.6800000071525574
0,80349449,709,1.0,0.699999988079071
0,80349449,710,1.0,0.6800000071525574
0,80349449,711,1.0,0.6949999928474426
0,80349449,712,1.0,0.6949999928474426
0,80349449,713,1.0,0.6949999928474426
0,80349449,714,1.0,0.675000011920929
0,80349449,715,1.0,0.7049999833106995
0,80349449,716,1.0,0.699999988079071
0,80349449,717,1.0,0.6800000071525574
0,80349449,718,1.0,0.6800000071525574
0,80349449,719,1.0,0.7049999833106995
0,80349449,720,1.0,0.675000011920929
0,80349449,721,1.0,0.7049999833106995
0,80349449,722,1.0,0.6800000071525574
0,80349449,723,1.0,0.7149999737739563
0,80349449,724,1.0,0.675000011920929
0,80349449,725,1.0,0.699999988079071
0,80349449,726,1.0,0.6949999928474426
0,80349449,727,1.0,0.7049999833106995
0,80349449,728,1.0,0.6899999976158142
0,80349449,729,1.0,0.6949999928474426
0,80349449,730,1.0,0.6949999928474426
0,80349449,731,1.0,0.7099999785423279
0,80349449,732,1.0,0.6850000023841858
0,80349449,733,1.0,0.7049999833106995
0,80349449,734,1.0,0.699999988079071
0,80349449,735,1.0,0.6949999928474426
0,80349449,736,1.0,0.6800000071525574
0,80349449,737,1.0,0.675000011920929
0,80349449,738,1.0,0.7099999785423279
0,80349449,739,1.0,0.699999988079071
0,80349449,740,1.0,0.6850000023841858
0,80349449,741,1.0,0.699999988079071
0,80349449,742,1.0,0.699999988079071
0,80349449,743,1.0,0.7049999833106995
0,80349449,744,1.0,0.7099999785423279
0,80349449,745,1.0,0.7199999690055847
0,80349449,746,1.0,0.7099999785423279
0,80349449,747,1.0,0.7049999833106995
0,80349449,748,1.0,0.675000011920929
0,80349449,749,1.0,0.7099999785423279
0,80349449,750,1.0,0.6949999928474426
0,80349449,751,1.0,0.7099999785423279
0,80349449,752,1.0,0.699999988079071
0,80349449,753,1.0,0.699999988079071
0,80349449,754,1.0,0.699999988079071
0,80349449,755,1.0,0.7199999690055847
0,80349449,756,1.0,0.6699999570846558
0,80349449,757,1.0,0.7099999785423279
0,80349449,758,1.0,0.6949999928474426
0,80349449,759,1.0,0.699999988079071
0,80349449,760,1.0,0.7099999785423279
0,80349449,761,1.0,0.7299999594688416
0,80349449,762,1.0,0.6850000023841858
0,80349449,763,1.0,0.73499995470047
0,80349449,764,1.0,0.7049999833106995
0,80349449,765,1.0,0.7199999690055847
0,80349449,766,1.0,0.73499995470047
0,80349449,767,1.0,0.7149999737739563
0,80349449,768,1.0,0.699999988079071
0,80349449,769,1.0,0.7149999737739563
0,80349449,770,1.0,0.7249999642372131
0,80349449,771,1.0,0.7149999737739563
0,80349449,772,1.0,0.7149999737739563
0,80349449,773,1.0,0.7199999690055847
0,80349449,774,1.0,0.7199999690055847
0,80349449,775,1.0,0.7199999690055847
0,80349449,776,1.0,0.7049999833106995
0,80349449,777,1.0,0.73499995470047
0,80349449,778,1.0,0.7199999690055847
0,80349449,779,1.0,0.7249999642372131
0,80349449,780,1.0,0.7199999690055847
0,80349449,781,1.0,0.7249999642372131
0,80349449,782,1.0,0.7099999785423279
0,80349449,783,1.0,0.7199999690055847
0,80349449,784,1.0,0.7199999690055847
0,80349449,785,1.0,0.7099999785423279
0,80349449,786,1.0,0.7149999737739563
0,80349449,787,1.0,0.7400000095367432
0,80349449,788,1.0,0.7299999594688416
0,80349449,789,1.0,0.7199999690055847
0,80349449,790,1.0,0.7149999737739563
0,80349449,791,1.0,0.7249999642372131
0,80349449,792,1.0,0.7249999642372131
0,80349449,793,1.0,0.7400000095367432
0,80349449,794,1.0,0.7149999737739563
0,80349449,795,1.0,0.7299999594688416
0,80349449,796,1.0,0.7299999594688416
0,80349449,797,1.0,0.7199999690055847
0,80349449,798,1.0,0.7249999642372131
0,80349449,799,1.0,0.7400000095367432
0,80349449,800,1.0,0.7400000095367432
0,80349449,801,1.0,0.7400000095367432
0,80349449,802,1.0,0.7299999594688416
0,80349449,803,1.0,0.7400000095367432
0,80349449,804,1.0,0.7149999737739563
0,80349449,805,1.0,0.73499995470047
0,80349449,806,1.0,0.7299999594688416
0,80349449,807,1.0,0.7149999737739563
0,80349449,808,1.0,0.7299999594688416
0,80349449,809,1.0,0.7400000095367432
0,80349449,810,1.0,0.7299999594688416
0,80349449,811,1.0,0.73499995470047
0,80349449,812,1.0,0.7199999690055847
0,80349449,813,1.0,0.7199999690055847
0,80349449,814,1.0,0.73499995470047
0,80349449,815,1.0,0.7249999642372131
0,80349449,816,1.0,0.7450000047683716
0,80349449,817,1.0,0.7400000095367432
0,80349449,818,1.0,0.73499995470047
0,80349449,819,1.0,0.7450000047683716
0,80349449,820,1.0,0.7400000095367432
0,80349449,821,1.0,0.75
0,80349449,822,1.0,0.75
0,80349449,823,1.0,0.7400000095367432
0,80349449,824,1.0,0.73499995470047
0,80349449,825,1.0,0.75
0,80349449,826,1.0,0.7400000095367432
0,80349449,827,1.0,0.7249999642372131
0,80349449,828,1.0,0.7400000095367432
0,80349449,829,1.0,0.7400000095367432
0,80349449,830,1.0,0.7400000095367432
0,80349449,831,1.0,0.7199999690055847
0,80349449,832,1.0,0.7199999690055847
0,80349449,833,1.0,0.7400000095367432
0,80349449,834,1.0,0.7400000095367432
0,80349449,835,1.0,0.75
0,80349449,836,1.0,0.7299999594688416
0,80349449,837,1.0,0.7599999904632568
0,80349449,838,1.0,0.7400000095367432
0,80349449,839,1.0,0.73499995470047
0,80349449,840,1.0,0.7549999952316284
0,80349449,841,1.0,0.7450000047683716
0,80349449,842,1.0,0.7400000095367432
0,80349449,843,1.0,0.7400000095367432
0,80349449,844,1.0,0.7450000047683716
0,80349449,845,1.0,0.7400000095367432
0,80349449,846,1.0,0.7400000095367432
0,80349449,847,1.0,0.7400000095367432
0,80349449,848,1.0,0.7450000047683716
0,80349449,849,1.0,0.75
0,80349449,850,1.0,0.7549999952316284
0,80349449,851,1.0,0.7599999904632568
0,80349449,852,1.0,0.75
0,80349449,853,1.0,0.7599999904632568
0,80349449,854,1.0,0.7599999904632568
0,80349449,855,1.0,0.7599999904632568
0,80349449,856,1.0,0.7549999952316284
0,80349449,857,1.0,0.7599999904632568
0,80349449,858,1.0,0.7549999952316284
0,80349449,859,1.0,0.7400000095367432
0,80349449,860,1.0,0.7549999952316284
0,80349449,861,1.0,0.7450000047683716
0,80349449,862,1.0,0.7549999952316284
0,80349449,863,1.0,0.7699999809265137
0,80349449,864,1.0,0.7599999904632568
0,80349449,865,1.0,0.75
0,80349449,866,1.0,0.7649999856948853
0,80349449,867,1.0,0.7749999761581421
0,80349449,868,1.0,0.7450000047683716
0,80349449,869,1.0,0.7799999713897705
0,80349449,870,1.0,0.7849999666213989
0,80349449,871,1.0,0.7400000095367432
0,80349449,872,1.0,0.7799999713897705
0,80349449,873,1.0,0.7599999904632568
0,80349449,874,1.0,0.7649999856948853
0,80349449,875,1.0,0.7699999809265137
0,80349449,876,1.0,0.7699999809265137
0,80349449,877,1.0,0.7549999952316284
0,80349449,878,1.0,0.7799999713897705
0,80349449,879,1.0,0.75
0,80349449,880,1.0,0.7549999952316284
0,80349449,881,1.0,0.7799999713897705
0,80349449,882,1.0,0.7450000047683716
0,80349449,883,1.0,0.73499995470047
0,80349449,884,1.0,0.7849999666213989
0,80349449,885,1.0,0.7899999618530273
0,80349449,886,1.0,0.7549999952316284
0,80349449,887,1.0,0.7899999618530273
0,80349449,888,1.0,0.7549999952316284
0,80349449,889,1.0,0.7599999904632568
0,80349449,890,1.0,0.7699999809265137
0,80349449,891,1.0,0.7699999809265137
0,80349449,892,1.0,0.7599999904632568
0,80349449,893,1.0,0.7849999666213989
0,80349449,894,1.0,0.7649999856948853
0,80349449,895,1.0,0.7549999952316284
0,80349449,896,1.0,0.7799999713897705
0,80349449,897,1.0,0.7649999856948853
0,80349449,898,1.0,0.7549999952316284
0,80349449,899,1.0,0.8050000071525574
0,80349449,900,1.0,0.7749999761581421
0,80349449,901,1.0,0.7699999809265137
0,80349449,902,1.0,0.7699999809265137
0,80349449,903,1.0,0.7699999809265137
0,80349449,904,1.0,0.7749999761581421
0,80349449,905,1.0,0.7599999904632568
0,80349449,906,1.0,0.7699999809265137
0,80349449,907,1.0,0.7799999713897705
0,80349449,908,1.0,0.7799999713897705
0,80349449,909,1.0,0.7749999761581421
0,80349449,910,1.0,0.7699999809265137
0,80349449,911,1.0,0.8050000071525574
0,80349449,912,1.0,0.7699999809265137
0,80349449,913,1.0,0.7849999666213989
0,80349449,914,1.0,0.7949999570846558
0,80349449,915,1.0,0.7549999952316284
0,80349449,916,1.0,0.7599999904632568
0,80349449,917,1.0,0.7949999570846558
0,80349449,918,1.0,0.7799999713897705
0,80349449,919,1.0,0.7849999666213989
0,80349449,920,1.0,0.7999999523162842
0,80349449,921,1.0,0.7749999761581421
0,80349449,922,1.0,0.8100000023841858
0,80349449,923,1.0,0.7799999713897705
0,80349449,924,1.0,0.7799999713897705
0,80349449,925,1.0,0.7799999713897705
0,80349449,926,1.0,0.8149999976158142
0,80349449,927,1.0,0.7749999761581421
0,80349449,928,1.0,0.7749999761581421
0,80349449,929,1.0,0.7949999570846558
0,80349449,930,1.0,0.7999999523162842
0,80349449,931,1.0,0.7999999523162842
0,80349449,932,1.0,0.7999999523162842
0,80349449,933,1.0,0.7799999713897705
0,80349449,934,1.0,0.7849999666213989
0,80349449,935,1.0,0.7799999713897705
0,80349449,936,1.0,0.7949999570846558
0,80349449,937,1.0,0.7949999570846558
0,80349449,938,1.0,0.7999999523162842
0,80349449,939,1.0,0.75
0,80349449,940,1.0,0.7899999618530273
0,80349449,941,1.0,0.8050000071525574
0,80349449,942,1.0,0.7649999856948853
0,80349449,943,1.0,0.7949999570846558
0,80349449,944,1.0,0.7749999761581421
0,80349449,945,1.0,0.7799999713897705
0,80349449,946,1.0,0.7899999618530273
0,80349449,947,1.0,0.8149999976158142
0,80349449,948,1.0,0.7799999713897705
0,80349449,949,1.0,0.7899999618530273
0,80349449,950,1.0,0.7949999570846558
0,80349449,951,1.0,0.7949999570846558
0,80349449,952,1.0,0.7949999570846558
0,80349449,953,1.0,0.7949999570846558
0,80349449,954,1.0,0.8050000071525574
0,80349449,955,1.0,0.8050000071525574
0,80349449,956,1.0,0.8199999928474426
0,80349449,957,1.0,0.7999999523162842
0,80349449,958,1.0,0.8100000023841858
0,80349449,959,1.0,0.7899999618530273
0,80349449,960,1.0,0.7849999666213989
0,80349449,961,1.0,0.8100000023841858
0,80349449,962,1.0,0.8050000071525574
0,80349449,963,1.0,0.7849999666213989
0,80349449,964,1.0,0.7949999570846558
0,80349449,965,1.0,0.7999999523162842
0,80349449,966,1.0,0.8149999976158142
0,80349449,967,1.0,0.8050000071525574
0,80349449,968,1.0,0.8149999976158142
0,80349449,969,1.0,0.8149999976158142
0,80349449,970,1.0,0.7999999523162842
0,80349449,971,1.0,0.8050000071525574
0,80349449,972,1.0,0.7849999666213989
0,80349449,973,1.0,0.8050000071525574
0,80349449,974,1.0,0.7999999523162842
0,80349449,975,1.0,0.7999999523162842
0,80349449,976,1.0,0.824999988079071
0,80349449,977,1.0,0.7999999523162842
0,80349449,978,1.0,0.8050000071525574
0,80349449,979,1.0,0.8149999976158142
0,80349449,980,1.0,0.8100000023841858
0,80349449,981,1.0,0.8050000071525574
0,80349449,982,1.0,0.8100000023841858
0,80349449,983,1.0,0.8149999976158142
0,80349449,984,1.0,0.7999999523162842
0,80349449,985,1.0,0.8100000023841858
0,80349449,986,1.0,0.8349999785423279
0,80349449,987,1.0,0.7999999523162842
0,80349449,988,1.0,0.8149999976158142
0,80349449,989,1.0,0.8199999928474426
0,80349449,990,1.0,0.8100000023841858
0,80349449,991,1.0,0.8349999785423279
0,80349449,992,1.0,0.8149999976158142
0,80349449,993,1.0,0.8199999928474426
0,80349449,994,1.0,0.8149999976158142
0,80349449,995,1.0,0.8050000071525574
0,80349449,996,1.0,0.7999999523162842
0,80349449,997,1.0,0.8299999833106995
0,80349449,998,1.0,0.8199999928474426
0,80349449,999,1.0,0.8199999928474426
0,80349449,1000,1.0,0.8349999785423279
0,80349449,1001,1.0,0.824999988079071
0,80349449,1002,1.0,0.7999999523162842
0,80349449,1003,1.0,0.8299999833106995
0,80349449,1004,1.0,0.8299999833106995
0,80349449,1005,1.0,0.8299999833106995
0,80349449,1006,1.0,0.8149999976158142
0,80349449,1007,1.0,0.8349999785423279
0,80349449,1008,1.0,0.7999999523162842
0,80349449,1009,1.0,0.8549999594688416
0,80349449,1010,1.0,0.8149999976158142
0,80349449,1011,1.0,0.8100000023841858
0,80349449,1012,1.0,0.8349999785423279
0,80349449,1013,1.0,0.8199999928474426
0,80349449,1014,1.0,0.8149999976158142
0,80349449,1015,1.0,0.8399999737739563
0,80349449,1016,1.0,0.8199999928474426
0,80349449,1017,1.0,0.8299999833106995
0,80349449,1018,1.0,0.8349999785423279
0,80349449,1019,1.0,0.8349999785423279
0,80349449,1020,1.0,0.8199999928474426
0,80349449,1021,1.0,0.8349999785423279
0,80349449,1022,1.0,0.7999999523162842
0,80349449,1023,1.0,0.8399999737739563
0,80349449,1024,1.0,0.8299999833106995
0,80349449,1025,1.0,0.8199999928474426
0,80349449,1026,1.0,0.824999988079071
0,80349449,1027,1.0,0.8299999833106995
0,80349449,1028,1.0,0.8299999833106995
0,80349449,1029,1.0,0.8299999833106995
0,80349449,1030,1.0,0.8349999785423279
0,80349449,1031,1.0,0.8349999785423279
0,80349449,1032,1.0,0.8199999928474426
0,80349449,1033,1.0,0.8449999690055847
0,80349449,1034,1.0,0.8199999928474426
0,80349449,1035,1.0,0.8349999785423279
0,80349449,1036,1.0,0.8349999785423279
0,80349449,1037,1.0,0.824999988079071
0,80349449,1038,1.0,0.8299999833106995
0,80349449,1039,1.0,0.8449999690055847
0,80349449,1040,1.0,0.8199999928474426
0,80349449,1041,1.0,0.824999988079071
0,80349449,1042,1.0,0.8349999785423279
0,80349449,1043,1.0,0.8349999785423279
0,80349449,1044,1.0,0.8399999737739563
0,80349449,1045,1.0,0.8399999737739563
0,80349449,1046,1.0,0.8149999976158142
0,80349449,1047,1.0,0.8149999976158142
0,80349449,1048,1.0,0.8299999833106995
0,80349449,1049,1.0,0.8399999737739563
0,80349449,1050,1.0,0.8149999976158142
0,80349449,1051,1.0,0.8399999737739563
0,80349449,1052,1.0,0.8349999785423279
0,80349449,1053,1.0,0.8399999737739563
0,80349449,1054,1.0,0.8299999833106995
0,80349449,1055,1.0,0.824999988079071
0,80349449,1056,1.0,0.824999988079071
0,80349449,1057,1.0,0.8449999690055847
0,80349449,1058,1.0,0.8349999785423279
0,80349449,1059,1.0,0.8449999690055847
0,80349449,1060,1.0,0.8399999737739563
0,80349449,1061,1.0,0.8499999642372131
0,80349449,1062,1.0,0.8399999737739563
0,80349449,1063,1.0,0.8299999833106995
0,80349449,1064,1.0,0.8349999785423279
0,80349449,1065,1.0,0.8349999785423279
0,80349449,1066,1.0,0.8349999785423279
0,80349449,1067,1.0,0.8449999690055847
0,80349449,1068,1.0,0.8399999737739563
0,80349449,1069,1.0,0.8549999594688416
0,80349449,1070,1.0,0.8399999737739563
0,80349449,1071,1.0,0.8349999785423279
0,80349449,1072,1.0,0.8349999785423279
0,80349449,1073,1.0,0.85999995470047
0,80349449,1074,1.0,0.8299999833106995
0,80349449,1075,1.0,0.8399999737739563
0,80349449,1076,1.0,0.8399999737739563
0,80349449,1077,1.0,0.8399999737739563
0,80349449,1078,1.0,0.8399999737739563
0,80349449,1079,1.0,0.8499999642372131
0,80349449,1080,1.0,0.8299999833106995
0,80349449,1081,1.0,0.8449999690055847
0,80349449,1082,1.0,0.85999995470047
0,80349449,1083,1.0,0.8449999690055847
0,80349449,1084,1.0,0.8449999690055847
0,80349449,1085,1.0,0.85999995470047
0,80349449,1086,1.0,0.8399999737739563
0,80349449,1087,1.0,0.8399999737739563
0,80349449,1088,1.0,0.8499999642372131
0,80349449,1089,1.0,0.8549999594688416
0,80349449,1090,1.0,0.8549999594688416
0,80349449,1091,1.0,0.8549999594688416
0,80349449,1092,1.0,0.8199999928474426
0,80349449,1093,1.0,0.8499999642372131
0,80349449,1094,1.0,0.875
0,80349449,1095,1.0,0.8449999690055847
0,80349449,1096,1.0,0.8449999690055847
0,80349449,1097,1.0,0.8499999642372131
0,80349449,1098,1.0,0.8449999690055847
0,80349449,1099,1.0,0.8650000095367432
0,80349449,1100,1.0,0.8549999594688416
0,80349449,1101,1.0,0.8399999737739563
0,80349449,1102,1.0,0.8499999642372131
0,80349449,1103,1.0,0.8549999594688416
0,80349449,1104,1.0,0.8449999690055847
0,80349449,1105,1.0,0.8650000095367432
0,80349449,1106,1.0,0.8549999594688416
0,80349449,1107,1.0,0.8499999642372131
0,80349449,1108,1.0,0.8449999690055847
0,80349449,1109,1.0,0.8650000095367432
0,80349449,1110,1.0,0.85999995470047
0,80349449,1111,1.0,0.85999995470047
0,80349449,1112,1.0,0.8499999642372131
0,80349449,1113,1.0,0.85999995470047
0,80349449,1114,1.0,0.85999995470047
0,80349449,1115,1.0,0.875
0,80349449,1116,1.0,0.8650000095367432
0,80349449,1117,1.0,0.85999995470047
0,80349449,1118,1.0,0.8799999952316284
0,80349449,1119,1.0,0.85999995470047
0,80349449,1120,1.0,0.8349999785423279
0,80349449,1121,1.0,0.8700000047683716
0,80349449,1122,1.0,0.8700000047683716
0,80349449,1123,1.0,0.8549999594688416
0,80349449,1124,1.0,0.8650000095367432
0,80349449,1125,1.0,0.8700000047683716
0,80349449,1126,1.0,0.8499999642372131
0,80349449,1127,1.0,0.875
0,80349449,1128,1.0,0.8650000095367432
0,80349449,1129,1.0,0.85999995470047
0,80349449,1130,1.0,0.875
0,80349449,1131,1.0,0.875
0,80349449,1132,1.0,0.8700000047683716
0,80349449,1133,1.0,0.8650000095367432
0,80349449,1134,1.0,0.8700000047683716
0,80349449,1135,1.0,0.8650000095367432
0,80349449,1136,1.0,0.8499999642372131
0,80349449,1137,1.0,0.875
0,80349449,1138,1.0,0.8650000095367432
0,80349449,1139,1.0,0.8700000047683716
0,80349449,1140,1.0,0.85999995470047
0,80349449,1141,1.0,0.8650000095367432
0,80349449,1142,1.0,0.875
0,80349449,1143,1.0,0.85999995470047
0,80349449,1144,1.0,0.8799999952316284
0,80349449,1145,1.0,0.85999995470047
0,80349449,1146,1.0,0.8650000095367432
0,80349449,1147,1.0,0.85999995470047
0,80349449,1148,1.0,0.875
0,80349449,1149,1.0,0.85999995470047
0,80349449,1150,1.0,0.85999995470047
0,80349449,1151,1.0,0.85999995470047
0,80349449,1152,1.0,0.8650000095367432
0,80349449,1153,1.0,0.8700000047683716
0,80349449,1154,1.0,0.8799999952316284
0,80349449,1155,1.0,0.85999995470047
0,80349449,1156,1.0,0.875
0,80349449,1157,1.0,0.875
0,80349449,1158,1.0,0.8650000095367432
0,80349449,1159,1.0,0.8700000047683716
0,80349449,1160,1.0,0.8650000095367432
0,80349449,1161,1.0,0.875
0,80349449,1162,1.0,0.8650000095367432
0,80349449,1163,1.0,0.875
0,80349449,1164,1.0,0.875
0,80349449,1165,1.0,0.8650000095367432
0,80349449,1166,1.0,0.875
0,80349449,1167,1.0,0.85999995470047
0,80349449,1168,1.0,0.8700000047683716
0,80349449,1169,1.0,0.875
0,80349449,1170,1.0,0.8799999952316284
0,80349449,1171,1.0,0.8799999952316284
0,80349449,1172,1.0,0.8849999904632568
0,80349449,1173,1.0,0.8799999952316284
0,80349449,1174,1.0,0.85999995470047
0,80349449,1175,1.0,0.85999995470047
0,80349449,1176,1.0,0.8799999952316284
0,80349449,1177,1.0,0.8799999952316284
0,80349449,1178,1.0,0.8799999952316284
0,80349449,1179,1.0,0.85999995470047
0,80349449,1180,1.0,0.8799999952316284
0,80349449,1181,1.0,0.875
0,80349449,1182,1.0,0.8549999594688416
0,80349449,1183,1.0,0.8700000047683716
0,80349449,1184,1.0,0.8849999904632568
0,80349449,1185,1.0,0.85999995470047
0,80349449,1186,1.0,0.8849999904632568
0,80349449,1187,1.0,0.875
0,80349449,1188,1.0,0.8849999904632568
0,80349449,1189,1.0,0.8700000047683716
0,80349449,1190,1.0,0.8799999952316284
0,80349449,1191,1.0,0.8849999904632568
0,80349449,1192,1.0,0.875
0,80349449,1193,1.0,0.875
0,80349449,1194,1.0,0.8700000047683716
0,80349449,1195,1.0,0.875
0,80349449,1196,1.0,0.8899999856948853
0,80349449,1197,1.0,0.8849999904632568
0,80349449,1198,1.0,0.8849999904632568
0,80349449,1199,1.0,0.875
0,80349449,1200,1.0,0.8849999904632568
0,80349449,1201,1.0,0.8799999952316284
0,80349449,1202,1.0,0.8899999856948853
0,80349449,1203,1.0,0.8899999856948853
0,80349449,1204,1.0,0.8799999952316284
0,80349449,1205,1.0,0.8799999952316284
0,80349449,1206,1.0,0.8849999904632568
0,80349449,1207,1.0,0.8899999856948853
0,80349449,1208,1.0,0.8849999904632568
0,80349449,1209,1.0,0.8700000047683716
0,80349449,1210,1.0,0.875
0,80349449,1211,1.0,0.8899999856948853
0,80349449,1212,1.0,0.875
0,80349449,1213,1.0,0.8700000047683716
0,80349449,1214,1.0,0.9049999713897705
0,80349449,1215,1.0,0.8899999856948853
0,80349449,1216,1.0,0.8700000047683716
0,80349449,1217,1.0,0.8849999904632568
0,80349449,1218,1.0,0.9049999713897705
0,80349449,1219,1.0,0.8999999761581421
0,80349449,1220,1.0,0.8799999952316284
0,80349449,1221,1.0,0.8899999856948853
0,80349449,1222,1.0,0.8799999952316284
0,80349449,1223,1.0,0.8849999904632568
0,80349449,1224,1.0,0.8999999761581421
0,80349449,1225,1.0,0.8700000047683716
0,80349449,1226,1.0,0.8849999904632568
0,80349449,1227,1.0,0.8849999904632568
0,80349449,1228,1.0,0.8799999952316284
0,80349449,1229,1.0,0.8799999952316284
0,80349449,1230,1.0,0.875
0,80349449,1231,1.0,0.8849999904632568
0,80349449,1232,1.0,0.8899999856948853
0,80349449,1233,1.0,0.8899999856948853
0,80349449,1234,1.0,0.8899999856948853
0,80349449,1235,1.0,0.8899999856948853
0,80349449,1236,1.0,0.8899999856948853
0,80349449,1237,1.0,0.8849999904632568
0,80349449,1238,1.0,0.8799999952316284
0,80349449,1239,1.0,0.8849999904632568
0,80349449,1240,1.0,0.8999999761581421
0,80349449,1241,1.0,0.8849999904632568
0,80349449,1242,1.0,0.8799999952316284
0,80349449,1243,1.0,0.8949999809265137
0,80349449,1244,1.0,0.8999999761581421
0,80349449,1245,1.0,0.8899999856948853
0,80349449,1246,1.0,0.8999999761581421
0,80349449,1247,1.0,0.8849999904632568
0,80349449,1248,1.0,0.8999999761581421
0,80349449,1249,1.0,0.8799999952316284
0,80349449,1250,1.0,0.8949999809265137
0,80349449,1251,1.0,0.8799999952316284
0,80349449,1252,1.0,0.8849999904632568
0,80349449,1253,1.0,0.8949999809265137
0,80349449,1254,1.0,0.8999999761581421
0,80349449,1255,1.0,0.8849999904632568
0,80349449,1256,1.0,0.8999999761581421
0,80349449,1257,1.0,0.9049999713897705
0,80349449,1258,1.0,0.8949999809265137
0,80349449,1259,1.0,0.8949999809265137
0,80349449,1260,1.0,0.8899999856948853
0,80349449,1261,1.0,0.8799999952316284
0,80349449,1262,1.0,0.8949999809265137
0,80349449,1263,1.0,0.8949999809265137
0,80349449,1264,1.0,0.8799999952316284
0,80349449,1265,1.0,0.9099999666213989
0,80349449,1266,1.0,0.8899999856948853
0,80349449,1267,1.0,0.8899999856948853
0,80349449,1268,1.0,0.8999999761581421
0,80349449,1269,1.0,0.8899999856948853
0,80349449,1270,1.0,0.8899999856948853
0,80349449,1271,1.0,0.9099999666213989
0,80349449,1272,1.0,0.8999999761581421
0,80349449,1273,1.0,0.8899999856948853
0,80349449,1274,1.0,0.8999999761581421
0,80349449,1275,1.0,0.8999999761581421
0,80349449,1276,1.0,0.8849999904632568
0,80349449,1277,1.0,0.9149999618530273
0,80349449,1278,1.0,0.8999999761581421
0,80349449,1279,1.0,0.8999999761581421
0,80349449,1280,1.0,0.9049999713897705
0,80349449,1281,1.0,0.8949999809265137
0,80349449,1282,1.0,0.8849999904632568
0,80349449,1283,1.0,0.8999999761581421
0,80349449,1284,1.0,0.8899999856948853
0,80349449,1285,1.0,0.9099999666213989
0,80349449,1286,1.0,0.8999999761581421
0,80349449,1287,1.0,0.9049999713897705
0,80349449,1288,1.0,0.875
0,80349449,1289,1.0,0.8999999761581421
0,80349449,1290,1.0,0.9049999713897705
0,80349449,1291,1.0,0.8949999809265137
0,80349449,1292,1.0,0.9099999666213989
0,80349449,1293,1.0,0.9049999713897705
0,80349449,1294,1.0,0.8999999761581421
0,80349449,1295,1.0,0.8999999761581421
0,80349449,1296,1.0,0.9049999713897705
0,80349449,1297,1.0,0.9049999713897705
0,80349449,1298,1.0,0.9049999713897705
0,80349449,1299,1.0,0.8949999809265137
0,80349449,1300,1.0,0.8949999809265137
0,80349449,1301,1.0,0.9049999713897705
0,80349449,1302,1.0,0.8899999856948853
0,80349449,1303,1.0,0.8799999952316284
0,80349449,1304,1.0,0.9049999713897705
0,80349449,1305,1.0,0.8949999809265137
0,80349449,1306,1.0,0.9049999713897705
0,80349449,1307,1.0,0.9099999666213989
0,80349449,1308,1.0,0.9049999713897705
0,80349449,1309,1.0,0.9099999666213989
0,80349449,1310,1.0,0.9099999666213989
0,80349449,1311,1.0,0.9099999666213989
0,80349449,1312,1.0,0.9049999713897705
0,80349449,1313,1.0,0.9049999713897705
0,80349449,1314,1.0,0.8999999761581421
0,80349449,1315,1.0,0.8949999809265137
0,80349449,1316,1.0,0.9149999618530273
0,80349449,1317,1.0,0.9049999713897705
0,80349449,1318,1.0,0.8899999856948853
0,80349449,1319,1.0,0.9149999618530273
0,80349449,1320,1.0,0.9049999713897705
0,80349449,1321,1.0,0.8949999809265137
0,80349449,1322,1.0,0.9149999618530273
0,80349449,1323,1.0,0.8999999761581421
0,80349449,1324,1.0,0.8949999809265137
0,80349449,1325,1.0,0.9049999713897705
0,80349449,1326,1.0,0.9099999666213989
0,80349449,1327,1.0,0.9049999713897705
0,80349449,1328,1.0,0.8999999761581421
0,80349449,1329,1.0,0.9149999618530273
0,80349449,1330,1.0,0.8949999809265137
0,80349449,1331,1.0,0.8949999809265137
0,80349449,1332,1.0,0.8899999856948853
0,80349449,1333,1.0,0.8999999761581421
0,80349449,1334,1.0,0.8999999761581421
0,80349449,1335,1.0,0.9099999666213989
0,80349449,1336,1.0,0.8899999856948853
0,80349449,1337,1.0,0.9049999713897705
0,80349449,1338,1.0,0.9099999666213989
0,80349449,1339,1.0,0.9049999713897705
0,80349449,1340,1.0,0.8949999809265137
0,80349449,1341,1.0,0.9149999618530273
0,80349449,1342,1.0,0.8999999761581421
0,80349449,1343,1.0,0.9149999618530273
0,80349449,1344,1.0,0.9099999666213989
0,80349449,1345,1.0,0.9049999713897705
0,80349449,1346,1.0,0.9249999523162842
0,80349449,1347,1.0,0.9149999618530273
0,80349449,1348,1.0,0.8999999761581421
0,80349449,1349,1.0,0.9099999666213989
0,80349449,1350,1.0,0.9099999666213989
0,80349449,1351,1.0,0.9049999713897705
0,80349449,1352,1.0,0.9049999713897705
0,80349449,1353,1.0,0.9199999570846558
0,80349449,1354,1.0,0.9049999713897705
0,80349449,1355,1.0,0.9199999570846558
0,80349449,1356,1.0,0.8949999809265137
0,80349449,1357,1.0,0.8999999761581421
0,80349449,1358,1.0,0.9099999666213989
0,80349449,1359,1.0,0.9099999666213989
0,80349449,1360,1.0,0.9099999666213989
0,80349449,1361,1.0,0.9149999618530273
0,80349449,1362,1.0,0.9099999666213989
0,80349449,1363,1.0,0.9149999618530273
0,80349449,1364,1.0,0.9099999666213989
0,80349449,1365,1.0,0.9099999666213989
0,80349449,1366,1.0,0.9149999618530273
0,80349449,1367,1.0,0.9099999666213989
0,80349449,1368,1.0,0.9049999713897705
0,80349449,1369,1.0,0.9149999618530273
0,80349449,1370,1.0,0.9099999666213989
0,80349449,1371,1.0,0.9149999618530273
0,80349449,1372,1.0,0.9249999523162842
0,80349449,1373,1.0,0.9300000071525574
0,80349449,1374,1.0,0.8999999761581421
0,80349449,1375,1.0,0.9049999713897705
0,80349449,1376,1.0,0.9049999713897705
0,80349449,1377,1.0,0.8999999761581421
0,80349449,1378,1.0,0.8999999761581421
0,80349449,1379,1.0,0.9350000023841858
0,80349449,1380,1.0,0.8949999809265137
0,80349449,1381,1.0,0.9049999713897705
0,80349449,1382,1.0,0.9199999570846558
0,80349449,1383,1.0,0.9149999618530273
0,80349449,1384,1.0,0.9049999713897705
0,80349449,1385,1.0,0.9199999570846558
0,80349449,1386,1.0,0.9149999618530273
0,80349449,1387,1.0,0.8999999761581421
0,80349449,1388,1.0,0.9199999570846558
0,80349449,1389,1.0,0.9249999523162842
0,80349449,1390,1.0,0.9049999713897705
0,80349449,1391,1.0,0.9350000023841858
0,80349449,1392,1.0,0.9149999618530273
0,80349449,1393,1.0,0.9199999570846558
0,80349449,1394,1.0,0.9149999618530273
0,80349449,1395,1.0,0.9149999618530273
0,80349449,1396,1.0,0.9099999666213989
0,80349449,1397,1.0,0.9249999523162842
0,80349449,1398,1.0,0.9049999713897705
0,80349449,1399,1.0,0.9149999618530273
0,80349449,1400,1.0,0.9149999618530273
0,80349449,1401,1.0,0.9350000023841858
0,80349449,1402,1.0,0.9149999618530273
0,80349449,1403,1.0,0.9249999523162842
0,80349449,1404,1.0,0.9149999618530273
0,80349449,1405,1.0,0.9049999713897705
0,80349449,1406,1.0,0.9099999666213989
0,80349449,1407,1.0,0.9149999618530273
0,80349449,1408,1.0,0.9049999713897705
0,80349449,1409,1.0,0.9350000023841858
0,80349449,1410,1.0,0.8999999761581421
0,80349449,1411,1.0,0.9149999618530273
0,80349449,1412,1.0,0.9199999570846558
0,80349449,1413,1.0,0.9199999570846558
0,80349449,1414,1.0,0.9099999666213989
0,80349449,1415,1.0,0.9249999523162842
0,80349449,1416,1.0,0.9099999666213989
0,80349449,1417,1.0,0.9099999666213989
0,80349449,1418,1.0,0.9199999570846558
0,80349449,1419,1.0,0.9249999523162842
0,80349449,1420,1.0,0.9149999618530273
0,80349449,1421,1.0,0.9249999523162842
0,80349449,1422,1.0,0.9049999713897705
0,80349449,1423,1.0,0.9249999523162842
0,80349449,1424,1.0,0.9199999570846558
0,80349449,1425,1.0,0.9300000071525574
0,80349449,1426,1.0,0.9099999666213989
0,80349449,1427,1.0,0.9249999523162842
0,80349449,1428,1.0,0.9149999618530273
0,80349449,1429,1.0,0.9249999523162842
0,80349449,1430,1.0,0.9199999570846558
0,80349449,1431,1.0,0.9249999523162842
0,80349449,1432,1.0,0.9199999570846558
0,80349449,1433,1.0,0.9249999523162842
0,80349449,1434,1.0,0.9300000071525574
0,80349449,1435,1.0,0.9249999523162842
0,80349449,1436,1.0,0.9199999570846558
0,80349449,1437,1.0,0.9149999618530273
0,80349449,1438,1.0,0.9199999570846558
0,80349449,1439,1.0,0.9249999523162842
0,80349449,1440,1.0,0.9149999618530273
0,80349449,1441,1.0,0.9099999666213989
0,80349449,1442,1.0,0.9249999523162842
0,80349449,1443,1.0,0.9249999523162842
0,80349449,1444,1.0,0.9249999523162842
0,80349449,1445,1.0,0.9199999570846558
0,80349449,1446,1.0,0.9249999523162842
0,80349449,1447,1.0,0.9199999570846558
0,80349449,1448,1.0,0.9099999666213989
0,80349449,1449,1.0,0.9199999570846558
0,80349449,1450,1.0,0.9149999618530273
0,80349449,1451,1.0,0.9249999523162842
0,80349449,1452,1.0,0.9199999570846558
0,80349449,1453,1.0,0.9049999713897705
0,80349449,1454,1.0,0.9300000071525574
0,80349449,1455,1.0,0.9350000023841858
0,80349449,1456,1.0,0.9199999570846558
0,80349449,1457,1.0,0.9300000071525574
0,80349449,1458,1.0,0.9199999570846558
0,80349449,1459,1.0,0.9350000023841858
0,80349449,1460,1.0,0.9350000023841858
0,80349449,1461,1.0,0.9099999666213989
0,80349449,1462,1.0,0.9350000023841858
0,80349449,1463,1.0,0.9399999976158142
0,80349449,1464,1.0,0.9249999523162842
0,80349449,1465,1.0,0.9249999523162842
0,80349449,1466,1.0,0.9249999523162842
0,80349449,1467,1.0,0.9350000023841858
0,80349449,1468,1.0,0.9199999570846558
0,80349449,1469,1.0,0.9300000071525574
0,80349449,1470,1.0,0.9350000023841858
0,80349449,1471,1.0,0.9350000023841858
0,80349449,1472,1.0,0.9399999976158142
0,80349449,1473,1.0,0.9249999523162842
0,80349449,1474,1.0,0.9249999523162842
0,80349449,1475,1.0,0.9300000071525574
0,80349449,1476,1.0,0.9199999570846558
0,80349449,1477,1.0,0.9300000071525574
0,80349449,1478,1.0,0.9300000071525574
0,80349449,1479,1.0,0.9300000071525574
0,80349449,1480,1.0,0.9249999523162842
0,80349449,1481,1.0,0.9249999523162842
0,80349449,1482,1.0,0.9350000023841858
0,80349449,1483,1.0,0.9249999523162842
0,80349449,1484,1.0,0.9399999976158142
0,80349449,1485,1.0,0.9149999618530273
0,80349449,1486,1.0,0.9199999570846558
0,80349449,1487,1.0,0.9350000023841858
0,80349449,1488,1.0,0.9449999928474426
0,80349449,1489,1.0,0.9249999523162842
0,80349449,1490,1.0,0.9399999976158142
0,80349449,1491,1.0,0.9199999570846558
0,80349449,1492,1.0,0.9300000071525574
0,80349449,1493,1.0,0.9449999928474426
0,80349449,1494,1.0,0.9350000023841858
0,80349449,1495,1.0,0.9249999523162842
0,80349449,1496,1.0,0.9199999570846558
0,80349449,1497,1.0,0.9249999523162842
0,80349449,1498,1.0,0.9199999570846558
0,80349449,1499,1.0,0.9399999976158142
0,80349449,1500,1.0,0.9199999570846558
0,80349449,1501,1.0,0.9300000071525574
0,80349449,1502,1.0,0.9249999523162842
0,80349449,1503,1.0,0.9350000023841858
0,80349449,1504,1.0,0.9199999570846558
0,80349449,1505,1.0,0.9399999976158142
0,80349449,1506,1.0,0.9300000071525574
0,80349449,1507,1.0,0.9249999523162842
0,80349449,1508,1.0,0.9300000071525574
0,80349449,1509,1.0,0.9399999976158142
0,80349449,1510,1.0,0.9249999523162842
0,80349449,1511,1.0,0.9249999523162842
0,80349449,1512,1.0,0.9249999523162842
0,80349449,1513,1.0,0.9300000071525574
0,80349449,1514,1.0,0.949999988079071
0,80349449,1515,1.0,0.9300000071525574
0,80349449,1516,1.0,0.9350000023841858
0,80349449,1517,1.0,0.9149999618530273
0,80349449,1518,1.0,0.9399999976158142
0,80349449,1519,1.0,0.9300000071525574
0,80349449,1520,1.0,0.9399999976158142
0,80349449,1521,1.0,0.9300000071525574
0,80349449,1522,1.0,0.9300000071525574
0,80349449,1523,1.0,0.9350000023841858
0,80349449,1524,1.0,0.9300000071525574
0,80349449,1525,1.0,0.9099999666213989
0,80349449,1526,1.0,0.9350000023841858
0,80349449,1527,1.0,0.9350000023841858
0,80349449,1528,1.0,0.9399999976158142
0,80349449,1529,1.0,0.9249999523162842
0,80349449,1530,1.0,0.9399999976158142
0,80349449,1531,1.0,0.9350000023841858
0,80349449,1532,1.0,0.9300000071525574
0,80349449,1533,1.0,0.9350000023841858
0,80349449,1534,1.0,0.9249999523162842
0,80349449,1535,1.0,0.9350000023841858
0,80349449,1536,1.0,0.9350000023841858
0,80349449,1537,1.0,0.9300000071525574
0,80349449,1538,1.0,0.9350000023841858
0,80349449,1539,1.0,0.9300000071525574
0,80349449,1540,1.0,0.9249999523162842
0,80349449,1541,1.0,0.9399999976158142
0,80349449,1542,1.0,0.9199999570846558
0,80349449,1543,1.0,0.9350000023841858
0,80349449,1544,1.0,0.9199999570846558
0,80349449,1545,1.0,0.9350000023841858
0,80349449,1546,1.0,0.9399999976158142
0,80349449,1547,1.0,0.9350000023841858
0,80349449,1548,1.0,0.9300000071525574
0,80349449,1549,1.0,0.9350000023841858
0,80349449,1550,1.0,0.9300000071525574
0,80349449,1551,1.0,0.9249999523162842
0,80349449,1552,1.0,0.9449999928474426
0,80349449,1553,1.0,0.949999988079071
0,80349449,1554,1.0,0.9350000023841858
0,80349449,1555,1.0,0.9449999928474426
0,80349449,1556,1.0,0.9399999976158142
0,80349449,1557,1.0,0.9350000023841858
0,80349449,1558,1.0,0.949999988079071
0,80349449,1559,1.0,0.9199999570846558
0,80349449,1560,1.0,0.9449999928474426
0,80349449,1561,1.0,0.9350000023841858
0,80349449,1562,1.0,0.9399999976158142
0,80349449,1563,1.0,0.9249999523162842
0,80349449,1564,1.0,0.9350000023841858
0,80349449,1565,1.0,0.9399999976158142
0,80349449,1566,1.0,0.9300000071525574
0,80349449,1567,1.0,0.9350000023841858
0,80349449,1568,1.0,0.9449999928474426
0,80349449,1569,1.0,0.9399999976158142
0,80349449,1570,1.0,0.9300000071525574
0,80349449,1571,1.0,0.9249999523162842
0,80349449,1572,1.0,0.9399999976158142
0,80349449,1573,1.0,0.9350000023841858
0,80349449,1574,1.0,0.9399999976158142
0,80349449,1575,1.0,0.9350000023841858
0,80349449,1576,1.0,0.9300000071525574
0,80349449,1577,1.0,0.949999988079071
0,80349449,1578,1.0,0.9350000023841858
0,80349449,1579,1.0,0.9300000071525574
0,80349449,1580,1.0,0.9300000071525574
0,80349449,1581,1.0,0.9399999976158142
0,80349449,1582,1.0,0.9300000071525574
0,80349449,1583,1.0,0.9549999833106995
0,80349449,1584,1.0,0.9399999976158142
0,80349449,1585,1.0,0.9350000023841858
0,80349449,1586,1.0,0.9350000023841858
0,80349449,1587,1.0,0.9350000023841858
0,80349449,1588,1.0,0.9399999976158142
0,80349449,1589,1.0,0.9300000071525574
0,80349449,1590,1.0,0.949999988079071
0,80349449,1591,1.0,0.9350000023841858
0,80349449,1592,1.0,0.9399999976158142
0,80349449,1593,1.0,0.9249999523162842
0,80349449,1594,1.0,0.9399999976158142
0,80349449,1595,1.0,0.9449999928474426
0,80349449,1596,1.0,0.9449999928474426
0,80349449,1597,1.0,0.949999988079071
0,80349449,1598,1.0,0.9399999976158142
0,80349449,1599,1.0,0.9449999928474426
0,80349449,1600,1.0,0.9300000071525574
0,80349449,1601,1.0,0.9350000023841858
0,80349449,1602,1.0,0.9399999976158142
0,80349449,1603,1.0,0.9350000023841858
0,80349449,1604,1.0,0.9549999833106995
0,80349449,1605,1.0,0.949999988079071
0,80349449,1606,1.0,0.9350000023841858
0,80349449,1607,1.0,0.9449999928474426
0,80349449,1608,1.0,0.9549999833106995
0,80349449,1609,1.0,0.9449999928474426
0,80349449,1610,1.0,0.9399999976158142
0,80349449,1611,1.0,0.9449999928474426
0,80349449,1612,1.0,0.9449999928474426
0,80349449,1613,1.0,0.9449999928474426
0,80349449,1614,1.0,0.9449999928474426
0,80349449,1615,1.0,0.949999988079071
0,80349449,1616,1.0,0.9449999928474426
0,80349449,1617,1.0,0.949999988079071
0,80349449,1618,1.0,0.9350000023841858
0,80349449,1619,1.0,0.9350000023841858
0,80349449,1620,1.0,0.9549999833106995
0,80349449,1621,1.0,0.9449999928474426
0,80349449,1622,1.0,0.9549999833106995
0,80349449,1623,1.0,0.949999988079071
0,80349449,1624,1.0,0.9350000023841858
0,80349449,1625,1.0,0.9399999976158142
0,80349449,1626,1.0,0.9399999976158142
0,80349449,1627,1.0,0.9549999833106995
0,80349449,1628,1.0,0.9449999928474426
0,80349449,1629,1.0,0.9350000023841858
0,80349449,1630,1.0,0.9549999833106995
0,80349449,1631,1.0,0.949999988079071
0,80349449,1632,1.0,0.9350000023841858
0,80349449,1633,1.0,0.9449999928474426
0,80349449,1634,1.0,0.9549999833106995
0,80349449,1635,1.0,0.9399999976158142
0,80349449,1636,1.0,0.9549999833106995
0,80349449,1637,1.0,0.949999988079071
0,80349449,1638,1.0,0.9350000023841858
0,80349449,1639,1.0,0.9449999928474426
0,80349449,1640,1.0,0.9549999833106995
0,80349449,1641,1.0,0.9449999928474426
0,80349449,1642,1.0,0.949999988079071
0,80349449,1643,1.0,0.9599999785423279
0,80349449,1644,1.0,0.949999988079071
0,80349449,1645,1.0,0.9449999928474426
0,80349449,1646,1.0,0.949999988079071
0,80349449,1647,1.0,0.949999988079071
0,80349449,1648,1.0,0.949999988079071
0,80349449,1649,1.0,0.9449999928474426
0,80349449,1650,1.0,0.949999988079071
0,80349449,1651,1.0,0.9449999928474426
0,80349449,1652,1.0,0.949999988079071
0,80349449,1653,1.0,0.9399999976158142
0,80349449,1654,1.0,0.9399999976158142
0,80349449,1655,1.0,0.9599999785423279
0,80349449,1656,1.0,0.9399999976158142
0,80349449,1657,1.0,0.9549999833106995
0,80349449,1658,1.0,0.9449999928474426
0,80349449,1659,1.0,0.949999988079071
0,80349449,1660,1.0,0.9449999928474426
0,80349449,1661,1.0,0.949999988079071
0,80349449,1662,1.0,0.9549999833106995
0,80349449,1663,1.0,0.9599999785423279
0,80349449,1664,1.0,0.9399999976158142
0,80349449,1665,1.0,0.949999988079071
0,80349449,1666,1.0,0.9549999833106995
0,80349449,1667,1.0,0.949999988079071
0,80349449,1668,1.0,0.9399999976158142
0,80349449,1669,1.0,0.949999988079071
0,80349449,1670,1.0,0.9449999928474426
0,80349449,1671,1.0,0.9599999785423279
0,80349449,1672,1.0,0.949999988079071
0,80349449,1673,1.0,0.949999988079071
0,80349449,1674,1.0,0.9649999737739563
0,80349449,1675,1.0,0.949999988079071
0,80349449,1676,1.0,0.9399999976158142
0,80349449,1677,1.0,0.949999988079071
0,80349449,1678,1.0,0.9549999833106995
0,80349449,1679,1.0,0.9599999785423279
0,80349449,1680,1.0,0.9399999976158142
0,80349449,1681,1.0,0.9399999976158142
0,80349449,1682,1.0,0.9549999833106995
0,80349449,1683,1.0,0.9549999833106995
0,80349449,1684,1.0,0.9399999976158142
0,80349449,1685,1.0,0.9549999833106995
0,80349449,1686,1.0,0.9649999737739563
0,80349449,1687,1.0,0.949999988079071
0,80349449,1688,1.0,0.949999988079071
0,80349449,1689,1.0,0.9449999928474426
0,80349449,1690,1.0,0.9549999833106995
0,80349449,1691,1.0,0.9649999737739563
0,80349449,1692,1.0,0.9549999833106995
0,80349449,1693,1.0,0.9449999928474426
0,80349449,1694,1.0,0.9549999833106995
0,80349449,1695,1.0,0.949999988079071
0,80349449,1696,1.0,0.9549999833106995
0,80349449,1697,1.0,0.949999988079071
0,80349449,1698,1.0,0.9549999833106995
0,80349449,1699,1.0,0.9649999737739563
0,80349449,1700,1.0,0.9449999928474426
0,80349449,1701,1.0,0.9599999785423279
0,80349449,1702,1.0,0.9549999833106995
0,80349449,1703,1.0,0.9649999737739563
0,80349449,1704,1.0,0.9449999928474426
0,80349449,1705,1.0,0.949999988079071
0,80349449,1706,1.0,0.9649999737739563
0,80349449,1707,1.0,0.9699999690055847
0,80349449,1708,1.0,0.9449999928474426
0,80349449,1709,1.0,0.949999988079071
0,80349449,1710,1.0,0.9449999928474426
0,80349449,1711,1.0,0.9749999642372131
0,80349449,1712,1.0,0.9649999737739563
0,80349449,1713,1.0,0.9549999833106995
0,80349449,1714,1.0,0.9549999833106995
0,80349449,1715,1.0,0.9549999833106995
0,80349449,1716,1.0,0.949999988079071
0,80349449,1717,1.0,0.9549999833106995
0,80349449,1718,1.0,0.9649999737739563
0,80349449,1719,1.0,0.9599999785423279
0,80349449,1720,1.0,0.9549999833106995
0,80349449,1721,1.0,0.9549999833106995
0,80349449,1722,1.0,0.9549999833106995
0,80349449,1723,1.0,0.9599999785423279
0,80349449,1724,1.0,0.9549999833106995
0,80349449,1725,1.0,0.9549999833106995
0,80349449,1726,1.0,0.9699999690055847
0,80349449,1727,1.0,0.949999988079071
0,80349449,1728,1.0,0.9599999785423279
0,80349449,1729,1.0,0.9449999928474426
0,80349449,1730,1.0,0.9649999737739563
0,80349449,1731,1.0,0.949999988079071
0,80349449,1732,1.0,0.9599999785423279
0,80349449,1733,1.0,0.9649999737739563
0,80349449,1734,1.0,0.9549999833106995
0,80349449,1735,1.0,0.9549999833106995
0,80349449,1736,1.0,0.9549999833106995
0,80349449,1737,1.0,0.9549999833106995
0,80349449,1738,1.0,0.9649999737739563
0,80349449,1739,1.0,0.9599999785423279
0,80349449,1740,1.0,0.9549999833106995
0,80349449,1741,1.0,0.9599999785423279
0,80349449,1742,1.0,0.9649999737739563
0,80349449,1743,1.0,0.9649999737739563
0,80349449,1744,1.0,0.9599999785423279
0,80349449,1745,1.0,0.9599999785423279
0,80349449,1746,1.0,0.9599999785423279
0,80349449,1747,1.0,0.9649999737739563
0,80349449,1748,1.0,0.9649999737739563
0,80349449,1749,1.0,0.9399999976158142
0,80349449,1750,1.0,0.9599999785423279
0,80349449,1751,1.0,0.9649999737739563
0,80349449,1752,1.0,0.9549999833106995
0,80349449,1753,1.0,0.9549999833106995
0,80349449,1754,1.0,0.9599999785423279
0,80349449,1755,1.0,0.9549999833106995
0,80349449,1756,1.0,0.9599999785423279
0,80349449,1757,1.0,0.9599999785423279
0,80349449,1758,1.0,0.9549999833106995
0,80349449,1759,1.0,0.9599999785423279
0,80349449,1760,1.0,0.9599999785423279
0,80349449,1761,1.0,0.9599999785423279
0,80349449,1762,1.0,0.9699999690055847
0,80349449,1763,1.0,0.9649999737739563
0,80349449,1764,1.0,0.9649999737739563
0,80349449,1765,1.0,0.9549999833106995
0,80349449,1766,1.0,0.9649999737739563
0,80349449,1767,1.0,0.9749999642372131
0,80349449,1768,1.0,0.9449999928474426
0,80349449,1769,1.0,0.9599999785423279
0,80349449,1770,1.0,0.9749999642372131
0,80349449,1771,1.0,0.9699999690055847
0,80349449,1772,1.0,0.9599999785423279
0,80349449,1773,1.0,0.9599999785423279
0,80349449,1774,1.0,0.9599999785423279
0,80349449,1775,1.0,0.9699999690055847
0,80349449,1776,1.0,0.9749999642372131
0,80349449,1777,1.0,0.9699999690055847
0,80349449,1778,1.0,0.9599999785423279
0,80349449,1779,1.0,0.9649999737739563
0,80349449,1780,1.0,0.9649999737739563
0,80349449,1781,1.0,0.9649999737739563
0,80349449,1782,1.0,0.9749999642372131
0,80349449,1783,1.0,0.9649999737739563
0,80349449,1784,1.0,0.9649999737739563
0,80349449,1785,1.0,0.9449999928474426
0,80349449,1786,1.0,0.9699999690055847
0,80349449,1787,1.0,0.9699999690055847
0,80349449,1788,1.0,0.9699999690055847
0,80349449,1789,1.0,0.9549999833106995
0,80349449,1790,1.0,0.9599999785423279
0,80349449,1791,1.0,0.9799999594688416
0,80349449,1792,1.0,0.9649999737739563
0,80349449,1793,1.0,0.9699999690055847
0,80349449,1794,1.0,0.9599999785423279
0,80349449,1795,1.0,0.9799999594688416
0,80349449,1796,1.0,0.9599999785423279
0,80349449,1797,1.0,0.9699999690055847
0,80349449,1798,1.0,0.9649999737739563
0,80349449,1799,1.0,0.9699999690055847
0,80349449,1800,1.0,0.9599999785423279
0,80349449,1801,1.0,0.9599999785423279
0,80349449,1802,1.0,0.9599999785423279
0,80349449,1803,1.0,0.9699999690055847
0,80349449,1804,1.0,0.9599999785423279
0,80349449,1805,1.0,0.9699999690055847
0,80349449,1806,1.0,0.9749999642372131
0,80349449,1807,1.0,0.9699999690055847
0,80349449,1808,1.0,0.9699999690055847
0,80349449,1809,1.0,0.9649999737739563
0,80349449,1810,1.0,0.9599999785423279
0,80349449,1811,1.0,0.9699999690055847
0,80349449,1812,1.0,0.9649999737739563
0,80349449,1813,1.0,0.9649999737739563
0,80349449,1814,1.0,0.9599999785423279
0,80349449,1815,1.0,0.9599999785423279
0,80349449,1816,1.0,0.9699999690055847
0,80349449,1817,1.0,0.9549999833106995
0,80349449,1818,1.0,0.9599999785423279
0,80349449,1819,1.0,0.9649999737739563
0,80349449,1820,1.0,0.9749999642372131
0,80349449,1821,1.0,0.9649999737739563
0,80349449,1822,1.0,0.9649999737739563
0,80349449,1823,1.0,0.9699999690055847
0,80349449,1824,1.0,0.98499995470047
0,80349449,1825,1.0,0.9799999594688416
0,80349449,1826,1.0,0.9549999833106995
0,80349449,1827,1.0,0.9649999737739563
0,80349449,1828,1.0,0.9799999594688416
0,80349449,1829,1.0,0.9699999690055847
0,80349449,1830,1.0,0.9549999833106995
0,80349449,1831,1.0,0.9649999737739563
0,80349449,1832,1.0,0.9699999690055847
0,80349449,1833,1.0,0.9699999690055847
0,80349449,1834,1.0,0.9749999642372131
0,80349449,1835,1.0,0.9699999690055847
0,80349449,1836,1.0,0.9699999690055847
0,80349449,1837,1.0,0.9699999690055847
0,80349449,1838,1.0,0.9649999737739563
0,80349449,1839,1.0,0.9749999642372131
0,80349449,1840,1.0,0.9599999785423279
0,80349449,1841,1.0,0.9749999642372131
0,80349449,1842,1.0,0.9649999737739563
0,80349449,1843,1.0,0.9749999642372131
0,80349449,1844,1.0,0.9649999737739563
0,80349449,1845,1.0,0.9649999737739563
0,80349449,1846,1.0,0.9649999737739563
0,80349449,1847,1.0,0.9699999690055847
0,80349449,1848,1.0,0.9749999642372131
0,80349449,1849,1.0,0.9699999690055847
0,80349449,1850,1.0,0.9699999690055847
0,80349449,1851,1.0,0.9599999785423279
0,80349449,1852,1.0,0.9749999642372131
0,80349449,1853,1.0,0.9749999642372131
0,80349449,1854,1.0,0.9649999737739563
0,80349449,1855,1.0,0.9699999690055847
0,80349449,1856,1.0,0.9749999642372131
0,80349449,1857,1.0,0.9699999690055847
0,80349449,1858,1.0,0.9649999737739563
0,80349449,1859,1.0,0.9699999690055847
0,80349449,1860,1.0,0.9699999690055847
0,80349449,1861,1.0,0.9749999642372131
0,80349449,1862,1.0,0.9649999737739563
0,80349449,1863,1.0,0.9749999642372131
0,80349449,1864,1.0,0.98499995470047
0,80349449,1865,1.0,0.9699999690055847
0,80349449,1866,1.0,0.9649999737739563
0,80349449,1867,1.0,0.9799999594688416
0,80349449,1868,1.0,0.9749999642372131
0,80349449,1869,1.0,0.9699999690055847
0,80349449,1870,1.0,0.9649999737739563
0,80349449,1871,1.0,0.9749999642372131
0,80349449,1872,1.0,0.9749999642372131
0,80349449,1873,1.0,0.9799999594688416
0,80349449,1874,1.0,0.9699999690055847
0,80349449,1875,1.0,0.9649999737739563
0,80349449,1876,1.0,0.9749999642372131
0,80349449,1877,1.0,0.9749999642372131
0,80349449,1878,1.0,0.9699999690055847
0,80349449,1879,1.0,0.9699999690055847
0,80349449,1880,1.0,0.9749999642372131
0,80349449,1881,1.0,0.9799999594688416
0,80349449,1882,1.0,0.9749999642372131
0,80349449,1883,1.0,0.98499995470047
0,80349449,1884,1.0,0.98499995470047
0,80349449,1885,1.0,0.9799999594688416
0,80349449,1886,1.0,0.9699999690055847
0,80349449,1887,1.0,0.98499995470047
0,80349449,1888,1.0,0.9899999499320984
0,80349449,1889,1.0,0.9749999642372131
0,80349449,1890,1.0,0.9699999690055847
0,80349449,1891,1.0,0.9649999737739563
0,80349449,1892,1.0,0.9749999642372131
0,80349449,1893,1.0,0.9799999594688416
0,80349449,1894,1.0,0.9649999737739563
0,80349449,1895,1.0,0.9699999690055847
0,80349449,1896,1.0,0.9749999642372131
0,80349449,1897,1.0,0.9599999785423279
0,80349449,1898,1.0,0.9599999785423279
0,80349449,1899,1.0,0.9699999690055847
0,80349449,1900,1.0,0.9599999785423279
0,80349449,1901,1.0,0.9749999642372131
0,80349449,1902,1.0,0.9699999690055847
0,80349449,1903,1.0,0.9749999642372131
0,80349449,1904,1.0,0.9749999642372131
0,80349449,1905,1.0,0.9749999642372131
0,80349449,1906,1.0,0.9749999642372131
0,80349449,1907,1.0,0.9749999642372131
0,80349449,1908,1.0,0.9699999690055847
0,80349449,1909,1.0,0.9649999737739563
0,80349449,1910,1.0,0.9699999690055847
0,80349449,1911,1.0,0.98499995470047
0,80349449,1912,1.0,0.9749999642372131
0,80349449,1913,1.0,0.9749999642372131
0,80349449,1914,1.0,0.9699999690055847
0,80349449,1915,1.0,0.9749999642372131
0,80349449,1916,1.0,0.9649999737739563
0,80349449,1917,1.0,0.9749999642372131
0,80349449,1918,1.0,0.9699999690055847
0,80349449,1919,1.0,0.9699999690055847
0,80349449,1920,1.0,0.9749999642372131
0,80349449,1921,1.0,0.9749999642372131
0,80349449,1922,1.0,0.9749999642372131
0,80349449,1923,1.0,0.9799999594688416
0,80349449,1924,1.0,0.9699999690055847
0,80349449,1925,1.0,0.9699999690055847
0,80349449,1926,1.0,0.9799999594688416
0,80349449,1927,1.0,0.9549999833106995
0,80349449,1928,1.0,0.9749999642372131
0,80349449,1929,1.0,0.9899999499320984
0,80349449,1930,1.0,0.9749999642372131
0,80349449,1931,1.0,0.9799999594688416
0,80349449,1932,1.0,0.9799999594688416
0,80349449,1933,1.0,0.9699999690055847
0,80349449,1934,1.0,0.9749999642372131
0,80349449,1935,1.0,0.9799999594688416
0,80349449,1936,1.0,0.9749999642372131
0,80349449,1937,1.0,0.9799999594688416
0,80349449,1938,1.0,0.9749999642372131
0,80349449,1939,1.0,0.9649999737739563
0,80349449,1940,1.0,0.9799999594688416
0,80349449,1941,1.0,0.9799999594688416
0,80349449,1942,1.0,0.9699999690055847
0,80349449,1943,1.0,0.9799999594688416
0,80349449,1944,1.0,0.9699999690055847
0,80349449,1945,1.0,0.9699999690055847
0,80349449,1946,1.0,0.9749999642372131
0,80349449,1947,1.0,0.9749999642372131
0,80349449,1948,1.0,0.98499995470047
0,80349449,1949,1.0,0.9749999642372131
0,80349449,1950,1.0,0.9699999690055847
0,80349449,1951,1.0,0.9799999594688416
0,80349449,1952,1.0,0.9699999690055847
0,80349449,1953,1.0,0.9799999594688416
0,80349449,1954,1.0,0.98499995470047
0,80349449,1955,1.0,0.9799999594688416
0,80349449,1956,1.0,0.9799999594688416
0,80349449,1957,1.0,0.9799999594688416
0,80349449,1958,1.0,0.9699999690055847
0,80349449,1959,1.0,0.98499995470047
0,80349449,1960,1.0,0.9899999499320984
0,80349449,1961,1.0,0.9749999642372131
0,80349449,1962,1.0,0.9599999785423279
0,80349449,1963,1.0,0.9799999594688416
0,80349449,1964,1.0,0.98499995470047
0,80349449,1965,1.0,0.9799999594688416
0,80349449,1966,1.0,0.9749999642372131
0,80349449,1967,1.0,0.9749999642372131
0,80349449,1968,1.0,0.98499995470047
0,80349449,1969,1.0,0.9799999594688416
0,80349449,1970,1.0,0.9799999594688416
0,80349449,1971,1.0,0.98499995470047
0,80349449,1972,1.0,0.9649999737739563
0,80349449,1973,1.0,0.9699999690055847
0,80349449,1974,1.0,0.9799999594688416
0,80349449,1975,1.0,0.9799999594688416
0,80349449,1976,1.0,0.9749999642372131
0,80349449,1977,1.0,0.9799999594688416
0,80349449,1978,1.0,0.9899999499320984
0,80349449,1979,1.0,0.9749999642372131
0,80349449,1980,1.0,0.9699999690055847
0,80349449,1981,1.0,0.9749999642372131
0,80349449,1982,1.0,0.9649999737739563
0,80349449,1983,1.0,0.9899999499320984
0,80349449,1984,1.0,0.98499995470047
0,80349449,1985,1.0,0.9599999785423279
0,80349449,1986,1.0,0.9799999594688416
0,80349449,1987,1.0,0.9699999690055847
0,80349449,1988,1.0,0.98499995470047
0,80349449,1989,1.0,0.9749999642372131
0,80349449,1990,1.0,0.9749999642372131
0,80349449,1991,1.0,0.9699999690055847
0,80349449,1992,1.0,0.9899999499320984
0,80349449,1993,1.0,0.9749999642372131
0,80349449,1994,1.0,0.9749999642372131
0,80349449,1995,1.0,0.98499995470047
0,80349449,1996,1.0,0.9749999642372131
0,80349449,1997,1.0,0.98499995470047
0,80349449,1998,1.0,0.98499995470047
0,80349449,1999,1.0,0.9799999594688416
0,80349449,2000,1.0,0.9799999594688416
0,80349449,2001,1.0,0.9699999690055847
0,80349449,2002,1.0,0.9799999594688416
0,80349449,2003,1.0,0.9749999642372131
0,80349449,2004,1.0,0.98499995470047
0,80349449,2005,1.0,0.9699999690055847
0,80349449,2006,1.0,0.9799999594688416
0,80349449,2007,1.0,0.9749999642372131
0,80349449,2008,1.0,0.9749999642372131
0,80349449,2009,1.0,0.9799999594688416
0,80349449,2010,1.0,0.9749999642372131
0,80349449,2011,1.0,0.9799999594688416
0,80349449,2012,1.0,0.9799999594688416
0,80349449,2013,1.0,0.98499995470047
0,80349449,2014,1.0,0.98499995470047
0,80349449,2015,1.0,0.98499995470047
0,80349449,2016,1.0,0.98499995470047
0,80349449,2017,1.0,0.9699999690055847
0,80349449,2018,1.0,0.98499995470047
0,80349449,2019,1.0,0.98499995470047
0,80349449,2020,1.0,0.9649999737739563
0,80349449,2021,1.0,0.98499995470047
0,80349449,2022,1.0,0.9799999594688416
0,80349449,2023,1.0,0.98499995470047
0,80349449,2024,1.0,0.9799999594688416
0,80349449,2025,1.0,0.98499995470047
0,80349449,2026,1.0,0.98499995470047
0,80349449,2027,1.0,0.9899999499320984
0,80349449,2028,1.0,0.9799999594688416
0,80349449,2029,1.0,0.9799999594688416
0,80349449,2030,1.0,0.98499995470047
0,80349449,2031,1.0,0.9899999499320984
0,80349449,2032,1.0,0.9799999594688416
0,80349449,2033,1.0,0.98499995470047
0,80349449,2034,1.0,0.9799999594688416
0,80349449,2035,1.0,0.98499995470047
0,80349449,2036,1.0,0.9799999594688416
0,80349449,2037,1.0,0.98499995470047
0,80349449,2038,1.0,0.9799999594688416
0,80349449,2039,1.0,0.9799999594688416
0,80349449,2040,1.0,0.9899999499320984
0,80349449,2041,1.0,0.9799999594688416
0,80349449,2042,1.0,0.9799999594688416
0,80349449,2043,1.0,0.98499995470047
0,80349449,2044,1.0,0.98499995470047
0,80349449,2045,1.0,0.9899999499320984
0,80349449,2046,1.0,0.9799999594688416
0,80349449,2047,1.0,0.9749999642372131
0,80349449,2048,1.0,0.98499995470047
0,80349449,2049,1.0,0.9799999594688416
0,80349449,2050,1.0,0.9899999499320984
0,80349449,2051,1.0,0.9799999594688416
0,80349449,2052,1.0,0.98499995470047
0,80349449,2053,1.0,0.98499995470047
0,80349449,2054,1.0,0.98499995470047
0,80349449,2055,1.0,0.9899999499320984
0,80349449,2056,1.0,0.98499995470047
0,80349449,2057,1.0,0.9749999642372131
0,80349449,2058,1.0,0.9899999499320984
0,80349449,2059,1.0,0.98499995470047
0,80349449,2060,1.0,0.9899999499320984
0,80349449,2061,1.0,0.9799999594688416
0,80349449,2062,1.0,0.98499995470047
0,80349449,2063,1.0,0.9899999499320984
0,80349449,2064,1.0,0.98499995470047
0,80349449,2065,1.0,0.98499995470047
0,80349449,2066,1.0,0.98499995470047
0,80349449,2067,1.0,0.98499995470047
0,80349449,2068,1.0,0.98499995470047
0,80349449,2069,1.0,0.9749999642372131
0,80349449,2070,1.0,0.98499995470047
0,80349449,2071,1.0,0.9899999499320984
0,80349449,2072,1.0,0.98499995470047
0,80349449,2073,1.0,0.9799999594688416
0,80349449,2074,1.0,0.98499995470047
0,80349449,2075,1.0,0.98499995470047
0,80349449,2076,1.0,0.98499995470047
0,80349449,2077,1.0,0.9749999642372131
0,80349449,2078,1.0,0.9799999594688416
0,80349449,2079,1.0,0.98499995470047
0,80349449,2080,1.0,0.98499995470047
0,80349449,2081,1.0,0.98499995470047
0,80349449,2082,1.0,0.98499995470047
0,80349449,2083,1.0,0.9799999594688416
0,80349449,2084,1.0,0.9749999642372131
0,80349449,2085,1.0,0.98499995470047
0,80349449,2086,1.0,0.98499995470047
0,80349449,2087,1.0,0.9749999642372131
0,80349449,2088,1.0,0.9799999594688416
0,80349449,2089,1.0,0.98499995470047
0,80349449,2090,1.0,0.9799999594688416
0,80349449,2091,1.0,0.9799999594688416
0,80349449,2092,1.0,0.9749999642372131
0,80349449,2093,1.0,0.98499995470047
0,80349449,2094,1.0,0.98499995470047
0,80349449,2095,1.0,0.9899999499320984
0,80349449,2096,1.0,0.98499995470047
0,80349449,2097,1.0,0.9799999594688416
0,80349449,2098,1.0,0.98499995470047
0,80349449,2099,1.0,0.98499995470047
0,80349449,2100,1.0,0.98499995470047
0,80349449,2101,1.0,0.98499995470047
0,80349449,2102,1.0,0.98499995470047
0,80349449,2103,1.0,0.9799999594688416
0,80349449,2104,1.0,0.9799999594688416
0,80349449,2105,1.0,0.98499995470047
0,80349449,2106,1.0,0.98499995470047
0,80349449,2107,1.0,0.98499995470047
0,80349449,2108,1.0,0.9950000047683716
0,80349449,2109,1.0,0.9899999499320984
0,80349449,2110,1.0,0.98499995470047
0,80349449,2111,1.0,0.9799999594688416
0,80349449,2112,1.0,0.9899999499320984
0,80349449,2113,1.0,0.98499995470047
0,80349449,2114,1.0,0.98499995470047
0,80349449,2115,1.0,0.9799999594688416
0,80349449,2116,1.0,0.9799999594688416
0,80349449,2117,1.0,0.98499995470047
0,80349449,2118,1.0,0.9799999594688416
0,80349449,2119,1.0,0.9899999499320984
0,80349449,2120,1.0,0.98499995470047
0,80349449,2121,1.0,0.98499995470047
0,80349449,2122,1.0,0.98499995470047
0,80349449,2123,1.0,0.9799999594688416
0,80349449,2124,1.0,0.9899999499320984
0,80349449,2125,1.0,0.9799999594688416
0,80349449,2126,1.0,0.98499995470047
0,80349449,2127,1.0,0.98499995470047
0,80349449,2128,1.0,0.98499995470047
0,80349449,2129,1.0,0.9899999499320984
0,80349449,2130,1.0,0.98499995470047
0,80349449,2131,1.0,0.98499995470047
0,80349449,2132,1.0,0.98499995470047
0,80349449,2133,1.0,0.9799999594688416
0,80349449,2134,1.0,0.9799999594688416
0,80349449,2135,1.0,0.98499995470047
0,80349449,2136,1.0,0.9899999499320984
0,80349449,2137,1.0,0.9899999499320984
0,80349449,2138,1.0,0.9899999499320984
0,80349449,2139,1.0,0.9799999594688416
0,80349449,2140,1.0,0.98499995470047
0,80349449,2141,1.0,0.9799999594688416
0,80349449,2142,1.0,0.9799999594688416
0,80349449,2143,1.0,0.98499995470047
0,80349449,2144,1.0,0.98499995470047
0,80349449,2145,1.0,0.9749999642372131
0,80349449,2146,1.0,0.98499995470047
0,80349449,2147,1.0,0.9799999594688416
0,80349449,2148,1.0,0.9950000047683716
0,80349449,2149,1.0,0.98499995470047
0,80349449,2150,1.0,0.9799999594688416
0,80349449,2151,1.0,0.98499995470047
0,80349449,2152,1.0,0.98499995470047
0,80349449,2153,1.0,0.9899999499320984
0,80349449,2154,1.0,0.98499995470047
0,80349449,2155,1.0,0.98499995470047
0,80349449,2156,1.0,0.9899999499320984
0,80349449,2157,1.0,0.98499995470047
0,80349449,2158,1.0,0.9799999594688416
0,80349449,2159,1.0,0.9899999499320984
0,80349449,2160,1.0,0.98499995470047
0,80349449,2161,1.0,0.9799999594688416
0,80349449,2162,1.0,0.9899999499320984
0,80349449,2163,1.0,0.9899999499320984
0,80349449,2164,1.0,0.9799999594688416
0,80349449,2165,1.0,0.9899999499320984
0,80349449,2166,1.0,0.98499995470047
0,80349449,2167,1.0,0.9899999499320984
0,80349449,2168,1.0,0.98499995470047
0,80349449,2169,1.0,0.98499995470047
0,80349449,2170,1.0,0.98499995470047
0,80349449,2171,1.0,0.98499995470047
0,80349449,2172,1.0,0.98499995470047
0,80349449,2173,1.0,0.98499995470047
0,80349449,2174,1.0,0.9899999499320984
0,80349449,2175,1.0,0.98499995470047
0,80349449,2176,1.0,0.9899999499320984
0,80349449,2177,1.0,0.9950000047683716
0,80349449,2178,1.0,0.98499995470047
0,80349449,2179,1.0,0.9799999594688416
0,80349449,2180,1.0,0.98499995470047
0,80349449,2181,1.0,0.98499995470047
0,80349449,2182,1.0,0.98499995470047
0,80349449,2183,1.0,0.98499995470047
0,80349449,2184,1.0,0.98499995470047
0,80349449,2185,1.0,0.9899999499320984
0,80349449,2186,1.0,0.9899999499320984
0,80349449,2187,1.0,0.9799999594688416
0,80349449,2188,1.0,0.98499995470047
0,80349449,2189,1.0,0.98499995470047
0,80349449,2190,1.0,0.9899999499320984
0,80349449,2191,1.0,0.98499995470047
0,80349449,2192,1.0,0.98499995470047
0,80349449,2193,1.0,0.98499995470047
0,80349449,2194,1.0,0.98499995470047
0,80349449,2195,1.0,0.98499995470047
0,80349449,2196,1.0,0.9950000047683716
0,80349449,2197,1.0,0.9799999594688416
0,80349449,2198,1.0,0.9799999594688416
0,80349449,2199,1.0,0.98499995470047
0,80349449,2200,1.0,0.98499995470047
0,80349449,2201,1.0,0.98499995470047
0,80349449,2202,1.0,0.9799999594688416
0,80349449,2203,1.0,0.9799999594688416
0,80349449,2204,1.0,0.98499995470047
0,80349449,2205,1.0,0.9799999594688416
0,80349449,2206,1.0,1.0
0,80349449,2207,1.0,0.98499995470047
0,80349449,2208,1.0,0.98499995470047
0,80349449,2209,1.0,0.9899999499320984
0,80349449,2210,1.0,0.98499995470047
0,80349449,2211,1.0,0.9950000047683716
0,80349449,2212,1.0,0.9950000047683716
0,80349449,2213,1.0,0.9899999499320984
0,80349449,2214,1.0,0.98499995470047
0,80349449,2215,1.0,0.98499995470047
0,80349449,2216,1.0,0.9899999499320984
0,80349449,2217,1.0,0.9799999594688416
0,80349449,2218,1.0,0.9899999499320984
0,80349449,2219,1.0,0.9899999499320984
0,80349449,2220,1.0,0.98499995470047
0,80349449,2221,1.0,0.9899999499320984
0,80349449,2222,1.0,0.9950000047683716
0,80349449,2223,1.0,0.9799999594688416
0,80349449,2224,1.0,0.98499995470047
0,80349449,2225,1.0,0.9899999499320984
0,80349449,2226,1.0,0.9899999499320984
0,80349449,2227,1.0,0.98499995470047
0,80349449,2228,1.0,0.9899999499320984
0,80349449,2229,1.0,0.9899999499320984
0,80349449,2230,1.0,0.9899999499320984
0,80349449,2231,1.0,0.98499995470047
0,80349449,2232,1.0,0.9899999499320984
0,80349449,2233,1.0,0.98499995470047
0,80349449,2234,1.0,0.9950000047683716
0,80349449,2235,1.0,0.9899999499320984
0,80349449,2236,1.0,0.9899999499320984
0,80349449,2237,1.0,0.98499995470047
0,80349449,2238,1.0,0.98499995470047
0,80349449,2239,1.0,0.9950000047683716
0,80349449,2240,1.0,0.98499995470047
0,80349449,2241,1.0,0.98499995470047
0,80349449,2242,1.0,1.0
0,80349449,2243,1.0,0.9899999499320984
0,80349449,2244,1.0,0.98499995470047
0,80349449,2245,1.0,0.9950000047683716
0,80349449,2246,1.0,0.98499995470047
0,80349449,2247,1.0,0.9799999594688416
0,80349449,2248,1.0,0.9899999499320984
0,80349449,2249,1.0,0.9899999499320984
0,80349449,2250,1.0,0.98499995470047
0,80349449,2251,1.0,0.9950000047683716
0,80349449,2252,1.0,0.9899999499320984
0,80349449,2253,1.0,0.9899999499320984
0,80349449,2254,1.0,0.9950000047683716
0,80349449,2255,1.0,0.98499995470047
0,80349449,2256,1.0,0.98499995470047
0,80349449,2257,1.0,0.98499995470047
0,80349449,2258,1.0,0.9799999594688416
0,80349449,2259,1.0,0.9899999499320984
0,80349449,2260,1.0,0.9950000047683716
0,80349449,2261,1.0,0.98499995470047
0,80349449,2262,1.0,0.98499995470047
0,80349449,2263,1.0,0.9649999737739563
0,80349449,2264,1.0,0.9899999499320984
0,80349449,2265,1.0,0.9950000047683716
0,80349449,2266,1.0,0.9950000047683716
0,80349449,2267,1.0,0.9950000047683716
0,80349449,2268,1.0,0.98499995470047
0,80349449,2269,1.0,0.98499995470047
0,80349449,2270,1.0,0.9899999499320984
0,80349449,2271,1.0,0.98499995470047
0,80349449,2272,1.0,0.9899999499320984
0,80349449,2273,1.0,0.9899999499320984
0,80349449,2274,1.0,0.9899999499320984
0,80349449,2275,1.0,0.9899999499320984
0,80349449,2276,1.0,0.9799999594688416
0,80349449,2277,1.0,0.98499995470047
0,80349449,2278,1.0,0.9899999499320984
0,80349449,2279,1.0,0.98499995470047
0,80349449,2280,1.0,0.98499995470047
0,80349449,2281,1.0,1.0
0,80349449,2282,1.0,0.9950000047683716
0,80349449,2283,1.0,0.98499995470047
0,80349449,2284,1.0,0.98499995470047
0,80349449,2285,1.0,0.9899999499320984
0,80349449,2286,1.0,0.98499995470047
0,80349449,2287,1.0,0.9899999499320984
0,80349449,2288,1.0,0.9899999499320984
0,80349449,2289,1.0,0.9899999499320984
0,80349449,2290,1.0,0.98499995470047
0,80349449,2291,1.0,0.98499995470047
0,80349449,2292,1.0,0.9899999499320984
0,80349449,2293,1.0,0.9950000047683716
0,80349449,2294,1.0,0.98499995470047
0,80349449,2295,1.0,0.98499995470047
0,80349449,2296,1.0,0.9899999499320984
0,80349449,2297,1.0,0.9950000047683716
0,80349449,2298,1.0,0.9899999499320984
0,80349449,2299,1.0,0.9899999499320984
0,80349449,2300,1.0,0.9950000047683716
0,80349449,2301,1.0,1.0
0,80349449,2302,1.0,0.9899999499320984
0,80349449,2303,1.0,0.9899999499320984
0,80349449,2304,1.0,0.9799999594688416
0,80349449,2305,1.0,0.9899999499320984
0,80349449,2306,1.0,0.9799999594688416
0,80349449,2307,1.0,0.98499995470047
0,80349449,2308,1.0,0.98499995470047
0,80349449,2309,1.0,0.9899999499320984
0,80349449,2310,1.0,1.0
0,80349449,2311,1.0,0.9950000047683716
0,80349449,2312,1.0,0.98499995470047
0,80349449,2313,1.0,0.9899999499320984
0,80349449,2314,1.0,0.98499995470047
0,80349449,2315,1.0,0.98499995470047
0,80349449,2316,1.0,0.9950000047683716
0,80349449,2317,1.0,0.9899999499320984
0,80349449,2318,1.0,0.98499995470047
0,80349449,2319,1.0,0.9899999499320984
0,80349449,2320,1.0,0.98499995470047
0,80349449,2321,1.0,0.98499995470047
0,80349449,2322,1.0,0.9899999499320984
0,80349449,2323,1.0,0.9950000047683716
0,80349449,2324,1.0,0.9899999499320984
0,80349449,2325,1.0,0.9950000047683716
0,80349449,2326,1.0,0.98499995470047
0,80349449,2327,1.0,0.9899999499320984
0,80349449,2328,1.0,0.98499995470047
0,80349449,2329,1.0,1.0
0,80349449,2330,1.0,0.9950000047683716
0,80349449,2331,1.0,0.9950000047683716
0,80349449,2332,1.0,0.9950000047683716
0,80349449,2333,1.0,0.9950000047683716
0,80349449,2334,1.0,0.9950000047683716
0,80349449,2335,1.0,0.9950000047683716
0,80349449,2336,1.0,0.9899999499320984
0,80349449,2337,1.0,0.9899999499320984
0,80349449,2338,1.0,0.9950000047683716
0,80349449,2339,1.0,0.9899999499320984
0,80349449,2340,1.0,0.98499995470047
0,80349449,2341,1.0,0.9899999499320984
0,80349449,2342,1.0,1.0
0,80349449,2343,1.0,0.9950000047683716
0,80349449,2344,1.0,0.9899999499320984
0,80349449,2345,1.0,0.9899999499320984
0,80349449,2346,1.0,0.98499995470047
0,80349449,2347,1.0,0.9950000047683716
0,80349449,2348,1.0,0.9899999499320984
0,80349449,2349,1.0,0.98499995470047
0,80349449,2350,1.0,0.98499995470047
0,80349449,2351,1.0,0.9950000047683716
0,80349449,2352,1.0,0.9899999499320984
0,80349449,2353,1.0,0.9899999499320984
0,80349449,2354,1.0,0.9899999499320984
0,80349449,2355,1.0,0.9950000047683716
0,80349449,2356,1.0,0.9950000047683716
0,80349449,2357,1.0,0.9899999499320984
0,80349449,2358,1.0,0.9899999499320984
0,80349449,2359,1.0,0.9950000047683716
0,80349449,2360,1.0,0.9899999499320984
0,80349449,2361,1.0,0.9950000047683716
0,80349449,2362,1.0,0.9950000047683716
0,80349449,2363,1.0,0.9899999499320984
0,80349449,2364,1.0,0.9899999499320984
0,80349449,2365,1.0,0.9899999499320984
0,80349449,2366,1.0,0.9899999499320984
0,80349449,2367,1.0,0.98499995470047
0,80349449,2368,1.0,0.9950000047683716
0,80349449,2369,1.0,0.9899999499320984
0,80349449,2370,1.0,0.98499995470047
0,80349449,2371,1.0,0.9950000047683716
0,80349449,2372,1.0,1.0
0,80349449,2373,1.0,0.98499995470047
0,80349449,2374,1.0,0.98499995470047
0,80349449,2375,1.0,0.9950000047683716
0,80349449,2376,1.0,0.9950000047683716
0,80349449,2377,1.0,0.9950000047683716
0,80349449,2378,1.0,0.9950000047683716
0,80349449,2379,1.0,1.0
0,80349449,2380,1.0,1.0
0,80349449,2381,1.0,0.9950000047683716
0,80349449,2382,1.0,1.0
0,80349449,2383,1.0,0.98499995470047
0,80349449,2384,1.0,0.9899999499320984
0,80349449,2385,1.0,0.9899999499320984
0,80349449,2386,1.0,1.0
0,80349449,2387,1.0,1.0
0,80349449,2388,1.0,0.9950000047683716
0,80349449,2389,1.0,0.9950000047683716
0,80349449,2390,1.0,0.9899999499320984
0,80349449,2391,1.0,0.9899999499320984
0,80349449,2392,1.0,0.9899999499320984
0,80349449,2393,1.0,0.9950000047683716
0,80349449,2394,1.0,1.0
0,80349449,2395,1.0,0.9950000047683716
0,80349449,2396,1.0,0.98499995470047
0,80349449,2397,1.0,0.98499995470047
0,80349449,2398,1.0,0.9899999499320984
0,80349449,2399,1.0,1.0
0,80349449,2400,1.0,0.9950000047683716
0,80349449,2401,1.0,0.9950000047683716
0,80349449,2402,1.0,0.9899999499320984
0,80349449,2403,1.0,0.9950000047683716
0,80349449,2404,1.0,0.9950000047683716
0,80349449,2405,1.0,0.9950000047683716
0,80349449,2406,1.0,0.98499995470047
0,80349449,2407,1.0,0.9950000047683716
0,80349449,2408,1.0,0.9950000047683716
0,80349449,2409,1.0,0.9899999499320984
0,80349449,2410,1.0,0.98499995470047
0,80349449,2411,1.0,0.9899999499320984
0,80349449,2412,1.0,0.98499995470047
0,80349449,2413,1.0,0.9899999499320984
0,80349449,2414,1.0,0.9899999499320984
0,80349449,2415,1.0,0.9899999499320984
0,80349449,2416,1.0,1.0
0,80349449,2417,1.0,1.0
0,80349449,2418,1.0,0.98499995470047
0,80349449,2419,1.0,1.0
0,80349449,2420,1.0,0.9899999499320984
0,80349449,2421,1.0,0.9950000047683716
0,80349449,2422,1.0,1.0
0,80349449,2423,1.0,0.9950000047683716
0,80349449,2424,1.0,0.9950000047683716
0,80349449,2425,1.0,0.9899999499320984
0,80349449,2426,1.0,0.9899999499320984
0,80349449,2427,1.0,0.9899999499320984
0,80349449,2428,1.0,0.9950000047683716
0,80349449,2429,1.0,0.9899999499320984
0,80349449,2430,1.0,0.9950000047683716
0,80349449,2431,1.0,0.9950000047683716
0,80349449,2432,1.0,0.9899999499320984
0,80349449,2433,1.0,0.9899999499320984
0,80349449,2434,1.0,0.9950000047683716
0,80349449,2435,1.0,0.9950000047683716
0,80349449,2436,1.0,0.9950000047683716
0,80349449,2437,1.0,0.9899999499320984
0,80349449,2438,1.0,0.9950000047683716
0,80349449,2439,1.0,0.9950000047683716
0,80349449,2440,1.0,0.9899999499320984
0,80349449,2441,1.0,0.9899999499320984
0,80349449,2442,1.0,1.0
0,80349449,2443,1.0,0.9950000047683716
0,80349449,2444,1.0,0.9950000047683716
0,80349449,2445,1.0,0.9899999499320984
0,80349449,2446,1.0,0.9950000047683716
0,80349449,2447,1.0,0.9899999499320984
0,80349449,2448,1.0,0.98499995470047
0,80349449,2449,1.0,0.9950000047683716
0,80349449,2450,1.0,0.98499995470047
0,80349449,2451,1.0,0.9950000047683716
0,80349449,2452,1.0,0.9899999499320984
0,80349449,2453,1.0,0.9899999499320984
0,80349449,2454,1.0,1.0
0,80349449,2455,1.0,1.0
0,80349449,2456,1.0,0.9950000047683716
0,80349449,2457,1.0,0.98499995470047
0,80349449,2458,1.0,0.9950000047683716
0,80349449,2459,1.0,0.9950000047683716
0,80349449,2460,1.0,0.9899999499320984
0,80349449,2461,1.0,0.98499995470047
0,80349449,2462,1.0,0.9899999499320984
0,80349449,2463,1.0,1.0
0,80349449,2464,1.0,1.0
0,80349449,2465,1.0,0.98499995470047
0,80349449,2466,1.0,0.9950000047683716
0,80349449,2467,1.0,0.9950000047683716
0,80349449,2468,1.0,1.0
0,80349449,2469,1.0,1.0
0,80349449,2470,1.0,0.9950000047683716
0,80349449,2471,1.0,0.9950000047683716
0,80349449,2472,1.0,1.0
0,80349449,2473,1.0,0.9950000047683716
0,80349449,2474,1.0,1.0
0,80349449,2475,1.0,0.9899999499320984
0,80349449,2476,1.0,0.9950000047683716
0,80349449,2477,1.0,0.98499995470047
0,80349449,2478,1.0,0.9899999499320984
0,80349449,2479,1.0,0.9950000047683716
0,80349449,2480,1.0,1.0
0,80349449,2481,1.0,0.9899999499320984
0,80349449,2482,1.0,1.0
0,80349449,2483,1.0,1.0
0,80349449,2484,1.0,1.0
0,80349449,2485,1.0,0.9899999499320984
0,80349449,2486,1.0,0.9950000047683716
0,80349449,2487,1.0,0.9950000047683716
0,80349449,2488,1.0,0.9899999499320984
0,80349449,2489,1.0,0.9950000047683716
0,80349449,2490,1.0,0.9950000047683716
0,80349449,2491,1.0,0.9899999499320984
0,80349449,2492,1.0,1.0
0,80349449,2493,1.0,1.0
0,80349449,2494,1.0,1.0
0,80349449,2495,1.0,1.0
0,80349449,2496,1.0,1.0
0,80349449,2497,1.0,0.9950000047683716
0,80349449,2498,1.0,1.0
0,80349449,2499,1.0,1.0
0,80349449,2500,1.0,0.9950000047683716
0,80349449,2501,1.0,1.0
0,80349449,2502,1.0,0.9950000047683716
0,80349449,2503,1.0,1.0
0,80349449,2504,1.0,0.9950000047683716
0,80349449,2505,1.0,1.0
0,80349449,2506,1.0,1.0
0,80349449,2507,1.0,0.9950000047683716
0,80349449,2508,1.0,0.9950000047683716
0,80349449,2509,1.0,1.0
0,80349449,2510,1.0,0.9950000047683716
0,80349449,2511,1.0,1.0
0,80349449,2512,1.0,0.9950000047683716
0,80349449,2513,1.0,0.9950000047683716
0,80349449,2514,1.0,1.0
0,80349449,2515,1.0,1.0
0,80349449,2516,1.0,1.0
0,80349449,2517,1.0,0.9899999499320984
0,80349449,2518,1.0,1.0
0,80349449,2519,1.0,0.9950000047683716
0,80349449,2520,1.0,1.0
0,80349449,2521,1.0,1.0
0,80349449,2522,1.0,1.0
0,80349449,2523,1.0,1.0
0,80349449,2524,1.0,1.0
0,80349449,2525,1.0,0.9950000047683716
0,80349449,2526,1.0,1.0
0,80349449,2527,1.0,0.9950000047683716
0,80349449,2528,1.0,0.9899999499320984
0,80349449,2529,1.0,1.0
0,80349449,2530,1.0,1.0
0,80349449,2531,1.0,1.0
0,80349449,2532,1.0,1.0
0,80349449,2533,1.0,1.0
0,80349449,2534,1.0,1.0
0,80349449,2535,1.0,1.0
0,80349449,2536,1.0,0.9950000047683716
0,80349449,2537,1.0,1.0
0,80349449,2538,1.0,0.9899999499320984
0,80349449,2539,1.0,0.9950000047683716
0,80349449,2540,1.0,1.0
0,80349449,2541,1.0,1.0
0,80349449,2542,1.0,1.0
0,80349449,2543,1.0,0.9950000047683716
0,80349449,2544,1.0,1.0
0,80349449,2545,1.0,0.9950000047683716
0,80349449,2546,1.0,0.9950000047683716
0,80349449,2547,1.0,1.0
0,80349449,2548,1.0,1.0
0,80349449,2549,1.0,1.0
0,80349449,2550,1.0,1.0
0,80349449,2551,1.0,0.9950000047683716
0,80349449,2552,1.0,1.0
0,80349449,2553,1.0,1.0
0,80349449,2554,1.0,1.0
0,80349449,2555,1.0,0.9950000047683716
0,80349449,2556,1.0,1.0
0,80349449,2557,1.0,1.0
0,80349449,2558,1.0,1.0
0,80349449,2559,1.0,1.0
0,80349449,2560,1.0,0.9950000047683716
0,80349449,2561,1.0,1.0
0,80349449,2562,1.0,0.9950000047683716
0,80349449,2563,1.0,1.0
0,80349449,2564,1.0,1.0
0,80349449,2565,1.0,1.0
0,80349449,2566,1.0,1.0
0,80349449,2567,1.0,1.0
0,80349449,2568,1.0,0.9950000047683716
0,80349449,2569,1.0,1.0
0,80349449,2570,1.0,1.0
0,80349449,2571,1.0,1.0
0,80349449,2572,1.0,1.0
0,80349449,2573,1.0,1.0
0,80349449,2574,1.0,1.0
0,80349449,2575,1.0,0.9950000047683716
0,80349449,2576,1.0,1.0
0,80349449,2577,1.0,1.0
0,80349449,2578,1.0,1.0
0,80349449,2579,1.0,0.9950000047683716
0,80349449,2580,1.0,0.9950000047683716
0,80349449,2581,1.0,1.0
0,80349449,2582,1.0,1.0
0,80349449,2583,1.0,1.0
0,80349449,2584,1.0,0.9950000047683716
0,80349449,2585,1.0,0.9950000047683716
0,80349449,2586,1.0,0.9950000047683716
0,80349449,2587,1.0,1.0
0,80349449,2588,1.0,1.0
0,80349449,2589,1.0,1.0
0,80349449,2590,1.0,0.9950000047683716
0,80349449,2591,1.0,0.9950000047683716
0,80349449,2592,1.0,1.0
0,80349449,2593,1.0,1.0
0,80349449,2594,1.0,1.0
0,80349449,2595,1.0,1.0
0,80349449,2596,1.0,1.0
0,80349449,2597,1.0,1.0
0,80349449,2598,1.0,1.0
0,80349449,2599,1.0,0.9950000047683716
0,80349449,2600,1.0,1.0
0,80349449,2601,1.0,1.0
0,80349449,2602,1.0,1.0
0,80349449,2603,1.0,1.0
0,80349449,2604,1.0,1.0
0,80349449,2605,1.0,1.0
0,80349449,2606,1.0,1.0
0,80349449,2607,1.0,1.0
0,80349449,2608,1.0,1.0
0,80349449,2609,1.0,1.0
0,80349449,2610,1.0,1.0
0,80349449,2611,1.0,1.0
0,80349449,2612,1.0,1.0
0,80349449,2613,1.0,1.0
0,80349449,2614,1.0,1.0
0,80349449,2615,1.0,0.9950000047683716
0,80349449,2616,1.0,1.0
0,80349449,2617,1.0,1.0
0,80349449,2618,1.0,1.0
0,80349449,2619,1.0,1.0
0,80349449,2620,1.0,1.0
0,80349449,2621,1.0,0.9950000047683716
0,80349449,2622,1.0,1.0
0,80349449,2623,1.0,1.0
0,80349449,2624,1.0,1.0
0,80349449,2625,1.0,1.0
0,80349449,2626,1.0,1.0
0,80349449,2627,1.0,1.0
0,80349449,2628,1.0,1.0
0,80349449,2629,1.0,1.0
0,80349449,2630,1.0,1.0
0,80349449,2631,1.0,0.9950000047683716
0,80349449,2632,1.0,1.0
0,80349449,2633,1.0,1.0
0,80349449,2634,1.0,1.0
0,80349449,2635,1.0,0.9950000047683716
0,80349449,2636,1.0,0.9950000047683716
0,80349449,2637,1.0,1.0
0,80349449,2638,1.0,1.0
0,80349449,2639,1.0,1.0
0,80349449,2640,1.0,1.0
0,80349449,2641,1.0,1.0
0,80349449,2642,1.0,1.0
0,80349449,2643,1.0,1.0
0,80349449,2644,1.0,0.9950000047683716
0,80349449,2645,1.0,1.0
0,80349449,2646,1.0,0.9950000047683716
0,80349449,2647,1.0,0.9950000047683716
0,80349449,2648,1.0,1.0
0,80349449,2649,1.0,1.0
0,80349449,2650,1.0,1.0
0,80349449,2651,1.0,0.9950000047683716
0,80349449,2652,1.0,1.0
0,80349449,2653,1.0,1.0
0,80349449,2654,1.0,0.9950000047683716
0,80349449,2655,1.0,1.0
0,80349449,2656,1.0,1.0
0,80349449,2657,1.0,1.0
0,80349449,2658,1.0,0.9950000047683716
0,80349449,2659,1.0,1.0
0,80349449,2660,1.0,1.0
0,80349449,2661,1.0,1.0
0,80349449,2662,1.0,0.9950000047683716
0,80349449,2663,1.0,0.9950000047683716
0,80349449,2664,1.0,1.0
0,80349449,2665,1.0,1.0
0,80349449,2666,1.0,1.0
0,80349449,2667,1.0,1.0
0,80349449,2668,1.0,1.0
0,80349449,2669,1.0,1.0
0,80349449,2670,1.0,1.0
0,80349449,2671,1.0,1.0
0,80349449,2672,1.0,0.9950000047683716
0,80349449,2673,1.0,1.0
0,80349449,2674,1.0,1.0
0,80349449,2675,1.0,1.0
0,80349449,2676,1.0,1.0
0,80349449,2677,1.0,1.0
0,80349449,2678,1.0,1.0
0,80349449,2679,1.0,0.9950000047683716
0,80349449,2680,1.0,1.0
0,80349449,2681,1.0,0.9950000047683716
0,80349449,2682,1.0,0.9950000047683716
0,80349449,2683,1.0,1.0
0,80349449,2684,1.0,1.0
0,80349449,2685,1.0,1.0
0,80349449,2686,1.0,1.0
0,80349449,2687,1.0,0.9950000047683716
0,80349449,2688,1.0,1.0
0,80349449,2689,1.0,1.0
0,80349449,2690,1.0,0.9950000047683716
0,80349449,2691,1.0,1.0
0,80349449,2692,1.0,1.0
0,80349449,2693,1.0,1.0
0,80349449,2694,1.0,1.0
0,80349449,2695,1.0,1.0
0,80349449,2696,1.0,0.9950000047683716
0,80349449,2697,1.0,1.0
0,80349449,2698,1.0,1.0
0,80349449,2699,1.0,1.0
0,80349449,2700,1.0,0.9950000047683716
0,80349449,2701,1.0,1.0
0,80349449,2702,1.0,1.0
0,80349449,2703,1.0,1.0
0,80349449,2704,1.0,1.0
0,80349449,2705,1.0,0.9950000047683716
0,80349449,2706,1.0,1.0
0,80349449,2707,1.0,1.0
0,80349449,2708,1.0,1.0
0,80349449,2709,1.0,1.0
0,80349449,2710,1.0,1.0
0,80349449,2711,1.0,1.0
0,80349449,2712,1.0,1.0
0,80349449,2713,1.0,1.0
0,80349449,2714,1.0,1.0
0,80349449,2715,1.0,1.0
0,80349449,2716,1.0,1.0
0,80349449,2717,1.0,1.0
0,80349449,2718,1.0,1.0
0,80349449,2719,1.0,0.9950000047683716
0,80349449,2720,1.0,0.9950000047683716
0,80349449,2721,1.0,1.0
0,80349449,2722,1.0,1.0
0,80349449,2723,1.0,1.0
0,80349449,2724,1.0,1.0
0,80349449,2725,1.0,1.0
0,80349449,2726,1.0,1.0
0,80349449,2727,1.0,0.9950000047683716
0,80349449,2728,1.0,1.0
0,80349449,2729,1.0,1.0
0,80349449,2730,1.0,1.0
0,80349449,2731,1.0,1.0
0,80349449,2732,1.0,1.0
0,80349449,2733,1.0,1.0
0,80349449,2734,1.0,0.9950000047683716
0,80349449,2735,1.0,1.0
0,80349449,2736,1.0,1.0
0,80349449,2737,1.0,1.0
0,80349449,2738,1.0,1.0
0,80349449,2739,1.0,0.9950000047683716
0,80349449,2740,1.0,1.0
0,80349449,2741,1.0,1.0
0,80349449,2742,1.0,1.0
0,80349449,2743,1.0,1.0
0,80349449,2744,1.0,1.0
0,80349449,2745,1.0,0.9950000047683716
0,80349449,2746,1.0,1.0
0,80349449,2747,1.0,1.0
0,80349449,2748,1.0,1.0
0,80349449,2749,1.0,1.0
0,80349449,2750,1.0,1.0
0,80349449,2751,1.0,1.0
0,80349449,2752,1.0,1.0
0,80349449,2753,1.0,1.0
0,80349449,2754,1.0,1.0
0,80349449,2755,1.0,1.0
0,80349449,2756,1.0,1.0
0,80349449,2757,1.0,1.0
0,80349449,2758,1.0,1.0
0,80349449,2759,1.0,0.9950000047683716
0,80349449,2760,1.0,0.9950000047683716
0,80349449,2761,1.0,0.9950000047683716
0,80349449,2762,1.0,1.0
0,80349449,2763,1.0,1.0
0,80349449,2764,1.0,1.0
0,80349449,2765,1.0,0.9950000047683716
0,80349449,2766,1.0,1.0
0,80349449,2767,1.0,0.9950000047683716
0,80349449,2768,1.0,1.0
0,80349449,2769,1.0,1.0
0,80349449,2770,1.0,1.0
0,80349449,2771,1.0,1.0
0,80349449,2772,1.0,1.0
0,80349449,2773,1.0,1.0
0,80349449,2774,1.0,1.0
0,80349449,2775,1.0,0.9950000047683716
0,80349449,2776,1.0,1.0
0,80349449,2777,1.0,1.0
0,80349449,2778,1.0,1.0
0,80349449,2779,1.0,1.0
0,80349449,2780,1.0,1.0
0,80349449,2781,1.0,1.0
0,80349449,2782,1.0,1.0
0,80349449,2783,1.0,1.0
0,80349449,2784,1.0,1.0
0,80349449,2785,1.0,1.0
0,80349449,2786,1.0,1.0
0,80349449,2787,1.0,1.0
0,80349449,2788,1.0,1.0
0,80349449,2789,1.0,1.0
0,80349449,2790,1.0,1.0
0,80349449,2791,1.0,0.9950000047683716
0,80349449,2792,1.0,1.0
0,80349449,2793,1.0,1.0
0,80349449,2794,1.0,1.0
0,80349449,2795,1.0,1.0
0,80349449,2796,1.0,1.0
0,80349449,2797,1.0,1.0
0,80349449,2798,1.0,1.0
0,80349449,2799,1.0,1.0
0,80349449,2800,1.0,1.0
0,80349449,2801,1.0,1.0
0,80349449,2802,1.0,1.0
0,80349449,2803,1.0,1.0
0,80349449,2804,1.0,1.0
0,80349449,2805,1.0,1.0
0,80349449,2806,1.0,1.0
0,80349449,2807,1.0,1.0
0,80349449,2808,1.0,1.0
0,80349449,2809,1.0,1.0
0,80349449,2810,1.0,1.0
0,80349449,2811,1.0,1.0
0,80349449,2812,1.0,1.0
0,80349449,2813,1.0,1.0
0,80349449,2814,1.0,1.0
0,80349449,2815,1.0,1.0
0,80349449,2816,1.0,1.0
0,80349449,2817,1.0,1.0
0,80349449,2818,1.0,1.0
0,80349449,2819,1.0,1.0
0,80349449,2820,1.0,1.0
0,80349449,2821,1.0,1.0
0,80349449,2822,1.0,1.0
0,80349449,2823,1.0,1.0
0,80349449,2824,1.0,1.0
0,80349449,2825,1.0,1.0
0,80349449,2826,1.0,1.0
0,80349449,2827,1.0,1.0
0,80349449,2828,1.0,1.0
0,80349449,2829,1.0,1.0
0,80349449,2830,1.0,1.0
0,80349449,2831,1.0,1.0
0,80349449,2832,1.0,1.0
0,80349449,2833,1.0,1.0
0,80349449,2834,1.0,1.0
0,80349449,2835,1.0,1.0
0,80349449,2836,1.0,1.0
0,80349449,2837,1.0,1.0
0,80349449,2838,1.0,1.0
0,80349449,2839,1.0,1.0
0,80349449,2840,1.0,1.0
0,80349449,2841,1.0,1.0
0,80349449,2842,1.0,1.0
0,80349449,2843,1.0,1.0
0,80349449,2844,1.0,1.0
0,80349449,2845,1.0,1.0
0,80349449,2846,1.0,1.0
0,80349449,2847,1.0,1.0
0,80349449,2848,1.0,1.0
0,80349449,2849,1.0,1.0
0,80349449,2850,1.0,1.0
0,80349449,2851,1.0,1.0
0,80349449,2852,1.0,1.0
0,80349449,2853,1.0,1.0
0,80349449,2854,1.0,1.0
0,80349449,2855,1.0,0.9950000047683716
0,80349449,2856,1.0,1.0
0,80349449,2857,1.0,1.0
0,80349449,2858,1.0,1.0
0,80349449,2859,1.0,1.0
0,80349449,2860,1.0,1.0
0,80349449,2861,1.0,1.0
0,80349449,2862,1.0,1.0
0,80349449,2863,1.0,1.0
0,80349449,2864,1.0,1.0
0,80349449,2865,1.0,1.0
0,80349449,2866,1.0,1.0
0,80349449,2867,1.0,1.0
0,80349449,2868,1.0,1.0
0,80349449,2869,1.0,1.0
0,80349449,2870,1.0,1.0
0,80349449,2871,1.0,1.0
0,80349449,2872,1.0,1.0
0,80349449,2873,1.0,0.9950000047683716
0,80349449,2874,1.0,1.0
0,80349449,2875,1.0,1.0
0,80349449,2876,1.0,1.0
0,80349449,2877,1.0,1.0
0,80349449,2878,1.0,1.0
0,80349449,2879,1.0,1.0
0,80349449,2880,1.0,1.0
0,80349449,2881,1.0,1.0
0,80349449,2882,1.0,1.0
0,80349449,2883,1.0,1.0
0,80349449,2884,1.0,1.0
0,80349449,2885,1.0,1.0
0,80349449,2886,1.0,1.0
0,80349449,2887,1.0,1.0
0,80349449,2888,1.0,1.0
0,80349449,2889,1.0,1.0
0,80349449,2890,1.0,1.0
0,80349449,2891,1.0,1.0
0,80349449,2892,1.0,1.0
0,80349449,2893,1.0,1.0
0,80349449,2894,1.0,1.0
0,80349449,2895,1.0,1.0
0,80349449,2896,1.0,1.0
0,80349449,2897,1.0,1.0
0,80349449,2898,1.0,1.0
0,80349449,2899,1.0,1.0
0,80349449,2900,1.0,1.0
0,80349449,2901,1.0,1.0
0,80349449,2902,1.0,1.0
0,80349449,2903,1.0,1.0
0,80349449,2904,1.0,1.0
0,80349449,2905,1.0,1.0
0,80349449,2906,1.0,1.0
0,80349449,2907,1.0,1.0
0,80349449,2908,1.0,1.0
0,80349449,2909,1.0,1.0
0,80349449,2910,1.0,1.0
0,80349449,2911,1.0,1.0
0,80349449,2912,1.0,1.0
0,80349449,2913,1.0,1.0
0,80349449,2914,1.0,1.0
0,80349449,2915,1.0,1.0
0,80349449,2916,1.0,1.0
0,80349449,2917,1.0,1.0
0,80349449,2918,1.0,1.0
0,80349449,2919,1.0,1.0
0,80349449,2920,1.0,1.0
0,80349449,2921,1.0,1.0
0,80349449,2922,1.0,1.0
0,80349449,2923,1.0,1.0
0,80349449,2924,1.0,1.0
0,80349449,2925,1.0,1.0
0,80349449,2926,1.0,1.0
0,80349449,2927,1.0,0.9950000047683716
0,80349449,2928,1.0,1.0
0,80349449,2929,1.0,1.0
0,80349449,2930,1.0,1.0
0,80349449,2931,1.0,1.0
0,80349449,2932,1.0,1.0
0,80349449,2933,1.0,1.0
0,80349449,2934,1.0,1.0
0,80349449,2935,1.0,1.0
0,80349449,2936,1.0,1.0
0,80349449,2937,1.0,1.0
0,80349449,2938,1.0,1.0
0,80349449,2939,1.0,1.0
0,80349449,2940,1.0,1.0
0,80349449,2941,1.0,1.0
0,80349449,2942,1.0,1.0
0,80349449,2943,1.0,1.0
0,80349449,2944,1.0,1.0
0,80349449,2945,1.0,1.0
0,80349449,2946,1.0,1.0
0,80349449,2947,1.0,1.0
0,80349449,2948,1.0,1.0
0,80349449,2949,1.0,1.0
0,80349449,2950,1.0,0.9950000047683716
0,80349449,2951,1.0,0.9950000047683716
0,80349449,2952,1.0,1.0
0,80349449,2953,1.0,1.0
0,80349449,2954,1.0,1.0
0,80349449,2955,1.0,1.0
0,80349449,2956,1.0,1.0
0,80349449,2957,1.0,1.0
0,80349449,2958,1.0,1.0
0,80349449,2959,1.0,1.0
0,80349449,2960,1.0,1.0
0,80349449,2961,1.0,1.0
0,80349449,2962,1.0,1.0
0,80349449,2963,1.0,1.0
0,80349449,2964,1.0,1.0
0,80349449,2965,1.0,1.0
0,80349449,2966,1.0,1.0
0,80349449,2967,1.0,1.0
0,80349449,2968,1.0,1.0
0,80349449,2969,1.0,1.0
0,80349449,2970,1.0,1.0
0,80349449,2971,1.0,1.0
0,80349449,2972,1.0,1.0
0,80349449,2973,1.0,1.0
0,80349449,2974,1.0,1.0
0,80349449,2975,1.0,1.0
0,80349449,2976,1.0,1.0
0,80349449,2977,1.0,1.0
0,80349449,2978,1.0,1.0
0,80349449,2979,1.0,1.0
0,80349449,2980,1.0,1.0
0,80349449,2981,1.0,1.0
0,80349449,2982,1.0,1.0
0,80349449,2983,1.0,1.0
0,80349449,2984,1.0,1.0
0,80349449,2985,1.0,1.0
0,80349449,2986,1.0,1.0
0,80349449,2987,1.0,1.0
0,80349449,2988,1.0,1.0
0,80349449,2989,1.0,1.0
0,80349449,2990,1.0,1.0
0,80349449,2991,1.0,1.0
0,80349449,2992,1.0,1.0
0,80349449,2993,1.0,1.0
0,80349449,2994,1.0,1.0
0,80349449,2995,1.0,1.0
0,80349449,2996,1.0,1.0
0,80349449,2997,1.0,1.0
0,80349449,2998,1.0,1.0
0,80349449,2999,1.0,1.0
0,80349449,3000,1.0,1.0
0,80349449,3001,1.0,1.0
0,80349449,3002,1.0,1.0
0,80349449,3003,1.0,1.0
0,80349449,3004,1.0,1.0
0,80349449,3005,1.0,1.0
0,80349449,3006,1.0,1.0
0,80349449,3007,1.0,1.0
0,80349449,3008,1.0,1.0
0,80349449,3009,1.0,1.0
0,80349449,3010,1.0,1.0
0,80349449,3011,1.0,1.0
0,80349449,3012,1.0,1.0
0,80349449,3013,1.0,1.0
0,80349449,3014,1.0,1.0
0,80349449,3015,1.0,0.9950000047683716
0,80349449,3016,1.0,1.0
0,80349449,3017,1.0,1.0
0,80349449,3018,1.0,1.0
0,80349449,3019,1.0,1.0
0,80349449,3020,1.0,1.0
0,80349449,3021,1.0,1.0
0,80349449,3022,1.0,1.0
0,80349449,3023,1.0,1.0
0,80349449,3024,1.0,1.0
0,80349449,3025,1.0,1.0
0,80349449,3026,1.0,1.0
0,80349449,3027,1.0,0.9950000047683716
0,80349449,3028,1.0,0.9950000047683716
0,80349449,3029,1.0,0.9950000047683716
0,80349449,3030,1.0,1.0
0,80349449,3031,1.0,1.0
0,80349449,3032,1.0,1.0
0,80349449,3033,1.0,1.0
0,80349449,3034,1.0,1.0
0,80349449,3035,1.0,1.0
0,80349449,3036,1.0,1.0
0,80349449,3037,1.0,1.0
0,80349449,3038,1.0,1.0
0,80349449,3039,1.0,1.0
0,80349449,3040,1.0,1.0
0,80349449,3041,1.0,1.0
0,80349449,3042,1.0,1.0
0,80349449,3043,1.0,1.0
0,80349449,3044,1.0,1.0
0,80349449,3045,1.0,0.9950000047683716
0,80349449,3046,1.0,0.9950000047683716
0,80349449,3047,1.0,1.0
0,80349449,3048,1.0,1.0
0,80349449,3049,1.0,1.0
0,80349449,3050,1.0,1.0
0,80349449,3051,1.0,1.0
0,80349449,3052,1.0,1.0
0,80349449,3053,1.0,1.0
0,80349449,3054,1.0,1.0
0,80349449,3055,1.0,1.0
0,80349449,3056,1.0,1.0
0,80349449,3057,1.0,1.0
0,80349449,3058,1.0,1.0
0,80349449,3059,1.0,1.0
0,80349449,3060,1.0,1.0
0,80349449,3061,1.0,1.0
0,80349449,3062,1.0,1.0
0,80349449,3063,1.0,1.0
0,80349449,3064,1.0,1.0
0,80349449,3065,1.0,1.0
0,80349449,3066,1.0,1.0
0,80349449,3067,1.0,1.0
0,80349449,3068,1.0,1.0
0,80349449,3069,1.0,0.9950000047683716
0,80349449,3070,1.0,0.9950000047683716
0,80349449,3071,1.0,1.0
0,80349449,3072,1.0,1.0
0,80349449,3073,1.0,1.0
0,80349449,3074,1.0,1.0
0,80349449,3075,1.0,1.0
0,80349449,3076,1.0,1.0
0,80349449,3077,1.0,1.0
0,80349449,3078,1.0,1.0
0,80349449,3079,1.0,1.0
0,80349449,3080,1.0,1.0
0,80349449,3081,1.0,1.0
0,80349449,3082,1.0,1.0
0,80349449,3083,1.0,1.0
0,80349449,3084,1.0,0.9950000047683716
0,80349449,3085,1.0,1.0
0,80349449,3086,1.0,1.0
0,80349449,3087,1.0,1.0
0,80349449,3088,1.0,1.0
0,80349449,3089,1.0,0.9950000047683716
0,80349449,3090,1.0,1.0
0,80349449,3091,1.0,1.0
0,80349449,3092,1.0,1.0
0,80349449,3093,1.0,1.0
0,80349449,3094,1.0,1.0
0,80349449,3095,1.0,1.0
0,80349449,3096,1.0,1.0
0,80349449,3097,1.0,1.0
0,80349449,3098,1.0,0.9950000047683716
0,80349449,3099,1.0,0.9950000047683716
0,80349449,3100,1.0,1.0
0,80349449,3101,1.0,1.0
0,80349449,3102,1.0,1.0
0,80349449,3103,1.0,1.0
0,80349449,3104,1.0,1.0
0,80349449,3105,1.0,1.0
0,80349449,3106,1.0,1.0
0,80349449,3107,1.0,1.0
0,80349449,3108,1.0,1.0
0,80349449,3109,1.0,1.0
0,80349449,3110,1.0,1.0
0,80349449,3111,1.0,1.0
0,80349449,3112,1.0,1.0
0,80349449,3113,1.0,1.0
0,80349449,3114,1.0,1.0
0,80349449,3115,1.0,1.0
0,80349449,3116,1.0,0.9950000047683716
0,80349449,3117,1.0,0.9950000047683716
0,80349449,3118,1.0,1.0
0,80349449,3119,1.0,0.9950000047683716
0,80349449,3120,1.0,1.0
0,80349449,3121,1.0,1.0
0,80349449,3122,1.0,1.0
0,80349449,3123,1.0,1.0
0,80349449,3124,1.0,1.0
0,80349449,3125,1.0,1.0
0,80349449,3126,1.0,1.0
0,80349449,3127,1.0,1.0
0,80349449,3128,1.0,1.0
0,80349449,3129,1.0,1.0
0,80349449,3130,1.0,1.0
0,80349449,3131,1.0,1.0
0,80349449,3132,1.0,1.0
0,80349449,3133,1.0,1.0
0,80349449,3134,1.0,1.0
0,80349449,3135,1.0,0.9950000047683716
0,80349449,3136,1.0,0.9950000047683716
0,80349449,3137,1.0,1.0
0,80349449,3138,1.0,1.0
0,80349449,3139,1.0,1.0
0,80349449,3140,1.0,1.0
0,80349449,3141,1.0,1.0
0,80349449,3142,1.0,1.0
0,80349449,3143,1.0,1.0
0,80349449,3144,1.0,1.0
0,80349449,3145,1.0,1.0
0,80349449,3146,1.0,0.9950000047683716
0,80349449,3147,1.0,1.0
0,80349449,3148,1.0,1.0
0,80349449,3149,1.0,1.0
0,80349449,3150,1.0,1.0
0,80349449,3151,1.0,0.9950000047683716
0,80349449,3152,1.0,0.9950000047683716
0,80349449,3153,1.0,0.9950000047683716
0,80349449,3154,1.0,1.0
0,80349449,3155,1.0,0.9950000047683716
0,80349449,3156,1.0,0.9950000047683716
0,80349449,3157,1.0,0.9950000047683716
0,80349449,3158,1.0,1.0
0,80349449,3159,1.0,1.0
0,80349449,3160,1.0,0.9950000047683716
0,80349449,3161,1.0,0.9950000047683716
0,80349449,3162,1.0,0.9950000047683716
0,80349449,3163,1.0,0.9950000047683716
0,80349449,3164,1.0,1.0
0,80349449,3165,1.0,1.0
0,80349449,3166,1.0,1.0
0,80349449,3167,1.0,1.0
0,80349449,3168,1.0,1.0
0,80349449,3169,1.0,1.0
0,80349449,3170,1.0,1.0
0,80349449,3171,1.0,1.0
0,80349449,3172,1.0,1.0
0,80349449,3173,1.0,1.0
0,80349449,3174,1.0,1.0
0,80349449,3175,1.0,1.0
0,80349449,3176,1.0,0.9950000047683716
0,80349449,3177,1.0,0.9950000047683716
0,80349449,3178,1.0,0.9950000047683716
0,80349449,3179,1.0,1.0
0,80349449,3180,1.0,1.0
0,80349449,3181,1.0,1.0
0,80349449,3182,1.0,1.0
0,80349449,3183,1.0,1.0
0,80349449,3184,1.0,0.9950000047683716
0,80349449,3185,1.0,0.9950000047683716
0,80349449,3186,1.0,1.0
0,80349449,3187,1.0,1.0
0,80349449,3188,1.0,1.0
0,80349449,3189,1.0,1.0
0,80349449,3190,1.0,1.0
0,80349449,3191,1.0,1.0
0,80349449,3192,1.0,0.9950000047683716
0,80349449,3193,1.0,1.0
0,80349449,3194,1.0,1.0
0,80349449,3195,1.0,1.0
0,80349449,3196,1.0,1.0
0,80349449,3197,1.0,1.0
0,80349449,3198,1.0,0.9950000047683716
0,80349449,3199,1.0,1.0
0,80349449,3200,1.0,0.9950000047683716
0,80349449,3201,1.0,0.9950000047683716
0,80349449,3202,1.0,1.0
0,80349449,3203,1.0,1.0
0,80349449,3204,1.0,1.0
0,80349449,3205,1.0,1.0
0,80349449,3206,1.0,1.0
0,80349449,3207,1.0,1.0
0,80349449,3208,1.0,1.0
0,80349449,3209,1.0,1.0
0,80349449,3210,1.0,0.9950000047683716
0,80349449,3211,1.0,1.0
0,80349449,3212,1.0,1.0
0,80349449,3213,1.0,0.9950000047683716
0,80349449,3214,1.0,0.9950000047683716
0,80349449,3215,1.0,0.9950000047683716
0,80349449,3216,1.0,1.0
0,80349449,3217,1.0,1.0
0,80349449,3218,1.0,1.0
0,80349449,3219,1.0,0.9950000047683716
0,80349449,3220,1.0,0.9950000047683716
0,80349449,3221,1.0,0.9950000047683716
0,80349449,3222,1.0,1.0
0,80349449,3223,1.0,1.0
0,80349449,3224,1.0,1.0
0,80349449,3225,1.0,0.9950000047683716
0,80349449,3226,1.0,1.0
0,80349449,3227,1.0,1.0
0,80349449,3228,1.0,1.0
0,80349449,3229,1.0,1.0
0,80349449,3230,1.0,1.0
0,80349449,3231,1.0,1.0
0,80349449,3232,1.0,1.0
0,80349449,3233,1.0,1.0
0,80349449,3234,1.0,1.0
0,80349449,3235,1.0,1.0
0,80349449,3236,1.0,1.0
0,80349449,3237,1.0,0.9950000047683716
0,80349449,3238,1.0,1.0
0,80349449,3239,1.0,1.0
0,80349449,3240,1.0,0.9950000047683716
0,80349449,3241,1.0,0.9950000047683716
0,80349449,3242,1.0,0.9950000047683716
0,80349449,3243,1.0,0.9950000047683716
0,80349449,3244,1.0,0.9950000047683716
0,80349449,3245,1.0,1.0
0,80349449,3246,1.0,1.0
0,80349449,3247,1.0,1.0
0,80349449,3248,1.0,1.0
0,80349449,3249,1.0,1.0
0,80349449,3250,1.0,0.9950000047683716
0,80349449,3251,1.0,1.0
0,80349449,3252,1.0,1.0
0,80349449,3253,1.0,1.0
0,80349449,3254,1.0,1.0
0,80349449,3255,1.0,1.0
0,80349449,3256,1.0,1.0
0,80349449,3257,1.0,1.0
0,80349449,3258,1.0,1.0
0,80349449,3259,1.0,1.0
0,80349449,3260,1.0,0.9950000047683716
0,80349449,3261,1.0,0.9950000047683716
0,80349449,3262,1.0,0.9950000047683716
0,80349449,3263,1.0,1.0
0,80349449,3264,1.0,1.0
0,80349449,3265,1.0,1.0
0,80349449,3266,1.0,1.0
0,80349449,3267,1.0,1.0
0,80349449,3268,1.0,0.9950000047683716
0,80349449,3269,1.0,0.9950000047683716
0,80349449,3270,1.0,0.9950000047683716
0,80349449,3271,1.0,1.0
0,80349449,3272,1.0,1.0
0,80349449,3273,1.0,0.9950000047683716
0,80349449,3274,1.0,0.9950000047683716
0,80349449,3275,1.0,0.9950000047683716
0,80349449,3276,1.0,0.9950000047683716
0,80349449,3277,1.0,1.0
0,80349449,3278,1.0,0.9950000047683716
0,80349449,3279,1.0,1.0
0,80349449,3280,1.0,0.9950000047683716
0,80349449,3281,1.0,1.0
0,80349449,3282,1.0,1.0
0,80349449,3283,1.0,0.9950000047683716
0,80349449,3284,1.0,1.0
0,80349449,3285,1.0,1.0
0,80349449,3286,1.0,1.0
0,80349449,3287,1.0,1.0
0,80349449,3288,1.0,0.9950000047683716
0,80349449,3289,1.0,1.0
0,80349449,3290,1.0,1.0
0,80349449,3291,1.0,1.0
0,80349449,3292,1.0,1.0
0,80349449,3293,1.0,1.0
0,80349449,3294,1.0,0.9950000047683716
0,80349449,3295,1.0,1.0
0,80349449,3296,1.0,0.9950000047683716
0,80349449,3297,1.0,0.9950000047683716
0,80349449,3298,1.0,0.9950000047683716
0,80349449,3299,1.0,0.9950000047683716
0,80349449,3300,1.0,0.9950000047683716
0,80349449,3301,1.0,1.0
0,80349449,3302,1.0,1.0
0,80349449,3303,1.0,1.0
0,80349449,3304,1.0,0.9950000047683716
0,80349449,3305,1.0,0.9950000047683716
0,80349449,3306,1.0,1.0
0,80349449,3307,1.0,1.0
0,80349449,3308,1.0,1.0
0,80349449,3309,1.0,1.0
0,80349449,3310,1.0,0.9950000047683716
0,80349449,3311,1.0,0.9950000047683716
0,80349449,3312,1.0,0.9950000047683716
0,80349449,3313,1.0,0.9950000047683716
0,80349449,3314,1.0,1.0
0,80349449,3315,1.0,1.0
0,80349449,3316,1.0,1.0
0,80349449,3317,1.0,1.0
0,80349449,3318,1.0,1.0
0,80349449,3319,1.0,1.0
0,80349449,3320,1.0,0.9950000047683716
0,80349449,3321,1.0,0.9950000047683716
0,80349449,3322,1.0,0.9950000047683716
0,80349449,3323,1.0,1.0
0,80349449,3324,1.0,1.0
0,80349449,3325,1.0,1.0
0,80349449,3326,1.0,1.0
0,80349449,3327,1.0,1.0
0,80349449,3328,1.0,1.0
0,80349449,3329,1.0,0.9950000047683716
0,80349449,3330,1.0,1.0
0,80349449,3331,1.0,1.0
0,80349449,3332,1.0,0.9950000047683716
0,80349449,3333,1.0,1.0
0,80349449,3334,1.0,1.0
0,80349449,3335,1.0,0.9950000047683716
0,80349449,3336,1.0,1.0
0,80349449,3337,1.0,1.0
0,80349449,3338,1.0,1.0
0,80349449,3339,1.0,0.9950000047683716
0,80349449,3340,1.0,0.9950000047683716
0,80349449,3341,1.0,1.0
0,80349449,3342,1.0,1.0
0,80349449,3343,1.0,1.0
0,80349449,3344,1.0,0.9950000047683716
0,80349449,3345,1.0,1.0
0,80349449,3346,1.0,1.0
0,80349449,3347,1.0,1.0
0,80349449,3348,1.0,1.0
0,80349449,3349,1.0,1.0
0,80349449,3350,1.0,1.0
0,80349449,3351,1.0,1.0
0,80349449,3352,1.0,1.0
0,80349449,3353,1.0,1.0
0,80349449,3354,1.0,1.0
0,80349449,3355,1.0,1.0
0,80349449,3356,1.0,0.9950000047683716
0,80349449,3357,1.0,0.9950000047683716
0,80349449,3358,1.0,0.9950000047683716
0,80349449,3359,1.0,0.9950000047683716
0,80349449,3360,1.0,0.9950000047683716
0,80349449,3361,1.0,0.9950000047683716
0,80349449,3362,1.0,1.0
0,80349449,3363,1.0,1.0
0,80349449,3364,1.0,1.0
0,80349449,3365,1.0,1.0
0,80349449,3366,1.0,1.0
0,80349449,3367,1.0,1.0
0,80349449,3368,1.0,0.9950000047683716
0,80349449,3369,1.0,1.0
0,80349449,3370,1.0,1.0
0,80349449,3371,1.0,1.0
0,80349449,3372,1.0,0.9950000047683716
0,80349449,3373,1.0,1.0
0,80349449,3374,1.0,1.0
0,80349449,3375,1.0,1.0
0,80349449,3376,1.0,1.0
0,80349449,3377,1.0,1.0
0,80349449,3378,1.0,0.9950000047683716
0,80349449,3379,1.0,0.9950000047683716
0,80349449,3380,1.0,0.9950000047683716
0,80349449,3381,1.0,0.9950000047683716
0,80349449,3382,1.0,1.0
0,80349449,3383,1.0,1.0
0,80349449,3384,1.0,0.9950000047683716
0,80349449,3385,1.0,1.0
0,80349449,3386,1.0,1.0
0,80349449,3387,1.0,1.0
0,80349449,3388,1.0,0.9950000047683716
0,80349449,3389,1.0,1.0
0,80349449,3390,1.0,1.0
0,80349449,3391,1.0,1.0
0,80349449,3392,1.0,1.0
0,80349449,3393,1.0,1.0
0,80349449,3394,1.0,1.0
0,80349449,3395,1.0,0.9950000047683716
0,80349449,3396,1.0,0.9950000047683716
0,80349449,3397,1.0,0.9950000047683716
0,80349449,3398,1.0,1.0
0,80349449,3399,1.0,0.9950000047683716
0,80349449,3400,1.0,0.9950000047683716
0,80349449,3401,1.0,0.9950000047683716
0,80349449,3402,1.0,0.9950000047683716
0,80349449,3403,1.0,0.9950000047683716
0,80349449,3404,1.0,0.9950000047683716
0,80349449,3405,1.0,1.0
0,80349449,3406,1.0,1.0
0,80349449,3407,1.0,1.0
0,80349449,3408,1.0,0.9950000047683716
0,80349449,3409,1.0,0.9950000047683716
0,80349449,3410,1.0,1.0
0,80349449,3411,1.0,1.0
0,80349449,3412,1.0,1.0
0,80349449,3413,1.0,1.0
0,80349449,3414,1.0,0.9950000047683716
0,80349449,3415,1.0,0.9950000047683716
0,80349449,3416,1.0,1.0
0,80349449,3417,1.0,1.0
0,80349449,3418,1.0,0.9950000047683716
0,80349449,3419,1.0,0.9950000047683716
0,80349449,3420,1.0,0.9950000047683716
0,80349449,3421,1.0,0.9950000047683716
0,80349449,3422,1.0,0.9950000047683716
0,80349449,3423,1.0,0.9950000047683716
0,80349449,3424,1.0,1.0
0,80349449,3425,1.0,1.0
0,80349449,3426,1.0,1.0
0,80349449,3427,1.0,1.0
0,80349449,3428,1.0,1.0
0,80349449,3429,1.0,1.0
0,80349449,3430,1.0,0.9950000047683716
0,80349449,3431,1.0,1.0
0,80349449,3432,1.0,1.0
0,80349449,3433,1.0,1.0
0,80349449,3434,1.0,1.0
0,80349449,3435,1.0,1.0
0,80349449,3436,1.0,1.0
0,80349449,3437,1.0,1.0
0,80349449,3438,1.0,0.9950000047683716
0,80349449,3439,1.0,0.9950000047683716
0,80349449,3440,1.0,0.9950000047683716
0,80349449,3441,1.0,0.9950000047683716
0,80349449,3442,1.0,0.9950000047683716
0,80349449,3443,1.0,0.9950000047683716
0,80349449,3444,1.0,0.9950000047683716
0,80349449,3445,1.0,1.0
0,80349449,3446,1.0,1.0
0,80349449,3447,1.0,0.9950000047683716
0,80349449,3448,1.0,0.9950000047683716
0,80349449,3449,1.0,1.0
0,80349449,3450,1.0,1.0
0,80349449,3451,1.0,1.0
0,80349449,3452,1.0,1.0
0,80349449,3453,1.0,1.0
0,80349449,3454,1.0,1.0
0,80349449,3455,1.0,0.9950000047683716
0,80349449,3456,1.0,0.9950000047683716
0,80349449,3457,1.0,0.9950000047683716
0,80349449,3458,1.0,1.0
0,80349449,3459,1.0,1.0
0,80349449,3460,1.0,1.0
0,80349449,3461,1.0,1.0
0,80349449,3462,1.0,1.0
0,80349449,3463,1.0,1.0
0,80349449,3464,1.0,0.9950000047683716
0,80349449,3465,1.0,0.9950000047683716
0,80349449,3466,1.0,0.9950000047683716
0,80349449,3467,1.0,1.0
0,80349449,3468,1.0,1.0
0,80349449,3469,1.0,0.9950000047683716
0,80349449,3470,1.0,1.0
0,80349449,3471,1.0,1.0
0,80349449,3472,1.0,0.9950000047683716
0,80349449,3473,1.0,0.9950000047683716
0,80349449,3474,1.0,1.0
0,80349449,3475,1.0,1.0
0,80349449,3476,1.0,1.0
0,80349449,3477,1.0,1.0
0,80349449,3478,1.0,1.0
0,80349449,3479,1.0,1.0
0,80349449,3480,1.0,1.0
0,80349449,3481,1.0,0.9950000047683716
0,80349449,3482,1.0,1.0
0,80349449,3483,1.0,0.9950000047683716
0,80349449,3484,1.0,0.9950000047683716
0,80349449,3485,1.0,0.9950000047683716
0,80349449,3486,1.0,1.0
0,80349449,3487,1.0,1.0
0,80349449,3488,1.0,1.0
0,80349449,3489,1.0,0.9950000047683716
0,80349449,3490,1.0,0.9950000047683716
0,80349449,3491,1.0,1.0
0,80349449,3492,1.0,0.9950000047683716
0,80349449,3493,1.0,1.0
0,80349449,3494,1.0,1.0
0,80349449,3495,1.0,0.9950000047683716
0,80349449,3496,1.0,1.0
0,80349449,3497,1.0,1.0
0,80349449,3498,1.0,1.0
0,80349449,3499,1.0,1.0
0,80349449,3500,1.0,0.9950000047683716
0,80349449,3501,1.0,0.9950000047683716
0,80349449,3502,1.0,0.9950000047683716
0,80349449,3503,1.0,0.9950000047683716
0,80349449,3504,1.0,1.0
0,80349449,3505,1.0,1.0
0,80349449,3506,1.0,1.0
0,80349449,3507,1.0,1.0
0,80349449,3508,1.0,1.0
0,80349449,3509,1.0,1.0
0,80349449,3510,1.0,1.0
0,80349449,3511,1.0,1.0
0,80349449,3512,1.0,1.0
0,80349449,3513,1.0,1.0
0,80349449,3514,1.0,1.0
0,80349449,3515,1.0,1.0
0,80349449,3516,1.0,1.0
0,80349449,3517,1.0,1.0
0,80349449,3518,1.0,1.0
0,80349449,3519,1.0,0.9950000047683716
0,80349449,3520,1.0,0.9950000047683716
0,80349449,3521,1.0,1.0
0,80349449,3522,1.0,1.0
0,80349449,3523,1.0,1.0
0,80349449,3524,1.0,1.0
0,80349449,3525,1.0,1.0
0,80349449,3526,1.0,1.0
0,80349449,3527,1.0,1.0
0,80349449,3528,1.0,0.9950000047683716
0,80349449,3529,1.0,0.9950000047683716
0,80349449,3530,1.0,0.9950000047683716
0,80349449,3531,1.0,0.9950000047683716
0,80349449,3532,1.0,0.9950000047683716
0,80349449,3533,1.0,1.0
0,80349449,3534,1.0,0.9950000047683716
0,80349449,3535,1.0,1.0
0,80349449,3536,1.0,1.0
0,80349449,3537,1.0,1.0
0,80349449,3538,1.0,1.0
0,80349449,3539,1.0,1.0
0,80349449,3540,1.0,1.0
0,80349449,3541,1.0,1.0
0,80349449,3542,1.0,1.0
0,80349449,3543,1.0,1.0
0,80349449,3544,1.0,1.0
0,80349449,3545,1.0,1.0
0,80349449,3546,1.0,1.0
0,80349449,3547,1.0,1.0
0,80349449,3548,1.0,1.0
0,80349449,3549,1.0,0.9950000047683716
0,80349449,3550,1.0,0.9950000047683716
0,80349449,3551,1.0,1.0
0,80349449,3552,1.0,1.0
0,80349449,3553,1.0,1.0
0,80349449,3554,1.0,1.0
0,80349449,3555,1.0,1.0
0,80349449,3556,1.0,1.0
0,80349449,3557,1.0,1.0
0,80349449,3558,1.0,1.0
0,80349449,3559,1.0,1.0
0,80349449,3560,1.0,1.0
0,80349449,3561,1.0,1.0
0,80349449,3562,1.0,1.0
0,80349449,3563,1.0,1.0
0,80349449,3564,1.0,0.9950000047683716
0,80349449,3565,1.0,1.0
0,80349449,3566,1.0,1.0
0,80349449,3567,1.0,1.0
0,80349449,3568,1.0,1.0
0,80349449,3569,1.0,1.0
0,80349449,3570,1.0,1.0
0,80349449,3571,1.0,1.0
0,80349449,3572,1.0,1.0
0,80349449,3573,1.0,1.0
0,80349449,3574,1.0,1.0
0,80349449,3575,1.0,1.0
0,80349449,3576,1.0,1.0
0,80349449,3577,1.0,1.0
0,80349449,3578,1.0,1.0
0,80349449,3579,1.0,0.9950000047683716
0,80349449,3580,1.0,1.0
0,80349449,3581,1.0,1.0
0,80349449,3582,1.0,1.0
0,80349449,3583,1.0,1.0
0,80349449,3584,1.0,1.0
0,80349449,3585,1.0,1.0
0,80349449,3586,1.0,1.0
0,80349449,3587,1.0,1.0
0,80349449,3588,1.0,1.0
0,80349449,3589,1.0,1.0
0,80349449,3590,1.0,1.0
0,80349449,3591,1.0,1.0
0,80349449,3592,1.0,1.0
0,80349449,3593,1.0,1.0
0,80349449,3594,1.0,1.0
0,80349449,3595,1.0,1.0
0,80349449,3596,1.0,1.0
0,80349449,3597,1.0,1.0
0,80349449,3598,1.0,1.0
0,80349449,3599,1.0,1.0
0,80349449,3600,1.0,1.0
0,80349449,3601,1.0,1.0
0,80349449,3602,1.0,1.0
0,80349449,3603,1.0,1.0
0,80349449,3604,1.0,1.0
0,80349449,3605,1.0,1.0
0,80349449,3606,1.0,1.0
0,80349449,3607,1.0,1.0
0,80349449,3608,1.0,1.0
0,80349449,3609,1.0,1.0
0,80349449,3610,1.0,1.0
0,80349449,3611,1.0,1.0
0,80349449,3612,1.0,1.0
0,80349449,3613,1.0,1.0
0,80349449,3614,1.0,1.0
0,80349449,3615,1.0,1.0
0,80349449,3616,1.0,1.0
0,80349449,3617,1.0,1.0
0,80349449,3618,1.0,1.0
0,80349449,3619,1.0,1.0
0,80349449,3620,1.0,1.0
0,80349449,3621,1.0,1.0
0,80349449,3622,1.0,1.0
0,80349449,3623,1.0,1.0
0,80349449,3624,1.0,1.0
0,80349449,3625,1.0,1.0
0,80349449,3626,1.0,1.0
0,80349449,3627,1.0,1.0
0,80349449,3628,1.0,1.0
0,80349449,3629,1.0,1.0
0,80349449,3630,1.0,1.0
0,80349449,3631,1.0,1.0
0,80349449,3632,1.0,1.0
0,80349449,3633,1.0,1.0
0,80349449,3634,1.0,1.0
0,80349449,3635,1.0,1.0
0,80349449,3636,1.0,1.0
0,80349449,3637,1.0,1.0
0,80349449,3638,1.0,1.0
0,80349449,3639,1.0,1.0
0,80349449,3640,1.0,1.0
0,80349449,3641,1.0,1.0
0,80349449,3642,1.0,1.0
0,80349449,3643,1.0,1.0
0,80349449,3644,1.0,1.0
0,80349449,3645,1.0,1.0
0,80349449,3646,1.0,1.0
0,80349449,3647,1.0,1.0
0,80349449,3648,1.0,1.0
0,80349449,3649,1.0,1.0
0,80349449,3650,1.0,1.0
0,80349449,3651,1.0,0.9950000047683716
0,80349449,3652,1.0,1.0
0,80349449,3653,1.0,1.0
0,80349449,3654,1.0,1.0
0,80349449,3655,1.0,1.0
0,80349449,3656,1.0,1.0
0,80349449,3657,1.0,1.0
0,80349449,3658,1.0,1.0
0,80349449,3659,1.0,1.0
0,80349449,3660,1.0,1.0
0,80349449,3661,1.0,1.0
0,80349449,3662,1.0,1.0
0,80349449,3663,1.0,1.0
0,80349449,3664,1.0,1.0
0,80349449,3665,1.0,1.0
0,80349449,3666,1.0,1.0
0,80349449,3667,1.0,1.0
0,80349449,3668,1.0,1.0
0,80349449,3669,1.0,1.0
0,80349449,3670,1.0,1.0
0,80349449,3671,1.0,1.0
0,80349449,3672,1.0,1.0
0,80349449,3673,1.0,1.0
0,80349449,3674,1.0,1.0
0,80349449,3675,1.0,1.0
0,80349449,3676,1.0,1.0
0,80349449,3677,1.0,1.0
0,80349449,3678,1.0,1.0
0,80349449,3679,1.0,1.0
0,80349449,3680,1.0,1.0
0,80349449,3681,1.0,1.0
0,80349449,3682,1.0,1.0
0,80349449,3683,1.0,1.0
0,80349449,3684,1.0,1.0
0,80349449,3685,1.0,1.0
0,80349449,3686,1.0,1.0
0,80349449,3687,1.0,1.0
0,80349449,3688,1.0,1.0
0,80349449,3689,1.0,1.0
0,80349449,3690,1.0,1.0
0,80349449,3691,1.0,1.0
0,80349449,3692,1.0,1.0
0,80349449,3693,1.0,1.0
0,80349449,3694,1.0,1.0
0,80349449,3695,1.0,1.0
0,80349449,3696,1.0,1.0
0,80349449,3697,1.0,1.0
0,80349449,3698,1.0,1.0
0,80349449,3699,1.0,1.0
0,80349449,3700,1.0,1.0
0,80349449,3701,1.0,1.0
0,80349449,3702,1.0,1.0
0,80349449,3703,1.0,1.0
0,80349449,3704,1.0,1.0
0,80349449,3705,1.0,1.0
0,80349449,3706,1.0,1.0
0,80349449,3707,1.0,1.0
0,80349449,3708,1.0,1.0
0,80349449,3709,1.0,1.0
0,80349449,3710,1.0,1.0
0,80349449,3711,1.0,1.0
0,80349449,3712,1.0,1.0
0,80349449,3713,1.0,1.0
0,80349449,3714,1.0,1.0
0,80349449,3715,1.0,1.0
0,80349449,3716,1.0,1.0
0,80349449,3717,1.0,1.0
0,80349449,3718,1.0,1.0
0,80349449,3719,1.0,1.0
0,80349449,3720,1.0,1.0
0,80349449,3721,1.0,1.0
0,80349449,3722,1.0,1.0
0,80349449,3723,1.0,1.0
0,80349449,3724,1.0,1.0
0,80349449,3725,1.0,1.0
0,80349449,3726,1.0,1.0
0,80349449,3727,1.0,1.0
0,80349449,3728,1.0,1.0
0,80349449,3729,1.0,1.0
0,80349449,3730,1.0,1.0
0,80349449,3731,1.0,1.0
0,80349449,3732,1.0,1.0
0,80349449,3733,1.0,1.0
0,80349449,3734,1.0,1.0
0,80349449,3735,1.0,1.0
0,80349449,3736,1.0,1.0
0,80349449,3737,1.0,1.0
0,80349449,3738,1.0,1.0
0,80349449,3739,1.0,1.0
0,80349449,3740,1.0,1.0
0,80349449,3741,1.0,1.0
0,80349449,3742,1.0,1.0
0,80349449,3743,1.0,1.0
0,80349449,3744,1.0,1.0
0,80349449,3745,1.0,1.0
0,80349449,3746,1.0,1.0
0,80349449,3747,1.0,1.0
0,80349449,3748,1.0,1.0
0,80349449,3749,1.0,1.0
0,80349449,3750,1.0,1.0
0,80349449,3751,1.0,0.9950000047683716
0,80349449,3752,1.0,0.9950000047683716
0,80349449,3753,1.0,0.9950000047683716
0,80349449,3754,1.0,1.0
0,80349449,3755,1.0,1.0
0,80349449,3756,1.0,1.0
0,80349449,3757,1.0,1.0
0,80349449,3758,1.0,1.0
0,80349449,3759,1.0,1.0
0,80349449,3760,1.0,1.0
0,80349449,3761,1.0,1.0
0,80349449,3762,1.0,1.0
0,80349449,3763,1.0,1.0
0,80349449,3764,1.0,1.0
0,80349449,3765,1.0,1.0
0,80349449,3766,1.0,1.0
0,80349449,3767,1.0,1.0
0,80349449,3768,1.0,1.0
0,80349449,3769,1.0,1.0
0,80349449,3770,1.0,1.0
0,80349449,3771,1.0,1.0
0,80349449,3772,1.0,1.0
0,80349449,3773,1.0,1.0
0,80349449,3774,1.0,1.0
0,80349449,3775,1.0,1.0
0,80349449,3776,1.0,1.0
0,80349449,3777,1.0,1.0
0,80349449,3778,1.0,1.0
0,80349449,3779,1.0,1.0
0,80349449,3780,1.0,1.0
0,80349449,3781,1.0,1.0
0,80349449,3782,1.0,1.0
0,80349449,3783,1.0,1.0
0,80349449,3784,1.0,0.9950000047683716
0,80349449,3785,1.0,1.0
0,80349449,3786,1.0,1.0
0,80349449,3787,1.0,1.0
0,80349449,3788,1.0,1.0
0,80349449,3789,1.0,1.0
0,80349449,3790,1.0,1.0
0,80349449,3791,1.0,1.0
0,80349449,3792,1.0,1.0
0,80349449,3793,1.0,1.0
0,80349449,3794,1.0,1.0
0,80349449,3795,1.0,1.0
0,80349449,3796,1.0,1.0
0,80349449,3797,1.0,1.0
0,80349449,3798,1.0,1.0
0,80349449,3799,1.0,1.0
0,80349449,3800,1.0,1.0
0,80349449,3801,1.0,1.0
0,80349449,3802,1.0,1.0
0,80349449,3803,1.0,1.0
0,80349449,3804,1.0,1.0
0,80349449,3805,1.0,1.0
0,80349449,3806,1.0,1.0
0,80349449,3807,1.0,1.0
0,80349449,3808,1.0,0.9950000047683716
0,80349449,3809,1.0,1.0
0,80349449,3810,1.0,1.0
0,80349449,3811,1.0,1.0
0,80349449,3812,1.0,1.0
0,80349449,3813,1.0,1.0
0,80349449,3814,1.0,1.0
0,80349449,3815,1.0,1.0
0,80349449,3816,1.0,1.0
0,80349449,3817,1.0,1.0
0,80349449,3818,1.0,1.0
0,80349449,3819,1.0,1.0
0,80349449,3820,1.0,1.0
0,80349449,3821,1.0,1.0
0,80349449,3822,1.0,1.0
0,80349449,3823,1.0,1.0
0,80349449,3824,1.0,1.0
0,80349449,3825,1.0,1.0
0,80349449,3826,1.0,1.0
0,80349449,3827,1.0,1.0
0,80349449,3828,1.0,1.0
0,80349449,3829,1.0,1.0
0,80349449,3830,1.0,1.0
0,80349449,3831,1.0,1.0
0,80349449,3832,1.0,1.0
0,80349449,3833,1.0,1.0
0,80349449,3834,1.0,1.0
0,80349449,3835,1.0,1.0
0,80349449,3836,1.0,1.0
0,80349449,3837,1.0,0.9950000047683716
0,80349449,3838,1.0,1.0
0,80349449,3839,1.0,1.0
0,80349449,3840,1.0,1.0
0,80349449,3841,1.0,0.9950000047683716
0,80349449,3842,1.0,1.0
0,80349449,3843,1.0,1.0
0,80349449,3844,1.0,1.0
0,80349449,3845,1.0,1.0
0,80349449,3846,1.0,1.0
0,80349449,3847,1.0,1.0
0,80349449,3848,1.0,1.0
0,80349449,3849,1.0,1.0
0,80349449,3850,1.0,1.0
0,80349449,3851,1.0,1.0
0,80349449,3852,1.0,1.0
0,80349449,3853,1.0,1.0
0,80349449,3854,1.0,1.0
0,80349449,3855,1.0,1.0
0,80349449,3856,1.0,1.0
0,80349449,3857,1.0,1.0
0,80349449,3858,1.0,1.0
0,80349449,3859,1.0,1.0
0,80349449,3860,1.0,1.0
0,80349449,3861,1.0,1.0
0,80349449,3862,1.0,1.0
0,80349449,3863,1.0,1.0
0,80349449,3864,1.0,1.0
0,80349449,3865,1.0,1.0
0,80349449,3866,1.0,1.0
0,80349449,3867,1.0,1.0
0,80349449,3868,1.0,1.0
0,80349449,3869,1.0,1.0
0,80349449,3870,1.0,1.0
0,80349449,3871,1.0,1.0
0,80349449,3872,1.0,1.0
0,80349449,3873,1.0,1.0
0,80349449,3874,1.0,0.9950000047683716
0,80349449,3875,1.0,1.0
0,80349449,3876,1.0,1.0
0,80349449,3877,1.0,1.0
0,80349449,3878,1.0,1.0
0,80349449,3879,1.0,1.0
0,80349449,3880,1.0,1.0
0,80349449,3881,1.0,1.0
0,80349449,3882,1.0,1.0
0,80349449,3883,1.0,1.0
0,80349449,3884,1.0,1.0
0,80349449,3885,1.0,1.0
0,80349449,3886,1.0,1.0
0,80349449,3887,1.0,1.0
0,80349449,3888,1.0,0.9950000047683716
0,80349449,3889,1.0,1.0
0,80349449,3890,1.0,1.0
0,80349449,3891,1.0,1.0
0,80349449,3892,1.0,1.0
0,80349449,3893,1.0,1.0
0,80349449,3894,1.0,1.0
0,80349449,3895,1.0,1.0
0,80349449,3896,1.0,1.0
0,80349449,3897,1.0,1.0
0,80349449,3898,1.0,0.9950000047683716
0,80349449,3899,1.0,1.0
0,80349449,3900,1.0,1.0
0,80349449,3901,1.0,1.0
0,80349449,3902,1.0,1.0
0,80349449,3903,1.0,1.0
0,80349449,3904,1.0,1.0
0,80349449,3905,1.0,1.0
0,80349449,3906,1.0,1.0
0,80349449,3907,1.0,1.0
0,80349449,3908,1.0,1.0
0,80349449,3909,1.0,1.0
0,80349449,3910,1.0,1.0
0,80349449,3911,1.0,1.0
0,80349449,3912,1.0,1.0
0,80349449,3913,1.0,1.0
0,80349449,3914,1.0,1.0
0,80349449,3915,1.0,1.0
0,80349449,3916,1.0,1.0
0,80349449,3917,1.0,1.0
0,80349449,3918,1.0,1.0
0,80349449,3919,1.0,1.0
0,80349449,3920,1.0,1.0
0,80349449,3921,1.0,1.0
0,80349449,3922,1.0,0.9950000047683716
0,80349449,3923,1.0,1.0
0,80349449,3924,1.0,1.0
0,80349449,3925,1.0,1.0
0,80349449,3926,1.0,1.0
0,80349449,3927,1.0,1.0
0,80349449,3928,1.0,1.0
0,80349449,3929,1.0,1.0
0,80349449,3930,1.0,1.0
0,80349449,3931,1.0,1.0
0,80349449,3932,1.0,1.0
0,80349449,3933,1.0,1.0
0,80349449,3934,1.0,1.0
0,80349449,3935,1.0,1.0
0,80349449,3936,1.0,1.0
0,80349449,3937,1.0,1.0
0,80349449,3938,1.0,1.0
0,80349449,3939,1.0,1.0
0,80349449,3940,1.0,1.0
0,80349449,3941,1.0,1.0
0,80349449,3942,1.0,1.0
0,80349449,3943,1.0,1.0
0,80349449,3944,1.0,1.0
0,80349449,3945,1.0,1.0
0,80349449,3946,1.0,1.0
0,80349449,3947,1.0,1.0
0,80349449,3948,1.0,1.0
0,80349449,3949,1.0,1.0
0,80349449,3950,1.0,1.0
0,80349449,3951,1.0,1.0
0,80349449,3952,1.0,1.0
0,80349449,3953,1.0,1.0
0,80349449,3954,1.0,1.0
0,80349449,3955,1.0,1.0
0,80349449,3956,1.0,1.0
0,80349449,3957,1.0,1.0
0,80349449,3958,1.0,1.0
0,80349449,3959,1.0,1.0
0,80349449,3960,1.0,1.0
0,80349449,3961,1.0,1.0
0,80349449,3962,1.0,1.0
0,80349449,3963,1.0,1.0
0,80349449,3964,1.0,1.0
0,80349449,3965,1.0,1.0
0,80349449,3966,1.0,1.0
0,80349449,3967,1.0,1.0
0,80349449,3968,1.0,1.0
0,80349449,3969,1.0,1.0
0,80349449,3970,1.0,1.0
0,80349449,3971,1.0,1.0
0,80349449,3972,1.0,1.0
0,80349449,3973,1.0,1.0
0,80349449,3974,1.0,1.0
0,80349449,3975,1.0,1.0
0,80349449,3976,1.0,1.0
0,80349449,3977,1.0,1.0
0,80349449,3978,1.0,1.0
0,80349449,3979,1.0,1.0
0,80349449,3980,1.0,1.0
0,80349449,3981,1.0,1.0
0,80349449,3982,1.0,1.0
0,80349449,3983,1.0,1.0
0,80349449,3984,1.0,1.0
0,80349449,3985,1.0,1.0
0,80349449,3986,1.0,1.0
0,80349449,3987,1.0,1.0
0,80349449,3988,1.0,1.0
0,80349449,3989,1.0,1.0
0,80349449,3990,1.0,1.0
0,80349449,3991,1.0,1.0
0,80349449,3992,1.0,1.0
0,80349449,3993,1.0,1.0
0,80349449,3994,1.0,1.0
0,80349449,3995,1.0,1.0
0,80349449,3996,1.0,1.0
0,80349449,3997,1.0,1.0
0,80349449,3998,1.0,1.0
0,80349449,3999,1.0,1.0
0,80349449,4000,1.0,1.0
0,80349449,4001,1.0,1.0
0,80349449,4002,1.0,1.0
0,80349449,4003,1.0,1.0
0,80349449,4004,1.0,1.0
0,80349449,4005,1.0,1.0
0,80349449,4006,1.0,1.0
0,80349449,4007,1.0,1.0
0,80349449,4008,1.0,1.0
0,80349449,4009,1.0,1.0
0,80349449,4010,1.0,1.0
0,80349449,4011,1.0,1.0
0,80349449,4012,1.0,1.0
0,80349449,4013,1.0,1.0
0,80349449,4014,1.0,1.0
0,80349449,4015,1.0,1.0
0,80349449,4016,1.0,1.0
0,80349449,4017,1.0,1.0
0,80349449,4018,1.0,1.0
0,80349449,4019,1.0,1.0
0,80349449,4020,1.0,1.0
0,80349449,4021,1.0,1.0
0,80349449,4022,1.0,1.0
0,80349449,4023,1.0,1.0
0,80349449,4024,1.0,1.0
0,80349449,4025,1.0,1.0
0,80349449,4026,1.0,1.0
0,80349449,4027,1.0,1.0
0,80349449,4028,1.0,1.0
0,80349449,4029,1.0,1.0
0,80349449,4030,1.0,1.0
0,80349449,4031,1.0,1.0
0,80349449,4032,1.0,1.0
0,80349449,4033,1.0,1.0
0,80349449,4034,1.0,1.0
0,80349449,4035,1.0,1.0
0,80349449,4036,1.0,1.0
0,80349449,4037,1.0,1.0
0,80349449,4038,1.0,1.0
0,80349449,4039,1.0,1.0
0,80349449,4040,1.0,1.0
0,80349449,4041,1.0,1.0
0,80349449,4042,1.0,1.0
0,80349449,4043,1.0,1.0
0,80349449,4044,1.0,1.0
0,80349449,4045,1.0,1.0
0,80349449,4046,1.0,1.0
0,80349449,4047,1.0,1.0
0,80349449,4048,1.0,1.0
0,80349449,4049,1.0,1.0
0,80349449,4050,1.0,1.0
0,80349449,4051,1.0,1.0
0,80349449,4052,1.0,1.0
0,80349449,4053,1.0,1.0
0,80349449,4054,1.0,1.0
0,80349449,4055,1.0,1.0
0,80349449,4056,1.0,1.0
0,80349449,4057,1.0,1.0
0,80349449,4058,1.0,1.0
0,80349449,4059,1.0,1.0
0,80349449,4060,1.0,1.0
0,80349449,4061,1.0,1.0
0,80349449,4062,1.0,1.0
0,80349449,4063,1.0,1.0
0,80349449,4064,1.0,1.0
0,80349449,4065,1.0,1.0
0,80349449,4066,1.0,1.0
0,80349449,4067,1.0,1.0
0,80349449,4068,1.0,1.0
0,80349449,4069,1.0,1.0
0,80349449,4070,1.0,1.0
0,80349449,4071,1.0,1.0
0,80349449,4072,1.0,1.0
0,80349449,4073,1.0,1.0
0,80349449,4074,1.0,1.0
0,80349449,4075,1.0,1.0
0,80349449,4076,1.0,1.0
0,80349449,4077,1.0,1.0
0,80349449,4078,1.0,1.0
0,80349449,4079,1.0,1.0
0,80349449,4080,1.0,1.0
0,80349449,4081,1.0,1.0
0,80349449,4082,1.0,1.0
0,80349449,4083,1.0,1.0
0,80349449,4084,1.0,1.0
0,80349449,4085,1.0,1.0
0,80349449,4086,1.0,1.0
0,80349449,4087,1.0,1.0
0,80349449,4088,1.0,1.0
0,80349449,4089,1.0,1.0
0,80349449,4090,1.0,1.0
0,80349449,4091,1.0,1.0
0,80349449,4092,1.0,1.0
0,80349449,4093,1.0,1.0
0,80349449,4094,1.0,1.0
0,80349449,4095,1.0,1.0
0,80349449,4096,1.0,1.0
0,80349449,4097,1.0,1.0
0,80349449,4098,1.0,1.0
0,80349449,4099,1.0,1.0
0,80349449,4100,1.0,1.0
0,80349449,4101,1.0,1.0
0,80349449,4102,1.0,1.0
0,80349449,4103,1.0,1.0
0,80349449,4104,1.0,1.0
0,80349449,4105,1.0,1.0
0,80349449,4106,1.0,1.0
0,80349449,4107,1.0,1.0
0,80349449,4108,1.0,1.0
0,80349449,4109,1.0,1.0
0,80349449,4110,1.0,1.0
0,80349449,4111,1.0,1.0
0,80349449,4112,1.0,1.0
0,80349449,4113,1.0,1.0
0,80349449,4114,1.0,1.0
0,80349449,4115,1.0,1.0
0,80349449,4116,1.0,1.0
0,80349449,4117,1.0,1.0
0,80349449,4118,1.0,1.0
0,80349449,4119,1.0,1.0
0,80349449,4120,1.0,1.0
0,80349449,4121,1.0,1.0
0,80349449,4122,1.0,1.0
0,80349449,4123,1.0,1.0
0,80349449,4124,1.0,1.0
0,80349449,4125,1.0,1.0
0,80349449,4126,1.0,1.0
0,80349449,4127,1.0,1.0
0,80349449,4128,1.0,1.0
0,80349449,4129,1.0,1.0
0,80349449,4130,1.0,1.0
0,80349449,4131,1.0,1.0
0,80349449,4132,1.0,1.0
0,80349449,4133,1.0,1.0
0,80349449,4134,1.0,1.0
0,80349449,4135,1.0,1.0
0,80349449,4136,1.0,1.0
0,80349449,4137,1.0,1.0
0,80349449,4138,1.0,1.0
0,80349449,4139,1.0,1.0
0,80349449,4140,1.0,1.0
0,80349449,4141,1.0,1.0
0,80349449,4142,1.0,1.0
0,80349449,4143,1.0,1.0
0,80349449,4144,1.0,1.0
0,80349449,4145,1.0,1.0
0,80349449,4146,1.0,1.0
0,80349449,4147,1.0,1.0
0,80349449,4148,1.0,1.0
0,80349449,4149,1.0,1.0
0,80349449,4150,1.0,1.0
0,80349449,4151,1.0,1.0
0,80349449,4152,1.0,1.0
0,80349449,4153,1.0,1.0
0,80349449,4154,1.0,1.0
0,80349449,4155,1.0,1.0
0,80349449,4156,1.0,1.0
0,80349449,4157,1.0,1.0
0,80349449,4158,1.0,1.0
0,80349449,4159,1.0,1.0
0,80349449,4160,1.0,1.0
0,80349449,4161,1.0,1.0
0,80349449,4162,1.0,1.0
0,80349449,4163,1.0,1.0
0,80349449,4164,1.0,1.0
0,80349449,4165,1.0,1.0
0,80349449,4166,1.0,1.0
0,80349449,4167,1.0,1.0
0,80349449,4168,1.0,1.0
0,80349449,4169,1.0,1.0
0,80349449,4170,1.0,1.0
0,80349449,4171,1.0,1.0
0,80349449,4172,1.0,1.0
0,80349449,4173,1.0,1.0
0,80349449,4174,1.0,1.0
0,80349449,4175,1.0,1.0
0,80349449,4176,1.0,1.0
0,80349449,4177,1.0,1.0
0,80349449,4178,1.0,1.0
0,80349449,4179,1.0,1.0
0,80349449,4180,1.0,1.0
0,80349449,4181,1.0,1.0
0,80349449,4182,1.0,1.0
0,80349449,4183,1.0,1.0
0,80349449,4184,1.0,1.0
0,80349449,4185,1.0,1.0
0,80349449,4186,1.0,1.0
0,80349449,4187,1.0,1.0
0,80349449,4188,1.0,1.0
0,80349449,4189,1.0,0.9950000047683716
0,80349449,4190,1.0,1.0
0,80349449,4191,1.0,1.0
0,80349449,4192,1.0,1.0
0,80349449,4193,1.0,1.0
0,80349449,4194,1.0,1.0
0,80349449,4195,1.0,1.0
0,80349449,4196,1.0,0.9950000047683716
0,80349449,4197,1.0,1.0
0,80349449,4198,1.0,1.0
0,80349449,4199,1.0,1.0
0,80349449,4200,1.0,1.0
0,80349449,4201,1.0,1.0
0,80349449,4202,1.0,1.0
0,80349449,4203,1.0,1.0
0,80349449,4204,1.0,0.9950000047683716
0,80349449,4205,1.0,0.9950000047683716
0,80349449,4206,1.0,0.9950000047683716
0,80349449,4207,1.0,0.9950000047683716
0,80349449,4208,1.0,1.0
0,80349449,4209,1.0,1.0
0,80349449,4210,1.0,1.0
0,80349449,4211,1.0,0.9950000047683716
0,80349449,4212,1.0,0.9950000047683716
0,80349449,4213,1.0,0.9950000047683716
0,80349449,4214,1.0,0.9950000047683716
0,80349449,4215,1.0,0.9950000047683716
0,80349449,4216,1.0,0.9950000047683716
0,80349449,4217,1.0,1.0
0,80349449,4218,1.0,1.0
0,80349449,4219,1.0,1.0
0,80349449,4220,1.0,1.0
0,80349449,4221,1.0,0.9950000047683716
0,80349449,4222,1.0,0.9950000047683716
0,80349449,4223,1.0,0.9950000047683716
0,80349449,4224,1.0,0.9950000047683716
0,80349449,4225,1.0,0.9950000047683716
0,80349449,4226,1.0,1.0
0,80349449,4227,1.0,1.0
0,80349449,4228,1.0,1.0
0,80349449,4229,1.0,1.0
0,80349449,4230,1.0,1.0
0,80349449,4231,1.0,1.0
0,80349449,4232,1.0,1.0
0,80349449,4233,1.0,0.9950000047683716
0,80349449,4234,1.0,1.0
0,80349449,4235,1.0,0.9950000047683716
0,80349449,4236,1.0,0.9950000047683716
0,80349449,4237,1.0,1.0
0,80349449,4238,1.0,1.0
0,80349449,4239,1.0,0.9950000047683716
0,80349449,4240,1.0,0.9950000047683716
0,80349449,4241,1.0,0.9950000047683716
0,80349449,4242,1.0,0.9950000047683716
0,80349449,4243,1.0,0.9950000047683716
0,80349449,4244,1.0,0.9950000047683716
0,80349449,4245,1.0,0.9950000047683716
0,80349449,4246,1.0,0.9950000047683716
0,80349449,4247,1.0,0.9950000047683716
0,80349449,4248,1.0,0.9950000047683716
0,80349449,4249,1.0,0.9950000047683716
0,80349449,4250,1.0,0.9950000047683716
0,80349449,4251,1.0,0.9950000047683716
0,80349449,4252,1.0,0.9950000047683716
0,80349449,4253,1.0,0.9950000047683716
0,80349449,4254,1.0,0.9950000047683716
0,80349449,4255,1.0,0.9950000047683716
0,80349449,4256,1.0,0.9950000047683716
0,80349449,4257,1.0,1.0
0,80349449,4258,1.0,0.9950000047683716
0,80349449,4259,1.0,0.9950000047683716
0,80349449,4260,1.0,0.9950000047683716
0,80349449,4261,1.0,0.9950000047683716
0,80349449,4262,1.0,0.9950000047683716
0,80349449,4263,1.0,0.9950000047683716
0,80349449,4264,1.0,0.9950000047683716
0,80349449,4265,1.0,0.9950000047683716
0,80349449,4266,1.0,0.9950000047683716
0,80349449,4267,1.0,0.9950000047683716
0,80349449,4268,1.0,0.9950000047683716
0,80349449,4269,1.0,0.9950000047683716
0,80349449,4270,1.0,0.9950000047683716
0,80349449,4271,1.0,0.9950000047683716
0,80349449,4272,1.0,0.9950000047683716
0,80349449,4273,1.0,0.9950000047683716
0,80349449,4274,1.0,0.9950000047683716
0,80349449,4275,1.0,0.9950000047683716
0,80349449,4276,1.0,0.9950000047683716
0,80349449,4277,1.0,0.9950000047683716
0,80349449,4278,1.0,0.9950000047683716
0,80349449,4279,1.0,0.9950000047683716
0,80349449,4280,1.0,0.9950000047683716
0,80349449,4281,1.0,0.9950000047683716
0,80349449,4282,1.0,0.9950000047683716
0,80349449,4283,1.0,0.9950000047683716
0,80349449,4284,1.0,0.9950000047683716
0,80349449,4285,1.0,1.0
0,80349449,4286,1.0,1.0
0,80349449,4287,1.0,0.9950000047683716
0,80349449,4288,1.0,0.9950000047683716
0,80349449,4289,1.0,0.9950000047683716
0,80349449,4290,1.0,1.0
0,80349449,4291,1.0,0.9950000047683716
0,80349449,4292,1.0,0.9950000047683716
0,80349449,4293,1.0,0.9950000047683716
0,80349449,4294,1.0,1.0
0,80349449,4295,1.0,1.0
0,80349449,4296,1.0,0.9950000047683716
0,80349449,4297,1.0,0.9950000047683716
0,80349449,4298,1.0,0.9950000047683716
0,80349449,4299,1.0,0.9950000047683716
0,80349449,4300,1.0,0.9950000047683716
0,80349449,4301,1.0,0.9950000047683716
0,80349449,4302,1.0,1.0
0,80349449,4303,1.0,1.0
0,80349449,4304,1.0,1.0
0,80349449,4305,1.0,1.0
0,80349449,4306,1.0,0.9950000047683716
0,80349449,4307,1.0,0.9950000047683716
0,80349449,4308,1.0,0.9950000047683716
0,80349449,4309,1.0,0.9950000047683716
0,80349449,4310,1.0,0.9950000047683716
0,80349449,4311,1.0,0.9950000047683716
0,80349449,4312,1.0,0.9950000047683716
0,80349449,4313,1.0,0.9950000047683716
0,80349449,4314,1.0,0.9950000047683716
0,80349449,4315,1.0,0.9950000047683716
0,80349449,4316,1.0,0.9950000047683716
0,80349449,4317,1.0,0.9950000047683716
0,80349449,4318,1.0,1.0
0,80349449,4319,1.0,1.0
0,80349449,4320,1.0,0.9950000047683716
0,80349449,4321,1.0,1.0
0,80349449,4322,1.0,0.9950000047683716
0,80349449,4323,1.0,0.9950000047683716
0,80349449,4324,1.0,0.9950000047683716
0,80349449,4325,1.0,0.9950000047683716
0,80349449,4326,1.0,0.9950000047683716
0,80349449,4327,1.0,0.9950000047683716
0,80349449,4328,1.0,0.9950000047683716
0,80349449,4329,1.0,0.9950000047683716
0,80349449,4330,1.0,0.9950000047683716
0,80349449,4331,1.0,1.0
0,80349449,4332,1.0,1.0
0,80349449,4333,1.0,1.0
0,80349449,4334,1.0,1.0
0,80349449,4335,1.0,1.0
0,80349449,4336,1.0,0.9950000047683716
0,80349449,4337,1.0,0.9950000047683716
0,80349449,4338,1.0,0.9950000047683716
0,80349449,4339,1.0,0.9950000047683716
0,80349449,4340,1.0,1.0
0,80349449,4341,1.0,1.0
0,80349449,4342,1.0,1.0
0,80349449,4343,1.0,1.0
0,80349449,4344,1.0,1.0
0,80349449,4345,1.0,1.0
0,80349449,4346,1.0,0.9950000047683716
0,80349449,4347,1.0,1.0
0,80349449,4348,1.0,1.0
0,80349449,4349,1.0,1.0
0,80349449,4350,1.0,0.9950000047683716
0,80349449,4351,1.0,1.0
0,80349449,4352,1.0,0.9950000047683716
0,80349449,4353,1.0,0.9950000047683716
0,80349449,4354,1.0,1.0
0,80349449,4355,1.0,1.0
0,80349449,4356,1.0,1.0
0,80349449,4357,1.0,1.0
0,80349449,4358,1.0,0.9950000047683716
0,80349449,4359,1.0,0.9950000047683716
0,80349449,4360,1.0,0.9950000047683716
0,80349449,4361,1.0,0.9950000047683716
0,80349449,4362,1.0,0.9950000047683716
0,80349449,4363,1.0,0.9950000047683716
0,80349449,4364,1.0,0.9950000047683716
0,80349449,4365,1.0,0.9950000047683716
0,80349449,4366,1.0,1.0
0,80349449,4367,1.0,1.0
0,80349449,4368,1.0,1.0
0,80349449,4369,1.0,1.0
0,80349449,4370,1.0,1.0
0,80349449,4371,1.0,0.9950000047683716
0,80349449,4372,1.0,0.9950000047683716
0,80349449,4373,1.0,0.9950000047683716
0,80349449,4374,1.0,0.9950000047683716
0,80349449,4375,1.0,0.9950000047683716
0,80349449,4376,1.0,0.9950000047683716
0,80349449,4377,1.0,0.9950000047683716
0,80349449,4378,1.0,0.9950000047683716
0,80349449,4379,1.0,0.9950000047683716
0,80349449,4380,1.0,0.9950000047683716
0,80349449,4381,1.0,0.9950000047683716
0,80349449,4382,1.0,0.9950000047683716
0,80349449,4383,1.0,0.9950000047683716
0,80349449,4384,1.0,0.9950000047683716
0,80349449,4385,1.0,1.0
0,80349449,4386,1.0,1.0
0,80349449,4387,1.0,1.0
0,80349449,4388,1.0,1.0
0,80349449,4389,1.0,1.0
0,80349449,4390,1.0,1.0
0,80349449,4391,1.0,0.9950000047683716
0,80349449,4392,1.0,0.9950000047683716
0,80349449,4393,1.0,0.9950000047683716
0,80349449,4394,1.0,1.0
0,80349449,4395,1.0,1.0
0,80349449,4396,1.0,1.0
0,80349449,4397,1.0,1.0
0,80349449,4398,1.0,1.0
0,80349449,4399,1.0,1.0
0,80349449,4400,1.0,1.0
0,80349449,4401,1.0,1.0
0,80349449,4402,1.0,0.9950000047683716
0,80349449,4403,1.0,1.0
0,80349449,4404,1.0,0.9950000047683716
0,80349449,4405,1.0,0.9950000047683716
0,80349449,4406,1.0,0.9950000047683716
0,80349449,4407,1.0,0.9950000047683716
0,80349449,4408,1.0,1.0
0,80349449,4409,1.0,1.0
0,80349449,4410,1.0,1.0
0,80349449,4411,1.0,1.0
0,80349449,4412,1.0,1.0
0,80349449,4413,1.0,1.0
0,80349449,4414,1.0,1.0
0,80349449,4415,1.0,0.9950000047683716
0,80349449,4416,1.0,0.9950000047683716
0,80349449,4417,1.0,0.9950000047683716
0,80349449,4418,1.0,0.9950000047683716
0,80349449,4419,1.0,1.0
0,80349449,4420,1.0,1.0
0,80349449,4421,1.0,1.0
0,80349449,4422,1.0,1.0
0,80349449,4423,1.0,1.0
0,80349449,4424,1.0,1.0
0,80349449,4425,1.0,1.0
0,80349449,4426,1.0,1.0
0,80349449,4427,1.0,1.0
0,80349449,4428,1.0,0.9950000047683716
0,80349449,4429,1.0,0.9950000047683716
0,80349449,4430,1.0,0.9950000047683716
0,80349449,4431,1.0,0.9950000047683716
0,80349449,4432,1.0,1.0
0,80349449,4433,1.0,1.0
0,80349449,4434,1.0,1.0
0,80349449,4435,1.0,1.0
0,80349449,4436,1.0,1.0
0,80349449,4437,1.0,1.0
0,80349449,4438,1.0,0.9950000047683716
0,80349449,4439,1.0,0.9950000047683716
0,80349449,4440,1.0,0.9950000047683716
0,80349449,4441,1.0,0.9950000047683716
0,80349449,4442,1.0,0.9950000047683716
0,80349449,4443,1.0,0.9950000047683716
0,80349449,4444,1.0,0.9950000047683716
0,80349449,4445,1.0,1.0
0,80349449,4446,1.0,1.0
0,80349449,4447,1.0,0.9950000047683716
0,80349449,4448,1.0,0.9950000047683716
0,80349449,4449,1.0,0.9950000047683716
0,80349449,4450,1.0,0.9950000047683716
0,80349449,4451,1.0,0.9950000047683716
0,80349449,4452,1.0,0.9950000047683716
0,80349449,4453,1.0,1.0
0,80349449,4454,1.0,1.0
0,80349449,4455,1.0,1.0
0,80349449,4456,1.0,1.0
0,80349449,4457,1.0,1.0
0,80349449,4458,1.0,1.0
0,80349449,4459,1.0,0.9950000047683716
0,80349449,4460,1.0,1.0
0,80349449,4461,1.0,0.9950000047683716
0,80349449,4462,1.0,0.9950000047683716
0,80349449,4463,1.0,0.9950000047683716
0,80349449,4464,1.0,0.9950000047683716
0,80349449,4465,1.0,0.9950000047683716
0,80349449,4466,1.0,0.9950000047683716
0,80349449,4467,1.0,0.9950000047683716
0,80349449,4468,1.0,0.9950000047683716
0,80349449,4469,1.0,0.9950000047683716
0,80349449,4470,1.0,0.9950000047683716
0,80349449,4471,1.0,0.9950000047683716
0,80349449,4472,1.0,0.9950000047683716
0,80349449,4473,1.0,0.9950000047683716
0,80349449,4474,1.0,0.9950000047683716
0,80349449,4475,1.0,0.9950000047683716
0,80349449,4476,1.0,0.9950000047683716
0,80349449,4477,1.0,0.9950000047683716
0,80349449,4478,1.0,0.9950000047683716
0,80349449,4479,1.0,0.9950000047683716
0,80349449,4480,1.0,0.9950000047683716
0,80349449,4481,1.0,1.0
0,80349449,4482,1.0,1.0
0,80349449,4483,1.0,1.0
0,80349449,4484,1.0,1.0
0,80349449,4485,1.0,1.0
0,80349449,4486,1.0,1.0
0,80349449,4487,1.0,0.9950000047683716
0,80349449,4488,1.0,0.9950000047683716
0,80349449,4489,1.0,0.9950000047683716
0,80349449,4490,1.0,0.9950000047683716
0,80349449,4491,1.0,0.9950000047683716
0,80349449,4492,1.0,1.0
0,80349449,4493,1.0,1.0
0,80349449,4494,1.0,1.0
0,80349449,4495,1.0,0.9950000047683716
0,80349449,4496,1.0,0.9950000047683716
0,80349449,4497,1.0,1.0
0,80349449,4498,1.0,1.0
0,80349449,4499,1.0,0.9950000047683716
0,80349449,4500,1.0,0.9950000047683716
0,80349449,4501,1.0,0.9950000047683716
0,80349449,4502,1.0,0.9950000047683716
0,80349449,4503,1.0,0.9950000047683716
0,80349449,4504,1.0,0.9950000047683716
0,80349449,4505,1.0,0.9950000047683716
0,80349449,4506,1.0,0.9950000047683716
0,80349449,4507,1.0,0.9950000047683716
0,80349449,4508,1.0,0.9950000047683716
0,80349449,4509,1.0,0.9950000047683716
0,80349449,4510,1.0,0.9950000047683716
0,80349449,4511,1.0,0.9950000047683716
0,80349449,4512,1.0,0.9950000047683716
0,80349449,4513,1.0,0.9950000047683716
0,80349449,4514,1.0,0.9950000047683716
0,80349449,4515,1.0,0.9950000047683716
0,80349449,4516,1.0,0.9950000047683716
0,80349449,4517,1.0,0.9950000047683716
0,80349449,4518,1.0,1.0
0,80349449,4519,1.0,0.9950000047683716
0,80349449,4520,1.0,0.9950000047683716
0,80349449,4521,1.0,0.9950000047683716
0,80349449,4522,1.0,0.9950000047683716
0,80349449,4523,1.0,0.9950000047683716
0,80349449,4524,1.0,1.0
0,80349449,4525,1.0,1.0
0,80349449,4526,1.0,1.0
0,80349449,4527,1.0,1.0
0,80349449,4528,1.0,1.0
0,80349449,4529,1.0,0.9950000047683716
0,80349449,4530,1.0,0.9950000047683716
0,80349449,4531,1.0,0.9950000047683716
0,80349449,4532,1.0,0.9950000047683716
0,80349449,4533,1.0,0.9950000047683716
0,80349449,4534,1.0,0.9950000047683716
0,80349449,4535,1.0,0.9950000047683716
0,80349449,4536,1.0,0.9950000047683716
0,80349449,4537,1.0,1.0
0,80349449,4538,1.0,1.0
0,80349449,4539,1.0,0.9950000047683716
0,80349449,4540,1.0,0.9950000047683716
0,80349449,4541,1.0,0.9950000047683716
0,80349449,4542,1.0,0.9950000047683716
0,80349449,4543,1.0,0.9950000047683716
0,80349449,4544,1.0,0.9950000047683716
0,80349449,4545,1.0,0.9950000047683716
0,80349449,4546,1.0,0.9950000047683716
0,80349449,4547,1.0,0.9950000047683716
0,80349449,4548,1.0,1.0
0,80349449,4549,1.0,1.0
0,80349449,4550,1.0,1.0
0,80349449,4551,1.0,1.0
0,80349449,4552,1.0,1.0
0,80349449,4553,1.0,0.9950000047683716
0,80349449,4554,1.0,0.9950000047683716
0,80349449,4555,1.0,1.0
0,80349449,4556,1.0,0.9950000047683716
0,80349449,4557,1.0,0.9950000047683716
0,80349449,4558,1.0,1.0
0,80349449,4559,1.0,0.9950000047683716
0,80349449,4560,1.0,0.9950000047683716
0,80349449,4561,1.0,1.0
0,80349449,4562,1.0,0.9950000047683716
0,80349449,4563,1.0,0.9899999499320984
0,80349449,4564,1.0,0.9950000047683716
0,80349449,4565,1.0,0.9950000047683716
0,80349449,4566,1.0,0.9950000047683716
0,80349449,4567,1.0,0.9950000047683716
0,80349449,4568,1.0,0.9950000047683716
0,80349449,4569,1.0,1.0
0,80349449,4570,1.0,1.0
0,80349449,4571,1.0,1.0
0,80349449,4572,1.0,1.0
0,80349449,4573,1.0,1.0
0,80349449,4574,1.0,0.9950000047683716
0,80349449,4575,1.0,0.9950000047683716
0,80349449,4576,1.0,0.9950000047683716
0,80349449,4577,1.0,0.9950000047683716
0,80349449,4578,1.0,0.9950000047683716
0,80349449,4579,1.0,0.9950000047683716
0,80349449,4580,1.0,0.9950000047683716
0,80349449,4581,1.0,1.0
0,80349449,4582,1.0,1.0
0,80349449,4583,1.0,1.0
0,80349449,4584,1.0,0.9950000047683716
0,80349449,4585,1.0,0.9950000047683716
0,80349449,4586,1.0,0.9950000047683716
0,80349449,4587,1.0,1.0
0,80349449,4588,1.0,1.0
0,80349449,4589,1.0,0.9950000047683716
0,80349449,4590,1.0,0.9899999499320984
0,80349449,4591,1.0,0.9950000047683716
0,80349449,4592,1.0,0.9950000047683716
0,80349449,4593,1.0,0.9950000047683716
0,80349449,4594,1.0,0.9950000047683716
0,80349449,4595,1.0,0.9950000047683716
0,80349449,4596,1.0,1.0
0,80349449,4597,1.0,1.0
0,80349449,4598,1.0,0.9950000047683716
0,80349449,4599,1.0,0.9950000047683716
0,80349449,4600,1.0,0.9950000047683716
0,80349449,4601,1.0,0.9950000047683716
0,80349449,4602,1.0,1.0
0,80349449,4603,1.0,0.9950000047683716
0,80349449,4604,1.0,0.9899999499320984
0,80349449,4605,1.0,0.9950000047683716
0,80349449,4606,1.0,0.9899999499320984
0,80349449,4607,1.0,0.9950000047683716
0,80349449,4608,1.0,0.9950000047683716
0,80349449,4609,1.0,0.9950000047683716
0,80349449,4610,1.0,0.9950000047683716
0,80349449,4611,1.0,0.9950000047683716
0,80349449,4612,1.0,0.9950000047683716
0,80349449,4613,1.0,0.9950000047683716
0,80349449,4614,1.0,1.0
0,80349449,4615,1.0,0.9950000047683716
0,80349449,4616,1.0,0.9950000047683716
0,80349449,4617,1.0,0.9950000047683716
0,80349449,4618,1.0,1.0
0,80349449,4619,1.0,0.9950000047683716
0,80349449,4620,1.0,0.9950000047683716
0,80349449,4621,1.0,0.9950000047683716
0,80349449,4622,1.0,0.9950000047683716
0,80349449,4623,1.0,0.9950000047683716
0,80349449,4624,1.0,0.9950000047683716
0,80349449,4625,1.0,0.9899999499320984
0,80349449,4626,1.0,0.9899999499320984
0,80349449,4627,1.0,0.9950000047683716
0,80349449,4628,1.0,0.9899999499320984
0,80349449,4629,1.0,0.9950000047683716
0,80349449,4630,1.0,0.9950000047683716
0,80349449,4631,1.0,0.9950000047683716
0,80349449,4632,1.0,0.9950000047683716
0,80349449,4633,1.0,1.0
0,80349449,4634,1.0,1.0
0,80349449,4635,1.0,1.0
0,80349449,4636,1.0,1.0
0,80349449,4637,1.0,0.9950000047683716
0,80349449,4638,1.0,0.9950000047683716
0,80349449,4639,1.0,0.9950000047683716
0,80349449,4640,1.0,0.9950000047683716
0,80349449,4641,1.0,1.0
0,80349449,4642,1.0,0.9950000047683716
0,80349449,4643,1.0,1.0
0,80349449,4644,1.0,0.9950000047683716
0,80349449,4645,1.0,1.0
0,80349449,4646,1.0,0.9950000047683716
0,80349449,4647,1.0,1.0
0,80349449,4648,1.0,0.9950000047683716
0,80349449,4649,1.0,0.9950000047683716
0,80349449,4650,1.0,0.9950000047683716
0,80349449,4651,1.0,0.9950000047683716
0,80349449,4652,1.0,0.9950000047683716
0,80349449,4653,1.0,1.0
0,80349449,4654,1.0,1.0
0,80349449,4655,1.0,1.0
0,80349449,4656,1.0,1.0
0,80349449,4657,1.0,0.9950000047683716
0,80349449,4658,1.0,0.9950000047683716
0,80349449,4659,1.0,0.9950000047683716
0,80349449,4660,1.0,0.9950000047683716
0,80349449,4661,1.0,1.0
0,80349449,4662,1.0,1.0
0,80349449,4663,1.0,0.9950000047683716
0,80349449,4664,1.0,0.9950000047683716
0,80349449,4665,1.0,0.9950000047683716
0,80349449,4666,1.0,0.9950000047683716
0,80349449,4667,1.0,0.9950000047683716
0,80349449,4668,1.0,0.9950000047683716
0,80349449,4669,1.0,0.9950000047683716
0,80349449,4670,1.0,0.9950000047683716
0,80349449,4671,1.0,0.9950000047683716
0,80349449,4672,1.0,0.9950000047683716
0,80349449,4673,1.0,0.9950000047683716
0,80349449,4674,1.0,0.9950000047683716
0,80349449,4675,1.0,0.9950000047683716
0,80349449,4676,1.0,0.9950000047683716
0,80349449,4677,1.0,0.9950000047683716
0,80349449,4678,1.0,0.9950000047683716
0,80349449,4679,1.0,0.9950000047683716
0,80349449,4680,1.0,0.9950000047683716
0,80349449,4681,1.0,0.9950000047683716
0,80349449,4682,1.0,0.9899999499320984
0,80349449,4683,1.0,0.9950000047683716
0,80349449,4684,1.0,0.9950000047683716
0,80349449,4685,1.0,0.9899999499320984
0,80349449,4686,1.0,0.9950000047683716
0,80349449,4687,1.0,0.9950000047683716
0,80349449,4688,1.0,0.9899999499320984
0,80349449,4689,1.0,0.9950000047683716
0,80349449,4690,1.0,0.9950000047683716
0,80349449,4691,1.0,0.9950000047683716
0,80349449,4692,1.0,0.9950000047683716
0,80349449,4693,1.0,0.9950000047683716
0,80349449,4694,1.0,0.9950000047683716
0,80349449,4695,1.0,0.9950000047683716
0,80349449,4696,1.0,0.9950000047683716
0,80349449,4697,1.0,0.9950000047683716
0,80349449,4698,1.0,0.9950000047683716
0,80349449,4699,1.0,0.9950000047683716
0,80349449,4700,1.0,0.9950000047683716
0,80349449,4701,1.0,0.9950000047683716
0,80349449,4702,1.0,0.9950000047683716
0,80349449,4703,1.0,0.9950000047683716
0,80349449,4704,1.0,0.9950000047683716
0,80349449,4705,1.0,0.9899999499320984
0,80349449,4706,1.0,0.9950000047683716
0,80349449,4707,1.0,0.9950000047683716
0,80349449,4708,1.0,0.9899999499320984
0,80349449,4709,1.0,0.9950000047683716
0,80349449,4710,1.0,1.0
0,80349449,4711,1.0,1.0
0,80349449,4712,1.0,1.0
0,80349449,4713,1.0,0.9950000047683716
0,80349449,4714,1.0,0.9950000047683716
0,80349449,4715,1.0,0.9950000047683716
0,80349449,4716,1.0,0.9950000047683716
0,80349449,4717,1.0,0.9950000047683716
0,80349449,4718,1.0,0.9950000047683716
0,80349449,4719,1.0,0.9950000047683716
0,80349449,4720,1.0,0.9950000047683716
0,80349449,4721,1.0,0.9950000047683716
0,80349449,4722,1.0,0.9950000047683716
0,80349449,4723,1.0,0.9950000047683716
0,80349449,4724,1.0,0.9950000047683716
0,80349449,4725,1.0,0.9950000047683716
0,80349449,4726,1.0,0.9950000047683716
0,80349449,4727,1.0,0.9950000047683716
0,80349449,4728,1.0,0.9950000047683716
0,80349449,4729,1.0,0.9950000047683716
0,80349449,4730,1.0,0.9899999499320984
0,80349449,4731,1.0,0.9950000047683716
0,80349449,4732,1.0,0.9950000047683716
0,80349449,4733,1.0,0.9950000047683716
0,80349449,4734,1.0,0.9950000047683716
0,80349449,4735,1.0,0.9950000047683716
0,80349449,4736,1.0,0.9950000047683716
0,80349449,4737,1.0,0.9950000047683716
0,80349449,4738,1.0,0.9950000047683716
0,80349449,4739,1.0,1.0
0,80349449,4740,1.0,0.9950000047683716
0,80349449,4741,1.0,0.9950000047683716
0,80349449,4742,1.0,0.9950000047683716
0,80349449,4743,1.0,0.9950000047683716
0,80349449,4744,1.0,0.9950000047683716
0,80349449,4745,1.0,0.9950000047683716
0,80349449,4746,1.0,0.9950000047683716
0,80349449,4747,1.0,0.9950000047683716
0,80349449,4748,1.0,0.9950000047683716
0,80349449,4749,1.0,0.9950000047683716
0,80349449,4750,1.0,0.9950000047683716
0,80349449,4751,1.0,0.9899999499320984
0,80349449,4752,1.0,0.9899999499320984
0,80349449,4753,1.0,0.9950000047683716
0,80349449,4754,1.0,0.9899999499320984
0,80349449,4755,1.0,0.9950000047683716
0,80349449,4756,1.0,0.9950000047683716
0,80349449,4757,1.0,0.9950000047683716
0,80349449,4758,1.0,0.9950000047683716
0,80349449,4759,1.0,0.9950000047683716
0,80349449,4760,1.0,0.9950000047683716
0,80349449,4761,1.0,0.9950000047683716
0,80349449,4762,1.0,0.9950000047683716
0,80349449,4763,1.0,0.9950000047683716
0,80349449,4764,1.0,0.9950000047683716
0,80349449,4765,1.0,0.9950000047683716
0,80349449,4766,1.0,0.9950000047683716
0,80349449,4767,1.0,0.9950000047683716
0,80349449,4768,1.0,0.9950000047683716
0,80349449,4769,1.0,0.9950000047683716
0,80349449,4770,1.0,0.9950000047683716
0,80349449,4771,1.0,0.9950000047683716
0,80349449,4772,1.0,0.9950000047683716
0,80349449,4773,1.0,0.9950000047683716
0,80349449,4774,1.0,0.9950000047683716
0,80349449,4775,1.0,0.9950000047683716
0,80349449,4776,1.0,0.9950000047683716
0,80349449,4777,1.0,0.9950000047683716
0,80349449,4778,1.0,0.9950000047683716
0,80349449,4779,1.0,0.9950000047683716
0,80349449,4780,1.0,0.9950000047683716
0,80349449,4781,1.0,0.9950000047683716
0,80349449,4782,1.0,0.9950000047683716
0,80349449,4783,1.0,0.9950000047683716
0,80349449,4784,1.0,0.9950000047683716
0,80349449,4785,1.0,0.9950000047683716
0,80349449,4786,1.0,0.9899999499320984
0,80349449,4787,1.0,0.9899999499320984
0,80349449,4788,1.0,0.9899999499320984
0,80349449,4789,1.0,0.9950000047683716
0,80349449,4790,1.0,0.9950000047683716
0,80349449,4791,1.0,0.9950000047683716
0,80349449,4792,1.0,0.9950000047683716
0,80349449,4793,1.0,0.9950000047683716
0,80349449,4794,1.0,0.9950000047683716
0,80349449,4795,1.0,0.9950000047683716
0,80349449,4796,1.0,0.9950000047683716
0,80349449,4797,1.0,0.9899999499320984
0,80349449,4798,1.0,0.9899999499320984
0,80349449,4799,1.0,0.9950000047683716
0,80349449,4800,1.0,0.9899999499320984
0,80349449,4801,1.0,0.9950000047683716
0,80349449,4802,1.0,0.9899999499320984
0,80349449,4803,1.0,0.9950000047683716
0,80349449,4804,1.0,0.9899999499320984
0,80349449,4805,1.0,0.9950000047683716
0,80349449,4806,1.0,0.9950000047683716
0,80349449,4807,1.0,0.9950000047683716
0,80349449,4808,1.0,0.9950000047683716
0,80349449,4809,1.0,0.9950000047683716
0,80349449,4810,1.0,0.9950000047683716
0,80349449,4811,1.0,0.9950000047683716
0,80349449,4812,1.0,0.9950000047683716
0,80349449,4813,1.0,0.9950000047683716
0,80349449,4814,1.0,0.9950000047683716
0,80349449,4815,1.0,0.9950000047683716
0,80349449,4816,1.0,0.9950000047683716
0,80349449,4817,1.0,0.9950000047683716
0,80349449,4818,1.0,0.9950000047683716
0,80349449,4819,1.0,0.9950000047683716
0,80349449,4820,1.0,0.9950000047683716
0,80349449,4821,1.0,0.9950000047683716
0,80349449,4822,1.0,0.9950000047683716
0,80349449,4823,1.0,0.9950000047683716
0,80349449,4824,1.0,0.9950000047683716
0,80349449,4825,1.0,0.9950000047683716
0,80349449,4826,1.0,0.9950000047683716
0,80349449,4827,1.0,0.9899999499320984
0,80349449,4828,1.0,0.9899999499320984
0,80349449,4829,1.0,0.9950000047683716
0,80349449,4830,1.0,0.9950000047683716
0,80349449,4831,1.0,0.9950000047683716
0,80349449,4832,1.0,0.9950000047683716
0,80349449,4833,1.0,0.9950000047683716
0,80349449,4834,1.0,0.9950000047683716
0,80349449,4835,1.0,0.9950000047683716
0,80349449,4836,1.0,0.9950000047683716
0,80349449,4837,1.0,0.9899999499320984
0,80349449,4838,1.0,0.9950000047683716
0,80349449,4839,1.0,0.9950000047683716
0,80349449,4840,1.0,0.9899999499320984
0,80349449,4841,1.0,0.9950000047683716
0,80349449,4842,1.0,0.9950000047683716
0,80349449,4843,1.0,0.9950000047683716
0,80349449,4844,1.0,0.9950000047683716
0,80349449,4845,1.0,0.9950000047683716
0,80349449,4846,1.0,0.9950000047683716
0,80349449,4847,1.0,0.9950000047683716
0,80349449,4848,1.0,0.9899999499320984
0,80349449,4849,1.0,0.9950000047683716
0,80349449,4850,1.0,0.9899999499320984
0,80349449,4851,1.0,0.9950000047683716
0,80349449,4852,1.0,0.9950000047683716
0,80349449,4853,1.0,0.9950000047683716
0,80349449,4854,1.0,0.9950000047683716
0,80349449,4855,1.0,0.9950000047683716
0,80349449,4856,1.0,0.9950000047683716
0,80349449,4857,1.0,0.9950000047683716
0,80349449,4858,1.0,0.9899999499320984
0,80349449,4859,1.0,0.9899999499320984
0,80349449,4860,1.0,0.9899999499320984
0,80349449,4861,1.0,0.9899999499320984
0,80349449,4862,1.0,0.9899999499320984
0,80349449,4863,1.0,0.9950000047683716
0,80349449,4864,1.0,0.9950000047683716
0,80349449,4865,1.0,0.9950000047683716
0,80349449,4866,1.0,0.9950000047683716
0,80349449,4867,1.0,0.9950000047683716
0,80349449,4868,1.0,0.9950000047683716
0,80349449,4869,1.0,0.9899999499320984
0,80349449,4870,1.0,0.9899999499320984
0,80349449,4871,1.0,0.9899999499320984
0,80349449,4872,1.0,0.9899999499320984
0,80349449,4873,1.0,0.9899999499320984
0,80349449,4874,1.0,0.9899999499320984
0,80349449,4875,1.0,0.9899999499320984
0,80349449,4876,1.0,0.9899999499320984
0,80349449,4877,1.0,0.9899999499320984
0,80349449,4878,1.0,0.9899999499320984
0,80349449,4879,1.0,0.9899999499320984
0,80349449,4880,1.0,0.9950000047683716
0,80349449,4881,1.0,0.9950000047683716
0,80349449,4882,1.0,0.9950000047683716
0,80349449,4883,1.0,0.9950000047683716
0,80349449,4884,1.0,0.9950000047683716
0,80349449,4885,1.0,0.9950000047683716
0,80349449,4886,1.0,0.9950000047683716
0,80349449,4887,1.0,0.9950000047683716
0,80349449,4888,1.0,0.9899999499320984
0,80349449,4889,1.0,0.9899999499320984
0,80349449,4890,1.0,0.9899999499320984
0,80349449,4891,1.0,0.9899999499320984
0,80349449,4892,1.0,0.9950000047683716
0,80349449,4893,1.0,0.9899999499320984
0,80349449,4894,1.0,0.9950000047683716
0,80349449,4895,1.0,0.9950000047683716
0,80349449,4896,1.0,0.9950000047683716
0,80349449,4897,1.0,0.9950000047683716
0,80349449,4898,1.0,0.9950000047683716
0,80349449,4899,1.0,0.9899999499320984
0,80349449,4900,1.0,0.9899999499320984
0,80349449,4901,1.0,0.9950000047683716
0,80349449,4902,1.0,0.9899999499320984
0,80349449,4903,1.0,0.9950000047683716
0,80349449,4904,1.0,0.9899999499320984
0,80349449,4905,1.0,0.9950000047683716
0,80349449,4906,1.0,0.9950000047683716
0,80349449,4907,1.0,0.9950000047683716
0,80349449,4908,1.0,0.9950000047683716
0,80349449,4909,1.0,0.9950000047683716
0,80349449,4910,1.0,0.9950000047683716
0,80349449,4911,1.0,0.9950000047683716
0,80349449,4912,1.0,0.9899999499320984
0,80349449,4913,1.0,0.9899999499320984
0,80349449,4914,1.0,0.9899999499320984
0,80349449,4915,1.0,0.9899999499320984
0,80349449,4916,1.0,0.9899999499320984
0,80349449,4917,1.0,0.9899999499320984
0,80349449,4918,1.0,0.9899999499320984
0,80349449,4919,1.0,0.9950000047683716
0,80349449,4920,1.0,0.9950000047683716
0,80349449,4921,1.0,0.9950000047683716
0,80349449,4922,1.0,0.9950000047683716
0,80349449,4923,1.0,0.9950000047683716
0,80349449,4924,1.0,0.9950000047683716
0,80349449,4925,1.0,0.9950000047683716
0,80349449,4926,1.0,0.9950000047683716
0,80349449,4927,1.0,0.9950000047683716
0,80349449,4928,1.0,0.9950000047683716
0,80349449,4929,1.0,0.9899999499320984
0,80349449,4930,1.0,0.9899999499320984
0,80349449,4931,1.0,0.9899999499320984
0,80349449,4932,1.0,0.9899999499320984
0,80349449,4933,1.0,0.9950000047683716
0,80349449,4934,1.0,0.9899999499320984
0,80349449,4935,1.0,0.9950000047683716
0,80349449,4936,1.0,0.9950000047683716
0,80349449,4937,1.0,0.9950000047683716
0,80349449,4938,1.0,0.9950000047683716
0,80349449,4939,1.0,0.9950000047683716
0,80349449,4940,1.0,0.9950000047683716
0,80349449,4941,1.0,0.9899999499320984
0,80349449,4942,1.0,0.9950000047683716
0,80349449,4943,1.0,0.9950000047683716
0,80349449,4944,1.0,0.9950000047683716
0,80349449,4945,1.0,0.9899999499320984
0,80349449,4946,1.0,0.9899999499320984
0,80349449,4947,1.0,0.9950000047683716
0,80349449,4948,1.0,0.9950000047683716
0,80349449,4949,1.0,0.9950000047683716
0,80349449,4950,1.0,0.9950000047683716
0,80349449,4951,1.0,0.9950000047683716
0,80349449,4952,1.0,0.9950000047683716
0,80349449,4953,1.0,0.9950000047683716
0,80349449,4954,1.0,0.9950000047683716
0,80349449,4955,1.0,0.9950000047683716
0,80349449,4956,1.0,0.9899999499320984
0,80349449,4957,1.0,0.9899999499320984
0,80349449,4958,1.0,0.9950000047683716
0,80349449,4959,1.0,0.9950000047683716
0,80349449,4960,1.0,0.9950000047683716
0,80349449,4961,1.0,0.9950000047683716
0,80349449,4962,1.0,0.9950000047683716
0,80349449,4963,1.0,0.9899999499320984
0,80349449,4964,1.0,0.9950000047683716
0,80349449,4965,1.0,0.9950000047683716
0,80349449,4966,1.0,0.9950000047683716
0,80349449,4967,1.0,0.9950000047683716
0,80349449,4968,1.0,0.9950000047683716
0,80349449,4969,1.0,0.9950000047683716
0,80349449,4970,1.0,0.9950000047683716
0,80349449,4971,1.0,0.9950000047683716
0,80349449,4972,1.0,0.9950000047683716
0,80349449,4973,1.0,0.9950000047683716
0,80349449,4974,1.0,0.9950000047683716
0,80349449,4975,1.0,0.9950000047683716
0,80349449,4976,1.0,0.9899999499320984
0,80349449,4977,1.0,0.9899999499320984
0,80349449,4978,1.0,0.9899999499320984
0,80349449,4979,1.0,0.9899999499320984
0,80349449,4980,1.0,0.9950000047683716
0,80349449,4981,1.0,0.9899999499320984
0,80349449,4982,1.0,0.9899999499320984
0,80349449,4983,1.0,0.9899999499320984
0,80349449,4984,1.0,0.9950000047683716
0,80349449,4985,1.0,0.9950000047683716
0,80349449,4986,1.0,0.9950000047683716
0,80349449,4987,1.0,0.9950000047683716
0,80349449,4988,1.0,0.9899999499320984
0,80349449,4989,1.0,0.9899999499320984
0,80349449,4990,1.0,0.9899999499320984
0,80349449,4991,1.0,0.9950000047683716
0,80349449,4992,1.0,0.9950000047683716
0,80349449,4993,1.0,0.9899999499320984
0,80349449,4994,1.0,0.9950000047683716
0,80349449,4995,1.0,0.9950000047683716
0,80349449,4996,1.0,0.9950000047683716
0,80349449,4997,1.0,0.9950000047683716
0,80349449,4998,1.0,0.9950000047683716
0,80349449,4999,1.0,0.9950000047683716
0,80349449,5000,1.0,0.9899999499320984
1,827632318,0,0.5349999666213989,0.5149999856948853
1,827632318,1,0.5349999666213989,0.47999998927116394
1,827632318,2,0.5299999713897705,0.4749999940395355
1,827632318,3,0.5049999952316284,0.5
1,827632318,4,0.5099999904632568,0.4699999988079071
1,827632318,5,0.5049999952316284,0.4749999940395355
1,827632318,6,0.5199999809265137,0.5
1,827632318,7,0.5299999713897705,0.47999998927116394
1,827632318,8,0.5099999904632568,0.48499998450279236
1,827632318,9,0.5349999666213989,0.5
1,827632318,10,0.5299999713897705,0.48499998450279236
1,827632318,11,0.5299999713897705,0.4949999749660492
1,827632318,12,0.5399999618530273,0.4899999797344208
1,827632318,13,0.5349999666213989,0.4899999797344208
1,827632318,14,0.5349999666213989,0.47999998927116394
1,827632318,15,0.5349999666213989,0.4899999797344208
1,827632318,16,0.550000011920929,0.4899999797344208
1,827632318,17,0.550000011920929,0.47999998927116394
1,827632318,18,0.5550000071525574,0.4899999797344208
1,827632318,19,0.5600000023841858,0.4949999749660492
1,827632318,20,0.5450000166893005,0.48499998450279236
1,827632318,21,0.5699999928474426,0.48499998450279236
1,827632318,22,0.5600000023841858,0.4899999797344208
1,827632318,23,0.5849999785423279,0.48499998450279236
1,827632318,24,0.5649999976158142,0.4899999797344208
1,827632318,25,0.5899999737739563,0.48499998450279236
1,827632318,26,0.5699999928474426,0.48499998450279236
1,827632318,27,0.5999999642372131,0.4749999940395355
1,827632318,28,0.5949999690055847,0.4949999749660492
1,827632318,29,0.5999999642372131,0.48499998450279236
1,827632318,30,0.5849999785423279,0.4899999797344208
1,827632318,31,0.6049999594688416,0.48499998450279236
1,827632318,32,0.6100000143051147,0.4899999797344208
1,827632318,33,0.6049999594688416,0.48499998450279236
1,827632318,34,0.6100000143051147,0.4899999797344208
1,827632318,35,0.6049999594688416,0.48499998450279236
1,827632318,36,0.6200000047683716,0.4899999797344208
1,827632318,37,0.6100000143051147,0.4749999940395355
1,827632318,38,0.6200000047683716,0.4899999797344208
1,827632318,39,0.625,0.4899999797344208
1,827632318,40,0.6200000047683716,0.4899999797344208
1,827632318,41,0.6200000047683716,0.4899999797344208
1,827632318,42,0.6349999904632568,0.4899999797344208
1,827632318,43,0.6299999952316284,0.4699999988079071
1,827632318,44,0.6349999904632568,0.4949999749660492
1,827632318,45,0.625,0.4749999940395355
1,827632318,46,0.6299999952316284,0.4949999749660492
1,827632318,47,0.6349999904632568,0.47999998927116394
1,827632318,48,0.6349999904632568,0.4899999797344208
1,827632318,49,0.6349999904632568,0.48499998450279236
1,827632318,50,0.6349999904632568,0.4949999749660492
1,827632318,51,0.6399999856948853,0.48499998450279236
1,827632318,52,0.6449999809265137,0.4949999749660492
1,827632318,53,0.6349999904632568,0.4899999797344208
1,827632318,54,0.6499999761581421,0.48499998450279236
1,827632318,55,0.6499999761581421,0.4899999797344208
1,827632318,56,0.6499999761581421,0.4949999749660492
1,827632318,57,0.6549999713897705,0.48499998450279236
1,827632318,58,0.6549999713897705,0.5
1,827632318,59,0.6549999713897705,0.48499998450279236
1,827632318,60,0.6599999666213989,0.5049999952316284
1,827632318,61,0.6649999618530273,0.4949999749660492
1,827632318,62,0.6699999570846558,0.48499998450279236
1,827632318,63,0.6649999618530273,0.4899999797344208
1,827632318,64,0.6599999666213989,0.4949999749660492
1,827632318,65,0.6699999570846558,0.4899999797344208
1,827632318,66,0.6699999570846558,0.5
1,827632318,67,0.6699999570846558,0.48499998450279236
1,827632318,68,0.6800000071525574,0.5049999952316284
1,827632318,69,0.6850000023841858,0.47999998927116394
1,827632318,70,0.6800000071525574,0.4949999749660492
1,827632318,71,0.6800000071525574,0.4899999797344208
1,827632318,72,0.6899999976158142,0.5049999952316284
1,827632318,73,0.699999988079071,0.4749999940395355
1,827632318,74,0.6899999976158142,0.5049999952316284
1,827632318,75,0.699999988079071,0.4749999940395355
1,827632318,76,0.6850000023841858,0.4899999797344208
1,827632318,77,0.7099999785423279,0.47999998927116394
1,827632318,78,0.6850000023841858,0.4949999749660492
1,827632318,79,0.7099999785423279,0.47999998927116394
1,827632318,80,0.699999988079071,0.5
1,827632318,81,0.7199999690055847,0.4899999797344208
1,827632318,82,0.7149999737739563,0.5
1,827632318,83,0.7199999690055847,0.4949999749660492
1,827632318,84,0.7149999737739563,0.5049999952316284
1,827632318,85,0.7199999690055847,0.4949999749660492
1,827632318,86,0.7249999642372131,0.5049999952316284
1,827632318,87,0.7199999690055847,0.4899999797344208
1,827632318,88,0.73499995470047,0.5049999952316284
1,827632318,89,0.7199999690055847,0.4899999797344208
1,827632318,90,0.75,0.5
1,827632318,91,0.7249999642372131,0.4949999749660492
1,827632318,92,0.75,0.4949999749660492
1,827632318,93,0.73499995470047,0.4749999940395355
1,827632318,94,0.75,0.4949999749660492
1,827632318,95,0.73499995470047,0.47999998927116394
1,827632318,96,0.7599999904632568,0.4949999749660492
1,827632318,97,0.7450000047683716,0.48499998450279236
1,827632318,98,0.7549999952316284,0.5
1,827632318,99,0.7549999952316284,0.4699999988079071
1,827632318,100,0.7599999904632568,0.5
1,827632318,101,0.75,0.4949999749660492
1,827632318,102,0.7649999856948853,0.5
1,827632318,103,0.7699999809265137,0.48499998450279236
1,827632318,104,0.7749999761581421,0.5
1,827632318,105,0.7749999761581421,0.48499998450279236
1,827632318,106,0.7799999713897705,0.5
1,827632318,107,0.7799999713897705,0.48499998450279236
1,827632318,108,0.7849999666213989,0.5099999904632568
1,827632318,109,0.7799999713897705,0.4949999749660492
1,827632318,110,0.7849999666213989,0.5049999952316284
1,827632318,111,0.8050000071525574,0.4899999797344208
1,827632318,112,0.7899999618530273,0.5049999952316284
1,827632318,113,0.8050000071525574,0.4949999749660492
1,827632318,114,0.7899999618530273,0.5
1,827632318,115,0.8149999976158142,0.5049999952316284
1,827632318,116,0.8050000071525574,0.5049999952316284
1,827632318,117,0.8149999976158142,0.5
1,827632318,118,0.8149999976158142,0.5099999904632568
1,827632318,119,0.8100000023841858,0.5
1,827632318,120,0.8149999976158142,0.5049999952316284
1,827632318,121,0.8199999928474426,0.5
1,827632318,122,0.8149999976158142,0.5099999904632568
1,827632318,123,0.8149999976158142,0.5
1,827632318,124,0.8199999928474426,0.5
1,827632318,125,0.8299999833106995,0.5099999904632568
1,827632318,126,0.824999988079071,0.5049999952316284
1,827632318,127,0.824999988079071,0.5
1,827632318,128,0.8399999737739563,0.5099999904632568
1,827632318,129,0.8399999737739563,0.5099999904632568
1,827632318,130,0.8299999833106995,0.5
1,827632318,131,0.8449999690055847,0.5
1,827632318,132,0.8399999737739563,0.5
1,827632318,133,0.8399999737739563,0.5049999952316284
1,827632318,134,0.8549999594688416,0.5049999952316284
1,827632318,135,0.8449999690055847,0.5
1,827632318,136,0.8499999642372131,0.5
1,827632318,137,0.8499999642372131,0.5099999904632568
1,827632318,138,0.85999995470047,0.5149999856948853
1,827632318,139,0.85999995470047,0.5049999952316284
1,827632318,140,0.85999995470047,0.5099999904632568
1,827632318,141,0.85999995470047,0.4949999749660492
1,827632318,142,0.8700000047683716,0.5
1,827632318,143,0.85999995470047,0.5
1,827632318,144,0.875,0.5049999952316284
1,827632318,145,0.8650000095367432,0.5049999952316284
1,827632318,146,0.8849999904632568,0.5049999952316284
1,827632318,147,0.8700000047683716,0.4949999749660492
1,827632318,148,0.875,0.5099999904632568
1,827632318,149,0.8650000095367432,0.5049999952316284
1,827632318,150,0.8799999952316284,0.5049999952316284
1,827632318,151,0.8899999856948853,0.5
1,827632318,152,0.8799999952316284,0.5149999856948853
1,827632318,153,0.8899999856948853,0.4949999749660492
1,827632318,154,0.8899999856948853,0.5149999856948853
1,827632318,155,0.8949999809265137,0.5049999952316284
1,827632318,156,0.8949999809265137,0.5
1,827632318,157,0.8999999761581421,0.5099999904632568
1,827632318,158,0.8949999809265137,0.5049999952316284
1,827632318,159,0.8949999809265137,0.5049999952316284
1,827632318,160,0.9049999713897705,0.5149999856948853
1,827632318,161,0.9049999713897705,0.5049999952316284
1,827632318,162,0.9099999666213989,0.5149999856948853
1,827632318,163,0.9049999713897705,0.5
1,827632318,164,0.9099999666213989,0.5099999904632568
1,827632318,165,0.9049999713897705,0.5099999904632568
1,827632318,166,0.9099999666213989,0.5149999856948853
1,827632318,167,0.9099999666213989,0.5049999952316284
1,827632318,168,0.9049999713897705,0.5149999856948853
1,827632318,169,0.9099999666213989,0.5049999952316284
1,827632318,170,0.9099999666213989,0.5099999904632568
1,827632318,171,0.9149999618530273,0.5049999952316284
1,827632318,172,0.9099999666213989,0.5199999809265137
1,827632318,173,0.9149999618530273,0.5049999952316284
1,827632318,174,0.9099999666213989,0.5299999713897705
1,827632318,175,0.9199999570846558,0.5049999952316284
1,827632318,176,0.9149999618530273,0.5249999761581421
1,827632318,177,0.9249999523162842,0.5049999952316284
1,827632318,178,0.9099999666213989,0.5099999904632568
1,827632318,179,0.9249999523162842,0.5
1,827632318,180,0.9149999618530273,0.5149999856948853
1,827632318,181,0.9300000071525574,0.5199999809265137
1,827632318,182,0.9199999570846558,0.5099999904632568
1,827632318,183,0.9300000071525574,0.5049999952316284
1,827632318,184,0.9249999523162842,0.5099999904632568
1,827632318,185,0.9449999928474426,0.5149999856948853
1,827632318,186,0.9199999570846558,0.5199999809265137
1,827632318,187,0.9449999928474426,0.5049999952316284
1,827632318,188,0.9249999523162842,0.5099999904632568
1,827632318,189,0.949999988079071,0.5299999713897705
1,827632318,190,0.9300000071525574,0.4949999749660492
1,827632318,191,0.9449999928474426,0.5199999809265137
1,827632318,192,0.9249999523162842,0.5149999856948853
1,827632318,193,0.949999988079071,0.5199999809265137
1,827632318,194,0.9350000023841858,0.5049999952316284
1,827632318,195,0.949999988079071,0.5099999904632568
1,827632318,196,0.9399999976158142,0.5199999809265137
1,827632318,197,0.9549999833106995,0.5199999809265137
1,827632318,198,0.9399999976158142,0.5099999904632568
1,827632318,199,0.9599999785423279,0.5249999761581421
1,827632318,200,0.9449999928474426,0.5149999856948853
1,827632318,201,0.9549999833106995,0.5149999856948853
1,827632318,202,0.949999988079071,0.5099999904632568
1,827632318,203,0.9599999785423279,0.5149999856948853
1,827632318,204,0.9549999833106995,0.5199999809265137
1,827632318,205,0.9549999833106995,0.5149999856948853
1,827632318,206,0.9549999833106995,0.5049999952316284
1,827632318,207,0.9599999785423279,0.5199999809265137
1,827632318,208,0.9549999833106995,0.5
1,827632318,209,0.9599999785423279,0.5049999952316284
1,827632318,210,0.9599999785423279,0.5199999809265137
1,827632318,211,0.9599999785423279,0.5
1,827632318,212,0.9599999785423279,0.5149999856948853
1,827632318,213,0.9649999737739563,0.5149999856948853
1,827632318,214,0.9649999737739563,0.5149999856948853
1,827632318,215,0.9599999785423279,0.5199999809265137
1,827632318,216,0.9599999785423279,0.5149999856948853
1,827632318,217,0.9649999737739563,0.5149999856948853
1,827632318,218,0.9599999785423279,0.5199999809265137
1,827632318,219,0.9649999737739563,0.5199999809265137
1,827632318,220,0.9649999737739563,0.5149999856948853
1,827632318,221,0.9649999737739563,0.5099999904632568
1,827632318,222,0.9649999737739563,0.5199999809265137
1,827632318,223,0.9649999737739563,0.5199999809265137
1,827632318,224,0.9649999737739563,0.5249999761581421
1,827632318,225,0.9649999737739563,0.5099999904632568
1,827632318,226,0.9699999690055847,0.5149999856948853
1,827632318,227,0.9649999737739563,0.5099999904632568
1,827632318,228,0.9699999690055847,0.5249999761581421
1,827632318,229,0.9649999737739563,0.5199999809265137
1,827632318,230,0.9699999690055847,0.5099999904632568
1,827632318,231,0.9749999642372131,0.5049999952316284
1,827632318,232,0.9699999690055847,0.5149999856948853
1,827632318,233,0.9749999642372131,0.5249999761581421
1,827632318,234,0.9799999594688416,0.5149999856948853
1,827632318,235,0.9749999642372131,0.5249999761581421
1,827632318,236,0.9799999594688416,0.5199999809265137
1,827632318,237,0.9799999594688416,0.5199999809265137
1,827632318,238,0.98499995470047,0.5099999904632568
1,827632318,239,0.9699999690055847,0.5299999713897705
1,827632318,240,0.98499995470047,0.5149999856948853
1,827632318,241,0.98499995470047,0.5249999761581421
1,827632318,242,0.98499995470047,0.5199999809265137
1,827632318,243,0.9799999594688416,0.5149999856948853
1,827632318,244,0.98499995470047,0.5099999904632568
1,827632318,245,0.98499995470047,0.5349999666213989
1,827632318,246,0.98499995470047,0.5049999952316284
1,827632318,247,0.9799999594688416,0.5299999713897705
1,827632318,248,0.9899999499320984,0.5199999809265137
1,827632318,249,0.98499995470047,0.5349999666213989
1,827632318,250,0.9950000047683716,0.5249999761581421
1,827632318,251,0.9799999594688416,0.5299999713897705
1,827632318,252,0.9899999499320984,0.5099999904632568
1,827632318,253,0.9799999594688416,0.5249999761581421
1,827632318,254,0.9899999499320984,0.5199999809265137
1,827632318,255,0.9799999594688416,0.5199999809265137
1,827632318,256,0.9899999499320984,0.5299999713897705
1,827632318,257,0.98499995470047,0.5299999713897705
1,827632318,258,0.9950000047683716,0.5199999809265137
1,827632318,259,0.9899999499320984,0.5149999856948853
1,827632318,260,0.9899999499320984,0.5249999761581421
1,827632318,261,0.9899999499320984,0.5199999809265137
1,827632318,262,0.9950000047683716,0.5149999856948853
1,827632318,263,0.9899999499320984,0.5349999666213989
1,827632318,264,0.9950000047683716,0.5199999809265137
1,827632318,265,0.9899999499320984,0.5249999761581421
1,827632318,266,0.9950000047683716,0.5299999713897705
1,827632318,267,0.9950000047683716,0.5199999809265137
1,827632318,268,0.9950000047683716,0.5199999809265137
1,827632318,269,0.9899999499320984,0.5199999809265137
1,827632318,270,0.9950000047683716,0.5299999713897705
1,827632318,271,0.9899999499320984,0.5299999713897705
1,827632318,272,0.9950000047683716,0.5349999666213989
1,827632318,273,0.9950000047683716,0.5249999761581421
1,827632318,274,0.9950000047683716,0.5299999713897705
1,827632318,275,0.9950000047683716,0.5249999761581421
1,827632318,276,0.9950000047683716,0.5349999666213989
1,827632318,277,0.9950000047683716,0.5299999713897705
1,827632318,278,0.9950000047683716,0.5199999809265137
1,827632318,279,0.9950000047683716,0.5199999809265137
1,827632318,280,0.9950000047683716,0.5349999666213989
1,827632318,281,0.9950000047683716,0.5249999761581421
1,827632318,282,0.9950000047683716,0.5149999856948853
1,827632318,283,1.0,0.5399999618530273
1,827632318,284,0.9950000047683716,0.5349999666213989
1,827632318,285,1.0,0.5349999666213989
1,827632318,286,0.9950000047683716,0.5299999713897705
1,827632318,287,0.9950000047683716,0.5349999666213989
1,827632318,288,1.0,0.5349999666213989
1,827632318,289,0.9950000047683716,0.5249999761581421
1,827632318,290,1.0,0.5349999666213989
1,827632318,291,0.9950000047683716,0.5249999761581421
1,827632318,292,1.0,0.5299999713897705
1,827632318,293,1.0,0.5349999666213989
1,827632318,294,1.0,0.5299999713897705
1,827632318,295,0.9950000047683716,0.5249999761581421
1,827632318,296,1.0,0.5450000166893005
1,827632318,297,0.9950000047683716,0.5249999761581421
1,827632318,298,1.0,0.5349999666213989
1,827632318,299,1.0,0.5249999761581421
1,827632318,300,1.0,0.5450000166893005
1,827632318,301,1.0,0.5299999713897705
1,827632318,302,1.0,0.550000011920929
1,827632318,303,1.0,0.5249999761581421
1,827632318,304,1.0,0.5399999618530273
1,827632318,305,1.0,0.5299999713897705
1,827632318,306,1.0,0.5450000166893005
1,827632318,307,1.0,0.5450000166893005
1,827632318,308,1.0,0.5299999713897705
1,827632318,309,1.0,0.5349999666213989
1,827632318,310,1.0,0.5299999713897705
1,827632318,311,1.0,0.5399999618530273
1,827632318,312,1.0,0.5349999666213989
1,827632318,313,1.0,0.550000011920929
1,827632318,314,1.0,0.5299999713897705
1,827632318,315,1.0,0.5399999618530273
1,827632318,316,1.0,0.5349999666213989
1,827632318,317,1.0,0.5399999618530273
1,827632318,318,1.0,0.5249999761581421
1,827632318,319,1.0,0.5399999618530273
1,827632318,320,1.0,0.5299999713897705
1,827632318,321,1.0,0.5349999666213989
1,827632318,322,1.0,0.5399999618530273
1,827632318,323,1.0,0.5349999666213989
1,827632318,324,1.0,0.5249999761581421
1,827632318,325,1.0,0.5249999761581421
1,827632318,326,1.0,0.5349999666213989
1,827632318,327,1.0,0.5349999666213989
1,827632318,328,1.0,0.5349999666213989
1,827632318,329,1.0,0.5399999618530273
1,827632318,330,1.0,0.5349999666213989
1,827632318,331,1.0,0.5349999666213989
1,827632318,332,1.0,0.5399999618530273
1,827632318,333,1.0,0.5349999666213989
1,827632318,334,1.0,0.5199999809265137
1,827632318,335,1.0,0.5349999666213989
1,827632318,336,1.0,0.5399999618530273
1,827632318,337,1.0,0.5450000166893005
1,827632318,338,1.0,0.550000011920929
1,827632318,339,1.0,0.5399999618530273
1,827632318,340,1.0,0.550000011920929
1,827632318,341,1.0,0.5299999713897705
1,827632318,342,1.0,0.5399999618530273
1,827632318,343,1.0,0.5349999666213989
1,827632318,344,1.0,0.5600000023841858
1,827632318,345,1.0,0.5399999618530273
1,827632318,346,1.0,0.5349999666213989
1,827632318,347,1.0,0.5399999618530273
1,827632318,348,1.0,0.5399999618530273
1,827632318,349,1.0,0.5550000071525574
1,827632318,350,1.0,0.5349999666213989
1,827632318,351,1.0,0.5399999618530273
1,827632318,352,1.0,0.5399999618530273
1,827632318,353,1.0,0.5550000071525574
1,827632318,354,1.0,0.5349999666213989
1,827632318,355,1.0,0.5450000166893005
1,827632318,356,1.0,0.550000011920929
1,827632318,357,1.0,0.5299999713897705
1,827632318,358,1.0,0.5399999618530273
1,827632318,359,1.0,0.5450000166893005
1,827632318,360,1.0,0.5450000166893005
1,827632318,361,1.0,0.5299999713897705
1,827632318,362,1.0,0.5550000071525574
1,827632318,363,1.0,0.5349999666213989
1,827632318,364,1.0,0.5349999666213989
1,827632318,365,1.0,0.5550000071525574
1,827632318,366,1.0,0.5450000166893005
1,827632318,367,1.0,0.5299999713897705
1,827632318,368,1.0,0.5399999618530273
1,827632318,369,1.0,0.5299999713897705
1,827632318,370,1.0,0.5600000023841858
1,827632318,371,1.0,0.5299999713897705
1,827632318,372,1.0,0.550000011920929
1,827632318,373,1.0,0.5399999618530273
1,827632318,374,1.0,0.5450000166893005
1,827632318,375,1.0,0.5399999618530273
1,827632318,376,1.0,0.5399999618530273
1,827632318,377,1.0,0.550000011920929
1,827632318,378,1.0,0.5450000166893005
1,827632318,379,1.0,0.5399999618530273
1,827632318,380,1.0,0.5550000071525574
1,827632318,381,1.0,0.5450000166893005
1,827632318,382,1.0,0.5550000071525574
1,827632318,383,1.0,0.5450000166893005
1,827632318,384,1.0,0.5550000071525574
1,827632318,385,1.0,0.5600000023841858
1,827632318,386,1.0,0.5399999618530273
1,827632318,387,1.0,0.550000011920929
1,827632318,388,1.0,0.5450000166893005
1,827632318,389,1.0,0.5450000166893005
1,827632318,390,1.0,0.5550000071525574
1,827632318,391,1.0,0.5349999666213989
1,827632318,392,1.0,0.5450000166893005
1,827632318,393,1.0,0.5450000166893005
1,827632318,394,1.0,0.550000011920929
1,827632318,395,1.0,0.5550000071525574
1,827632318,396,1.0,0.5550000071525574
1,827632318,397,1.0,0.550000011920929
1,827632318,398,1.0,0.5550000071525574
1,827632318,399,1.0,0.5399999618530273
1,827632318,400,1.0,0.550000011920929
1,827632318,401,1.0,0.550000011920929
1,827632318,402,1.0,0.5450000166893005
1,827632318,403,1.0,0.5649999976158142
1,827632318,404,1.0,0.5550000071525574
1,827632318,405,1.0,0.5600000023841858
1,827632318,406,1.0,0.5600000023841858
1,827632318,407,1.0,0.5399999618530273
1,827632318,408,1.0,0.5450000166893005
1,827632318,409,1.0,0.574999988079071
1,827632318,410,1.0,0.550000011920929
1,827632318,411,1.0,0.5699999928474426
1,827632318,412,1.0,0.5600000023841858
1,827632318,413,1.0,0.5550000071525574
1,827632318,414,1.0,0.550000011920929
1,827632318,415,1.0,0.5550000071525574
1,827632318,416,1.0,0.5450000166893005
1,827632318,417,1.0,0.5600000023841858
1,827632318,418,1.0,0.5600000023841858
1,827632318,419,1.0,0.5600000023841858
1,827632318,420,1.0,0.5550000071525574
1,827632318,421,1.0,0.5600000023841858
1,827632318,422,1.0,0.550000011920929
1,827632318,423,1.0,0.574999988079071
1,827632318,424,1.0,0.5450000166893005
1,827632318,425,1.0,0.5649999976158142
1,827632318,426,1.0,0.5450000166893005
1,827632318,427,1.0,0.5649999976158142
1,827632318,428,1.0,0.5550000071525574
1,827632318,429,1.0,0.5600000023841858
1,827632318,430,1.0,0.550000011920929
1,827632318,431,1.0,0.5550000071525574
1,827632318,432,1.0,0.5600000023841858
1,827632318,433,1.0,0.5550000071525574
1,827632318,434,1.0,0.5550000071525574
1,827632318,435,1.0,0.5649999976158142
1,827632318,436,1.0,0.550000011920929
1,827632318,437,1.0,0.5649999976158142
1,827632318,438,1.0,0.550000011920929
1,827632318,439,1.0,0.5649999976158142
1,827632318,440,1.0,0.5600000023841858
1,827632318,441,1.0,0.5600000023841858
1,827632318,442,1.0,0.5550000071525574
1,827632318,443,1.0,0.5799999833106995
1,827632318,444,1.0,0.5550000071525574
1,827632318,445,1.0,0.5600000023841858
1,827632318,446,1.0,0.574999988079071
1,827632318,447,1.0,0.5600000023841858
1,827632318,448,1.0,0.5600000023841858
1,827632318,449,1.0,0.5649999976158142
1,827632318,450,1.0,0.5600000023841858
1,827632318,451,1.0,0.5550000071525574
1,827632318,452,1.0,0.5600000023841858
1,827632318,453,1.0,0.574999988079071
1,827632318,454,1.0,0.5550000071525574
1,827632318,455,1.0,0.5699999928474426
1,827632318,456,1.0,0.5649999976158142
1,827632318,457,1.0,0.5649999976158142
1,827632318,458,1.0,0.5849999785423279
1,827632318,459,1.0,0.5550000071525574
1,827632318,460,1.0,0.5699999928474426
1,827632318,461,1.0,0.5649999976158142
1,827632318,462,1.0,0.5699999928474426
1,827632318,463,1.0,0.550000011920929
1,827632318,464,1.0,0.5799999833106995
1,827632318,465,1.0,0.574999988079071
1,827632318,466,1.0,0.5550000071525574
1,827632318,467,1.0,0.5849999785423279
1,827632318,468,1.0,0.5699999928474426
1,827632318,469,1.0,0.574999988079071
1,827632318,470,1.0,0.5699999928474426
1,827632318,471,1.0,0.5649999976158142
1,827632318,472,1.0,0.5450000166893005
1,827632318,473,1.0,0.5699999928474426
1,827632318,474,1.0,0.5600000023841858
1,827632318,475,1.0,0.5649999976158142
1,827632318,476,1.0,0.574999988079071
1,827632318,477,1.0,0.574999988079071
1,827632318,478,1.0,0.5699999928474426
1,827632318,479,1.0,0.5649999976158142
1,827632318,480,1.0,0.5649999976158142
1,827632318,481,1.0,0.5600000023841858
1,827632318,482,1.0,0.5699999928474426
1,827632318,483,1.0,0.5699999928474426
1,827632318,484,1.0,0.574999988079071
1,827632318,485,1.0,0.574999988079071
1,827632318,486,1.0,0.5699999928474426
1,827632318,487,1.0,0.5699999928474426
1,827632318,488,1.0,0.5649999976158142
1,827632318,489,1.0,0.5849999785423279
1,827632318,490,1.0,0.5799999833106995
1,827632318,491,1.0,0.574999988079071
1,827632318,492,1.0,0.5699999928474426
1,827632318,493,1.0,0.574999988079071
1,827632318,494,1.0,0.5699999928474426
1,827632318,495,1.0,0.574999988079071
1,827632318,496,1.0,0.5799999833106995
1,827632318,497,1.0,0.574999988079071
1,827632318,498,1.0,0.574999988079071
1,827632318,499,1.0,0.574999988079071
1,827632318,500,1.0,0.5849999785423279
1,827632318,501,1.0,0.5699999928474426
1,827632318,502,1.0,0.574999988079071
1,827632318,503,1.0,0.5799999833106995
1,827632318,504,1.0,0.5849999785423279
1,827632318,505,1.0,0.5699999928474426
1,827632318,506,1.0,0.574999988079071
1,827632318,507,1.0,0.5849999785423279
1,827632318,508,1.0,0.5799999833106995
1,827632318,509,1.0,0.5799999833106995
1,827632318,510,1.0,0.5649999976158142
1,827632318,511,1.0,0.5899999737739563
1,827632318,512,1.0,0.574999988079071
1,827632318,513,1.0,0.5849999785423279
1,827632318,514,1.0,0.5899999737739563
1,827632318,515,1.0,0.5649999976158142
1,827632318,516,1.0,0.5949999690055847
1,827632318,517,1.0,0.5799999833106995
1,827632318,518,1.0,0.5649999976158142
1,827632318,519,1.0,0.6150000095367432
1,827632318,520,1.0,0.5899999737739563
1,827632318,521,1.0,0.5849999785423279
1,827632318,522,1.0,0.5849999785423279
1,827632318,523,1.0,0.5849999785423279
1,827632318,524,1.0,0.5799999833106995
1,827632318,525,1.0,0.5849999785423279
1,827632318,526,1.0,0.5799999833106995
1,827632318,527,1.0,0.5799999833106995
1,827632318,528,1.0,0.5949999690055847
1,827632318,529,1.0,0.574999988079071
1,827632318,530,1.0,0.5849999785423279
1,827632318,531,1.0,0.5999999642372131
1,827632318,532,1.0,0.5899999737739563
1,827632318,533,1.0,0.5849999785423279
1,827632318,534,1.0,0.5849999785423279
1,827632318,535,1.0,0.5949999690055847
1,827632318,536,1.0,0.5999999642372131
1,827632318,537,1.0,0.5849999785423279
1,827632318,538,1.0,0.5799999833106995
1,827632318,539,1.0,0.5799999833106995
1,827632318,540,1.0,0.5899999737739563
1,827632318,541,1.0,0.5949999690055847
1,827632318,542,1.0,0.5949999690055847
1,827632318,543,1.0,0.5899999737739563
1,827632318,544,1.0,0.5899999737739563
1,827632318,545,1.0,0.5849999785423279
1,827632318,546,1.0,0.5899999737739563
1,827632318,547,1.0,0.5799999833106995
1,827632318,548,1.0,0.5999999642372131
1,827632318,549,1.0,0.6049999594688416
1,827632318,550,1.0,0.5899999737739563
1,827632318,551,1.0,0.5699999928474426
1,827632318,552,1.0,0.5949999690055847
1,827632318,553,1.0,0.5899999737739563
1,827632318,554,1.0,0.5899999737739563
1,827632318,555,1.0,0.5999999642372131
1,827632318,556,1.0,0.5999999642372131
1,827632318,557,1.0,0.5999999642372131
1,827632318,558,1.0,0.574999988079071
1,827632318,559,1.0,0.5799999833106995
1,827632318,560,1.0,0.5799999833106995
1,827632318,561,1.0,0.6100000143051147
1,827632318,562,1.0,0.5849999785423279
1,827632318,563,1.0,0.6049999594688416
1,827632318,564,1.0,0.5799999833106995
1,827632318,565,1.0,0.5999999642372131
1,827632318,566,1.0,0.574999988079071
1,827632318,567,1.0,0.5999999642372131
1,827632318,568,1.0,0.6100000143051147
1,827632318,569,1.0,0.5999999642372131
1,827632318,570,1.0,0.5550000071525574
1,827632318,571,1.0,0.6100000143051147
1,827632318,572,1.0,0.5899999737739563
1,827632318,573,1.0,0.6150000095367432
1,827632318,574,1.0,0.5999999642372131
1,827632318,575,1.0,0.5949999690055847
1,827632318,576,1.0,0.5799999833106995
1,827632318,577,1.0,0.6200000047683716
1,827632318,578,1.0,0.5999999642372131
1,827632318,579,1.0,0.5949999690055847
1,827632318,580,1.0,0.5949999690055847
1,827632318,581,1.0,0.6100000143051147
1,827632318,582,1.0,0.5899999737739563
1,827632318,583,1.0,0.5899999737739563
1,827632318,584,1.0,0.5949999690055847
1,827632318,585,1.0,0.6100000143051147
1,827632318,586,1.0,0.5949999690055847
1,827632318,587,1.0,0.6049999594688416
1,827632318,588,1.0,0.5949999690055847
1,827632318,589,1.0,0.5899999737739563
1,827632318,590,1.0,0.5799999833106995
1,827632318,591,1.0,0.6100000143051147
1,827632318,592,1.0,0.6049999594688416
1,827632318,593,1.0,0.6100000143051147
1,827632318,594,1.0,0.6049999594688416
1,827632318,595,1.0,0.5949999690055847
1,827632318,596,1.0,0.6200000047683716
1,827632318,597,1.0,0.5949999690055847
1,827632318,598,1.0,0.5949999690055847
1,827632318,599,1.0,0.5849999785423279
1,827632318,600,1.0,0.5849999785423279
1,827632318,601,1.0,0.5999999642372131
1,827632318,602,1.0,0.5949999690055847
1,827632318,603,1.0,0.5999999642372131
1,827632318,604,1.0,0.6049999594688416
1,827632318,605,1.0,0.5849999785423279
1,827632318,606,1.0,0.6049999594688416
1,827632318,607,1.0,0.6049999594688416
1,827632318,608,1.0,0.6150000095367432
1,827632318,609,1.0,0.6100000143051147
1,827632318,610,1.0,0.5849999785423279
1,827632318,611,1.0,0.6049999594688416
1,827632318,612,1.0,0.6200000047683716
1,827632318,613,1.0,0.6100000143051147
1,827632318,614,1.0,0.6100000143051147
1,827632318,615,1.0,0.6150000095367432
1,827632318,616,1.0,0.5999999642372131
1,827632318,617,1.0,0.6049999594688416
1,827632318,618,1.0,0.6049999594688416
1,827632318,619,1.0,0.6049999594688416
1,827632318,620,1.0,0.6150000095367432
1,827632318,621,1.0,0.6200000047683716
1,827632318,622,1.0,0.6100000143051147
1,827632318,623,1.0,0.6100000143051147
1,827632318,624,1.0,0.6200000047683716
1,827632318,625,1.0,0.6150000095367432
1,827632318,626,1.0,0.5999999642372131
1,827632318,627,1.0,0.6150000095367432
1,827632318,628,1.0,0.6299999952316284
1,827632318,629,1.0,0.6100000143051147
1,827632318,630,1.0,0.625
1,827632318,631,1.0,0.625
1,827632318,632,1.0,0.625
1,827632318,633,1.0,0.6150000095367432
1,827632318,634,1.0,0.6399999856948853
1,827632318,635,1.0,0.5999999642372131
1,827632318,636,1.0,0.6349999904632568
1,827632318,637,1.0,0.6200000047683716
1,827632318,638,1.0,0.6100000143051147
1,827632318,639,1.0,0.625
1,827632318,640,1.0,0.6349999904632568
1,827632318,641,1.0,0.6100000143051147
1,827632318,642,1.0,0.6399999856948853
1,827632318,643,1.0,0.6150000095367432
1,827632318,644,1.0,0.625
1,827632318,645,1.0,0.6100000143051147
1,827632318,646,1.0,0.6549999713897705
1,827632318,647,1.0,0.625
1,827632318,648,1.0,0.6299999952316284
1,827632318,649,1.0,0.6150000095367432
1,827632318,650,1.0,0.6200000047683716
1,827632318,651,1.0,0.625
1,827632318,652,1.0,0.6399999856948853
1,827632318,653,1.0,0.6100000143051147
1,827632318,654,1.0,0.6200000047683716
1,827632318,655,1.0,0.6349999904632568
1,827632318,656,1.0,0.625
1,827632318,657,1.0,0.625
1,827632318,658,1.0,0.6299999952316284
1,827632318,659,1.0,0.6200000047683716
1,827632318,660,1.0,0.625
1,827632318,661,1.0,0.6150000095367432
1,827632318,662,1.0,0.625
1,827632318,663,1.0,0.6049999594688416
1,827632318,664,1.0,0.6649999618530273
1,827632318,665,1.0,0.625
1,827632318,666,1.0,0.6150000095367432
1,827632318,667,1.0,0.625
1,827632318,668,1.0,0.6349999904632568
1,827632318,669,1.0,0.6150000095367432
1,827632318,670,1.0,0.6449999809265137
1,827632318,671,1.0,0.6200000047683716
1,827632318,672,1.0,0.6349999904632568
1,827632318,673,1.0,0.6399999856948853
1,827632318,674,1.0,0.6349999904632568
1,827632318,675,1.0,0.6100000143051147
1,827632318,676,1.0,0.6449999809265137
1,827632318,677,1.0,0.625
1,827632318,678,1.0,0.6299999952316284
1,827632318,679,1.0,0.6399999856948853
1,827632318,680,1.0,0.6399999856948853
1,827632318,681,1.0,0.6399999856948853
1,827632318,682,1.0,0.6499999761581421
1,827632318,683,1.0,0.6299999952316284
1,827632318,684,1.0,0.6399999856948853
1,827632318,685,1.0,0.6200000047683716
1,827632318,686,1.0,0.6399999856948853
1,827632318,687,1.0,0.6399999856948853
1,827632318,688,1.0,0.6549999713897705
1,827632318,689,1.0,0.6399999856948853
1,827632318,690,1.0,0.6449999809265137
1,827632318,691,1.0,0.6200000047683716
1,827632318,692,1.0,0.6449999809265137
1,827632318,693,1.0,0.6449999809265137
1,827632318,694,1.0,0.6549999713897705
1,827632318,695,1.0,0.6349999904632568
1,827632318,696,1.0,0.6599999666213989
1,827632318,697,1.0,0.6399999856948853
1,827632318,698,1.0,0.6449999809265137
1,827632318,699,1.0,0.6399999856948853
1,827632318,700,1.0,0.6549999713897705
1,827632318,701,1.0,0.625
1,827632318,702,1.0,0.6449999809265137
1,827632318,703,1.0,0.6449999809265137
1,827632318,704,1.0,0.6399999856948853
1,827632318,705,1.0,0.6599999666213989
1,827632318,706,1.0,0.675000011920929
1,827632318,707,1.0,0.6299999952316284
1,827632318,708,1.0,0.6349999904632568
1,827632318,709,1.0,0.6549999713897705
1,827632318,710,1.0,0.6549999713897705
1,827632318,711,1.0,0.6649999618530273
1,827632318,712,1.0,0.6649999618530273
1,827632318,713,1.0,0.6549999713897705
1,827632318,714,1.0,0.6499999761581421
1,827632318,715,1.0,0.675000011920929
1,827632318,716,1.0,0.6499999761581421
1,827632318,717,1.0,0.6549999713897705
1,827632318,718,1.0,0.6699999570846558
1,827632318,719,1.0,0.6399999856948853
1,827632318,720,1.0,0.6800000071525574
1,827632318,721,1.0,0.6549999713897705
1,827632318,722,1.0,0.6549999713897705
1,827632318,723,1.0,0.6850000023841858
1,827632318,724,1.0,0.6599999666213989
1,827632318,725,1.0,0.6399999856948853
1,827632318,726,1.0,0.6649999618530273
1,827632318,727,1.0,0.6499999761581421
1,827632318,728,1.0,0.6800000071525574
1,827632318,729,1.0,0.6449999809265137
1,827632318,730,1.0,0.6549999713897705
1,827632318,731,1.0,0.6649999618530273
1,827632318,732,1.0,0.6599999666213989
1,827632318,733,1.0,0.6599999666213989
1,827632318,734,1.0,0.6599999666213989
1,827632318,735,1.0,0.6399999856948853
1,827632318,736,1.0,0.6549999713897705
1,827632318,737,1.0,0.6449999809265137
1,827632318,738,1.0,0.6649999618530273
1,827632318,739,1.0,0.6549999713897705
1,827632318,740,1.0,0.675000011920929
1,827632318,741,1.0,0.675000011920929
1,827632318,742,1.0,0.6699999570846558
1,827632318,743,1.0,0.675000011920929
1,827632318,744,1.0,0.6699999570846558
1,827632318,745,1.0,0.6649999618530273
1,827632318,746,1.0,0.6699999570846558
1,827632318,747,1.0,0.675000011920929
1,827632318,748,1.0,0.6649999618530273
1,827632318,749,1.0,0.6599999666213989
1,827632318,750,1.0,0.6800000071525574
1,827632318,751,1.0,0.6549999713897705
1,827632318,752,1.0,0.6800000071525574
1,827632318,753,1.0,0.6649999618530273
1,827632318,754,1.0,0.6549999713897705
1,827632318,755,1.0,0.6549999713897705
1,827632318,756,1.0,0.6800000071525574
1,827632318,757,1.0,0.6599999666213989
1,827632318,758,1.0,0.675000011920929
1,827632318,759,1.0,0.6599999666213989
1,827632318,760,1.0,0.675000011920929
1,827632318,761,1.0,0.6899999976158142
1,827632318,762,1.0,0.6800000071525574
1,827632318,763,1.0,0.6549999713897705
1,827632318,764,1.0,0.6949999928474426
1,827632318,765,1.0,0.6899999976158142
1,827632318,766,1.0,0.6949999928474426
1,827632318,767,1.0,0.6699999570846558
1,827632318,768,1.0,0.6800000071525574
1,827632318,769,1.0,0.675000011920929
1,827632318,770,1.0,0.6699999570846558
1,827632318,771,1.0,0.6800000071525574
1,827632318,772,1.0,0.6800000071525574
1,827632318,773,1.0,0.6899999976158142
1,827632318,774,1.0,0.6850000023841858
1,827632318,775,1.0,0.675000011920929
1,827632318,776,1.0,0.6800000071525574
1,827632318,777,1.0,0.6850000023841858
1,827632318,778,1.0,0.6899999976158142
1,827632318,779,1.0,0.6850000023841858
1,827632318,780,1.0,0.675000011920929
1,827632318,781,1.0,0.6850000023841858
1,827632318,782,1.0,0.6800000071525574
1,827632318,783,1.0,0.6949999928474426
1,827632318,784,1.0,0.675000011920929
1,827632318,785,1.0,0.6850000023841858
1,827632318,786,1.0,0.6850000023841858
1,827632318,787,1.0,0.6800000071525574
1,827632318,788,1.0,0.675000011920929
1,827632318,789,1.0,0.6800000071525574
1,827632318,790,1.0,0.6699999570846558
1,827632318,791,1.0,0.699999988079071
1,827632318,792,1.0,0.6899999976158142
1,827632318,793,1.0,0.6850000023841858
1,827632318,794,1.0,0.7099999785423279
1,827632318,795,1.0,0.6899999976158142
1,827632318,796,1.0,0.6850000023841858
1,827632318,797,1.0,0.7099999785423279
1,827632318,798,1.0,0.6850000023841858
1,827632318,799,1.0,0.6800000071525574
1,827632318,800,1.0,0.6949999928474426
1,827632318,801,1.0,0.675000011920929
1,827632318,802,1.0,0.6800000071525574
1,827632318,803,1.0,0.6949999928474426
1,827632318,804,1.0,0.6850000023841858
1,827632318,805,1.0,0.6899999976158142
1,827632318,806,1.0,0.6800000071525574
1,827632318,807,1.0,0.6899999976158142
1,827632318,808,1.0,0.6949999928474426
1,827632318,809,1.0,0.6949999928474426
1,827632318,810,1.0,0.675000011920929
1,827632318,811,1.0,0.6899999976158142
1,827632318,812,1.0,0.6850000023841858
1,827632318,813,1.0,0.699999988079071
1,827632318,814,1.0,0.6899999976158142
1,827632318,815,1.0,0.6850000023841858
1,827632318,816,1.0,0.6899999976158142
1,827632318,817,1.0,0.7099999785423279
1,827632318,818,1.0,0.699999988079071
1,827632318,819,1.0,0.6949999928474426
1,827632318,820,1.0,0.6899999976158142
1,827632318,821,1.0,0.7099999785423279
1,827632318,822,1.0,0.6850000023841858
1,827632318,823,1.0,0.6899999976158142
1,827632318,824,1.0,0.7049999833106995
1,827632318,825,1.0,0.6800000071525574
1,827632318,826,1.0,0.699999988079071
1,827632318,827,1.0,0.6850000023841858
1,827632318,828,1.0,0.6899999976158142
1,827632318,829,1.0,0.6899999976158142
1,827632318,830,1.0,0.7149999737739563
1,827632318,831,1.0,0.6800000071525574
1,827632318,832,1.0,0.6850000023841858
1,827632318,833,1.0,0.699999988079071
1,827632318,834,1.0,0.6899999976158142
1,827632318,835,1.0,0.6949999928474426
1,827632318,836,1.0,0.7099999785423279
1,827632318,837,1.0,0.6949999928474426
1,827632318,838,1.0,0.7049999833106995
1,827632318,839,1.0,0.6850000023841858
1,827632318,840,1.0,0.6850000023841858
1,827632318,841,1.0,0.699999988079071
1,827632318,842,1.0,0.7099999785423279
1,827632318,843,1.0,0.6949999928474426
1,827632318,844,1.0,0.699999988079071
1,827632318,845,1.0,0.6800000071525574
1,827632318,846,1.0,0.6949999928474426
1,827632318,847,1.0,0.6949999928474426
1,827632318,848,1.0,0.7199999690055847
1,827632318,849,1.0,0.7199999690055847
1,827632318,850,1.0,0.6949999928474426
1,827632318,851,1.0,0.6899999976158142
1,827632318,852,1.0,0.7049999833106995
1,827632318,853,1.0,0.7049999833106995
1,827632318,854,1.0,0.7099999785423279
1,827632318,855,1.0,0.699999988079071
1,827632318,856,1.0,0.6949999928474426
1,827632318,857,1.0,0.6899999976158142
1,827632318,858,1.0,0.6949999928474426
1,827632318,859,1.0,0.7049999833106995
1,827632318,860,1.0,0.7049999833106995
1,827632318,861,1.0,0.7099999785423279
1,827632318,862,1.0,0.7099999785423279
1,827632318,863,1.0,0.7049999833106995
1,827632318,864,1.0,0.7099999785423279
1,827632318,865,1.0,0.7199999690055847
1,827632318,866,1.0,0.699999988079071
1,827632318,867,1.0,0.6899999976158142
1,827632318,868,1.0,0.7149999737739563
1,827632318,869,1.0,0.7049999833106995
1,827632318,870,1.0,0.699999988079071
1,827632318,871,1.0,0.7149999737739563
1,827632318,872,1.0,0.7099999785423279
1,827632318,873,1.0,0.7099999785423279
1,827632318,874,1.0,0.7149999737739563
1,827632318,875,1.0,0.7149999737739563
1,827632318,876,1.0,0.699999988079071
1,827632318,877,1.0,0.7199999690055847
1,827632318,878,1.0,0.7099999785423279
1,827632318,879,1.0,0.7149999737739563
1,827632318,880,1.0,0.7199999690055847
1,827632318,881,1.0,0.7049999833106995
1,827632318,882,1.0,0.7099999785423279
1,827632318,883,1.0,0.7199999690055847
1,827632318,884,1.0,0.7049999833106995
1,827632318,885,1.0,0.699999988079071
1,827632318,886,1.0,0.7199999690055847
1,827632318,887,1.0,0.7199999690055847
1,827632318,888,1.0,0.7199999690055847
1,827632318,889,1.0,0.73499995470047
1,827632318,890,1.0,0.7149999737739563
1,827632318,891,1.0,0.7199999690055847
1,827632318,892,1.0,0.7249999642372131
1,827632318,893,1.0,0.6899999976158142
1,827632318,894,1.0,0.7149999737739563
1,827632318,895,1.0,0.7249999642372131
1,827632318,896,1.0,0.7049999833106995
1,827632318,897,1.0,0.7249999642372131
1,827632318,898,1.0,0.7299999594688416
1,827632318,899,1.0,0.7149999737739563
1,827632318,900,1.0,0.7199999690055847
1,827632318,901,1.0,0.7199999690055847
1,827632318,902,1.0,0.7149999737739563
1,827632318,903,1.0,0.73499995470047
1,827632318,904,1.0,0.7149999737739563
1,827632318,905,1.0,0.7149999737739563
1,827632318,906,1.0,0.7199999690055847
1,827632318,907,1.0,0.73499995470047
1,827632318,908,1.0,0.699999988079071
1,827632318,909,1.0,0.7099999785423279
1,827632318,910,1.0,0.7299999594688416
1,827632318,911,1.0,0.699999988079071
1,827632318,912,1.0,0.75
1,827632318,913,1.0,0.7199999690055847
1,827632318,914,1.0,0.7149999737739563
1,827632318,915,1.0,0.7199999690055847
1,827632318,916,1.0,0.75
1,827632318,917,1.0,0.7099999785423279
1,827632318,918,1.0,0.7299999594688416
1,827632318,919,1.0,0.7400000095367432
1,827632318,920,1.0,0.699999988079071
1,827632318,921,1.0,0.7249999642372131
1,827632318,922,1.0,0.7400000095367432
1,827632318,923,1.0,0.7099999785423279
1,827632318,924,1.0,0.7249999642372131
1,827632318,925,1.0,0.7400000095367432
1,827632318,926,1.0,0.7199999690055847
1,827632318,927,1.0,0.7199999690055847
1,827632318,928,1.0,0.7400000095367432
1,827632318,929,1.0,0.7199999690055847
1,827632318,930,1.0,0.7199999690055847
1,827632318,931,1.0,0.7299999594688416
1,827632318,932,1.0,0.7249999642372131
1,827632318,933,1.0,0.7299999594688416
1,827632318,934,1.0,0.7249999642372131
1,827632318,935,1.0,0.7199999690055847
1,827632318,936,1.0,0.7199999690055847
1,827632318,937,1.0,0.7400000095367432
1,827632318,938,1.0,0.7149999737739563
1,827632318,939,1.0,0.7249999642372131
1,827632318,940,1.0,0.73499995470047
1,827632318,941,1.0,0.7249999642372131
1,827632318,942,1.0,0.7299999594688416
1,827632318,943,1.0,0.7400000095367432
1,827632318,944,1.0,0.7199999690055847
1,827632318,945,1.0,0.7249999642372131
1,827632318,946,1.0,0.7549999952316284
1,827632318,947,1.0,0.73499995470047
1,827632318,948,1.0,0.7249999642372131
1,827632318,949,1.0,0.7599999904632568
1,827632318,950,1.0,0.73499995470047
1,827632318,951,1.0,0.7199999690055847
1,827632318,952,1.0,0.7199999690055847
1,827632318,953,1.0,0.7149999737739563
1,827632318,954,1.0,0.7249999642372131
1,827632318,955,1.0,0.7549999952316284
1,827632318,956,1.0,0.7199999690055847
1,827632318,957,1.0,0.7549999952316284
1,827632318,958,1.0,0.7400000095367432
1,827632318,959,1.0,0.7299999594688416
1,827632318,960,1.0,0.75
1,827632318,961,1.0,0.7299999594688416
1,827632318,962,1.0,0.7299999594688416
1,827632318,963,1.0,0.73499995470047
1,827632318,964,1.0,0.75
1,827632318,965,1.0,0.73499995470047
1,827632318,966,1.0,0.73499995470047
1,827632318,967,1.0,0.7649999856948853
1,827632318,968,1.0,0.7450000047683716
1,827632318,969,1.0,0.7400000095367432
1,827632318,970,1.0,0.7299999594688416
1,827632318,971,1.0,0.73499995470047
1,827632318,972,1.0,0.7450000047683716
1,827632318,973,1.0,0.7400000095367432
1,827632318,974,1.0,0.75
1,827632318,975,1.0,0.7450000047683716
1,827632318,976,1.0,0.7549999952316284
1,827632318,977,1.0,0.7400000095367432
1,827632318,978,1.0,0.7400000095367432
1,827632318,979,1.0,0.7400000095367432
1,827632318,980,1.0,0.7450000047683716
1,827632318,981,1.0,0.75
1,827632318,982,1.0,0.73499995470047
1,827632318,983,1.0,0.7549999952316284
1,827632318,984,1.0,0.7450000047683716
1,827632318,985,1.0,0.7649999856948853
1,827632318,986,1.0,0.7400000095367432
1,827632318,987,1.0,0.7400000095367432
1,827632318,988,1.0,0.75
1,827632318,989,1.0,0.7549999952316284
1,827632318,990,1.0,0.7450000047683716
1,827632318,991,1.0,0.75
1,827632318,992,1.0,0.7599999904632568
1,827632318,993,1.0,0.7450000047683716
1,827632318,994,1.0,0.7649999856948853
1,827632318,995,1.0,0.7400000095367432
1,827632318,996,1.0,0.75
1,827632318,997,1.0,0.7400000095367432
1,827632318,998,1.0,0.7549999952316284
1,827632318,999,1.0,0.7549999952316284
1,827632318,1000,1.0,0.7299999594688416
1,827632318,1001,1.0,0.7549999952316284
1,827632318,1002,1.0,0.7450000047683716
1,827632318,1003,1.0,0.75
1,827632318,1004,1.0,0.7400000095367432
1,827632318,1005,1.0,0.7549999952316284
1,827632318,1006,1.0,0.7649999856948853
1,827632318,1007,1.0,0.7649999856948853
1,827632318,1008,1.0,0.7450000047683716
1,827632318,1009,1.0,0.7599999904632568
1,827632318,1010,1.0,0.7599999904632568
1,827632318,1011,1.0,0.75
1,827632318,1012,1.0,0.75
1,827632318,1013,1.0,0.75
1,827632318,1014,1.0,0.75
1,827632318,1015,1.0,0.7649999856948853
1,827632318,1016,1.0,0.7649999856948853
1,827632318,1017,1.0,0.7649999856948853
1,827632318,1018,1.0,0.7599999904632568
1,827632318,1019,1.0,0.7400000095367432
1,827632318,1020,1.0,0.7549999952316284
1,827632318,1021,1.0,0.7549999952316284
1,827632318,1022,1.0,0.7549999952316284
1,827632318,1023,1.0,0.7599999904632568
1,827632318,1024,1.0,0.7549999952316284
1,827632318,1025,1.0,0.7599999904632568
1,827632318,1026,1.0,0.7649999856948853
1,827632318,1027,1.0,0.7549999952316284
1,827632318,1028,1.0,0.7549999952316284
1,827632318,1029,1.0,0.7549999952316284
1,827632318,1030,1.0,0.7749999761581421
1,827632318,1031,1.0,0.7649999856948853
1,827632318,1032,1.0,0.7599999904632568
1,827632318,1033,1.0,0.7649999856948853
1,827632318,1034,1.0,0.7599999904632568
1,827632318,1035,1.0,0.7699999809265137
1,827632318,1036,1.0,0.7749999761581421
1,827632318,1037,1.0,0.7549999952316284
1,827632318,1038,1.0,0.7749999761581421
1,827632318,1039,1.0,0.7649999856948853
1,827632318,1040,1.0,0.7699999809265137
1,827632318,1041,1.0,0.7649999856948853
1,827632318,1042,1.0,0.7649999856948853
1,827632318,1043,1.0,0.7599999904632568
1,827632318,1044,1.0,0.7699999809265137
1,827632318,1045,1.0,0.7799999713897705
1,827632318,1046,1.0,0.7649999856948853
1,827632318,1047,1.0,0.7849999666213989
1,827632318,1048,1.0,0.7699999809265137
1,827632318,1049,1.0,0.7599999904632568
1,827632318,1050,1.0,0.7649999856948853
1,827632318,1051,1.0,0.7749999761581421
1,827632318,1052,1.0,0.7599999904632568
1,827632318,1053,1.0,0.7649999856948853
1,827632318,1054,1.0,0.7949999570846558
1,827632318,1055,1.0,0.7699999809265137
1,827632318,1056,1.0,0.7649999856948853
1,827632318,1057,1.0,0.7899999618530273
1,827632318,1058,1.0,0.7749999761581421
1,827632318,1059,1.0,0.7849999666213989
1,827632318,1060,1.0,0.7799999713897705
1,827632318,1061,1.0,0.7649999856948853
1,827632318,1062,1.0,0.7599999904632568
1,827632318,1063,1.0,0.7799999713897705
1,827632318,1064,1.0,0.7649999856948853
1,827632318,1065,1.0,0.7649999856948853
1,827632318,1066,1.0,0.7749999761581421
1,827632318,1067,1.0,0.7849999666213989
1,827632318,1068,1.0,0.7749999761581421
1,827632318,1069,1.0,0.7749999761581421
1,827632318,1070,1.0,0.7799999713897705
1,827632318,1071,1.0,0.7649999856948853
1,827632318,1072,1.0,0.7699999809265137
1,827632318,1073,1.0,0.7649999856948853
1,827632318,1074,1.0,0.7799999713897705
1,827632318,1075,1.0,0.7599999904632568
1,827632318,1076,1.0,0.7649999856948853
1,827632318,1077,1.0,0.7699999809265137
1,827632318,1078,1.0,0.7749999761581421
1,827632318,1079,1.0,0.7799999713897705
1,827632318,1080,1.0,0.7699999809265137
1,827632318,1081,1.0,0.7599999904632568
1,827632318,1082,1.0,0.7749999761581421
1,827632318,1083,1.0,0.7949999570846558
1,827632318,1084,1.0,0.7749999761581421
1,827632318,1085,1.0,0.7749999761581421
1,827632318,1086,1.0,0.7749999761581421
1,827632318,1087,1.0,0.7899999618530273
1,827632318,1088,1.0,0.7649999856948853
1,827632318,1089,1.0,0.7749999761581421
1,827632318,1090,1.0,0.7899999618530273
1,827632318,1091,1.0,0.7699999809265137
1,827632318,1092,1.0,0.7949999570846558
1,827632318,1093,1.0,0.7799999713897705
1,827632318,1094,1.0,0.7699999809265137
1,827632318,1095,1.0,0.7899999618530273
1,827632318,1096,1.0,0.7949999570846558
1,827632318,1097,1.0,0.7849999666213989
1,827632318,1098,1.0,0.7749999761581421
1,827632318,1099,1.0,0.7849999666213989
1,827632318,1100,1.0,0.7849999666213989
1,827632318,1101,1.0,0.7699999809265137
1,827632318,1102,1.0,0.7799999713897705
1,827632318,1103,1.0,0.7899999618530273
1,827632318,1104,1.0,0.7799999713897705
1,827632318,1105,1.0,0.7699999809265137
1,827632318,1106,1.0,0.7999999523162842
1,827632318,1107,1.0,0.7949999570846558
1,827632318,1108,1.0,0.7999999523162842
1,827632318,1109,1.0,0.7649999856948853
1,827632318,1110,1.0,0.7749999761581421
1,827632318,1111,1.0,0.7849999666213989
1,827632318,1112,1.0,0.7749999761581421
1,827632318,1113,1.0,0.7699999809265137
1,827632318,1114,1.0,0.7949999570846558
1,827632318,1115,1.0,0.7749999761581421
1,827632318,1116,1.0,0.7849999666213989
1,827632318,1117,1.0,0.7949999570846558
1,827632318,1118,1.0,0.7999999523162842
1,827632318,1119,1.0,0.7899999618530273
1,827632318,1120,1.0,0.7899999618530273
1,827632318,1121,1.0,0.7799999713897705
1,827632318,1122,1.0,0.7999999523162842
1,827632318,1123,1.0,0.8050000071525574
1,827632318,1124,1.0,0.7799999713897705
1,827632318,1125,1.0,0.7849999666213989
1,827632318,1126,1.0,0.7899999618530273
1,827632318,1127,1.0,0.7799999713897705
1,827632318,1128,1.0,0.7949999570846558
1,827632318,1129,1.0,0.7949999570846558
1,827632318,1130,1.0,0.8100000023841858
1,827632318,1131,1.0,0.7949999570846558
1,827632318,1132,1.0,0.8050000071525574
1,827632318,1133,1.0,0.7849999666213989
1,827632318,1134,1.0,0.7899999618530273
1,827632318,1135,1.0,0.7949999570846558
1,827632318,1136,1.0,0.8100000023841858
1,827632318,1137,1.0,0.7899999618530273
1,827632318,1138,1.0,0.7999999523162842
1,827632318,1139,1.0,0.7899999618530273
1,827632318,1140,1.0,0.7799999713897705
1,827632318,1141,1.0,0.7949999570846558
1,827632318,1142,1.0,0.7949999570846558
1,827632318,1143,1.0,0.7799999713897705
1,827632318,1144,1.0,0.7999999523162842
1,827632318,1145,1.0,0.8100000023841858
1,827632318,1146,1.0,0.7949999570846558
1,827632318,1147,1.0,0.7949999570846558
1,827632318,1148,1.0,0.7899999618530273
1,827632318,1149,1.0,0.7849999666213989
1,827632318,1150,1.0,0.8050000071525574
1,827632318,1151,1.0,0.7899999618530273
1,827632318,1152,1.0,0.7999999523162842
1,827632318,1153,1.0,0.7849999666213989
1,827632318,1154,1.0,0.8100000023841858
1,827632318,1155,1.0,0.7849999666213989
1,827632318,1156,1.0,0.7899999618530273
1,827632318,1157,1.0,0.7999999523162842
1,827632318,1158,1.0,0.8050000071525574
1,827632318,1159,1.0,0.8050000071525574
1,827632318,1160,1.0,0.8100000023841858
1,827632318,1161,1.0,0.7949999570846558
1,827632318,1162,1.0,0.8050000071525574
1,827632318,1163,1.0,0.7949999570846558
1,827632318,1164,1.0,0.8050000071525574
1,827632318,1165,1.0,0.7949999570846558
1,827632318,1166,1.0,0.7949999570846558
1,827632318,1167,1.0,0.7949999570846558
1,827632318,1168,1.0,0.8100000023841858
1,827632318,1169,1.0,0.7999999523162842
1,827632318,1170,1.0,0.8050000071525574
1,827632318,1171,1.0,0.8050000071525574
1,827632318,1172,1.0,0.7999999523162842
1,827632318,1173,1.0,0.7899999618530273
1,827632318,1174,1.0,0.824999988079071
1,827632318,1175,1.0,0.8149999976158142
1,827632318,1176,1.0,0.8050000071525574
1,827632318,1177,1.0,0.7999999523162842
1,827632318,1178,1.0,0.7949999570846558
1,827632318,1179,1.0,0.7899999618530273
1,827632318,1180,1.0,0.8050000071525574
1,827632318,1181,1.0,0.7949999570846558
1,827632318,1182,1.0,0.8050000071525574
1,827632318,1183,1.0,0.7999999523162842
1,827632318,1184,1.0,0.7949999570846558
1,827632318,1185,1.0,0.7899999618530273
1,827632318,1186,1.0,0.8149999976158142
1,827632318,1187,1.0,0.8149999976158142
1,827632318,1188,1.0,0.8100000023841858
1,827632318,1189,1.0,0.8100000023841858
1,827632318,1190,1.0,0.8149999976158142
1,827632318,1191,1.0,0.8199999928474426
1,827632318,1192,1.0,0.8149999976158142
1,827632318,1193,1.0,0.8050000071525574
1,827632318,1194,1.0,0.8199999928474426
1,827632318,1195,1.0,0.8100000023841858
1,827632318,1196,1.0,0.7949999570846558
1,827632318,1197,1.0,0.8050000071525574
1,827632318,1198,1.0,0.8199999928474426
1,827632318,1199,1.0,0.8100000023841858
1,827632318,1200,1.0,0.7999999523162842
1,827632318,1201,1.0,0.8149999976158142
1,827632318,1202,1.0,0.8299999833106995
1,827632318,1203,1.0,0.7949999570846558
1,827632318,1204,1.0,0.824999988079071
1,827632318,1205,1.0,0.8149999976158142
1,827632318,1206,1.0,0.8050000071525574
1,827632318,1207,1.0,0.8149999976158142
1,827632318,1208,1.0,0.8299999833106995
1,827632318,1209,1.0,0.7849999666213989
1,827632318,1210,1.0,0.8149999976158142
1,827632318,1211,1.0,0.824999988079071
1,827632318,1212,1.0,0.8199999928474426
1,827632318,1213,1.0,0.8149999976158142
1,827632318,1214,1.0,0.824999988079071
1,827632318,1215,1.0,0.824999988079071
1,827632318,1216,1.0,0.8199999928474426
1,827632318,1217,1.0,0.8100000023841858
1,827632318,1218,1.0,0.8349999785423279
1,827632318,1219,1.0,0.8349999785423279
1,827632318,1220,1.0,0.8199999928474426
1,827632318,1221,1.0,0.8199999928474426
1,827632318,1222,1.0,0.824999988079071
1,827632318,1223,1.0,0.824999988079071
1,827632318,1224,1.0,0.8149999976158142
1,827632318,1225,1.0,0.8149999976158142
1,827632318,1226,1.0,0.8149999976158142
1,827632318,1227,1.0,0.8100000023841858
1,827632318,1228,1.0,0.8149999976158142
1,827632318,1229,1.0,0.8299999833106995
1,827632318,1230,1.0,0.7949999570846558
1,827632318,1231,1.0,0.8050000071525574
1,827632318,1232,1.0,0.8349999785423279
1,827632318,1233,1.0,0.824999988079071
1,827632318,1234,1.0,0.8199999928474426
1,827632318,1235,1.0,0.8299999833106995
1,827632318,1236,1.0,0.8050000071525574
1,827632318,1237,1.0,0.8199999928474426
1,827632318,1238,1.0,0.8100000023841858
1,827632318,1239,1.0,0.8199999928474426
1,827632318,1240,1.0,0.7999999523162842
1,827632318,1241,1.0,0.8349999785423279
1,827632318,1242,1.0,0.8299999833106995
1,827632318,1243,1.0,0.8399999737739563
1,827632318,1244,1.0,0.8299999833106995
1,827632318,1245,1.0,0.8199999928474426
1,827632318,1246,1.0,0.7799999713897705
1,827632318,1247,1.0,0.8449999690055847
1,827632318,1248,1.0,0.8149999976158142
1,827632318,1249,1.0,0.8299999833106995
1,827632318,1250,1.0,0.8149999976158142
1,827632318,1251,1.0,0.8299999833106995
1,827632318,1252,1.0,0.8199999928474426
1,827632318,1253,1.0,0.8399999737739563
1,827632318,1254,1.0,0.8149999976158142
1,827632318,1255,1.0,0.824999988079071
1,827632318,1256,1.0,0.824999988079071
1,827632318,1257,1.0,0.824999988079071
1,827632318,1258,1.0,0.8299999833106995
1,827632318,1259,1.0,0.8449999690055847
1,827632318,1260,1.0,0.8100000023841858
1,827632318,1261,1.0,0.8199999928474426
1,827632318,1262,1.0,0.8399999737739563
1,827632318,1263,1.0,0.8199999928474426
1,827632318,1264,1.0,0.824999988079071
1,827632318,1265,1.0,0.8449999690055847
1,827632318,1266,1.0,0.8199999928474426
1,827632318,1267,1.0,0.8349999785423279
1,827632318,1268,1.0,0.824999988079071
1,827632318,1269,1.0,0.8349999785423279
1,827632318,1270,1.0,0.8399999737739563
1,827632318,1271,1.0,0.8399999737739563
1,827632318,1272,1.0,0.8100000023841858
1,827632318,1273,1.0,0.8349999785423279
1,827632318,1274,1.0,0.824999988079071
1,827632318,1275,1.0,0.8399999737739563
1,827632318,1276,1.0,0.824999988079071
1,827632318,1277,1.0,0.8449999690055847
1,827632318,1278,1.0,0.8349999785423279
1,827632318,1279,1.0,0.8399999737739563
1,827632318,1280,1.0,0.8149999976158142
1,827632318,1281,1.0,0.8100000023841858
1,827632318,1282,1.0,0.8449999690055847
1,827632318,1283,1.0,0.8399999737739563
1,827632318,1284,1.0,0.824999988079071
1,827632318,1285,1.0,0.8149999976158142
1,827632318,1286,1.0,0.8349999785423279
1,827632318,1287,1.0,0.8499999642372131
1,827632318,1288,1.0,0.8100000023841858
1,827632318,1289,1.0,0.8100000023841858
1,827632318,1290,1.0,0.8199999928474426
1,827632318,1291,1.0,0.8549999594688416
1,827632318,1292,1.0,0.824999988079071
1,827632318,1293,1.0,0.8299999833106995
1,827632318,1294,1.0,0.8549999594688416
1,827632318,1295,1.0,0.8399999737739563
1,827632318,1296,1.0,0.824999988079071
1,827632318,1297,1.0,0.8349999785423279
1,827632318,1298,1.0,0.8449999690055847
1,827632318,1299,1.0,0.8299999833106995
1,827632318,1300,1.0,0.8549999594688416
1,827632318,1301,1.0,0.8499999642372131
1,827632318,1302,1.0,0.8199999928474426
1,827632318,1303,1.0,0.8449999690055847
1,827632318,1304,1.0,0.8449999690055847
1,827632318,1305,1.0,0.8299999833106995
1,827632318,1306,1.0,0.8399999737739563
1,827632318,1307,1.0,0.8449999690055847
1,827632318,1308,1.0,0.8299999833106995
1,827632318,1309,1.0,0.8399999737739563
1,827632318,1310,1.0,0.8499999642372131
1,827632318,1311,1.0,0.8549999594688416
1,827632318,1312,1.0,0.8349999785423279
1,827632318,1313,1.0,0.8349999785423279
1,827632318,1314,1.0,0.8449999690055847
1,827632318,1315,1.0,0.8650000095367432
1,827632318,1316,1.0,0.8449999690055847
1,827632318,1317,1.0,0.8349999785423279
1,827632318,1318,1.0,0.8650000095367432
1,827632318,1319,1.0,0.8449999690055847
1,827632318,1320,1.0,0.8399999737739563
1,827632318,1321,1.0,0.8399999737739563
1,827632318,1322,1.0,0.8399999737739563
1,827632318,1323,1.0,0.85999995470047
1,827632318,1324,1.0,0.8499999642372131
1,827632318,1325,1.0,0.824999988079071
1,827632318,1326,1.0,0.8399999737739563
1,827632318,1327,1.0,0.8499999642372131
1,827632318,1328,1.0,0.8299999833106995
1,827632318,1329,1.0,0.8499999642372131
1,827632318,1330,1.0,0.8549999594688416
1,827632318,1331,1.0,0.85999995470047
1,827632318,1332,1.0,0.8449999690055847
1,827632318,1333,1.0,0.8100000023841858
1,827632318,1334,1.0,0.85999995470047
1,827632318,1335,1.0,0.8650000095367432
1,827632318,1336,1.0,0.8399999737739563
1,827632318,1337,1.0,0.8299999833106995
1,827632318,1338,1.0,0.8799999952316284
1,827632318,1339,1.0,0.85999995470047
1,827632318,1340,1.0,0.8449999690055847
1,827632318,1341,1.0,0.8449999690055847
1,827632318,1342,1.0,0.8549999594688416
1,827632318,1343,1.0,0.8700000047683716
1,827632318,1344,1.0,0.8549999594688416
1,827632318,1345,1.0,0.8449999690055847
1,827632318,1346,1.0,0.824999988079071
1,827632318,1347,1.0,0.8449999690055847
1,827632318,1348,1.0,0.8650000095367432
1,827632318,1349,1.0,0.8399999737739563
1,827632318,1350,1.0,0.8449999690055847
1,827632318,1351,1.0,0.8349999785423279
1,827632318,1352,1.0,0.8449999690055847
1,827632318,1353,1.0,0.8650000095367432
1,827632318,1354,1.0,0.8499999642372131
1,827632318,1355,1.0,0.8449999690055847
1,827632318,1356,1.0,0.8449999690055847
1,827632318,1357,1.0,0.8399999737739563
1,827632318,1358,1.0,0.8449999690055847
1,827632318,1359,1.0,0.8650000095367432
1,827632318,1360,1.0,0.8449999690055847
1,827632318,1361,1.0,0.8549999594688416
1,827632318,1362,1.0,0.8499999642372131
1,827632318,1363,1.0,0.8449999690055847
1,827632318,1364,1.0,0.8650000095367432
1,827632318,1365,1.0,0.85999995470047
1,827632318,1366,1.0,0.8549999594688416
1,827632318,1367,1.0,0.85999995470047
1,827632318,1368,1.0,0.8700000047683716
1,827632318,1369,1.0,0.8499999642372131
1,827632318,1370,1.0,0.8549999594688416
1,827632318,1371,1.0,0.85999995470047
1,827632318,1372,1.0,0.8549999594688416
1,827632318,1373,1.0,0.8650000095367432
1,827632318,1374,1.0,0.8499999642372131
1,827632318,1375,1.0,0.85999995470047
1,827632318,1376,1.0,0.8700000047683716
1,827632318,1377,1.0,0.8549999594688416
1,827632318,1378,1.0,0.8449999690055847
1,827632318,1379,1.0,0.8549999594688416
1,827632318,1380,1.0,0.8700000047683716
1,827632318,1381,1.0,0.8449999690055847
1,827632318,1382,1.0,0.8549999594688416
1,827632318,1383,1.0,0.8650000095367432
1,827632318,1384,1.0,0.8549999594688416
1,827632318,1385,1.0,0.8549999594688416
1,827632318,1386,1.0,0.85999995470047
1,827632318,1387,1.0,0.8499999642372131
1,827632318,1388,1.0,0.8650000095367432
1,827632318,1389,1.0,0.8700000047683716
1,827632318,1390,1.0,0.85999995470047
1,827632318,1391,1.0,0.85999995470047
1,827632318,1392,1.0,0.8549999594688416
1,827632318,1393,1.0,0.8650000095367432
1,827632318,1394,1.0,0.85999995470047
1,827632318,1395,1.0,0.85999995470047
1,827632318,1396,1.0,0.8650000095367432
1,827632318,1397,1.0,0.8549999594688416
1,827632318,1398,1.0,0.8549999594688416
1,827632318,1399,1.0,0.875
1,827632318,1400,1.0,0.85999995470047
1,827632318,1401,1.0,0.8449999690055847
1,827632318,1402,1.0,0.8499999642372131
1,827632318,1403,1.0,0.8700000047683716
1,827632318,1404,1.0,0.8650000095367432
1,827632318,1405,1.0,0.8650000095367432
1,827632318,1406,1.0,0.8700000047683716
1,827632318,1407,1.0,0.8449999690055847
1,827632318,1408,1.0,0.85999995470047
1,827632318,1409,1.0,0.8650000095367432
1,827632318,1410,1.0,0.85999995470047
1,827632318,1411,1.0,0.8449999690055847
1,827632318,1412,1.0,0.85999995470047
1,827632318,1413,1.0,0.8650000095367432
1,827632318,1414,1.0,0.8650000095367432
1,827632318,1415,1.0,0.8549999594688416
1,827632318,1416,1.0,0.8650000095367432
1,827632318,1417,1.0,0.8650000095367432
1,827632318,1418,1.0,0.875
1,827632318,1419,1.0,0.875
1,827632318,1420,1.0,0.8700000047683716
1,827632318,1421,1.0,0.8549999594688416
1,827632318,1422,1.0,0.8700000047683716
1,827632318,1423,1.0,0.85999995470047
1,827632318,1424,1.0,0.875
1,827632318,1425,1.0,0.875
1,827632318,1426,1.0,0.875
1,827632318,1427,1.0,0.8799999952316284
1,827632318,1428,1.0,0.8499999642372131
1,827632318,1429,1.0,0.8499999642372131
1,827632318,1430,1.0,0.8849999904632568
1,827632318,1431,1.0,0.8949999809265137
1,827632318,1432,1.0,0.875
1,827632318,1433,1.0,0.8549999594688416
1,827632318,1434,1.0,0.875
1,827632318,1435,1.0,0.875
1,827632318,1436,1.0,0.8549999594688416
1,827632318,1437,1.0,0.8849999904632568
1,827632318,1438,1.0,0.875
1,827632318,1439,1.0,0.875
1,827632318,1440,1.0,0.8700000047683716
1,827632318,1441,1.0,0.8549999594688416
1,827632318,1442,1.0,0.875
1,827632318,1443,1.0,0.8849999904632568
1,827632318,1444,1.0,0.8700000047683716
1,827632318,1445,1.0,0.8799999952316284
1,827632318,1446,1.0,0.875
1,827632318,1447,1.0,0.85999995470047
1,827632318,1448,1.0,0.8700000047683716
1,827632318,1449,1.0,0.8700000047683716
1,827632318,1450,1.0,0.875
1,827632318,1451,1.0,0.8700000047683716
1,827632318,1452,1.0,0.8849999904632568
1,827632318,1453,1.0,0.875
1,827632318,1454,1.0,0.85999995470047
1,827632318,1455,1.0,0.8799999952316284
1,827632318,1456,1.0,0.875
1,827632318,1457,1.0,0.875
1,827632318,1458,1.0,0.8700000047683716
1,827632318,1459,1.0,0.8799999952316284
1,827632318,1460,1.0,0.8700000047683716
1,827632318,1461,1.0,0.875
1,827632318,1462,1.0,0.875
1,827632318,1463,1.0,0.8899999856948853
1,827632318,1464,1.0,0.875
1,827632318,1465,1.0,0.8549999594688416
1,827632318,1466,1.0,0.875
1,827632318,1467,1.0,0.8899999856948853
1,827632318,1468,1.0,0.8799999952316284
1,827632318,1469,1.0,0.8849999904632568
1,827632318,1470,1.0,0.8700000047683716
1,827632318,1471,1.0,0.8899999856948853
1,827632318,1472,1.0,0.875
1,827632318,1473,1.0,0.8799999952316284
1,827632318,1474,1.0,0.85999995470047
1,827632318,1475,1.0,0.8849999904632568
1,827632318,1476,1.0,0.8799999952316284
1,827632318,1477,1.0,0.8799999952316284
1,827632318,1478,1.0,0.8799999952316284
1,827632318,1479,1.0,0.875
1,827632318,1480,1.0,0.8799999952316284
1,827632318,1481,1.0,0.8999999761581421
1,827632318,1482,1.0,0.875
1,827632318,1483,1.0,0.8849999904632568
1,827632318,1484,1.0,0.8899999856948853
1,827632318,1485,1.0,0.8700000047683716
1,827632318,1486,1.0,0.8799999952316284
1,827632318,1487,1.0,0.8999999761581421
1,827632318,1488,1.0,0.8949999809265137
1,827632318,1489,1.0,0.8799999952316284
1,827632318,1490,1.0,0.8799999952316284
1,827632318,1491,1.0,0.9099999666213989
1,827632318,1492,1.0,0.8799999952316284
1,827632318,1493,1.0,0.875
1,827632318,1494,1.0,0.8650000095367432
1,827632318,1495,1.0,0.8899999856948853
1,827632318,1496,1.0,0.8849999904632568
1,827632318,1497,1.0,0.8799999952316284
1,827632318,1498,1.0,0.8849999904632568
1,827632318,1499,1.0,0.8849999904632568
1,827632318,1500,1.0,0.8799999952316284
1,827632318,1501,1.0,0.8899999856948853
1,827632318,1502,1.0,0.8849999904632568
1,827632318,1503,1.0,0.9099999666213989
1,827632318,1504,1.0,0.8849999904632568
1,827632318,1505,1.0,0.8899999856948853
1,827632318,1506,1.0,0.8899999856948853
1,827632318,1507,1.0,0.8799999952316284
1,827632318,1508,1.0,0.8899999856948853
1,827632318,1509,1.0,0.8949999809265137
1,827632318,1510,1.0,0.875
1,827632318,1511,1.0,0.8799999952316284
1,827632318,1512,1.0,0.875
1,827632318,1513,1.0,0.8799999952316284
1,827632318,1514,1.0,0.8799999952316284
1,827632318,1515,1.0,0.8799999952316284
1,827632318,1516,1.0,0.8849999904632568
1,827632318,1517,1.0,0.8849999904632568
1,827632318,1518,1.0,0.8799999952316284
1,827632318,1519,1.0,0.9149999618530273
1,827632318,1520,1.0,0.875
1,827632318,1521,1.0,0.8799999952316284
1,827632318,1522,1.0,0.8949999809265137
1,827632318,1523,1.0,0.9199999570846558
1,827632318,1524,1.0,0.875
1,827632318,1525,1.0,0.875
1,827632318,1526,1.0,0.8949999809265137
1,827632318,1527,1.0,0.8999999761581421
1,827632318,1528,1.0,0.8849999904632568
1,827632318,1529,1.0,0.8899999856948853
1,827632318,1530,1.0,0.8849999904632568
1,827632318,1531,1.0,0.9049999713897705
1,827632318,1532,1.0,0.9099999666213989
1,827632318,1533,1.0,0.8999999761581421
1,827632318,1534,1.0,0.8949999809265137
1,827632318,1535,1.0,0.8899999856948853
1,827632318,1536,1.0,0.8899999856948853
1,827632318,1537,1.0,0.8849999904632568
1,827632318,1538,1.0,0.9099999666213989
1,827632318,1539,1.0,0.8949999809265137
1,827632318,1540,1.0,0.8999999761581421
1,827632318,1541,1.0,0.9049999713897705
1,827632318,1542,1.0,0.8849999904632568
1,827632318,1543,1.0,0.8949999809265137
1,827632318,1544,1.0,0.8899999856948853
1,827632318,1545,1.0,0.8700000047683716
1,827632318,1546,1.0,0.9049999713897705
1,827632318,1547,1.0,0.9049999713897705
1,827632318,1548,1.0,0.8999999761581421
1,827632318,1549,1.0,0.8799999952316284
1,827632318,1550,1.0,0.9099999666213989
1,827632318,1551,1.0,0.8899999856948853
1,827632318,1552,1.0,0.8899999856948853
1,827632318,1553,1.0,0.8899999856948853
1,827632318,1554,1.0,0.9099999666213989
1,827632318,1555,1.0,0.8949999809265137
1,827632318,1556,1.0,0.9049999713897705
1,827632318,1557,1.0,0.8849999904632568
1,827632318,1558,1.0,0.9249999523162842
1,827632318,1559,1.0,0.9049999713897705
1,827632318,1560,1.0,0.9049999713897705
1,827632318,1561,1.0,0.8700000047683716
1,827632318,1562,1.0,0.8899999856948853
1,827632318,1563,1.0,0.8999999761581421
1,827632318,1564,1.0,0.8949999809265137
1,827632318,1565,1.0,0.9099999666213989
1,827632318,1566,1.0,0.9049999713897705
1,827632318,1567,1.0,0.9049999713897705
1,827632318,1568,1.0,0.8999999761581421
1,827632318,1569,1.0,0.8949999809265137
1,827632318,1570,1.0,0.8949999809265137
1,827632318,1571,1.0,0.9199999570846558
1,827632318,1572,1.0,0.8999999761581421
1,827632318,1573,1.0,0.8949999809265137
1,827632318,1574,1.0,0.9099999666213989
1,827632318,1575,1.0,0.9149999618530273
1,827632318,1576,1.0,0.8949999809265137
1,827632318,1577,1.0,0.8999999761581421
1,827632318,1578,1.0,0.9099999666213989
1,827632318,1579,1.0,0.9149999618530273
1,827632318,1580,1.0,0.9149999618530273
1,827632318,1581,1.0,0.9049999713897705
1,827632318,1582,1.0,0.8899999856948853
1,827632318,1583,1.0,0.9049999713897705
1,827632318,1584,1.0,0.8999999761581421
1,827632318,1585,1.0,0.8949999809265137
1,827632318,1586,1.0,0.9049999713897705
1,827632318,1587,1.0,0.8849999904632568
1,827632318,1588,1.0,0.9300000071525574
1,827632318,1589,1.0,0.8999999761581421
1,827632318,1590,1.0,0.9249999523162842
1,827632318,1591,1.0,0.8999999761581421
1,827632318,1592,1.0,0.8999999761581421
1,827632318,1593,1.0,0.9099999666213989
1,827632318,1594,1.0,0.9199999570846558
1,827632318,1595,1.0,0.8899999856948853
1,827632318,1596,1.0,0.9099999666213989
1,827632318,1597,1.0,0.8999999761581421
1,827632318,1598,1.0,0.9099999666213989
1,827632318,1599,1.0,0.9099999666213989
1,827632318,1600,1.0,0.9099999666213989
1,827632318,1601,1.0,0.8949999809265137
1,827632318,1602,1.0,0.9099999666213989
1,827632318,1603,1.0,0.9199999570846558
1,827632318,1604,1.0,0.9099999666213989
1,827632318,1605,1.0,0.9049999713897705
1,827632318,1606,1.0,0.9099999666213989
1,827632318,1607,1.0,0.9249999523162842
1,827632318,1608,1.0,0.8899999856948853
1,827632318,1609,1.0,0.9099999666213989
1,827632318,1610,1.0,0.9249999523162842
1,827632318,1611,1.0,0.9099999666213989
1,827632318,1612,1.0,0.9199999570846558
1,827632318,1613,1.0,0.8999999761581421
1,827632318,1614,1.0,0.9449999928474426
1,827632318,1615,1.0,0.9149999618530273
1,827632318,1616,1.0,0.9249999523162842
1,827632318,1617,1.0,0.9099999666213989
1,827632318,1618,1.0,0.9149999618530273
1,827632318,1619,1.0,0.9049999713897705
1,827632318,1620,1.0,0.9099999666213989
1,827632318,1621,1.0,0.9199999570846558
1,827632318,1622,1.0,0.9049999713897705
1,827632318,1623,1.0,0.9149999618530273
1,827632318,1624,1.0,0.9300000071525574
1,827632318,1625,1.0,0.9199999570846558
1,827632318,1626,1.0,0.9099999666213989
1,827632318,1627,1.0,0.9300000071525574
1,827632318,1628,1.0,0.9049999713897705
1,827632318,1629,1.0,0.9049999713897705
1,827632318,1630,1.0,0.9199999570846558
1,827632318,1631,1.0,0.9149999618530273
1,827632318,1632,1.0,0.9199999570846558
1,827632318,1633,1.0,0.9199999570846558
1,827632318,1634,1.0,0.9149999618530273
1,827632318,1635,1.0,0.9249999523162842
1,827632318,1636,1.0,0.9350000023841858
1,827632318,1637,1.0,0.9099999666213989
1,827632318,1638,1.0,0.9149999618530273
1,827632318,1639,1.0,0.8999999761581421
1,827632318,1640,1.0,0.9350000023841858
1,827632318,1641,1.0,0.9199999570846558
1,827632318,1642,1.0,0.9149999618530273
1,827632318,1643,1.0,0.8999999761581421
1,827632318,1644,1.0,0.9399999976158142
1,827632318,1645,1.0,0.9249999523162842
1,827632318,1646,1.0,0.9149999618530273
1,827632318,1647,1.0,0.9099999666213989
1,827632318,1648,1.0,0.9399999976158142
1,827632318,1649,1.0,0.9149999618530273
1,827632318,1650,1.0,0.9199999570846558
1,827632318,1651,1.0,0.9099999666213989
1,827632318,1652,1.0,0.9249999523162842
1,827632318,1653,1.0,0.9099999666213989
1,827632318,1654,1.0,0.9199999570846558
1,827632318,1655,1.0,0.9149999618530273
1,827632318,1656,1.0,0.949999988079071
1,827632318,1657,1.0,0.9350000023841858
1,827632318,1658,1.0,0.8999999761581421
1,827632318,1659,1.0,0.9300000071525574
1,827632318,1660,1.0,0.9399999976158142
1,827632318,1661,1.0,0.9199999570846558
1,827632318,1662,1.0,0.9049999713897705
1,827632318,1663,1.0,0.9399999976158142
1,827632318,1664,1.0,0.9149999618530273
1,827632318,1665,1.0,0.9350000023841858
1,827632318,1666,1.0,0.9149999618530273
1,827632318,1667,1.0,0.9149999618530273
1,827632318,1668,1.0,0.9249999523162842
1,827632318,1669,1.0,0.9249999523162842
1,827632318,1670,1.0,0.9149999618530273
1,827632318,1671,1.0,0.9300000071525574
1,827632318,1672,1.0,0.9449999928474426
1,827632318,1673,1.0,0.9249999523162842
1,827632318,1674,1.0,0.9300000071525574
1,827632318,1675,1.0,0.949999988079071
1,827632318,1676,1.0,0.9350000023841858
1,827632318,1677,1.0,0.9099999666213989
1,827632318,1678,1.0,0.9350000023841858
1,827632318,1679,1.0,0.9149999618530273
1,827632318,1680,1.0,0.9449999928474426
1,827632318,1681,1.0,0.9399999976158142
1,827632318,1682,1.0,0.9149999618530273
1,827632318,1683,1.0,0.9249999523162842
1,827632318,1684,1.0,0.9350000023841858
1,827632318,1685,1.0,0.9049999713897705
1,827632318,1686,1.0,0.9199999570846558
1,827632318,1687,1.0,0.9449999928474426
1,827632318,1688,1.0,0.949999988079071
1,827632318,1689,1.0,0.9300000071525574
1,827632318,1690,1.0,0.9350000023841858
1,827632318,1691,1.0,0.9399999976158142
1,827632318,1692,1.0,0.949999988079071
1,827632318,1693,1.0,0.9199999570846558
1,827632318,1694,1.0,0.9249999523162842
1,827632318,1695,1.0,0.9449999928474426
1,827632318,1696,1.0,0.949999988079071
1,827632318,1697,1.0,0.9249999523162842
1,827632318,1698,1.0,0.9449999928474426
1,827632318,1699,1.0,0.9350000023841858
1,827632318,1700,1.0,0.949999988079071
1,827632318,1701,1.0,0.9199999570846558
1,827632318,1702,1.0,0.9399999976158142
1,827632318,1703,1.0,0.9449999928474426
1,827632318,1704,1.0,0.9449999928474426
1,827632318,1705,1.0,0.9300000071525574
1,827632318,1706,1.0,0.9249999523162842
1,827632318,1707,1.0,0.9249999523162842
1,827632318,1708,1.0,0.9399999976158142
1,827632318,1709,1.0,0.9350000023841858
1,827632318,1710,1.0,0.949999988079071
1,827632318,1711,1.0,0.9449999928474426
1,827632318,1712,1.0,0.9449999928474426
1,827632318,1713,1.0,0.949999988079071
1,827632318,1714,1.0,0.949999988079071
1,827632318,1715,1.0,0.9249999523162842
1,827632318,1716,1.0,0.9350000023841858
1,827632318,1717,1.0,0.9249999523162842
1,827632318,1718,1.0,0.9350000023841858
1,827632318,1719,1.0,0.9300000071525574
1,827632318,1720,1.0,0.9549999833106995
1,827632318,1721,1.0,0.949999988079071
1,827632318,1722,1.0,0.9300000071525574
1,827632318,1723,1.0,0.9300000071525574
1,827632318,1724,1.0,0.9249999523162842
1,827632318,1725,1.0,0.9649999737739563
1,827632318,1726,1.0,0.9399999976158142
1,827632318,1727,1.0,0.9300000071525574
1,827632318,1728,1.0,0.9449999928474426
1,827632318,1729,1.0,0.949999988079071
1,827632318,1730,1.0,0.9350000023841858
1,827632318,1731,1.0,0.9350000023841858
1,827632318,1732,1.0,0.949999988079071
1,827632318,1733,1.0,0.9399999976158142
1,827632318,1734,1.0,0.9399999976158142
1,827632318,1735,1.0,0.949999988079071
1,827632318,1736,1.0,0.9549999833106995
1,827632318,1737,1.0,0.9449999928474426
1,827632318,1738,1.0,0.9449999928474426
1,827632318,1739,1.0,0.9300000071525574
1,827632318,1740,1.0,0.9449999928474426
1,827632318,1741,1.0,0.9449999928474426
1,827632318,1742,1.0,0.9350000023841858
1,827632318,1743,1.0,0.9599999785423279
1,827632318,1744,1.0,0.9449999928474426
1,827632318,1745,1.0,0.9649999737739563
1,827632318,1746,1.0,0.9549999833106995
1,827632318,1747,1.0,0.9449999928474426
1,827632318,1748,1.0,0.9350000023841858
1,827632318,1749,1.0,0.9350000023841858
1,827632318,1750,1.0,0.9449999928474426
1,827632318,1751,1.0,0.949999988079071
1,827632318,1752,1.0,0.9449999928474426
1,827632318,1753,1.0,0.9199999570846558
1,827632318,1754,1.0,0.949999988079071
1,827632318,1755,1.0,0.949999988079071
1,827632318,1756,1.0,0.9449999928474426
1,827632318,1757,1.0,0.949999988079071
1,827632318,1758,1.0,0.9399999976158142
1,827632318,1759,1.0,0.9599999785423279
1,827632318,1760,1.0,0.949999988079071
1,827632318,1761,1.0,0.949999988079071
1,827632318,1762,1.0,0.9649999737739563
1,827632318,1763,1.0,0.9249999523162842
1,827632318,1764,1.0,0.9599999785423279
1,827632318,1765,1.0,0.9350000023841858
1,827632318,1766,1.0,0.9449999928474426
1,827632318,1767,1.0,0.9599999785423279
1,827632318,1768,1.0,0.949999988079071
1,827632318,1769,1.0,0.9599999785423279
1,827632318,1770,1.0,0.9449999928474426
1,827632318,1771,1.0,0.9350000023841858
1,827632318,1772,1.0,0.9549999833106995
1,827632318,1773,1.0,0.9449999928474426
1,827632318,1774,1.0,0.9350000023841858
1,827632318,1775,1.0,0.9599999785423279
1,827632318,1776,1.0,0.9399999976158142
1,827632318,1777,1.0,0.9649999737739563
1,827632318,1778,1.0,0.949999988079071
1,827632318,1779,1.0,0.9699999690055847
1,827632318,1780,1.0,0.9549999833106995
1,827632318,1781,1.0,0.9199999570846558
1,827632318,1782,1.0,0.9549999833106995
1,827632318,1783,1.0,0.9350000023841858
1,827632318,1784,1.0,0.9649999737739563
1,827632318,1785,1.0,0.9599999785423279
1,827632318,1786,1.0,0.9300000071525574
1,827632318,1787,1.0,0.9449999928474426
1,827632318,1788,1.0,0.9449999928474426
1,827632318,1789,1.0,0.9449999928474426
1,827632318,1790,1.0,0.949999988079071
1,827632318,1791,1.0,0.9549999833106995
1,827632318,1792,1.0,0.9549999833106995
1,827632318,1793,1.0,0.9599999785423279
1,827632318,1794,1.0,0.9399999976158142
1,827632318,1795,1.0,0.9649999737739563
1,827632318,1796,1.0,0.9599999785423279
1,827632318,1797,1.0,0.9599999785423279
1,827632318,1798,1.0,0.9350000023841858
1,827632318,1799,1.0,0.9599999785423279
1,827632318,1800,1.0,0.9599999785423279
1,827632318,1801,1.0,0.9350000023841858
1,827632318,1802,1.0,0.9649999737739563
1,827632318,1803,1.0,0.9549999833106995
1,827632318,1804,1.0,0.9549999833106995
1,827632318,1805,1.0,0.9449999928474426
1,827632318,1806,1.0,0.9599999785423279
1,827632318,1807,1.0,0.9449999928474426
1,827632318,1808,1.0,0.9599999785423279
1,827632318,1809,1.0,0.949999988079071
1,827632318,1810,1.0,0.9300000071525574
1,827632318,1811,1.0,0.949999988079071
1,827632318,1812,1.0,0.9599999785423279
1,827632318,1813,1.0,0.9350000023841858
1,827632318,1814,1.0,0.9599999785423279
1,827632318,1815,1.0,0.9699999690055847
1,827632318,1816,1.0,0.9449999928474426
1,827632318,1817,1.0,0.9399999976158142
1,827632318,1818,1.0,0.9350000023841858
1,827632318,1819,1.0,0.949999988079071
1,827632318,1820,1.0,0.9649999737739563
1,827632318,1821,1.0,0.9599999785423279
1,827632318,1822,1.0,0.9399999976158142
1,827632318,1823,1.0,0.9350000023841858
1,827632318,1824,1.0,0.9549999833106995
1,827632318,1825,1.0,0.9599999785423279
1,827632318,1826,1.0,0.949999988079071
1,827632318,1827,1.0,0.9649999737739563
1,827632318,1828,1.0,0.9649999737739563
1,827632318,1829,1.0,0.9449999928474426
1,827632318,1830,1.0,0.9599999785423279
1,827632318,1831,1.0,0.9449999928474426
1,827632318,1832,1.0,0.9549999833106995
1,827632318,1833,1.0,0.9599999785423279
1,827632318,1834,1.0,0.9549999833106995
1,827632318,1835,1.0,0.9449999928474426
1,827632318,1836,1.0,0.9699999690055847
1,827632318,1837,1.0,0.9449999928474426
1,827632318,1838,1.0,0.949999988079071
1,827632318,1839,1.0,0.949999988079071
1,827632318,1840,1.0,0.9649999737739563
1,827632318,1841,1.0,0.9599999785423279
1,827632318,1842,1.0,0.9549999833106995
1,827632318,1843,1.0,0.9350000023841858
1,827632318,1844,1.0,0.9449999928474426
1,827632318,1845,1.0,0.9599999785423279
1,827632318,1846,1.0,0.9599999785423279
1,827632318,1847,1.0,0.9599999785423279
1,827632318,1848,1.0,0.9549999833106995
1,827632318,1849,1.0,0.9549999833106995
1,827632318,1850,1.0,0.9649999737739563
1,827632318,1851,1.0,0.9699999690055847
1,827632318,1852,1.0,0.949999988079071
1,827632318,1853,1.0,0.9399999976158142
1,827632318,1854,1.0,0.9549999833106995
1,827632318,1855,1.0,0.9699999690055847
1,827632318,1856,1.0,0.9549999833106995
1,827632318,1857,1.0,0.9599999785423279
1,827632318,1858,1.0,0.9449999928474426
1,827632318,1859,1.0,0.9649999737739563
1,827632318,1860,1.0,0.9599999785423279
1,827632318,1861,1.0,0.949999988079071
1,827632318,1862,1.0,0.9599999785423279
1,827632318,1863,1.0,0.9549999833106995
1,827632318,1864,1.0,0.949999988079071
1,827632318,1865,1.0,0.9649999737739563
1,827632318,1866,1.0,0.9649999737739563
1,827632318,1867,1.0,0.9599999785423279
1,827632318,1868,1.0,0.9599999785423279
1,827632318,1869,1.0,0.9599999785423279
1,827632318,1870,1.0,0.949999988079071
1,827632318,1871,1.0,0.9599999785423279
1,827632318,1872,1.0,0.9449999928474426
1,827632318,1873,1.0,0.9549999833106995
1,827632318,1874,1.0,0.9449999928474426
1,827632318,1875,1.0,0.9699999690055847
1,827632318,1876,1.0,0.9549999833106995
1,827632318,1877,1.0,0.9649999737739563
1,827632318,1878,1.0,0.9549999833106995
1,827632318,1879,1.0,0.9599999785423279
1,827632318,1880,1.0,0.9599999785423279
1,827632318,1881,1.0,0.9649999737739563
1,827632318,1882,1.0,0.9399999976158142
1,827632318,1883,1.0,0.9649999737739563
1,827632318,1884,1.0,0.9699999690055847
1,827632318,1885,1.0,0.949999988079071
1,827632318,1886,1.0,0.9449999928474426
1,827632318,1887,1.0,0.9549999833106995
1,827632318,1888,1.0,0.9649999737739563
1,827632318,1889,1.0,0.9799999594688416
1,827632318,1890,1.0,0.949999988079071
1,827632318,1891,1.0,0.9649999737739563
1,827632318,1892,1.0,0.9549999833106995
1,827632318,1893,1.0,0.9799999594688416
1,827632318,1894,1.0,0.9549999833106995
1,827632318,1895,1.0,0.9549999833106995
1,827632318,1896,1.0,0.9549999833106995
1,827632318,1897,1.0,0.9749999642372131
1,827632318,1898,1.0,0.9649999737739563
1,827632318,1899,1.0,0.9599999785423279
1,827632318,1900,1.0,0.9549999833106995
1,827632318,1901,1.0,0.9549999833106995
1,827632318,1902,1.0,0.9649999737739563
1,827632318,1903,1.0,0.9599999785423279
1,827632318,1904,1.0,0.9699999690055847
1,827632318,1905,1.0,0.949999988079071
1,827632318,1906,1.0,0.9399999976158142
1,827632318,1907,1.0,0.9649999737739563
1,827632318,1908,1.0,0.9799999594688416
1,827632318,1909,1.0,0.9649999737739563
1,827632318,1910,1.0,0.9599999785423279
1,827632318,1911,1.0,0.9599999785423279
1,827632318,1912,1.0,0.9649999737739563
1,827632318,1913,1.0,0.9599999785423279
1,827632318,1914,1.0,0.9599999785423279
1,827632318,1915,1.0,0.9649999737739563
1,827632318,1916,1.0,0.9649999737739563
1,827632318,1917,1.0,0.9549999833106995
1,827632318,1918,1.0,0.9399999976158142
1,827632318,1919,1.0,0.9549999833106995
1,827632318,1920,1.0,0.9749999642372131
1,827632318,1921,1.0,0.9799999594688416
1,827632318,1922,1.0,0.9699999690055847
1,827632318,1923,1.0,0.9449999928474426
1,827632318,1924,1.0,0.9599999785423279
1,827632318,1925,1.0,0.9699999690055847
1,827632318,1926,1.0,0.9599999785423279
1,827632318,1927,1.0,0.9699999690055847
1,827632318,1928,1.0,0.9649999737739563
1,827632318,1929,1.0,0.9599999785423279
1,827632318,1930,1.0,0.949999988079071
1,827632318,1931,1.0,0.9649999737739563
1,827632318,1932,1.0,0.9749999642372131
1,827632318,1933,1.0,0.9699999690055847
1,827632318,1934,1.0,0.9549999833106995
1,827632318,1935,1.0,0.9649999737739563
1,827632318,1936,1.0,0.949999988079071
1,827632318,1937,1.0,0.9799999594688416
1,827632318,1938,1.0,0.9649999737739563
1,827632318,1939,1.0,0.9599999785423279
1,827632318,1940,1.0,0.9599999785423279
1,827632318,1941,1.0,0.9599999785423279
1,827632318,1942,1.0,0.9749999642372131
1,827632318,1943,1.0,0.9549999833106995
1,827632318,1944,1.0,0.9749999642372131
1,827632318,1945,1.0,0.9699999690055847
1,827632318,1946,1.0,0.9350000023841858
1,827632318,1947,1.0,0.9599999785423279
1,827632318,1948,1.0,0.9699999690055847
1,827632318,1949,1.0,0.9749999642372131
1,827632318,1950,1.0,0.9599999785423279
1,827632318,1951,1.0,0.9599999785423279
1,827632318,1952,1.0,0.9599999785423279
1,827632318,1953,1.0,0.9699999690055847
1,827632318,1954,1.0,0.9599999785423279
1,827632318,1955,1.0,0.9699999690055847
1,827632318,1956,1.0,0.9799999594688416
1,827632318,1957,1.0,0.9699999690055847
1,827632318,1958,1.0,0.949999988079071
1,827632318,1959,1.0,0.9549999833106995
1,827632318,1960,1.0,0.9649999737739563
1,827632318,1961,1.0,0.9799999594688416
1,827632318,1962,1.0,0.9549999833106995
1,827632318,1963,1.0,0.9549999833106995
1,827632318,1964,1.0,0.9599999785423279
1,827632318,1965,1.0,0.9799999594688416
1,827632318,1966,1.0,0.9699999690055847
1,827632318,1967,1.0,0.9649999737739563
1,827632318,1968,1.0,0.9699999690055847
1,827632318,1969,1.0,0.9599999785423279
1,827632318,1970,1.0,0.9449999928474426
1,827632318,1971,1.0,0.9649999737739563
1,827632318,1972,1.0,0.9599999785423279
1,827632318,1973,1.0,0.9699999690055847
1,827632318,1974,1.0,0.9699999690055847
1,827632318,1975,1.0,0.9549999833106995
1,827632318,1976,1.0,0.9599999785423279
1,827632318,1977,1.0,0.9699999690055847
1,827632318,1978,1.0,0.9699999690055847
1,827632318,1979,1.0,0.9549999833106995
1,827632318,1980,1.0,0.949999988079071
1,827632318,1981,1.0,0.9699999690055847
1,827632318,1982,1.0,0.9699999690055847
1,827632318,1983,1.0,0.9749999642372131
1,827632318,1984,1.0,0.9599999785423279
1,827632318,1985,1.0,0.9599999785423279
1,827632318,1986,1.0,0.9599999785423279
1,827632318,1987,1.0,0.9649999737739563
1,827632318,1988,1.0,0.9749999642372131
1,827632318,1989,1.0,0.9599999785423279
1,827632318,1990,1.0,0.9549999833106995
1,827632318,1991,1.0,0.9599999785423279
1,827632318,1992,1.0,0.9749999642372131
1,827632318,1993,1.0,0.9649999737739563
1,827632318,1994,1.0,0.949999988079071
1,827632318,1995,1.0,0.9599999785423279
1,827632318,1996,1.0,0.9649999737739563
1,827632318,1997,1.0,0.949999988079071
1,827632318,1998,1.0,0.9549999833106995
1,827632318,1999,1.0,0.949999988079071
1,827632318,2000,1.0,0.9599999785423279
1,827632318,2001,1.0,0.9749999642372131
1,827632318,2002,1.0,0.9749999642372131
1,827632318,2003,1.0,0.9649999737739563
1,827632318,2004,1.0,0.9799999594688416
1,827632318,2005,1.0,0.9599999785423279
1,827632318,2006,1.0,0.9549999833106995
1,827632318,2007,1.0,0.9749999642372131
1,827632318,2008,1.0,0.9799999594688416
1,827632318,2009,1.0,0.9799999594688416
1,827632318,2010,1.0,0.9599999785423279
1,827632318,2011,1.0,0.9599999785423279
1,827632318,2012,1.0,0.9749999642372131
1,827632318,2013,1.0,0.9799999594688416
1,827632318,2014,1.0,0.9649999737739563
1,827632318,2015,1.0,0.9799999594688416
1,827632318,2016,1.0,0.9699999690055847
1,827632318,2017,1.0,0.9449999928474426
1,827632318,2018,1.0,0.9449999928474426
1,827632318,2019,1.0,0.9749999642372131
1,827632318,2020,1.0,0.9599999785423279
1,827632318,2021,1.0,0.9699999690055847
1,827632318,2022,1.0,0.9549999833106995
1,827632318,2023,1.0,0.9649999737739563
1,827632318,2024,1.0,0.9749999642372131
1,827632318,2025,1.0,0.9749999642372131
1,827632318,2026,1.0,0.949999988079071
1,827632318,2027,1.0,0.9699999690055847
1,827632318,2028,1.0,0.98499995470047
1,827632318,2029,1.0,0.9699999690055847
1,827632318,2030,1.0,0.9599999785423279
1,827632318,2031,1.0,0.9649999737739563
1,827632318,2032,1.0,0.98499995470047
1,827632318,2033,1.0,0.9699999690055847
1,827632318,2034,1.0,0.9599999785423279
1,827632318,2035,1.0,0.9599999785423279
1,827632318,2036,1.0,0.9699999690055847
1,827632318,2037,1.0,0.9749999642372131
1,827632318,2038,1.0,0.949999988079071
1,827632318,2039,1.0,0.9649999737739563
1,827632318,2040,1.0,0.9799999594688416
1,827632318,2041,1.0,0.9699999690055847
1,827632318,2042,1.0,0.9599999785423279
1,827632318,2043,1.0,0.9649999737739563
1,827632318,2044,1.0,0.9799999594688416
1,827632318,2045,1.0,0.9799999594688416
1,827632318,2046,1.0,0.9649999737739563
1,827632318,2047,1.0,0.9599999785423279
1,827632318,2048,1.0,0.9649999737739563
1,827632318,2049,1.0,0.9599999785423279
1,827632318,2050,1.0,0.9749999642372131
1,827632318,2051,1.0,0.9599999785423279
1,827632318,2052,1.0,0.9749999642372131
1,827632318,2053,1.0,0.9649999737739563
1,827632318,2054,1.0,0.9699999690055847
1,827632318,2055,1.0,0.9649999737739563
1,827632318,2056,1.0,0.9749999642372131
1,827632318,2057,1.0,0.9649999737739563
1,827632318,2058,1.0,0.9699999690055847
1,827632318,2059,1.0,0.9599999785423279
1,827632318,2060,1.0,0.9649999737739563
1,827632318,2061,1.0,0.9699999690055847
1,827632318,2062,1.0,0.9699999690055847
1,827632318,2063,1.0,0.9649999737739563
1,827632318,2064,1.0,0.9799999594688416
1,827632318,2065,1.0,0.9749999642372131
1,827632318,2066,1.0,0.949999988079071
1,827632318,2067,1.0,0.9699999690055847
1,827632318,2068,1.0,0.9699999690055847
1,827632318,2069,1.0,0.9549999833106995
1,827632318,2070,1.0,0.9649999737739563
1,827632318,2071,1.0,0.9699999690055847
1,827632318,2072,1.0,0.9799999594688416
1,827632318,2073,1.0,0.9749999642372131
1,827632318,2074,1.0,0.9599999785423279
1,827632318,2075,1.0,0.9799999594688416
1,827632318,2076,1.0,0.9649999737739563
1,827632318,2077,1.0,0.9749999642372131
1,827632318,2078,1.0,0.9649999737739563
1,827632318,2079,1.0,0.9749999642372131
1,827632318,2080,1.0,0.9749999642372131
1,827632318,2081,1.0,0.9699999690055847
1,827632318,2082,1.0,0.9749999642372131
1,827632318,2083,1.0,0.9549999833106995
1,827632318,2084,1.0,0.9649999737739563
1,827632318,2085,1.0,0.9799999594688416
1,827632318,2086,1.0,0.9749999642372131
1,827632318,2087,1.0,0.9449999928474426
1,827632318,2088,1.0,0.9749999642372131
1,827632318,2089,1.0,0.9599999785423279
1,827632318,2090,1.0,0.98499995470047
1,827632318,2091,1.0,0.9699999690055847
1,827632318,2092,1.0,0.9799999594688416
1,827632318,2093,1.0,0.9749999642372131
1,827632318,2094,1.0,0.9649999737739563
1,827632318,2095,1.0,0.9749999642372131
1,827632318,2096,1.0,0.9749999642372131
1,827632318,2097,1.0,0.9699999690055847
1,827632318,2098,1.0,0.9699999690055847
1,827632318,2099,1.0,0.9649999737739563
1,827632318,2100,1.0,0.98499995470047
1,827632318,2101,1.0,0.9549999833106995
1,827632318,2102,1.0,0.9699999690055847
1,827632318,2103,1.0,0.9699999690055847
1,827632318,2104,1.0,0.9799999594688416
1,827632318,2105,1.0,0.9699999690055847
1,827632318,2106,1.0,0.9749999642372131
1,827632318,2107,1.0,0.9699999690055847
1,827632318,2108,1.0,0.9649999737739563
1,827632318,2109,1.0,0.98499995470047
1,827632318,2110,1.0,0.9799999594688416
1,827632318,2111,1.0,0.9699999690055847
1,827632318,2112,1.0,0.9649999737739563
1,827632318,2113,1.0,0.9699999690055847
1,827632318,2114,1.0,0.9799999594688416
1,827632318,2115,1.0,0.9749999642372131
1,827632318,2116,1.0,0.98499995470047
1,827632318,2117,1.0,0.9749999642372131
1,827632318,2118,1.0,0.9799999594688416
1,827632318,2119,1.0,0.9649999737739563
1,827632318,2120,1.0,0.9799999594688416
1,827632318,2121,1.0,0.9699999690055847
1,827632318,2122,1.0,0.9649999737739563
1,827632318,2123,1.0,0.9649999737739563
1,827632318,2124,1.0,0.9749999642372131
1,827632318,2125,1.0,0.98499995470047
1,827632318,2126,1.0,0.9699999690055847
1,827632318,2127,1.0,0.9649999737739563
1,827632318,2128,1.0,0.98499995470047
1,827632318,2129,1.0,0.9799999594688416
1,827632318,2130,1.0,0.98499995470047
1,827632318,2131,1.0,0.9749999642372131
1,827632318,2132,1.0,0.9749999642372131
1,827632318,2133,1.0,0.9749999642372131
1,827632318,2134,1.0,0.9749999642372131
1,827632318,2135,1.0,0.9749999642372131
1,827632318,2136,1.0,0.98499995470047
1,827632318,2137,1.0,0.9749999642372131
1,827632318,2138,1.0,0.9599999785423279
1,827632318,2139,1.0,0.9749999642372131
1,827632318,2140,1.0,0.98499995470047
1,827632318,2141,1.0,0.9699999690055847
1,827632318,2142,1.0,0.9799999594688416
1,827632318,2143,1.0,0.9699999690055847
1,827632318,2144,1.0,0.9799999594688416
1,827632318,2145,1.0,0.9649999737739563
1,827632318,2146,1.0,0.9699999690055847
1,827632318,2147,1.0,0.9649999737739563
1,827632318,2148,1.0,0.9799999594688416
1,827632318,2149,1.0,0.9649999737739563
1,827632318,2150,1.0,0.98499995470047
1,827632318,2151,1.0,0.9649999737739563
1,827632318,2152,1.0,0.9749999642372131
1,827632318,2153,1.0,0.9749999642372131
1,827632318,2154,1.0,0.9899999499320984
1,827632318,2155,1.0,0.9749999642372131
1,827632318,2156,1.0,0.9749999642372131
1,827632318,2157,1.0,0.9699999690055847
1,827632318,2158,1.0,0.9749999642372131
1,827632318,2159,1.0,0.9749999642372131
1,827632318,2160,1.0,0.98499995470047
1,827632318,2161,1.0,0.9749999642372131
1,827632318,2162,1.0,0.9749999642372131
1,827632318,2163,1.0,0.9799999594688416
1,827632318,2164,1.0,0.9799999594688416
1,827632318,2165,1.0,0.9649999737739563
1,827632318,2166,1.0,0.9699999690055847
1,827632318,2167,1.0,0.9649999737739563
1,827632318,2168,1.0,0.98499995470047
1,827632318,2169,1.0,0.9799999594688416
1,827632318,2170,1.0,0.9749999642372131
1,827632318,2171,1.0,0.9749999642372131
1,827632318,2172,1.0,0.9799999594688416
1,827632318,2173,1.0,0.98499995470047
1,827632318,2174,1.0,0.9749999642372131
1,827632318,2175,1.0,0.98499995470047
1,827632318,2176,1.0,0.9649999737739563
1,827632318,2177,1.0,0.9649999737739563
1,827632318,2178,1.0,0.98499995470047
1,827632318,2179,1.0,0.9749999642372131
1,827632318,2180,1.0,0.9799999594688416
1,827632318,2181,1.0,0.98499995470047
1,827632318,2182,1.0,0.9699999690055847
1,827632318,2183,1.0,0.949999988079071
1,827632318,2184,1.0,0.9799999594688416
1,827632318,2185,1.0,0.9799999594688416
1,827632318,2186,1.0,0.9799999594688416
1,827632318,2187,1.0,0.98499995470047
1,827632318,2188,1.0,0.9699999690055847
1,827632318,2189,1.0,0.9699999690055847
1,827632318,2190,1.0,0.9699999690055847
1,827632318,2191,1.0,0.98499995470047
1,827632318,2192,1.0,0.98499995470047
1,827632318,2193,1.0,0.9899999499320984
1,827632318,2194,1.0,0.9799999594688416
1,827632318,2195,1.0,0.9799999594688416
1,827632318,2196,1.0,0.9799999594688416
1,827632318,2197,1.0,0.9649999737739563
1,827632318,2198,1.0,0.98499995470047
1,827632318,2199,1.0,0.9799999594688416
1,827632318,2200,1.0,0.98499995470047
1,827632318,2201,1.0,0.98499995470047
1,827632318,2202,1.0,0.98499995470047
1,827632318,2203,1.0,0.9699999690055847
1,827632318,2204,1.0,0.9799999594688416
1,827632318,2205,1.0,0.9799999594688416
1,827632318,2206,1.0,0.9699999690055847
1,827632318,2207,1.0,0.9699999690055847
1,827632318,2208,1.0,0.98499995470047
1,827632318,2209,1.0,0.9749999642372131
1,827632318,2210,1.0,0.98499995470047
1,827632318,2211,1.0,0.9749999642372131
1,827632318,2212,1.0,0.9799999594688416
1,827632318,2213,1.0,0.9749999642372131
1,827632318,2214,1.0,0.98499995470047
1,827632318,2215,1.0,0.9749999642372131
1,827632318,2216,1.0,0.9799999594688416
1,827632318,2217,1.0,0.98499995470047
1,827632318,2218,1.0,0.9749999642372131
1,827632318,2219,1.0,0.9799999594688416
1,827632318,2220,1.0,0.98499995470047
1,827632318,2221,1.0,0.98499995470047
1,827632318,2222,1.0,0.9699999690055847
1,827632318,2223,1.0,0.9699999690055847
1,827632318,2224,1.0,0.9799999594688416
1,827632318,2225,1.0,0.9749999642372131
1,827632318,2226,1.0,0.9799999594688416
1,827632318,2227,1.0,0.98499995470047
1,827632318,2228,1.0,0.98499995470047
1,827632318,2229,1.0,0.98499995470047
1,827632318,2230,1.0,0.9649999737739563
1,827632318,2231,1.0,0.9649999737739563
1,827632318,2232,1.0,0.9799999594688416
1,827632318,2233,1.0,0.98499995470047
1,827632318,2234,1.0,0.9699999690055847
1,827632318,2235,1.0,0.9799999594688416
1,827632318,2236,1.0,0.9799999594688416
1,827632318,2237,1.0,0.9749999642372131
1,827632318,2238,1.0,0.9699999690055847
1,827632318,2239,1.0,0.9699999690055847
1,827632318,2240,1.0,0.9799999594688416
1,827632318,2241,1.0,0.98499995470047
1,827632318,2242,1.0,0.9799999594688416
1,827632318,2243,1.0,0.98499995470047
1,827632318,2244,1.0,0.9799999594688416
1,827632318,2245,1.0,0.9699999690055847
1,827632318,2246,1.0,0.9749999642372131
1,827632318,2247,1.0,0.9749999642372131
1,827632318,2248,1.0,0.9699999690055847
1,827632318,2249,1.0,0.9799999594688416
1,827632318,2250,1.0,0.9749999642372131
1,827632318,2251,1.0,0.98499995470047
1,827632318,2252,1.0,0.98499995470047
1,827632318,2253,1.0,0.98499995470047
1,827632318,2254,1.0,0.9749999642372131
1,827632318,2255,1.0,0.9799999594688416
1,827632318,2256,1.0,0.98499995470047
1,827632318,2257,1.0,0.9799999594688416
1,827632318,2258,1.0,0.98499995470047
1,827632318,2259,1.0,0.9799999594688416
1,827632318,2260,1.0,0.98499995470047
1,827632318,2261,1.0,0.98499995470047
1,827632318,2262,1.0,0.9799999594688416
1,827632318,2263,1.0,0.98499995470047
1,827632318,2264,1.0,0.9799999594688416
1,827632318,2265,1.0,0.9749999642372131
1,827632318,2266,1.0,0.9799999594688416
1,827632318,2267,1.0,0.98499995470047
1,827632318,2268,1.0,0.9799999594688416
1,827632318,2269,1.0,0.98499995470047
1,827632318,2270,1.0,0.9699999690055847
1,827632318,2271,1.0,0.9699999690055847
1,827632318,2272,1.0,0.98499995470047
1,827632318,2273,1.0,0.98499995470047
1,827632318,2274,1.0,0.9649999737739563
1,827632318,2275,1.0,0.9699999690055847
1,827632318,2276,1.0,0.9799999594688416
1,827632318,2277,1.0,0.98499995470047
1,827632318,2278,1.0,0.9799999594688416
1,827632318,2279,1.0,0.9799999594688416
1,827632318,2280,1.0,0.98499995470047
1,827632318,2281,1.0,0.98499995470047
1,827632318,2282,1.0,0.98499995470047
1,827632318,2283,1.0,0.98499995470047
1,827632318,2284,1.0,0.98499995470047
1,827632318,2285,1.0,0.9699999690055847
1,827632318,2286,1.0,0.98499995470047
1,827632318,2287,1.0,0.9749999642372131
1,827632318,2288,1.0,0.98499995470047
1,827632318,2289,1.0,0.9749999642372131
1,827632318,2290,1.0,0.9799999594688416
1,827632318,2291,1.0,0.9799999594688416
1,827632318,2292,1.0,0.9749999642372131
1,827632318,2293,1.0,0.98499995470047
1,827632318,2294,1.0,0.9749999642372131
1,827632318,2295,1.0,0.9749999642372131
1,827632318,2296,1.0,0.9749999642372131
1,827632318,2297,1.0,0.9799999594688416
1,827632318,2298,1.0,0.98499995470047
1,827632318,2299,1.0,0.9749999642372131
1,827632318,2300,1.0,0.9699999690055847
1,827632318,2301,1.0,0.9749999642372131
1,827632318,2302,1.0,0.9799999594688416
1,827632318,2303,1.0,0.98499995470047
1,827632318,2304,1.0,0.9799999594688416
1,827632318,2305,1.0,0.9799999594688416
1,827632318,2306,1.0,0.98499995470047
1,827632318,2307,1.0,0.9599999785423279
1,827632318,2308,1.0,0.98499995470047
1,827632318,2309,1.0,0.9899999499320984
1,827632318,2310,1.0,0.9749999642372131
1,827632318,2311,1.0,0.9799999594688416
1,827632318,2312,1.0,0.98499995470047
1,827632318,2313,1.0,0.9899999499320984
1,827632318,2314,1.0,0.9799999594688416
1,827632318,2315,1.0,0.9799999594688416
1,827632318,2316,1.0,0.98499995470047
1,827632318,2317,1.0,0.98499995470047
1,827632318,2318,1.0,0.98499995470047
1,827632318,2319,1.0,0.9749999642372131
1,827632318,2320,1.0,0.9799999594688416
1,827632318,2321,1.0,0.9749999642372131
1,827632318,2322,1.0,0.9649999737739563
1,827632318,2323,1.0,0.9799999594688416
1,827632318,2324,1.0,0.98499995470047
1,827632318,2325,1.0,0.98499995470047
1,827632318,2326,1.0,0.9749999642372131
1,827632318,2327,1.0,0.9799999594688416
1,827632318,2328,1.0,0.9799999594688416
1,827632318,2329,1.0,0.9749999642372131
1,827632318,2330,1.0,0.9749999642372131
1,827632318,2331,1.0,0.9749999642372131
1,827632318,2332,1.0,0.98499995470047
1,827632318,2333,1.0,0.98499995470047
1,827632318,2334,1.0,0.9799999594688416
1,827632318,2335,1.0,0.9699999690055847
1,827632318,2336,1.0,0.9649999737739563
1,827632318,2337,1.0,0.9799999594688416
1,827632318,2338,1.0,0.98499995470047
1,827632318,2339,1.0,0.9799999594688416
1,827632318,2340,1.0,0.98499995470047
1,827632318,2341,1.0,0.98499995470047
1,827632318,2342,1.0,0.98499995470047
1,827632318,2343,1.0,0.9799999594688416
1,827632318,2344,1.0,0.98499995470047
1,827632318,2345,1.0,0.9699999690055847
1,827632318,2346,1.0,0.9649999737739563
1,827632318,2347,1.0,0.9699999690055847
1,827632318,2348,1.0,0.98499995470047
1,827632318,2349,1.0,0.9799999594688416
1,827632318,2350,1.0,0.9749999642372131
1,827632318,2351,1.0,0.9649999737739563
1,827632318,2352,1.0,0.98499995470047
1,827632318,2353,1.0,0.9799999594688416
1,827632318,2354,1.0,0.98499995470047
1,827632318,2355,1.0,0.98499995470047
1,827632318,2356,1.0,0.9749999642372131
1,827632318,2357,1.0,0.9749999642372131
1,827632318,2358,1.0,0.9799999594688416
1,827632318,2359,1.0,0.98499995470047
1,827632318,2360,1.0,0.98499995470047
1,827632318,2361,1.0,0.98499995470047
1,827632318,2362,1.0,0.9749999642372131
1,827632318,2363,1.0,0.9799999594688416
1,827632318,2364,1.0,0.9699999690055847
1,827632318,2365,1.0,0.9749999642372131
1,827632318,2366,1.0,0.9799999594688416
1,827632318,2367,1.0,0.98499995470047
1,827632318,2368,1.0,0.98499995470047
1,827632318,2369,1.0,0.9749999642372131
1,827632318,2370,1.0,0.9749999642372131
1,827632318,2371,1.0,0.9749999642372131
1,827632318,2372,1.0,0.98499995470047
1,827632318,2373,1.0,0.98499995470047
1,827632318,2374,1.0,0.9799999594688416
1,827632318,2375,1.0,0.98499995470047
1,827632318,2376,1.0,0.9799999594688416
1,827632318,2377,1.0,0.9649999737739563
1,827632318,2378,1.0,0.9799999594688416
1,827632318,2379,1.0,0.9749999642372131
1,827632318,2380,1.0,0.9699999690055847
1,827632318,2381,1.0,0.98499995470047
1,827632318,2382,1.0,0.98499995470047
1,827632318,2383,1.0,0.9749999642372131
1,827632318,2384,1.0,0.9699999690055847
1,827632318,2385,1.0,0.9799999594688416
1,827632318,2386,1.0,0.9799999594688416
1,827632318,2387,1.0,0.98499995470047
1,827632318,2388,1.0,0.98499995470047
1,827632318,2389,1.0,0.9799999594688416
1,827632318,2390,1.0,0.9649999737739563
1,827632318,2391,1.0,0.9749999642372131
1,827632318,2392,1.0,0.98499995470047
1,827632318,2393,1.0,0.98499995470047
1,827632318,2394,1.0,0.98499995470047
1,827632318,2395,1.0,0.9799999594688416
1,827632318,2396,1.0,0.9749999642372131
1,827632318,2397,1.0,0.98499995470047
1,827632318,2398,1.0,0.9799999594688416
1,827632318,2399,1.0,0.9799999594688416
1,827632318,2400,1.0,0.98499995470047
1,827632318,2401,1.0,0.98499995470047
1,827632318,2402,1.0,0.9699999690055847
1,827632318,2403,1.0,0.9799999594688416
1,827632318,2404,1.0,0.9799999594688416
1,827632318,2405,1.0,0.9799999594688416
1,827632318,2406,1.0,0.98499995470047
1,827632318,2407,1.0,0.98499995470047
1,827632318,2408,1.0,0.98499995470047
1,827632318,2409,1.0,0.9699999690055847
1,827632318,2410,1.0,0.9749999642372131
1,827632318,2411,1.0,0.9799999594688416
1,827632318,2412,1.0,0.9799999594688416
1,827632318,2413,1.0,0.9799999594688416
1,827632318,2414,1.0,0.9799999594688416
1,827632318,2415,1.0,0.98499995470047
1,827632318,2416,1.0,0.9799999594688416
1,827632318,2417,1.0,0.9799999594688416
1,827632318,2418,1.0,0.9799999594688416
1,827632318,2419,1.0,0.98499995470047
1,827632318,2420,1.0,0.9799999594688416
1,827632318,2421,1.0,0.9749999642372131
1,827632318,2422,1.0,0.9799999594688416
1,827632318,2423,1.0,0.98499995470047
1,827632318,2424,1.0,0.98499995470047
1,827632318,2425,1.0,0.9749999642372131
1,827632318,2426,1.0,0.9799999594688416
1,827632318,2427,1.0,0.9749999642372131
1,827632318,2428,1.0,0.9699999690055847
1,827632318,2429,1.0,0.9799999594688416
1,827632318,2430,1.0,0.98499995470047
1,827632318,2431,1.0,0.98499995470047
1,827632318,2432,1.0,0.98499995470047
1,827632318,2433,1.0,0.98499995470047
1,827632318,2434,1.0,0.9649999737739563
1,827632318,2435,1.0,0.98499995470047
1,827632318,2436,1.0,0.9749999642372131
1,827632318,2437,1.0,0.9799999594688416
1,827632318,2438,1.0,0.9749999642372131
1,827632318,2439,1.0,0.98499995470047
1,827632318,2440,1.0,0.9749999642372131
1,827632318,2441,1.0,0.9749999642372131
1,827632318,2442,1.0,0.98499995470047
1,827632318,2443,1.0,0.98499995470047
1,827632318,2444,1.0,0.9799999594688416
1,827632318,2445,1.0,0.9799999594688416
1,827632318,2446,1.0,0.9749999642372131
1,827632318,2447,1.0,0.98499995470047
1,827632318,2448,1.0,0.9799999594688416
1,827632318,2449,1.0,0.9649999737739563
1,827632318,2450,1.0,0.9799999594688416
1,827632318,2451,1.0,0.98499995470047
1,827632318,2452,1.0,0.98499995470047
1,827632318,2453,1.0,0.9799999594688416
1,827632318,2454,1.0,0.9699999690055847
1,827632318,2455,1.0,0.98499995470047
1,827632318,2456,1.0,0.98499995470047
1,827632318,2457,1.0,0.98499995470047
1,827632318,2458,1.0,0.9749999642372131
1,827632318,2459,1.0,0.9699999690055847
1,827632318,2460,1.0,0.9799999594688416
1,827632318,2461,1.0,0.98499995470047
1,827632318,2462,1.0,0.98499995470047
1,827632318,2463,1.0,0.9749999642372131
1,827632318,2464,1.0,0.9749999642372131
1,827632318,2465,1.0,0.98499995470047
1,827632318,2466,1.0,0.98499995470047
1,827632318,2467,1.0,0.9749999642372131
1,827632318,2468,1.0,0.9649999737739563
1,827632318,2469,1.0,0.9699999690055847
1,827632318,2470,1.0,0.98499995470047
1,827632318,2471,1.0,0.9799999594688416
1,827632318,2472,1.0,0.98499995470047
1,827632318,2473,1.0,0.98499995470047
1,827632318,2474,1.0,0.9699999690055847
1,827632318,2475,1.0,0.9599999785423279
1,827632318,2476,1.0,0.9749999642372131
1,827632318,2477,1.0,0.98499995470047
1,827632318,2478,1.0,0.98499995470047
1,827632318,2479,1.0,0.98499995470047
1,827632318,2480,1.0,0.98499995470047
1,827632318,2481,1.0,0.9699999690055847
1,827632318,2482,1.0,0.9799999594688416
1,827632318,2483,1.0,0.98499995470047
1,827632318,2484,1.0,0.9599999785423279
1,827632318,2485,1.0,0.9799999594688416
1,827632318,2486,1.0,0.98499995470047
1,827632318,2487,1.0,0.9799999594688416
1,827632318,2488,1.0,0.9749999642372131
1,827632318,2489,1.0,0.9749999642372131
1,827632318,2490,1.0,0.9799999594688416
1,827632318,2491,1.0,0.98499995470047
1,827632318,2492,1.0,0.9799999594688416
1,827632318,2493,1.0,0.9699999690055847
1,827632318,2494,1.0,0.9799999594688416
1,827632318,2495,1.0,0.9799999594688416
1,827632318,2496,1.0,0.98499995470047
1,827632318,2497,1.0,0.98499995470047
1,827632318,2498,1.0,0.9799999594688416
1,827632318,2499,1.0,0.9749999642372131
1,827632318,2500,1.0,0.9749999642372131
1,827632318,2501,1.0,0.9799999594688416
1,827632318,2502,1.0,0.98499995470047
1,827632318,2503,1.0,0.9799999594688416
1,827632318,2504,1.0,0.9799999594688416
1,827632318,2505,1.0,0.98499995470047
1,827632318,2506,1.0,0.9749999642372131
1,827632318,2507,1.0,0.9699999690055847
1,827632318,2508,1.0,0.9599999785423279
1,827632318,2509,1.0,0.9799999594688416
1,827632318,2510,1.0,0.98499995470047
1,827632318,2511,1.0,0.98499995470047
1,827632318,2512,1.0,0.98499995470047
1,827632318,2513,1.0,0.9699999690055847
1,827632318,2514,1.0,0.98499995470047
1,827632318,2515,1.0,0.9749999642372131
1,827632318,2516,1.0,0.9799999594688416
1,827632318,2517,1.0,0.98499995470047
1,827632318,2518,1.0,0.98499995470047
1,827632318,2519,1.0,0.9799999594688416
1,827632318,2520,1.0,0.98499995470047
1,827632318,2521,1.0,0.9749999642372131
1,827632318,2522,1.0,0.9799999594688416
1,827632318,2523,1.0,0.9649999737739563
1,827632318,2524,1.0,0.9799999594688416
1,827632318,2525,1.0,0.98499995470047
1,827632318,2526,1.0,0.9799999594688416
1,827632318,2527,1.0,0.9699999690055847
1,827632318,2528,1.0,0.9699999690055847
1,827632318,2529,1.0,0.9799999594688416
1,827632318,2530,1.0,0.98499995470047
1,827632318,2531,1.0,0.98499995470047
1,827632318,2532,1.0,0.98499995470047
1,827632318,2533,1.0,0.9749999642372131
1,827632318,2534,1.0,0.98499995470047
1,827632318,2535,1.0,0.98499995470047
1,827632318,2536,1.0,0.9799999594688416
1,827632318,2537,1.0,0.9799999594688416
1,827632318,2538,1.0,0.9749999642372131
1,827632318,2539,1.0,0.9799999594688416
1,827632318,2540,1.0,0.98499995470047
1,827632318,2541,1.0,0.9799999594688416
1,827632318,2542,1.0,0.9749999642372131
1,827632318,2543,1.0,0.9749999642372131
1,827632318,2544,1.0,0.98499995470047
1,827632318,2545,1.0,0.98499995470047
1,827632318,2546,1.0,0.98499995470047
1,827632318,2547,1.0,0.9799999594688416
1,827632318,2548,1.0,0.9749999642372131
1,827632318,2549,1.0,0.9749999642372131
1,827632318,2550,1.0,0.9799999594688416
1,827632318,2551,1.0,0.9749999642372131
1,827632318,2552,1.0,0.98499995470047
1,827632318,2553,1.0,0.9699999690055847
1,827632318,2554,1.0,0.9599999785423279
1,827632318,2555,1.0,0.9699999690055847
1,827632318,2556,1.0,0.9799999594688416
1,827632318,2557,1.0,0.9799999594688416
1,827632318,2558,1.0,0.98499995470047
1,827632318,2559,1.0,0.98499995470047
1,827632318,2560,1.0,0.9749999642372131
1,827632318,2561,1.0,0.9799999594688416
1,827632318,2562,1.0,0.9749999642372131
1,827632318,2563,1.0,0.9699999690055847
1,827632318,2564,1.0,0.9799999594688416
1,827632318,2565,1.0,0.9799999594688416
1,827632318,2566,1.0,0.9749999642372131
1,827632318,2567,1.0,0.98499995470047
1,827632318,2568,1.0,0.9749999642372131
1,827632318,2569,1.0,0.9799999594688416
1,827632318,2570,1.0,0.9899999499320984
1,827632318,2571,1.0,0.9899999499320984
1,827632318,2572,1.0,0.9799999594688416
1,827632318,2573,1.0,0.9749999642372131
1,827632318,2574,1.0,0.98499995470047
1,827632318,2575,1.0,0.9799999594688416
1,827632318,2576,1.0,0.98499995470047
1,827632318,2577,1.0,0.9749999642372131
1,827632318,2578,1.0,0.9799999594688416
1,827632318,2579,1.0,0.98499995470047
1,827632318,2580,1.0,0.98499995470047
1,827632318,2581,1.0,0.9799999594688416
1,827632318,2582,1.0,0.9749999642372131
1,827632318,2583,1.0,0.9749999642372131
1,827632318,2584,1.0,0.9749999642372131
1,827632318,2585,1.0,0.98499995470047
1,827632318,2586,1.0,0.98499995470047
1,827632318,2587,1.0,0.9749999642372131
1,827632318,2588,1.0,0.98499995470047
1,827632318,2589,1.0,0.9699999690055847
1,827632318,2590,1.0,0.9749999642372131
1,827632318,2591,1.0,0.98499995470047
1,827632318,2592,1.0,0.98499995470047
1,827632318,2593,1.0,0.98499995470047
1,827632318,2594,1.0,0.98499995470047
1,827632318,2595,1.0,0.9899999499320984
1,827632318,2596,1.0,0.9799999594688416
1,827632318,2597,1.0,0.98499995470047
1,827632318,2598,1.0,0.9749999642372131
1,827632318,2599,1.0,0.9799999594688416
1,827632318,2600,1.0,0.98499995470047
1,827632318,2601,1.0,0.9799999594688416
1,827632318,2602,1.0,0.9749999642372131
1,827632318,2603,1.0,0.9749999642372131
1,827632318,2604,1.0,0.9699999690055847
1,827632318,2605,1.0,0.9699999690055847
1,827632318,2606,1.0,0.98499995470047
1,827632318,2607,1.0,0.98499995470047
1,827632318,2608,1.0,0.9799999594688416
1,827632318,2609,1.0,0.9749999642372131
1,827632318,2610,1.0,0.9749999642372131
1,827632318,2611,1.0,0.98499995470047
1,827632318,2612,1.0,0.9799999594688416
1,827632318,2613,1.0,0.9799999594688416
1,827632318,2614,1.0,0.98499995470047
1,827632318,2615,1.0,0.98499995470047
1,827632318,2616,1.0,0.9749999642372131
1,827632318,2617,1.0,0.9749999642372131
1,827632318,2618,1.0,0.98499995470047
1,827632318,2619,1.0,0.9799999594688416
1,827632318,2620,1.0,0.9799999594688416
1,827632318,2621,1.0,0.98499995470047
1,827632318,2622,1.0,0.9749999642372131
1,827632318,2623,1.0,0.9799999594688416
1,827632318,2624,1.0,0.9799999594688416
1,827632318,2625,1.0,0.98499995470047
1,827632318,2626,1.0,0.9749999642372131
1,827632318,2627,1.0,0.9799999594688416
1,827632318,2628,1.0,0.9899999499320984
1,827632318,2629,1.0,0.9799999594688416
1,827632318,2630,1.0,0.98499995470047
1,827632318,2631,1.0,0.9799999594688416
1,827632318,2632,1.0,0.9799999594688416
1,827632318,2633,1.0,0.98499995470047
1,827632318,2634,1.0,0.98499995470047
1,827632318,2635,1.0,0.98499995470047
1,827632318,2636,1.0,0.98499995470047
1,827632318,2637,1.0,0.9749999642372131
1,827632318,2638,1.0,0.9799999594688416
1,827632318,2639,1.0,0.98499995470047
1,827632318,2640,1.0,0.9899999499320984
1,827632318,2641,1.0,0.9799999594688416
1,827632318,2642,1.0,0.9799999594688416
1,827632318,2643,1.0,0.9749999642372131
1,827632318,2644,1.0,0.9799999594688416
1,827632318,2645,1.0,0.9799999594688416
1,827632318,2646,1.0,0.9899999499320984
1,827632318,2647,1.0,0.9899999499320984
1,827632318,2648,1.0,0.98499995470047
1,827632318,2649,1.0,0.9799999594688416
1,827632318,2650,1.0,0.9799999594688416
1,827632318,2651,1.0,0.9799999594688416
1,827632318,2652,1.0,0.98499995470047
1,827632318,2653,1.0,0.9749999642372131
1,827632318,2654,1.0,0.9749999642372131
1,827632318,2655,1.0,0.9799999594688416
1,827632318,2656,1.0,0.98499995470047
1,827632318,2657,1.0,0.98499995470047
1,827632318,2658,1.0,0.98499995470047
1,827632318,2659,1.0,0.98499995470047
1,827632318,2660,1.0,0.98499995470047
1,827632318,2661,1.0,0.98499995470047
1,827632318,2662,1.0,0.9749999642372131
1,827632318,2663,1.0,0.9749999642372131
1,827632318,2664,1.0,0.9749999642372131
1,827632318,2665,1.0,0.9799999594688416
1,827632318,2666,1.0,0.98499995470047
1,827632318,2667,1.0,0.9749999642372131
1,827632318,2668,1.0,0.98499995470047
1,827632318,2669,1.0,0.9749999642372131
1,827632318,2670,1.0,0.98499995470047
1,827632318,2671,1.0,0.98499995470047
1,827632318,2672,1.0,0.9799999594688416
1,827632318,2673,1.0,0.98499995470047
1,827632318,2674,1.0,0.9799999594688416
1,827632318,2675,1.0,0.98499995470047
1,827632318,2676,1.0,0.9699999690055847
1,827632318,2677,1.0,0.9799999594688416
1,827632318,2678,1.0,0.9799999594688416
1,827632318,2679,1.0,0.98499995470047
1,827632318,2680,1.0,0.98499995470047
1,827632318,2681,1.0,0.9799999594688416
1,827632318,2682,1.0,0.9799999594688416
1,827632318,2683,1.0,0.98499995470047
1,827632318,2684,1.0,0.98499995470047
1,827632318,2685,1.0,0.98499995470047
1,827632318,2686,1.0,0.9799999594688416
1,827632318,2687,1.0,0.98499995470047
1,827632318,2688,1.0,0.9799999594688416
1,827632318,2689,1.0,0.9799999594688416
1,827632318,2690,1.0,0.9799999594688416
1,827632318,2691,1.0,0.9899999499320984
1,827632318,2692,1.0,0.9799999594688416
1,827632318,2693,1.0,0.9799999594688416
1,827632318,2694,1.0,0.9749999642372131
1,827632318,2695,1.0,0.9799999594688416
1,827632318,2696,1.0,0.9899999499320984
1,827632318,2697,1.0,0.9799999594688416
1,827632318,2698,1.0,0.9799999594688416
1,827632318,2699,1.0,0.98499995470047
1,827632318,2700,1.0,0.98499995470047
1,827632318,2701,1.0,0.98499995470047
1,827632318,2702,1.0,0.9749999642372131
1,827632318,2703,1.0,0.9899999499320984
1,827632318,2704,1.0,0.9799999594688416
1,827632318,2705,1.0,0.9799999594688416
1,827632318,2706,1.0,0.9799999594688416
1,827632318,2707,1.0,0.98499995470047
1,827632318,2708,1.0,0.98499995470047
1,827632318,2709,1.0,0.9899999499320984
1,827632318,2710,1.0,0.98499995470047
1,827632318,2711,1.0,0.9799999594688416
1,827632318,2712,1.0,0.9799999594688416
1,827632318,2713,1.0,0.9799999594688416
1,827632318,2714,1.0,0.98499995470047
1,827632318,2715,1.0,0.98499995470047
1,827632318,2716,1.0,0.9899999499320984
1,827632318,2717,1.0,0.98499995470047
1,827632318,2718,1.0,0.98499995470047
1,827632318,2719,1.0,0.98499995470047
1,827632318,2720,1.0,0.98499995470047
1,827632318,2721,1.0,0.9749999642372131
1,827632318,2722,1.0,0.98499995470047
1,827632318,2723,1.0,0.98499995470047
1,827632318,2724,1.0,0.9799999594688416
1,827632318,2725,1.0,0.98499995470047
1,827632318,2726,1.0,0.98499995470047
1,827632318,2727,1.0,0.9799999594688416
1,827632318,2728,1.0,0.9799999594688416
1,827632318,2729,1.0,0.98499995470047
1,827632318,2730,1.0,0.9899999499320984
1,827632318,2731,1.0,0.98499995470047
1,827632318,2732,1.0,0.9899999499320984
1,827632318,2733,1.0,0.9799999594688416
1,827632318,2734,1.0,0.98499995470047
1,827632318,2735,1.0,0.9799999594688416
1,827632318,2736,1.0,0.9899999499320984
1,827632318,2737,1.0,0.9899999499320984
1,827632318,2738,1.0,0.9799999594688416
1,827632318,2739,1.0,0.98499995470047
1,827632318,2740,1.0,0.98499995470047
1,827632318,2741,1.0,0.98499995470047
1,827632318,2742,1.0,0.98499995470047
1,827632318,2743,1.0,0.98499995470047
1,827632318,2744,1.0,0.9899999499320984
1,827632318,2745,1.0,0.98499995470047
1,827632318,2746,1.0,0.98499995470047
1,827632318,2747,1.0,0.98499995470047
1,827632318,2748,1.0,0.98499995470047
1,827632318,2749,1.0,0.98499995470047
1,827632318,2750,1.0,0.9799999594688416
1,827632318,2751,1.0,0.98499995470047
1,827632318,2752,1.0,0.98499995470047
1,827632318,2753,1.0,0.98499995470047
1,827632318,2754,1.0,0.98499995470047
1,827632318,2755,1.0,0.9799999594688416
1,827632318,2756,1.0,0.98499995470047
1,827632318,2757,1.0,0.98499995470047
1,827632318,2758,1.0,0.98499995470047
1,827632318,2759,1.0,0.98499995470047
1,827632318,2760,1.0,0.98499995470047
1,827632318,2761,1.0,0.98499995470047
1,827632318,2762,1.0,0.98499995470047
1,827632318,2763,1.0,0.98499995470047
1,827632318,2764,1.0,0.98499995470047
1,827632318,2765,1.0,0.9799999594688416
1,827632318,2766,1.0,0.9899999499320984
1,827632318,2767,1.0,0.98499995470047
1,827632318,2768,1.0,0.98499995470047
1,827632318,2769,1.0,0.98499995470047
1,827632318,2770,1.0,0.98499995470047
1,827632318,2771,1.0,0.98499995470047
1,827632318,2772,1.0,0.98499995470047
1,827632318,2773,1.0,0.98499995470047
1,827632318,2774,1.0,0.98499995470047
1,827632318,2775,1.0,0.98499995470047
1,827632318,2776,1.0,0.9799999594688416
1,827632318,2777,1.0,0.98499995470047
1,827632318,2778,1.0,0.98499995470047
1,827632318,2779,1.0,0.9899999499320984
1,827632318,2780,1.0,0.98499995470047
1,827632318,2781,1.0,0.98499995470047
1,827632318,2782,1.0,0.98499995470047
1,827632318,2783,1.0,0.98499995470047
1,827632318,2784,1.0,0.9799999594688416
1,827632318,2785,1.0,0.9749999642372131
1,827632318,2786,1.0,0.98499995470047
1,827632318,2787,1.0,0.98499995470047
1,827632318,2788,1.0,0.9899999499320984
1,827632318,2789,1.0,0.98499995470047
1,827632318,2790,1.0,0.98499995470047
1,827632318,2791,1.0,0.98499995470047
1,827632318,2792,1.0,0.9899999499320984
1,827632318,2793,1.0,0.9899999499320984
1,827632318,2794,1.0,0.98499995470047
1,827632318,2795,1.0,0.9899999499320984
1,827632318,2796,1.0,0.98499995470047
1,827632318,2797,1.0,0.98499995470047
1,827632318,2798,1.0,0.98499995470047
1,827632318,2799,1.0,0.9799999594688416
1,827632318,2800,1.0,0.98499995470047
1,827632318,2801,1.0,0.98499995470047
1,827632318,2802,1.0,0.9899999499320984
1,827632318,2803,1.0,0.9899999499320984
1,827632318,2804,1.0,0.98499995470047
1,827632318,2805,1.0,0.9899999499320984
1,827632318,2806,1.0,0.98499995470047
1,827632318,2807,1.0,0.98499995470047
1,827632318,2808,1.0,0.9799999594688416
1,827632318,2809,1.0,0.9749999642372131
1,827632318,2810,1.0,0.98499995470047
1,827632318,2811,1.0,0.98499995470047
1,827632318,2812,1.0,0.9899999499320984
1,827632318,2813,1.0,0.98499995470047
1,827632318,2814,1.0,0.9899999499320984
1,827632318,2815,1.0,0.9799999594688416
1,827632318,2816,1.0,0.98499995470047
1,827632318,2817,1.0,0.9799999594688416
1,827632318,2818,1.0,0.9799999594688416
1,827632318,2819,1.0,0.9749999642372131
1,827632318,2820,1.0,0.9799999594688416
1,827632318,2821,1.0,0.9899999499320984
1,827632318,2822,1.0,0.98499995470047
1,827632318,2823,1.0,0.98499995470047
1,827632318,2824,1.0,0.9799999594688416
1,827632318,2825,1.0,0.98499995470047
1,827632318,2826,1.0,0.9799999594688416
1,827632318,2827,1.0,0.9899999499320984
1,827632318,2828,1.0,0.9899999499320984
1,827632318,2829,1.0,0.9899999499320984
1,827632318,2830,1.0,0.98499995470047
1,827632318,2831,1.0,0.98499995470047
1,827632318,2832,1.0,0.98499995470047
1,827632318,2833,1.0,0.9799999594688416
1,827632318,2834,1.0,0.9899999499320984
1,827632318,2835,1.0,0.9899999499320984
1,827632318,2836,1.0,0.98499995470047
1,827632318,2837,1.0,0.9899999499320984
1,827632318,2838,1.0,0.98499995470047
1,827632318,2839,1.0,0.98499995470047
1,827632318,2840,1.0,0.9899999499320984
1,827632318,2841,1.0,0.9899999499320984
1,827632318,2842,1.0,0.9899999499320984
1,827632318,2843,1.0,0.9899999499320984
1,827632318,2844,1.0,0.9799999594688416
1,827632318,2845,1.0,0.98499995470047
1,827632318,2846,1.0,0.9799999594688416
1,827632318,2847,1.0,0.9899999499320984
1,827632318,2848,1.0,0.98499995470047
1,827632318,2849,1.0,0.9899999499320984
1,827632318,2850,1.0,0.9899999499320984
1,827632318,2851,1.0,0.98499995470047
1,827632318,2852,1.0,0.98499995470047
1,827632318,2853,1.0,0.9899999499320984
1,827632318,2854,1.0,0.9899999499320984
1,827632318,2855,1.0,0.9899999499320984
1,827632318,2856,1.0,0.98499995470047
1,827632318,2857,1.0,0.98499995470047
1,827632318,2858,1.0,0.9899999499320984
1,827632318,2859,1.0,0.9899999499320984
1,827632318,2860,1.0,0.98499995470047
1,827632318,2861,1.0,0.98499995470047
1,827632318,2862,1.0,0.98499995470047
1,827632318,2863,1.0,0.9899999499320984
1,827632318,2864,1.0,0.98499995470047
1,827632318,2865,1.0,0.9899999499320984
1,827632318,2866,1.0,0.9799999594688416
1,827632318,2867,1.0,0.9899999499320984
1,827632318,2868,1.0,0.98499995470047
1,827632318,2869,1.0,0.98499995470047
1,827632318,2870,1.0,0.98499995470047
1,827632318,2871,1.0,0.98499995470047
1,827632318,2872,1.0,0.98499995470047
1,827632318,2873,1.0,0.98499995470047
1,827632318,2874,1.0,0.98499995470047
1,827632318,2875,1.0,0.98499995470047
1,827632318,2876,1.0,0.98499995470047
1,827632318,2877,1.0,0.9899999499320984
1,827632318,2878,1.0,0.98499995470047
1,827632318,2879,1.0,0.98499995470047
1,827632318,2880,1.0,0.98499995470047
1,827632318,2881,1.0,0.98499995470047
1,827632318,2882,1.0,0.98499995470047
1,827632318,2883,1.0,0.9899999499320984
1,827632318,2884,1.0,0.9899999499320984
1,827632318,2885,1.0,0.9899999499320984
1,827632318,2886,1.0,0.98499995470047
1,827632318,2887,1.0,0.98499995470047
1,827632318,2888,1.0,0.98499995470047
1,827632318,2889,1.0,0.98499995470047
1,827632318,2890,1.0,0.98499995470047
1,827632318,2891,1.0,0.9899999499320984
1,827632318,2892,1.0,0.9899999499320984
1,827632318,2893,1.0,0.98499995470047
1,827632318,2894,1.0,0.98499995470047
1,827632318,2895,1.0,0.9799999594688416
1,827632318,2896,1.0,0.9799999594688416
1,827632318,2897,1.0,0.98499995470047
1,827632318,2898,1.0,0.9799999594688416
1,827632318,2899,1.0,0.98499995470047
1,827632318,2900,1.0,0.98499995470047
1,827632318,2901,1.0,0.9899999499320984
1,827632318,2902,1.0,0.9799999594688416
1,827632318,2903,1.0,0.9899999499320984
1,827632318,2904,1.0,0.9899999499320984
1,827632318,2905,1.0,0.9899999499320984
1,827632318,2906,1.0,0.98499995470047
1,827632318,2907,1.0,0.98499995470047
1,827632318,2908,1.0,0.9899999499320984
1,827632318,2909,1.0,0.98499995470047
1,827632318,2910,1.0,0.9799999594688416
1,827632318,2911,1.0,0.98499995470047
1,827632318,2912,1.0,0.98499995470047
1,827632318,2913,1.0,0.9899999499320984
1,827632318,2914,1.0,0.9899999499320984
1,827632318,2915,1.0,0.98499995470047
1,827632318,2916,1.0,0.9799999594688416
1,827632318,2917,1.0,0.98499995470047
1,827632318,2918,1.0,0.98499995470047
1,827632318,2919,1.0,0.98499995470047
1,827632318,2920,1.0,0.98499995470047
1,827632318,2921,1.0,0.9899999499320984
1,827632318,2922,1.0,0.98499995470047
1,827632318,2923,1.0,0.98499995470047
1,827632318,2924,1.0,0.98499995470047
1,827632318,2925,1.0,0.9899999499320984
1,827632318,2926,1.0,0.98499995470047
1,827632318,2927,1.0,0.9799999594688416
1,827632318,2928,1.0,0.98499995470047
1,827632318,2929,1.0,0.9899999499320984
1,827632318,2930,1.0,0.98499995470047
1,827632318,2931,1.0,0.9899999499320984
1,827632318,2932,1.0,0.9899999499320984
1,827632318,2933,1.0,0.98499995470047
1,827632318,2934,1.0,0.98499995470047
1,827632318,2935,1.0,0.98499995470047
1,827632318,2936,1.0,0.98499995470047
1,827632318,2937,1.0,0.98499995470047
1,827632318,2938,1.0,0.9899999499320984
1,827632318,2939,1.0,0.9899999499320984
1,827632318,2940,1.0,0.9899999499320984
1,827632318,2941,1.0,0.9899999499320984
1,827632318,2942,1.0,0.98499995470047
1,827632318,2943,1.0,0.9899999499320984
1,827632318,2944,1.0,0.9799999594688416
1,827632318,2945,1.0,0.98499995470047
1,827632318,2946,1.0,0.98499995470047
1,827632318,2947,1.0,0.9899999499320984
1,827632318,2948,1.0,0.98499995470047
1,827632318,2949,1.0,0.98499995470047
1,827632318,2950,1.0,0.98499995470047
1,827632318,2951,1.0,0.98499995470047
1,827632318,2952,1.0,0.98499995470047
1,827632318,2953,1.0,0.98499995470047
1,827632318,2954,1.0,0.9899999499320984
1,827632318,2955,1.0,0.98499995470047
1,827632318,2956,1.0,0.98499995470047
1,827632318,2957,1.0,0.98499995470047
1,827632318,2958,1.0,0.98499995470047
1,827632318,2959,1.0,0.98499995470047
1,827632318,2960,1.0,0.98499995470047
1,827632318,2961,1.0,0.9899999499320984
1,827632318,2962,1.0,0.9950000047683716
1,827632318,2963,1.0,0.9899999499320984
1,827632318,2964,1.0,0.9899999499320984
1,827632318,2965,1.0,0.9899999499320984
1,827632318,2966,1.0,0.98499995470047
1,827632318,2967,1.0,0.9899999499320984
1,827632318,2968,1.0,0.9899999499320984
1,827632318,2969,1.0,0.9899999499320984
1,827632318,2970,1.0,0.98499995470047
1,827632318,2971,1.0,0.9899999499320984
1,827632318,2972,1.0,0.9899999499320984
1,827632318,2973,1.0,0.98499995470047
1,827632318,2974,1.0,0.98499995470047
1,827632318,2975,1.0,0.9899999499320984
1,827632318,2976,1.0,0.9899999499320984
1,827632318,2977,1.0,0.98499995470047
1,827632318,2978,1.0,0.98499995470047
1,827632318,2979,1.0,0.98499995470047
1,827632318,2980,1.0,0.9899999499320984
1,827632318,2981,1.0,0.98499995470047
1,827632318,2982,1.0,0.9799999594688416
1,827632318,2983,1.0,0.9899999499320984
1,827632318,2984,1.0,0.9899999499320984
1,827632318,2985,1.0,0.9899999499320984
1,827632318,2986,1.0,0.98499995470047
1,827632318,2987,1.0,0.98499995470047
1,827632318,2988,1.0,0.98499995470047
1,827632318,2989,1.0,0.9899999499320984
1,827632318,2990,1.0,0.98499995470047
1,827632318,2991,1.0,0.9899999499320984
1,827632318,2992,1.0,0.98499995470047
1,827632318,2993,1.0,0.98499995470047
1,827632318,2994,1.0,0.9899999499320984
1,827632318,2995,1.0,0.98499995470047
1,827632318,2996,1.0,0.9899999499320984
1,827632318,2997,1.0,0.9899999499320984
1,827632318,2998,1.0,0.9899999499320984
1,827632318,2999,1.0,0.9799999594688416
1,827632318,3000,1.0,0.98499995470047
1,827632318,3001,1.0,0.98499995470047
1,827632318,3002,1.0,0.9899999499320984
1,827632318,3003,1.0,0.98499995470047
1,827632318,3004,1.0,0.9899999499320984
1,827632318,3005,1.0,0.9899999499320984
1,827632318,3006,1.0,0.9899999499320984
1,827632318,3007,1.0,0.9899999499320984
1,827632318,3008,1.0,0.98499995470047
1,827632318,3009,1.0,0.9899999499320984
1,827632318,3010,1.0,0.9899999499320984
1,827632318,3011,1.0,0.9899999499320984
1,827632318,3012,1.0,0.98499995470047
1,827632318,3013,1.0,0.9899999499320984
1,827632318,3014,1.0,0.9899999499320984
1,827632318,3015,1.0,0.98499995470047
1,827632318,3016,1.0,0.9899999499320984
1,827632318,3017,1.0,0.9899999499320984
1,827632318,3018,1.0,0.9899999499320984
1,827632318,3019,1.0,0.9899999499320984
1,827632318,3020,1.0,0.98499995470047
1,827632318,3021,1.0,0.9799999594688416
1,827632318,3022,1.0,0.9799999594688416
1,827632318,3023,1.0,0.98499995470047
1,827632318,3024,1.0,0.9899999499320984
1,827632318,3025,1.0,0.9899999499320984
1,827632318,3026,1.0,0.9899999499320984
1,827632318,3027,1.0,0.9799999594688416
1,827632318,3028,1.0,0.98499995470047
1,827632318,3029,1.0,0.9899999499320984
1,827632318,3030,1.0,0.9899999499320984
1,827632318,3031,1.0,0.9899999499320984
1,827632318,3032,1.0,0.9899999499320984
1,827632318,3033,1.0,0.9899999499320984
1,827632318,3034,1.0,0.9950000047683716
1,827632318,3035,1.0,0.9899999499320984
1,827632318,3036,1.0,0.9899999499320984
1,827632318,3037,1.0,0.9899999499320984
1,827632318,3038,1.0,0.9899999499320984
1,827632318,3039,1.0,0.98499995470047
1,827632318,3040,1.0,0.98499995470047
1,827632318,3041,1.0,0.98499995470047
1,827632318,3042,1.0,0.9899999499320984
1,827632318,3043,1.0,0.98499995470047
1,827632318,3044,1.0,0.98499995470047
1,827632318,3045,1.0,0.9899999499320984
1,827632318,3046,1.0,0.9899999499320984
1,827632318,3047,1.0,0.9899999499320984
1,827632318,3048,1.0,0.98499995470047
1,827632318,3049,1.0,0.9899999499320984
1,827632318,3050,1.0,0.9899999499320984
1,827632318,3051,1.0,0.9899999499320984
1,827632318,3052,1.0,0.9899999499320984
1,827632318,3053,1.0,0.9899999499320984
1,827632318,3054,1.0,0.98499995470047
1,827632318,3055,1.0,0.9899999499320984
1,827632318,3056,1.0,0.9899999499320984
1,827632318,3057,1.0,0.9899999499320984
1,827632318,3058,1.0,0.9899999499320984
1,827632318,3059,1.0,0.9899999499320984
1,827632318,3060,1.0,0.98499995470047
1,827632318,3061,1.0,0.9899999499320984
1,827632318,3062,1.0,0.9899999499320984
1,827632318,3063,1.0,0.98499995470047
1,827632318,3064,1.0,0.98499995470047
1,827632318,3065,1.0,0.9899999499320984
1,827632318,3066,1.0,0.98499995470047
1,827632318,3067,1.0,0.98499995470047
1,827632318,3068,1.0,0.9950000047683716
1,827632318,3069,1.0,0.9899999499320984
1,827632318,3070,1.0,0.98499995470047
1,827632318,3071,1.0,0.9899999499320984
1,827632318,3072,1.0,0.9899999499320984
1,827632318,3073,1.0,0.98499995470047
1,827632318,3074,1.0,0.9899999499320984
1,827632318,3075,1.0,0.98499995470047
1,827632318,3076,1.0,0.98499995470047
1,827632318,3077,1.0,0.98499995470047
1,827632318,3078,1.0,0.9899999499320984
1,827632318,3079,1.0,0.9899999499320984
1,827632318,3080,1.0,0.9899999499320984
1,827632318,3081,1.0,0.9899999499320984
1,827632318,3082,1.0,0.9899999499320984
1,827632318,3083,1.0,0.9899999499320984
1,827632318,3084,1.0,0.9899999499320984
1,827632318,3085,1.0,0.9899999499320984
1,827632318,3086,1.0,0.9899999499320984
1,827632318,3087,1.0,0.98499995470047
1,827632318,3088,1.0,0.98499995470047
1,827632318,3089,1.0,0.9899999499320984
1,827632318,3090,1.0,0.9899999499320984
1,827632318,3091,1.0,0.9899999499320984
1,827632318,3092,1.0,0.9899999499320984
1,827632318,3093,1.0,0.9899999499320984
1,827632318,3094,1.0,0.98499995470047
1,827632318,3095,1.0,0.98499995470047
1,827632318,3096,1.0,0.9899999499320984
1,827632318,3097,1.0,0.9899999499320984
1,827632318,3098,1.0,0.9899999499320984
1,827632318,3099,1.0,0.9899999499320984
1,827632318,3100,1.0,0.9899999499320984
1,827632318,3101,1.0,0.9899999499320984
1,827632318,3102,1.0,0.98499995470047
1,827632318,3103,1.0,0.98499995470047
1,827632318,3104,1.0,0.98499995470047
1,827632318,3105,1.0,0.98499995470047
1,827632318,3106,1.0,0.9899999499320984
1,827632318,3107,1.0,0.9899999499320984
1,827632318,3108,1.0,0.9899999499320984
1,827632318,3109,1.0,0.9899999499320984
1,827632318,3110,1.0,0.9899999499320984
1,827632318,3111,1.0,0.9899999499320984
1,827632318,3112,1.0,0.98499995470047
1,827632318,3113,1.0,0.98499995470047
1,827632318,3114,1.0,0.9899999499320984
1,827632318,3115,1.0,0.9899999499320984
1,827632318,3116,1.0,0.9899999499320984
1,827632318,3117,1.0,0.9899999499320984
1,827632318,3118,1.0,0.9899999499320984
1,827632318,3119,1.0,0.9899999499320984
1,827632318,3120,1.0,0.9899999499320984
1,827632318,3121,1.0,0.98499995470047
1,827632318,3122,1.0,0.98499995470047
1,827632318,3123,1.0,0.9899999499320984
1,827632318,3124,1.0,0.9899999499320984
1,827632318,3125,1.0,0.9899999499320984
1,827632318,3126,1.0,0.98499995470047
1,827632318,3127,1.0,0.9899999499320984
1,827632318,3128,1.0,0.9899999499320984
1,827632318,3129,1.0,0.9899999499320984
1,827632318,3130,1.0,0.98499995470047
1,827632318,3131,1.0,0.98499995470047
1,827632318,3132,1.0,0.9799999594688416
1,827632318,3133,1.0,0.9950000047683716
1,827632318,3134,1.0,0.9899999499320984
1,827632318,3135,1.0,0.98499995470047
1,827632318,3136,1.0,0.98499995470047
1,827632318,3137,1.0,0.9899999499320984
1,827632318,3138,1.0,0.98499995470047
1,827632318,3139,1.0,0.98499995470047
1,827632318,3140,1.0,0.9899999499320984
1,827632318,3141,1.0,0.9899999499320984
1,827632318,3142,1.0,0.9899999499320984
1,827632318,3143,1.0,0.9950000047683716
1,827632318,3144,1.0,0.9899999499320984
1,827632318,3145,1.0,0.98499995470047
1,827632318,3146,1.0,0.9899999499320984
1,827632318,3147,1.0,0.98499995470047
1,827632318,3148,1.0,0.9899999499320984
1,827632318,3149,1.0,0.98499995470047
1,827632318,3150,1.0,0.98499995470047
1,827632318,3151,1.0,0.98499995470047
1,827632318,3152,1.0,0.9899999499320984
1,827632318,3153,1.0,0.98499995470047
1,827632318,3154,1.0,0.98499995470047
1,827632318,3155,1.0,0.98499995470047
1,827632318,3156,1.0,0.9899999499320984
1,827632318,3157,1.0,0.98499995470047
1,827632318,3158,1.0,0.98499995470047
1,827632318,3159,1.0,0.9899999499320984
1,827632318,3160,1.0,0.98499995470047
1,827632318,3161,1.0,0.98499995470047
1,827632318,3162,1.0,0.9899999499320984
1,827632318,3163,1.0,0.98499995470047
1,827632318,3164,1.0,0.98499995470047
1,827632318,3165,1.0,0.9799999594688416
1,827632318,3166,1.0,0.9899999499320984
1,827632318,3167,1.0,0.9899999499320984
1,827632318,3168,1.0,0.98499995470047
1,827632318,3169,1.0,0.98499995470047
1,827632318,3170,1.0,0.98499995470047
1,827632318,3171,1.0,0.98499995470047
1,827632318,3172,1.0,0.98499995470047
1,827632318,3173,1.0,0.98499995470047
1,827632318,3174,1.0,0.98499995470047
1,827632318,3175,1.0,0.9950000047683716
1,827632318,3176,1.0,0.9899999499320984
1,827632318,3177,1.0,0.98499995470047
1,827632318,3178,1.0,0.98499995470047
1,827632318,3179,1.0,0.98499995470047
1,827632318,3180,1.0,0.9899999499320984
1,827632318,3181,1.0,0.9899999499320984
1,827632318,3182,1.0,0.98499995470047
1,827632318,3183,1.0,0.9899999499320984
1,827632318,3184,1.0,0.9899999499320984
1,827632318,3185,1.0,0.9899999499320984
1,827632318,3186,1.0,0.98499995470047
1,827632318,3187,1.0,0.98499995470047
1,827632318,3188,1.0,0.9799999594688416
1,827632318,3189,1.0,0.9899999499320984
1,827632318,3190,1.0,0.9899999499320984
1,827632318,3191,1.0,0.98499995470047
1,827632318,3192,1.0,0.98499995470047
1,827632318,3193,1.0,0.98499995470047
1,827632318,3194,1.0,0.98499995470047
1,827632318,3195,1.0,0.9799999594688416
1,827632318,3196,1.0,0.98499995470047
1,827632318,3197,1.0,0.9899999499320984
1,827632318,3198,1.0,0.98499995470047
1,827632318,3199,1.0,0.9899999499320984
1,827632318,3200,1.0,0.98499995470047
1,827632318,3201,1.0,0.98499995470047
1,827632318,3202,1.0,0.98499995470047
1,827632318,3203,1.0,0.98499995470047
1,827632318,3204,1.0,0.98499995470047
1,827632318,3205,1.0,0.9899999499320984
1,827632318,3206,1.0,0.9950000047683716
1,827632318,3207,1.0,0.9899999499320984
1,827632318,3208,1.0,0.9899999499320984
1,827632318,3209,1.0,0.98499995470047
1,827632318,3210,1.0,0.98499995470047
1,827632318,3211,1.0,0.98499995470047
1,827632318,3212,1.0,0.98499995470047
1,827632318,3213,1.0,0.98499995470047
1,827632318,3214,1.0,0.98499995470047
1,827632318,3215,1.0,0.98499995470047
1,827632318,3216,1.0,0.98499995470047
1,827632318,3217,1.0,0.98499995470047
1,827632318,3218,1.0,0.9899999499320984
1,827632318,3219,1.0,0.9950000047683716
1,827632318,3220,1.0,0.9899999499320984
1,827632318,3221,1.0,0.98499995470047
1,827632318,3222,1.0,0.9799999594688416
1,827632318,3223,1.0,0.98499995470047
1,827632318,3224,1.0,0.98499995470047
1,827632318,3225,1.0,0.98499995470047
1,827632318,3226,1.0,0.98499995470047
1,827632318,3227,1.0,0.98499995470047
1,827632318,3228,1.0,0.98499995470047
1,827632318,3229,1.0,0.98499995470047
1,827632318,3230,1.0,0.9899999499320984
1,827632318,3231,1.0,0.9899999499320984
1,827632318,3232,1.0,0.9899999499320984
1,827632318,3233,1.0,0.98499995470047
1,827632318,3234,1.0,0.9899999499320984
1,827632318,3235,1.0,0.98499995470047
1,827632318,3236,1.0,0.98499995470047
1,827632318,3237,1.0,0.9899999499320984
1,827632318,3238,1.0,0.9950000047683716
1,827632318,3239,1.0,0.98499995470047
1,827632318,3240,1.0,0.9899999499320984
1,827632318,3241,1.0,0.9899999499320984
1,827632318,3242,1.0,0.98499995470047
1,827632318,3243,1.0,0.9899999499320984
1,827632318,3244,1.0,0.98499995470047
1,827632318,3245,1.0,0.98499995470047
1,827632318,3246,1.0,0.9899999499320984
1,827632318,3247,1.0,0.9950000047683716
1,827632318,3248,1.0,0.98499995470047
1,827632318,3249,1.0,0.98499995470047
1,827632318,3250,1.0,0.98499995470047
1,827632318,3251,1.0,0.98499995470047
1,827632318,3252,1.0,0.98499995470047
1,827632318,3253,1.0,0.9899999499320984
1,827632318,3254,1.0,0.9799999594688416
1,827632318,3255,1.0,0.98499995470047
1,827632318,3256,1.0,0.98499995470047
1,827632318,3257,1.0,0.98499995470047
1,827632318,3258,1.0,0.98499995470047
1,827632318,3259,1.0,0.9950000047683716
1,827632318,3260,1.0,0.9899999499320984
1,827632318,3261,1.0,0.98499995470047
1,827632318,3262,1.0,0.9899999499320984
1,827632318,3263,1.0,0.9899999499320984
1,827632318,3264,1.0,0.9799999594688416
1,827632318,3265,1.0,0.9799999594688416
1,827632318,3266,1.0,0.9799999594688416
1,827632318,3267,1.0,0.98499995470047
1,827632318,3268,1.0,0.98499995470047
1,827632318,3269,1.0,0.98499995470047
1,827632318,3270,1.0,0.98499995470047
1,827632318,3271,1.0,0.98499995470047
1,827632318,3272,1.0,0.9899999499320984
1,827632318,3273,1.0,0.98499995470047
1,827632318,3274,1.0,0.9899999499320984
1,827632318,3275,1.0,0.9899999499320984
1,827632318,3276,1.0,0.9899999499320984
1,827632318,3277,1.0,0.9899999499320984
1,827632318,3278,1.0,0.98499995470047
1,827632318,3279,1.0,0.98499995470047
1,827632318,3280,1.0,0.98499995470047
1,827632318,3281,1.0,0.98499995470047
1,827632318,3282,1.0,0.98499995470047
1,827632318,3283,1.0,0.9899999499320984
1,827632318,3284,1.0,0.98499995470047
1,827632318,3285,1.0,0.98499995470047
1,827632318,3286,1.0,0.98499995470047
1,827632318,3287,1.0,0.9899999499320984
1,827632318,3288,1.0,0.9899999499320984
1,827632318,3289,1.0,0.98499995470047
1,827632318,3290,1.0,0.98499995470047
1,827632318,3291,1.0,0.98499995470047
1,827632318,3292,1.0,0.9899999499320984
1,827632318,3293,1.0,0.9899999499320984
1,827632318,3294,1.0,0.98499995470047
1,827632318,3295,1.0,0.98499995470047
1,827632318,3296,1.0,0.9899999499320984
1,827632318,3297,1.0,0.9899999499320984
1,827632318,3298,1.0,0.98499995470047
1,827632318,3299,1.0,0.98499995470047
1,827632318,3300,1.0,0.98499995470047
1,827632318,3301,1.0,0.9899999499320984
1,827632318,3302,1.0,0.98499995470047
1,827632318,3303,1.0,0.9899999499320984
1,827632318,3304,1.0,0.9899999499320984
1,827632318,3305,1.0,0.9899999499320984
1,827632318,3306,1.0,0.98499995470047
1,827632318,3307,1.0,0.98499995470047
1,827632318,3308,1.0,0.98499995470047
1,827632318,3309,1.0,0.98499995470047
1,827632318,3310,1.0,0.98499995470047
1,827632318,3311,1.0,0.98499995470047
1,827632318,3312,1.0,0.9799999594688416
1,827632318,3313,1.0,0.98499995470047
1,827632318,3314,1.0,0.9899999499320984
1,827632318,3315,1.0,0.9899999499320984
1,827632318,3316,1.0,0.9899999499320984
1,827632318,3317,1.0,0.98499995470047
1,827632318,3318,1.0,0.98499995470047
1,827632318,3319,1.0,0.98499995470047
1,827632318,3320,1.0,0.98499995470047
1,827632318,3321,1.0,0.98499995470047
1,827632318,3322,1.0,0.98499995470047
1,827632318,3323,1.0,0.9899999499320984
1,827632318,3324,1.0,0.98499995470047
1,827632318,3325,1.0,0.98499995470047
1,827632318,3326,1.0,0.98499995470047
1,827632318,3327,1.0,0.9799999594688416
1,827632318,3328,1.0,0.98499995470047
1,827632318,3329,1.0,0.98499995470047
1,827632318,3330,1.0,0.98499995470047
1,827632318,3331,1.0,0.9899999499320984
1,827632318,3332,1.0,0.98499995470047
1,827632318,3333,1.0,0.9899999499320984
1,827632318,3334,1.0,0.98499995470047
1,827632318,3335,1.0,0.98499995470047
1,827632318,3336,1.0,0.98499995470047
1,827632318,3337,1.0,0.98499995470047
1,827632318,3338,1.0,0.98499995470047
1,827632318,3339,1.0,0.98499995470047
1,827632318,3340,1.0,0.98499995470047
1,827632318,3341,1.0,0.98499995470047
1,827632318,3342,1.0,0.98499995470047
1,827632318,3343,1.0,0.9950000047683716
1,827632318,3344,1.0,0.9899999499320984
1,827632318,3345,1.0,0.98499995470047
1,827632318,3346,1.0,0.98499995470047
1,827632318,3347,1.0,0.98499995470047
1,827632318,3348,1.0,0.98499995470047
1,827632318,3349,1.0,0.98499995470047
1,827632318,3350,1.0,0.98499995470047
1,827632318,3351,1.0,0.98499995470047
1,827632318,3352,1.0,0.9899999499320984
1,827632318,3353,1.0,0.98499995470047
1,827632318,3354,1.0,0.98499995470047
1,827632318,3355,1.0,0.9899999499320984
1,827632318,3356,1.0,0.98499995470047
1,827632318,3357,1.0,0.98499995470047
1,827632318,3358,1.0,0.98499995470047
1,827632318,3359,1.0,0.98499995470047
1,827632318,3360,1.0,0.98499995470047
1,827632318,3361,1.0,0.98499995470047
1,827632318,3362,1.0,0.9799999594688416
1,827632318,3363,1.0,0.98499995470047
1,827632318,3364,1.0,0.98499995470047
1,827632318,3365,1.0,0.98499995470047
1,827632318,3366,1.0,0.9799999594688416
1,827632318,3367,1.0,0.98499995470047
1,827632318,3368,1.0,0.9749999642372131
1,827632318,3369,1.0,0.9799999594688416
1,827632318,3370,1.0,0.98499995470047
1,827632318,3371,1.0,0.9899999499320984
1,827632318,3372,1.0,0.98499995470047
1,827632318,3373,1.0,0.98499995470047
1,827632318,3374,1.0,0.98499995470047
1,827632318,3375,1.0,0.98499995470047
1,827632318,3376,1.0,0.98499995470047
1,827632318,3377,1.0,0.98499995470047
1,827632318,3378,1.0,0.9899999499320984
1,827632318,3379,1.0,0.9899999499320984
1,827632318,3380,1.0,0.9899999499320984
1,827632318,3381,1.0,0.98499995470047
1,827632318,3382,1.0,0.98499995470047
1,827632318,3383,1.0,0.9799999594688416
1,827632318,3384,1.0,0.9799999594688416
1,827632318,3385,1.0,0.98499995470047
1,827632318,3386,1.0,0.98499995470047
1,827632318,3387,1.0,0.98499995470047
1,827632318,3388,1.0,0.9899999499320984
1,827632318,3389,1.0,0.98499995470047
1,827632318,3390,1.0,0.98499995470047
1,827632318,3391,1.0,0.98499995470047
1,827632318,3392,1.0,0.98499995470047
1,827632318,3393,1.0,0.98499995470047
1,827632318,3394,1.0,0.9899999499320984
1,827632318,3395,1.0,0.9950000047683716
1,827632318,3396,1.0,0.9899999499320984
1,827632318,3397,1.0,0.98499995470047
1,827632318,3398,1.0,0.98499995470047
1,827632318,3399,1.0,0.98499995470047
1,827632318,3400,1.0,0.98499995470047
1,827632318,3401,1.0,0.98499995470047
1,827632318,3402,1.0,0.98499995470047
1,827632318,3403,1.0,0.9899999499320984
1,827632318,3404,1.0,0.9899999499320984
1,827632318,3405,1.0,0.98499995470047
1,827632318,3406,1.0,0.98499995470047
1,827632318,3407,1.0,0.98499995470047
1,827632318,3408,1.0,0.98499995470047
1,827632318,3409,1.0,0.9899999499320984
1,827632318,3410,1.0,0.9899999499320984
1,827632318,3411,1.0,0.9899999499320984
1,827632318,3412,1.0,0.98499995470047
1,827632318,3413,1.0,0.98499995470047
1,827632318,3414,1.0,0.98499995470047
1,827632318,3415,1.0,0.9899999499320984
1,827632318,3416,1.0,0.9899999499320984
1,827632318,3417,1.0,0.98499995470047
1,827632318,3418,1.0,0.9899999499320984
1,827632318,3419,1.0,0.9899999499320984
1,827632318,3420,1.0,0.9899999499320984
1,827632318,3421,1.0,0.98499995470047
1,827632318,3422,1.0,0.98499995470047
1,827632318,3423,1.0,0.9899999499320984
1,827632318,3424,1.0,0.98499995470047
1,827632318,3425,1.0,0.98499995470047
1,827632318,3426,1.0,0.98499995470047
1,827632318,3427,1.0,0.98499995470047
1,827632318,3428,1.0,0.98499995470047
1,827632318,3429,1.0,0.9799999594688416
1,827632318,3430,1.0,0.9899999499320984
1,827632318,3431,1.0,0.98499995470047
1,827632318,3432,1.0,0.98499995470047
1,827632318,3433,1.0,0.98499995470047
1,827632318,3434,1.0,0.98499995470047
1,827632318,3435,1.0,0.9899999499320984
1,827632318,3436,1.0,0.98499995470047
1,827632318,3437,1.0,0.98499995470047
1,827632318,3438,1.0,0.9899999499320984
1,827632318,3439,1.0,0.98499995470047
1,827632318,3440,1.0,0.98499995470047
1,827632318,3441,1.0,0.98499995470047
1,827632318,3442,1.0,0.98499995470047
1,827632318,3443,1.0,0.9799999594688416
1,827632318,3444,1.0,0.9799999594688416
1,827632318,3445,1.0,0.98499995470047
1,827632318,3446,1.0,0.9799999594688416
1,827632318,3447,1.0,0.98499995470047
1,827632318,3448,1.0,0.98499995470047
1,827632318,3449,1.0,0.98499995470047
1,827632318,3450,1.0,0.9899999499320984
1,827632318,3451,1.0,0.98499995470047
1,827632318,3452,1.0,0.9899999499320984
1,827632318,3453,1.0,0.9899999499320984
1,827632318,3454,1.0,0.9899999499320984
1,827632318,3455,1.0,0.9899999499320984
1,827632318,3456,1.0,0.98499995470047
1,827632318,3457,1.0,0.98499995470047
1,827632318,3458,1.0,0.9899999499320984
1,827632318,3459,1.0,0.9799999594688416
1,827632318,3460,1.0,0.9799999594688416
1,827632318,3461,1.0,0.98499995470047
1,827632318,3462,1.0,0.98499995470047
1,827632318,3463,1.0,0.98499995470047
1,827632318,3464,1.0,0.98499995470047
1,827632318,3465,1.0,0.98499995470047
1,827632318,3466,1.0,0.98499995470047
1,827632318,3467,1.0,0.98499995470047
1,827632318,3468,1.0,0.98499995470047
1,827632318,3469,1.0,0.98499995470047
1,827632318,3470,1.0,0.98499995470047
1,827632318,3471,1.0,0.9899999499320984
1,827632318,3472,1.0,0.9899999499320984
1,827632318,3473,1.0,0.9899999499320984
1,827632318,3474,1.0,0.98499995470047
1,827632318,3475,1.0,0.9899999499320984
1,827632318,3476,1.0,0.98499995470047
1,827632318,3477,1.0,0.9799999594688416
1,827632318,3478,1.0,0.9799999594688416
1,827632318,3479,1.0,0.98499995470047
1,827632318,3480,1.0,0.98499995470047
1,827632318,3481,1.0,0.98499995470047
1,827632318,3482,1.0,0.98499995470047
1,827632318,3483,1.0,0.9899999499320984
1,827632318,3484,1.0,0.98499995470047
1,827632318,3485,1.0,0.98499995470047
1,827632318,3486,1.0,0.98499995470047
1,827632318,3487,1.0,0.9899999499320984
1,827632318,3488,1.0,0.98499995470047
1,827632318,3489,1.0,0.98499995470047
1,827632318,3490,1.0,0.98499995470047
1,827632318,3491,1.0,0.98499995470047
1,827632318,3492,1.0,0.98499995470047
1,827632318,3493,1.0,0.98499995470047
1,827632318,3494,1.0,0.9799999594688416
1,827632318,3495,1.0,0.9799999594688416
1,827632318,3496,1.0,0.9799999594688416
1,827632318,3497,1.0,0.98499995470047
1,827632318,3498,1.0,0.98499995470047
1,827632318,3499,1.0,0.98499995470047
1,827632318,3500,1.0,0.98499995470047
1,827632318,3501,1.0,0.9899999499320984
1,827632318,3502,1.0,0.9899999499320984
1,827632318,3503,1.0,0.98499995470047
1,827632318,3504,1.0,0.9799999594688416
1,827632318,3505,1.0,0.98499995470047
1,827632318,3506,1.0,0.98499995470047
1,827632318,3507,1.0,0.98499995470047
1,827632318,3508,1.0,0.98499995470047
1,827632318,3509,1.0,0.9799999594688416
1,827632318,3510,1.0,0.9799999594688416
1,827632318,3511,1.0,0.9799999594688416
1,827632318,3512,1.0,0.9799999594688416
1,827632318,3513,1.0,0.9799999594688416
1,827632318,3514,1.0,0.9799999594688416
1,827632318,3515,1.0,0.9899999499320984
1,827632318,3516,1.0,0.98499995470047
1,827632318,3517,1.0,0.98499995470047
1,827632318,3518,1.0,0.9899999499320984
1,827632318,3519,1.0,0.98499995470047
1,827632318,3520,1.0,0.98499995470047
1,827632318,3521,1.0,0.9799999594688416
1,827632318,3522,1.0,0.98499995470047
1,827632318,3523,1.0,0.9899999499320984
1,827632318,3524,1.0,0.98499995470047
1,827632318,3525,1.0,0.98499995470047
1,827632318,3526,1.0,0.9899999499320984
1,827632318,3527,1.0,0.98499995470047
1,827632318,3528,1.0,0.98499995470047
1,827632318,3529,1.0,0.98499995470047
1,827632318,3530,1.0,0.98499995470047
1,827632318,3531,1.0,0.98499995470047
1,827632318,3532,1.0,0.9899999499320984
1,827632318,3533,1.0,0.9799999594688416
1,827632318,3534,1.0,0.98499995470047
1,827632318,3535,1.0,0.9899999499320984
1,827632318,3536,1.0,0.98499995470047
1,827632318,3537,1.0,0.98499995470047
1,827632318,3538,1.0,0.9799999594688416
1,827632318,3539,1.0,0.98499995470047
1,827632318,3540,1.0,0.98499995470047
1,827632318,3541,1.0,0.98499995470047
1,827632318,3542,1.0,0.9799999594688416
1,827632318,3543,1.0,0.98499995470047
1,827632318,3544,1.0,0.98499995470047
1,827632318,3545,1.0,0.98499995470047
1,827632318,3546,1.0,0.98499995470047
1,827632318,3547,1.0,0.98499995470047
1,827632318,3548,1.0,0.98499995470047
1,827632318,3549,1.0,0.98499995470047
1,827632318,3550,1.0,0.98499995470047
1,827632318,3551,1.0,0.98499995470047
1,827632318,3552,1.0,0.98499995470047
1,827632318,3553,1.0,0.98499995470047
1,827632318,3554,1.0,0.98499995470047
1,827632318,3555,1.0,0.9899999499320984
1,827632318,3556,1.0,0.9799999594688416
1,827632318,3557,1.0,0.98499995470047
1,827632318,3558,1.0,0.9799999594688416
1,827632318,3559,1.0,0.98499995470047
1,827632318,3560,1.0,0.9799999594688416
1,827632318,3561,1.0,0.98499995470047
1,827632318,3562,1.0,0.98499995470047
1,827632318,3563,1.0,0.98499995470047
1,827632318,3564,1.0,0.9799999594688416
1,827632318,3565,1.0,0.98499995470047
1,827632318,3566,1.0,0.98499995470047
1,827632318,3567,1.0,0.98499995470047
1,827632318,3568,1.0,0.9899999499320984
1,827632318,3569,1.0,0.9799999594688416
1,827632318,3570,1.0,0.9799999594688416
1,827632318,3571,1.0,0.9899999499320984
1,827632318,3572,1.0,0.98499995470047
1,827632318,3573,1.0,0.98499995470047
1,827632318,3574,1.0,0.9799999594688416
1,827632318,3575,1.0,0.98499995470047
1,827632318,3576,1.0,0.98499995470047
1,827632318,3577,1.0,0.98499995470047
1,827632318,3578,1.0,0.98499995470047
1,827632318,3579,1.0,0.98499995470047
1,827632318,3580,1.0,0.98499995470047
1,827632318,3581,1.0,0.98499995470047
1,827632318,3582,1.0,0.98499995470047
1,827632318,3583,1.0,0.98499995470047
1,827632318,3584,1.0,0.98499995470047
1,827632318,3585,1.0,0.98499995470047
1,827632318,3586,1.0,0.98499995470047
1,827632318,3587,1.0,0.98499995470047
1,827632318,3588,1.0,0.98499995470047
1,827632318,3589,1.0,0.98499995470047
1,827632318,3590,1.0,0.9799999594688416
1,827632318,3591,1.0,0.9799999594688416
1,827632318,3592,1.0,0.98499995470047
1,827632318,3593,1.0,0.9799999594688416
1,827632318,3594,1.0,0.98499995470047
1,827632318,3595,1.0,0.98499995470047
1,827632318,3596,1.0,0.98499995470047
1,827632318,3597,1.0,0.9799999594688416
1,827632318,3598,1.0,0.9799999594688416
1,827632318,3599,1.0,0.9899999499320984
1,827632318,3600,1.0,0.98499995470047
1,827632318,3601,1.0,0.98499995470047
1,827632318,3602,1.0,0.9799999594688416
1,827632318,3603,1.0,0.98499995470047
1,827632318,3604,1.0,0.9799999594688416
1,827632318,3605,1.0,0.98499995470047
1,827632318,3606,1.0,0.9799999594688416
1,827632318,3607,1.0,0.9799999594688416
1,827632318,3608,1.0,0.98499995470047
1,827632318,3609,1.0,0.9799999594688416
1,827632318,3610,1.0,0.9799999594688416
1,827632318,3611,1.0,0.98499995470047
1,827632318,3612,1.0,0.9899999499320984
1,827632318,3613,1.0,0.9899999499320984
1,827632318,3614,1.0,0.98499995470047
1,827632318,3615,1.0,0.98499995470047
1,827632318,3616,1.0,0.98499995470047
1,827632318,3617,1.0,0.9899999499320984
1,827632318,3618,1.0,0.9899999499320984
1,827632318,3619,1.0,0.98499995470047
1,827632318,3620,1.0,0.9799999594688416
1,827632318,3621,1.0,0.9799999594688416
1,827632318,3622,1.0,0.9799999594688416
1,827632318,3623,1.0,0.9799999594688416
1,827632318,3624,1.0,0.9799999594688416
1,827632318,3625,1.0,0.9799999594688416
1,827632318,3626,1.0,0.9799999594688416
1,827632318,3627,1.0,0.98499995470047
1,827632318,3628,1.0,0.98499995470047
1,827632318,3629,1.0,0.98499995470047
1,827632318,3630,1.0,0.98499995470047
1,827632318,3631,1.0,0.98499995470047
1,827632318,3632,1.0,0.98499995470047
1,827632318,3633,1.0,0.98499995470047
1,827632318,3634,1.0,0.9799999594688416
1,827632318,3635,1.0,0.9799999594688416
1,827632318,3636,1.0,0.9799999594688416
1,827632318,3637,1.0,0.98499995470047
1,827632318,3638,1.0,0.98499995470047
1,827632318,3639,1.0,0.98499995470047
1,827632318,3640,1.0,0.98499995470047
1,827632318,3641,1.0,0.9899999499320984
1,827632318,3642,1.0,0.98499995470047
1,827632318,3643,1.0,0.98499995470047
1,827632318,3644,1.0,0.98499995470047
1,827632318,3645,1.0,0.98499995470047
1,827632318,3646,1.0,0.98499995470047
1,827632318,3647,1.0,0.98499995470047
1,827632318,3648,1.0,0.9899999499320984
1,827632318,3649,1.0,0.98499995470047
1,827632318,3650,1.0,0.98499995470047
1,827632318,3651,1.0,0.98499995470047
1,827632318,3652,1.0,0.98499995470047
1,827632318,3653,1.0,0.98499995470047
1,827632318,3654,1.0,0.9899999499320984
1,827632318,3655,1.0,0.98499995470047
1,827632318,3656,1.0,0.9899999499320984
1,827632318,3657,1.0,0.9799999594688416
1,827632318,3658,1.0,0.9799999594688416
1,827632318,3659,1.0,0.98499995470047
1,827632318,3660,1.0,0.9899999499320984
1,827632318,3661,1.0,0.9899999499320984
1,827632318,3662,1.0,0.9899999499320984
1,827632318,3663,1.0,0.9799999594688416
1,827632318,3664,1.0,0.9799999594688416
1,827632318,3665,1.0,0.98499995470047
1,827632318,3666,1.0,0.9899999499320984
1,827632318,3667,1.0,0.98499995470047
1,827632318,3668,1.0,0.98499995470047
1,827632318,3669,1.0,0.98499995470047
1,827632318,3670,1.0,0.9899999499320984
1,827632318,3671,1.0,0.9799999594688416
1,827632318,3672,1.0,0.98499995470047
1,827632318,3673,1.0,0.98499995470047
1,827632318,3674,1.0,0.9899999499320984
1,827632318,3675,1.0,0.98499995470047
1,827632318,3676,1.0,0.98499995470047
1,827632318,3677,1.0,0.98499995470047
1,827632318,3678,1.0,0.98499995470047
1,827632318,3679,1.0,0.98499995470047
1,827632318,3680,1.0,0.98499995470047
1,827632318,3681,1.0,0.98499995470047
1,827632318,3682,1.0,0.9799999594688416
1,827632318,3683,1.0,0.98499995470047
1,827632318,3684,1.0,0.9799999594688416
1,827632318,3685,1.0,0.9799999594688416
1,827632318,3686,1.0,0.98499995470047
1,827632318,3687,1.0,0.98499995470047
1,827632318,3688,1.0,0.9899999499320984
1,827632318,3689,1.0,0.98499995470047
1,827632318,3690,1.0,0.98499995470047
1,827632318,3691,1.0,0.98499995470047
1,827632318,3692,1.0,0.9950000047683716
1,827632318,3693,1.0,0.9950000047683716
1,827632318,3694,1.0,0.9899999499320984
1,827632318,3695,1.0,0.98499995470047
1,827632318,3696,1.0,0.98499995470047
1,827632318,3697,1.0,0.9799999594688416
1,827632318,3698,1.0,0.98499995470047
1,827632318,3699,1.0,0.98499995470047
1,827632318,3700,1.0,0.98499995470047
1,827632318,3701,1.0,0.98499995470047
1,827632318,3702,1.0,0.98499995470047
1,827632318,3703,1.0,0.98499995470047
1,827632318,3704,1.0,0.9950000047683716
1,827632318,3705,1.0,0.98499995470047
1,827632318,3706,1.0,0.98499995470047
1,827632318,3707,1.0,0.98499995470047
1,827632318,3708,1.0,0.98499995470047
1,827632318,3709,1.0,0.9799999594688416
1,827632318,3710,1.0,0.98499995470047
1,827632318,3711,1.0,0.9899999499320984
1,827632318,3712,1.0,0.9899999499320984
1,827632318,3713,1.0,0.98499995470047
1,827632318,3714,1.0,0.98499995470047
1,827632318,3715,1.0,0.9899999499320984
1,827632318,3716,1.0,0.9950000047683716
1,827632318,3717,1.0,0.98499995470047
1,827632318,3718,1.0,0.98499995470047
1,827632318,3719,1.0,0.98499995470047
1,827632318,3720,1.0,0.9799999594688416
1,827632318,3721,1.0,0.9799999594688416
1,827632318,3722,1.0,0.98499995470047
1,827632318,3723,1.0,0.9799999594688416
1,827632318,3724,1.0,0.9799999594688416
1,827632318,3725,1.0,0.9899999499320984
1,827632318,3726,1.0,0.98499995470047
1,827632318,3727,1.0,0.9899999499320984
1,827632318,3728,1.0,0.9899999499320984
1,827632318,3729,1.0,0.98499995470047
1,827632318,3730,1.0,0.98499995470047
1,827632318,3731,1.0,0.98499995470047
1,827632318,3732,1.0,0.98499995470047
1,827632318,3733,1.0,0.9799999594688416
1,827632318,3734,1.0,0.9799999594688416
1,827632318,3735,1.0,0.98499995470047
1,827632318,3736,1.0,0.98499995470047
1,827632318,3737,1.0,0.98499995470047
1,827632318,3738,1.0,0.9899999499320984
1,827632318,3739,1.0,0.98499995470047
1,827632318,3740,1.0,0.9899999499320984
1,827632318,3741,1.0,0.9899999499320984
1,827632318,3742,1.0,0.9899999499320984
1,827632318,3743,1.0,0.98499995470047
1,827632318,3744,1.0,0.98499995470047
1,827632318,3745,1.0,0.9799999594688416
1,827632318,3746,1.0,0.98499995470047
1,827632318,3747,1.0,0.98499995470047
1,827632318,3748,1.0,0.9749999642372131
1,827632318,3749,1.0,0.9899999499320984
1,827632318,3750,1.0,0.9899999499320984
1,827632318,3751,1.0,0.98499995470047
1,827632318,3752,1.0,0.98499995470047
1,827632318,3753,1.0,0.9899999499320984
1,827632318,3754,1.0,0.9899999499320984
1,827632318,3755,1.0,0.9899999499320984
1,827632318,3756,1.0,0.98499995470047
1,827632318,3757,1.0,0.9899999499320984
1,827632318,3758,1.0,0.98499995470047
1,827632318,3759,1.0,0.98499995470047
1,827632318,3760,1.0,0.98499995470047
1,827632318,3761,1.0,0.98499995470047
1,827632318,3762,1.0,0.98499995470047
1,827632318,3763,1.0,0.98499995470047
1,827632318,3764,1.0,0.98499995470047
1,827632318,3765,1.0,0.9950000047683716
1,827632318,3766,1.0,0.9899999499320984
1,827632318,3767,1.0,0.98499995470047
1,827632318,3768,1.0,0.9899999499320984
1,827632318,3769,1.0,0.9950000047683716
1,827632318,3770,1.0,0.9950000047683716
1,827632318,3771,1.0,0.98499995470047
1,827632318,3772,1.0,0.9899999499320984
1,827632318,3773,1.0,0.9899999499320984
1,827632318,3774,1.0,0.98499995470047
1,827632318,3775,1.0,0.98499995470047
1,827632318,3776,1.0,0.98499995470047
1,827632318,3777,1.0,0.98499995470047
1,827632318,3778,1.0,0.98499995470047
1,827632318,3779,1.0,1.0
1,827632318,3780,1.0,0.9899999499320984
1,827632318,3781,1.0,0.9899999499320984
1,827632318,3782,1.0,0.9950000047683716
1,827632318,3783,1.0,0.9899999499320984
1,827632318,3784,1.0,0.98499995470047
1,827632318,3785,1.0,0.9899999499320984
1,827632318,3786,1.0,0.9799999594688416
1,827632318,3787,1.0,0.9799999594688416
1,827632318,3788,1.0,0.98499995470047
1,827632318,3789,1.0,0.98499995470047
1,827632318,3790,1.0,0.98499995470047
1,827632318,3791,1.0,0.9899999499320984
1,827632318,3792,1.0,0.98499995470047
1,827632318,3793,1.0,0.9899999499320984
1,827632318,3794,1.0,0.9950000047683716
1,827632318,3795,1.0,0.9950000047683716
1,827632318,3796,1.0,0.9899999499320984
1,827632318,3797,1.0,0.9899999499320984
1,827632318,3798,1.0,0.9899999499320984
1,827632318,3799,1.0,0.9899999499320984
1,827632318,3800,1.0,0.9899999499320984
1,827632318,3801,1.0,0.9899999499320984
1,827632318,3802,1.0,0.9899999499320984
1,827632318,3803,1.0,0.9950000047683716
1,827632318,3804,1.0,0.9950000047683716
1,827632318,3805,1.0,0.9950000047683716
1,827632318,3806,1.0,0.9899999499320984
1,827632318,3807,1.0,0.98499995470047
1,827632318,3808,1.0,0.9950000047683716
1,827632318,3809,1.0,0.9899999499320984
1,827632318,3810,1.0,0.98499995470047
1,827632318,3811,1.0,0.98499995470047
1,827632318,3812,1.0,0.98499995470047
1,827632318,3813,1.0,0.9899999499320984
1,827632318,3814,1.0,0.9899999499320984
1,827632318,3815,1.0,0.9899999499320984
1,827632318,3816,1.0,0.9899999499320984
1,827632318,3817,1.0,0.9950000047683716
1,827632318,3818,1.0,0.9899999499320984
1,827632318,3819,1.0,0.9899999499320984
1,827632318,3820,1.0,0.9899999499320984
1,827632318,3821,1.0,0.9899999499320984
1,827632318,3822,1.0,0.9899999499320984
1,827632318,3823,1.0,0.9899999499320984
1,827632318,3824,1.0,0.98499995470047
1,827632318,3825,1.0,0.9799999594688416
1,827632318,3826,1.0,0.98499995470047
1,827632318,3827,1.0,0.9899999499320984
1,827632318,3828,1.0,0.9899999499320984
1,827632318,3829,1.0,0.98499995470047
1,827632318,3830,1.0,0.9899999499320984
1,827632318,3831,1.0,0.9899999499320984
1,827632318,3832,1.0,0.98499995470047
1,827632318,3833,1.0,0.98499995470047
1,827632318,3834,1.0,0.98499995470047
1,827632318,3835,1.0,0.9899999499320984
1,827632318,3836,1.0,0.9899999499320984
1,827632318,3837,1.0,0.9899999499320984
1,827632318,3838,1.0,0.9899999499320984
1,827632318,3839,1.0,0.9950000047683716
1,827632318,3840,1.0,0.9899999499320984
1,827632318,3841,1.0,0.9899999499320984
1,827632318,3842,1.0,0.9899999499320984
1,827632318,3843,1.0,0.9899999499320984
1,827632318,3844,1.0,0.9899999499320984
1,827632318,3845,1.0,0.9899999499320984
1,827632318,3846,1.0,0.9950000047683716
1,827632318,3847,1.0,0.9950000047683716
1,827632318,3848,1.0,0.9899999499320984
1,827632318,3849,1.0,0.9899999499320984
1,827632318,3850,1.0,0.9899999499320984
1,827632318,3851,1.0,0.9899999499320984
1,827632318,3852,1.0,0.9899999499320984
1,827632318,3853,1.0,0.9899999499320984
1,827632318,3854,1.0,0.9950000047683716
1,827632318,3855,1.0,0.9899999499320984
1,827632318,3856,1.0,0.9899999499320984
1,827632318,3857,1.0,0.9899999499320984
1,827632318,3858,1.0,0.9899999499320984
1,827632318,3859,1.0,0.9899999499320984
1,827632318,3860,1.0,0.9899999499320984
1,827632318,3861,1.0,0.9950000047683716
1,827632318,3862,1.0,0.9899999499320984
1,827632318,3863,1.0,0.9899999499320984
1,827632318,3864,1.0,0.9899999499320984
1,827632318,3865,1.0,0.98499995470047
1,827632318,3866,1.0,0.98499995470047
1,827632318,3867,1.0,0.9899999499320984
1,827632318,3868,1.0,0.9899999499320984
1,827632318,3869,1.0,0.9899999499320984
1,827632318,3870,1.0,0.9899999499320984
1,827632318,3871,1.0,0.9899999499320984
1,827632318,3872,1.0,0.9899999499320984
1,827632318,3873,1.0,0.9899999499320984
1,827632318,3874,1.0,0.9899999499320984
1,827632318,3875,1.0,0.9950000047683716
1,827632318,3876,1.0,0.9950000047683716
1,827632318,3877,1.0,0.9899999499320984
1,827632318,3878,1.0,0.9899999499320984
1,827632318,3879,1.0,0.9899999499320984
1,827632318,3880,1.0,0.9899999499320984
1,827632318,3881,1.0,0.9899999499320984
1,827632318,3882,1.0,0.9899999499320984
1,827632318,3883,1.0,0.9899999499320984
1,827632318,3884,1.0,0.9899999499320984
1,827632318,3885,1.0,0.9899999499320984
1,827632318,3886,1.0,0.9899999499320984
1,827632318,3887,1.0,0.9899999499320984
1,827632318,3888,1.0,0.9899999499320984
1,827632318,3889,1.0,0.98499995470047
1,827632318,3890,1.0,0.9899999499320984
1,827632318,3891,1.0,0.9899999499320984
1,827632318,3892,1.0,0.9899999499320984
1,827632318,3893,1.0,0.9899999499320984
1,827632318,3894,1.0,0.9899999499320984
1,827632318,3895,1.0,0.9950000047683716
1,827632318,3896,1.0,0.9899999499320984
1,827632318,3897,1.0,0.9899999499320984
1,827632318,3898,1.0,0.9950000047683716
1,827632318,3899,1.0,0.9950000047683716
1,827632318,3900,1.0,0.9899999499320984
1,827632318,3901,1.0,0.9899999499320984
1,827632318,3902,1.0,0.98499995470047
1,827632318,3903,1.0,0.9899999499320984
1,827632318,3904,1.0,0.9899999499320984
1,827632318,3905,1.0,0.98499995470047
1,827632318,3906,1.0,0.9899999499320984
1,827632318,3907,1.0,0.9899999499320984
1,827632318,3908,1.0,0.9899999499320984
1,827632318,3909,1.0,0.9950000047683716
1,827632318,3910,1.0,0.9950000047683716
1,827632318,3911,1.0,0.9899999499320984
1,827632318,3912,1.0,0.9899999499320984
1,827632318,3913,1.0,0.9899999499320984
1,827632318,3914,1.0,0.9950000047683716
1,827632318,3915,1.0,0.9899999499320984
1,827632318,3916,1.0,0.9899999499320984
1,827632318,3917,1.0,0.9899999499320984
1,827632318,3918,1.0,0.9899999499320984
1,827632318,3919,1.0,0.9899999499320984
1,827632318,3920,1.0,0.9899999499320984
1,827632318,3921,1.0,0.9899999499320984
1,827632318,3922,1.0,0.98499995470047
1,827632318,3923,1.0,0.9899999499320984
1,827632318,3924,1.0,0.9899999499320984
1,827632318,3925,1.0,0.9899999499320984
1,827632318,3926,1.0,0.9899999499320984
1,827632318,3927,1.0,0.9899999499320984
1,827632318,3928,1.0,0.9899999499320984
1,827632318,3929,1.0,0.9899999499320984
1,827632318,3930,1.0,0.9950000047683716
1,827632318,3931,1.0,0.9899999499320984
1,827632318,3932,1.0,0.9899999499320984
1,827632318,3933,1.0,0.9899999499320984
1,827632318,3934,1.0,0.9899999499320984
1,827632318,3935,1.0,0.9899999499320984
1,827632318,3936,1.0,0.9899999499320984
1,827632318,3937,1.0,0.9899999499320984
1,827632318,3938,1.0,0.9899999499320984
1,827632318,3939,1.0,0.9899999499320984
1,827632318,3940,1.0,0.9950000047683716
1,827632318,3941,1.0,0.9950000047683716
1,827632318,3942,1.0,0.9950000047683716
1,827632318,3943,1.0,0.9899999499320984
1,827632318,3944,1.0,0.9899999499320984
1,827632318,3945,1.0,0.9899999499320984
1,827632318,3946,1.0,0.9899999499320984
1,827632318,3947,1.0,0.9899999499320984
1,827632318,3948,1.0,0.9899999499320984
1,827632318,3949,1.0,0.9899999499320984
1,827632318,3950,1.0,0.9950000047683716
1,827632318,3951,1.0,0.9899999499320984
1,827632318,3952,1.0,0.9899999499320984
1,827632318,3953,1.0,0.9899999499320984
1,827632318,3954,1.0,0.9899999499320984
1,827632318,3955,1.0,0.9899999499320984
1,827632318,3956,1.0,0.9899999499320984
1,827632318,3957,1.0,0.9899999499320984
1,827632318,3958,1.0,0.9899999499320984
1,827632318,3959,1.0,0.9899999499320984
1,827632318,3960,1.0,0.9899999499320984
1,827632318,3961,1.0,0.9899999499320984
1,827632318,3962,1.0,0.9899999499320984
1,827632318,3963,1.0,0.9899999499320984
1,827632318,3964,1.0,0.9899999499320984
1,827632318,3965,1.0,0.9899999499320984
1,827632318,3966,1.0,0.9899999499320984
1,827632318,3967,1.0,0.9899999499320984
1,827632318,3968,1.0,0.9899999499320984
1,827632318,3969,1.0,0.9950000047683716
1,827632318,3970,1.0,0.9950000047683716
1,827632318,3971,1.0,0.9950000047683716
1,827632318,3972,1.0,0.9899999499320984
1,827632318,3973,1.0,0.9899999499320984
1,827632318,3974,1.0,0.9899999499320984
1,827632318,3975,1.0,0.9899999499320984
1,827632318,3976,1.0,0.9899999499320984
1,827632318,3977,1.0,0.9899999499320984
1,827632318,3978,1.0,0.9950000047683716
1,827632318,3979,1.0,0.9899999499320984
1,827632318,3980,1.0,0.9899999499320984
1,827632318,3981,1.0,0.9899999499320984
1,827632318,3982,1.0,0.9899999499320984
1,827632318,3983,1.0,0.9899999499320984
1,827632318,3984,1.0,0.9899999499320984
1,827632318,3985,1.0,0.9899999499320984
1,827632318,3986,1.0,0.9899999499320984
1,827632318,3987,1.0,0.9899999499320984
1,827632318,3988,1.0,0.9950000047683716
1,827632318,3989,1.0,0.9950000047683716
1,827632318,3990,1.0,0.9899999499320984
1,827632318,3991,1.0,0.9899999499320984
1,827632318,3992,1.0,0.9899999499320984
1,827632318,3993,1.0,0.9899999499320984
1,827632318,3994,1.0,0.9899999499320984
1,827632318,3995,1.0,0.9899999499320984
1,827632318,3996,1.0,0.9950000047683716
1,827632318,3997,1.0,0.9950000047683716
1,827632318,3998,1.0,0.9950000047683716
1,827632318,3999,1.0,0.9899999499320984
1,827632318,4000,1.0,0.9899999499320984
1,827632318,4001,1.0,0.9899999499320984
1,827632318,4002,1.0,0.9899999499320984
1,827632318,4003,1.0,0.9899999499320984
1,827632318,4004,1.0,0.9899999499320984
1,827632318,4005,1.0,0.9899999499320984
1,827632318,4006,1.0,0.9899999499320984
1,827632318,4007,1.0,0.9899999499320984
1,827632318,4008,1.0,0.9950000047683716
1,827632318,4009,1.0,0.9950000047683716
1,827632318,4010,1.0,0.9899999499320984
1,827632318,4011,1.0,0.9899999499320984
1,827632318,4012,1.0,0.9899999499320984
1,827632318,4013,1.0,0.9899999499320984
1,827632318,4014,1.0,0.9899999499320984
1,827632318,4015,1.0,0.9899999499320984
1,827632318,4016,1.0,0.9899999499320984
1,827632318,4017,1.0,0.9899999499320984
1,827632318,4018,1.0,0.9899999499320984
1,827632318,4019,1.0,0.9899999499320984
1,827632318,4020,1.0,0.9899999499320984
1,827632318,4021,1.0,0.9899999499320984
1,827632318,4022,1.0,0.9899999499320984
1,827632318,4023,1.0,0.9899999499320984
1,827632318,4024,1.0,0.9899999499320984
1,827632318,4025,1.0,0.9899999499320984
1,827632318,4026,1.0,0.9950000047683716
1,827632318,4027,1.0,0.9899999499320984
1,827632318,4028,1.0,0.9899999499320984
1,827632318,4029,1.0,0.9899999499320984
1,827632318,4030,1.0,0.9899999499320984
1,827632318,4031,1.0,0.9899999499320984
1,827632318,4032,1.0,0.9950000047683716
1,827632318,4033,1.0,0.9899999499320984
1,827632318,4034,1.0,0.9899999499320984
1,827632318,4035,1.0,0.9899999499320984
1,827632318,4036,1.0,0.9899999499320984
1,827632318,4037,1.0,0.9899999499320984
1,827632318,4038,1.0,0.9899999499320984
1,827632318,4039,1.0,0.9899999499320984
1,827632318,4040,1.0,0.9899999499320984
1,827632318,4041,1.0,0.9899999499320984
1,827632318,4042,1.0,0.9899999499320984
1,827632318,4043,1.0,0.9899999499320984
1,827632318,4044,1.0,0.9899999499320984
1,827632318,4045,1.0,0.9899999499320984
1,827632318,4046,1.0,0.9899999499320984
1,827632318,4047,1.0,0.98499995470047
1,827632318,4048,1.0,0.9899999499320984
1,827632318,4049,1.0,0.9899999499320984
1,827632318,4050,1.0,0.9899999499320984
1,827632318,4051,1.0,0.9899999499320984
1,827632318,4052,1.0,0.9899999499320984
1,827632318,4053,1.0,0.9899999499320984
1,827632318,4054,1.0,0.9899999499320984
1,827632318,4055,1.0,0.9899999499320984
1,827632318,4056,1.0,0.9899999499320984
1,827632318,4057,1.0,0.9950000047683716
1,827632318,4058,1.0,0.9899999499320984
1,827632318,4059,1.0,0.9950000047683716
1,827632318,4060,1.0,0.9899999499320984
1,827632318,4061,1.0,0.9899999499320984
1,827632318,4062,1.0,0.9899999499320984
1,827632318,4063,1.0,0.9899999499320984
1,827632318,4064,1.0,0.9899999499320984
1,827632318,4065,1.0,0.9899999499320984
1,827632318,4066,1.0,0.98499995470047
1,827632318,4067,1.0,0.9950000047683716
1,827632318,4068,1.0,0.9950000047683716
1,827632318,4069,1.0,0.9899999499320984
1,827632318,4070,1.0,0.9899999499320984
1,827632318,4071,1.0,0.9899999499320984
1,827632318,4072,1.0,0.9899999499320984
1,827632318,4073,1.0,0.9899999499320984
1,827632318,4074,1.0,0.9950000047683716
1,827632318,4075,1.0,0.9950000047683716
1,827632318,4076,1.0,0.9899999499320984
1,827632318,4077,1.0,0.98499995470047
1,827632318,4078,1.0,0.9899999499320984
1,827632318,4079,1.0,0.9899999499320984
1,827632318,4080,1.0,0.9899999499320984
1,827632318,4081,1.0,0.9899999499320984
1,827632318,4082,1.0,0.9899999499320984
1,827632318,4083,1.0,0.9899999499320984
1,827632318,4084,1.0,0.98499995470047
1,827632318,4085,1.0,0.9899999499320984
1,827632318,4086,1.0,0.9899999499320984
1,827632318,4087,1.0,0.9899999499320984
1,827632318,4088,1.0,0.9899999499320984
1,827632318,4089,1.0,0.9899999499320984
1,827632318,4090,1.0,0.9899999499320984
1,827632318,4091,1.0,0.9899999499320984
1,827632318,4092,1.0,0.9950000047683716
1,827632318,4093,1.0,0.9899999499320984
1,827632318,4094,1.0,0.9899999499320984
1,827632318,4095,1.0,0.9899999499320984
1,827632318,4096,1.0,0.9899999499320984
1,827632318,4097,1.0,0.9899999499320984
1,827632318,4098,1.0,0.9899999499320984
1,827632318,4099,1.0,0.9899999499320984
1,827632318,4100,1.0,0.9899999499320984
1,827632318,4101,1.0,0.9899999499320984
1,827632318,4102,1.0,0.9899999499320984
1,827632318,4103,1.0,0.9899999499320984
1,827632318,4104,1.0,0.9899999499320984
1,827632318,4105,1.0,0.9899999499320984
1,827632318,4106,1.0,0.9899999499320984
1,827632318,4107,1.0,0.9899999499320984
1,827632318,4108,1.0,0.9899999499320984
1,827632318,4109,1.0,0.9899999499320984
1,827632318,4110,1.0,0.9899999499320984
1,827632318,4111,1.0,0.9950000047683716
1,827632318,4112,1.0,0.9899999499320984
1,827632318,4113,1.0,0.9899999499320984
1,827632318,4114,1.0,0.9899999499320984
1,827632318,4115,1.0,0.9899999499320984
1,827632318,4116,1.0,0.9899999499320984
1,827632318,4117,1.0,0.9899999499320984
1,827632318,4118,1.0,0.9899999499320984
1,827632318,4119,1.0,0.98499995470047
1,827632318,4120,1.0,0.9899999499320984
1,827632318,4121,1.0,0.9899999499320984
1,827632318,4122,1.0,0.9899999499320984
1,827632318,4123,1.0,1.0
1,827632318,4124,1.0,0.9950000047683716
1,827632318,4125,1.0,0.9899999499320984
1,827632318,4126,1.0,0.9899999499320984
1,827632318,4127,1.0,0.9899999499320984
1,827632318,4128,1.0,0.9899999499320984
1,827632318,4129,1.0,0.9950000047683716
1,827632318,4130,1.0,0.9950000047683716
1,827632318,4131,1.0,0.9950000047683716
1,827632318,4132,1.0,0.9899999499320984
1,827632318,4133,1.0,0.9899999499320984
1,827632318,4134,1.0,0.9899999499320984
1,827632318,4135,1.0,0.98499995470047
1,827632318,4136,1.0,0.9899999499320984
1,827632318,4137,1.0,0.9899999499320984
1,827632318,4138,1.0,0.9899999499320984
1,827632318,4139,1.0,0.9899999499320984
1,827632318,4140,1.0,0.9899999499320984
1,827632318,4141,1.0,0.98499995470047
1,827632318,4142,1.0,0.9899999499320984
1,827632318,4143,1.0,0.98499995470047
1,827632318,4144,1.0,0.9899999499320984
1,827632318,4145,1.0,0.9899999499320984
1,827632318,4146,1.0,0.9899999499320984
1,827632318,4147,1.0,0.9899999499320984
1,827632318,4148,1.0,0.9899999499320984
1,827632318,4149,1.0,0.9899999499320984
1,827632318,4150,1.0,0.9899999499320984
1,827632318,4151,1.0,0.9899999499320984
1,827632318,4152,1.0,0.9899999499320984
1,827632318,4153,1.0,0.9899999499320984
1,827632318,4154,1.0,0.9899999499320984
1,827632318,4155,1.0,0.9899999499320984
1,827632318,4156,1.0,0.9899999499320984
1,827632318,4157,1.0,0.9899999499320984
1,827632318,4158,1.0,0.9899999499320984
1,827632318,4159,1.0,0.9899999499320984
1,827632318,4160,1.0,0.9899999499320984
1,827632318,4161,1.0,0.9899999499320984
1,827632318,4162,1.0,0.9899999499320984
1,827632318,4163,1.0,0.9899999499320984
1,827632318,4164,1.0,0.9899999499320984
1,827632318,4165,1.0,0.9950000047683716
1,827632318,4166,1.0,0.9899999499320984
1,827632318,4167,1.0,0.9899999499320984
1,827632318,4168,1.0,0.9899999499320984
1,827632318,4169,1.0,0.9899999499320984
1,827632318,4170,1.0,0.9899999499320984
1,827632318,4171,1.0,0.9950000047683716
1,827632318,4172,1.0,0.9950000047683716
1,827632318,4173,1.0,0.9899999499320984
1,827632318,4174,1.0,0.9899999499320984
1,827632318,4175,1.0,0.9899999499320984
1,827632318,4176,1.0,0.9899999499320984
1,827632318,4177,1.0,0.9899999499320984
1,827632318,4178,1.0,0.9899999499320984
1,827632318,4179,1.0,0.9899999499320984
1,827632318,4180,1.0,0.9899999499320984
1,827632318,4181,1.0,0.9899999499320984
1,827632318,4182,1.0,0.9899999499320984
1,827632318,4183,1.0,0.98499995470047
1,827632318,4184,1.0,0.9899999499320984
1,827632318,4185,1.0,0.9899999499320984
1,827632318,4186,1.0,0.98499995470047
1,827632318,4187,1.0,0.9899999499320984
1,827632318,4188,1.0,0.9899999499320984
1,827632318,4189,1.0,0.9899999499320984
1,827632318,4190,1.0,0.9899999499320984
1,827632318,4191,1.0,0.9899999499320984
1,827632318,4192,1.0,0.9899999499320984
1,827632318,4193,1.0,0.9899999499320984
1,827632318,4194,1.0,0.9899999499320984
1,827632318,4195,1.0,0.98499995470047
1,827632318,4196,1.0,0.9899999499320984
1,827632318,4197,1.0,0.9899999499320984
1,827632318,4198,1.0,0.9899999499320984
1,827632318,4199,1.0,0.9899999499320984
1,827632318,4200,1.0,0.9899999499320984
1,827632318,4201,1.0,0.9899999499320984
1,827632318,4202,1.0,0.9899999499320984
1,827632318,4203,1.0,0.9899999499320984
1,827632318,4204,1.0,0.9899999499320984
1,827632318,4205,1.0,0.9899999499320984
1,827632318,4206,1.0,0.9950000047683716
1,827632318,4207,1.0,0.9950000047683716
1,827632318,4208,1.0,0.9950000047683716
1,827632318,4209,1.0,0.9950000047683716
1,827632318,4210,1.0,0.9950000047683716
1,827632318,4211,1.0,0.9899999499320984
1,827632318,4212,1.0,0.9899999499320984
1,827632318,4213,1.0,0.9899999499320984
1,827632318,4214,1.0,0.9950000047683716
1,827632318,4215,1.0,0.9899999499320984
1,827632318,4216,1.0,0.9899999499320984
1,827632318,4217,1.0,0.9899999499320984
1,827632318,4218,1.0,0.9899999499320984
1,827632318,4219,1.0,0.9899999499320984
1,827632318,4220,1.0,0.9899999499320984
1,827632318,4221,1.0,0.9899999499320984
1,827632318,4222,1.0,0.9950000047683716
1,827632318,4223,1.0,0.9950000047683716
1,827632318,4224,1.0,0.9899999499320984
1,827632318,4225,1.0,0.9899999499320984
1,827632318,4226,1.0,0.9899999499320984
1,827632318,4227,1.0,0.9950000047683716
1,827632318,4228,1.0,0.9899999499320984
1,827632318,4229,1.0,0.98499995470047
1,827632318,4230,1.0,0.9899999499320984
1,827632318,4231,1.0,0.9899999499320984
1,827632318,4232,1.0,0.9899999499320984
1,827632318,4233,1.0,0.9899999499320984
1,827632318,4234,1.0,0.9899999499320984
1,827632318,4235,1.0,0.9899999499320984
1,827632318,4236,1.0,0.9899999499320984
1,827632318,4237,1.0,0.9899999499320984
1,827632318,4238,1.0,0.98499995470047
1,827632318,4239,1.0,0.9899999499320984
1,827632318,4240,1.0,0.98499995470047
1,827632318,4241,1.0,0.98499995470047
1,827632318,4242,1.0,0.9899999499320984
1,827632318,4243,1.0,0.9899999499320984
1,827632318,4244,1.0,0.98499995470047
1,827632318,4245,1.0,0.9899999499320984
1,827632318,4246,1.0,0.9899999499320984
1,827632318,4247,1.0,0.9899999499320984
1,827632318,4248,1.0,0.9899999499320984
1,827632318,4249,1.0,0.9899999499320984
1,827632318,4250,1.0,0.9899999499320984
1,827632318,4251,1.0,0.9899999499320984
1,827632318,4252,1.0,0.9899999499320984
1,827632318,4253,1.0,0.9899999499320984
1,827632318,4254,1.0,0.9899999499320984
1,827632318,4255,1.0,0.9899999499320984
1,827632318,4256,1.0,0.9899999499320984
1,827632318,4257,1.0,0.9899999499320984
1,827632318,4258,1.0,0.9899999499320984
1,827632318,4259,1.0,0.9899999499320984
1,827632318,4260,1.0,0.9899999499320984
1,827632318,4261,1.0,0.9899999499320984
1,827632318,4262,1.0,0.9950000047683716
1,827632318,4263,1.0,0.9899999499320984
1,827632318,4264,1.0,0.9899999499320984
1,827632318,4265,1.0,0.9899999499320984
1,827632318,4266,1.0,0.9899999499320984
1,827632318,4267,1.0,0.9899999499320984
1,827632318,4268,1.0,0.9899999499320984
1,827632318,4269,1.0,0.9899999499320984
1,827632318,4270,1.0,0.9899999499320984
1,827632318,4271,1.0,0.9899999499320984
1,827632318,4272,1.0,0.9899999499320984
1,827632318,4273,1.0,0.9899999499320984
1,827632318,4274,1.0,0.9899999499320984
1,827632318,4275,1.0,0.9899999499320984
1,827632318,4276,1.0,0.9899999499320984
1,827632318,4277,1.0,0.9899999499320984
1,827632318,4278,1.0,0.98499995470047
1,827632318,4279,1.0,0.98499995470047
1,827632318,4280,1.0,0.9950000047683716
1,827632318,4281,1.0,0.9899999499320984
1,827632318,4282,1.0,0.9899999499320984
1,827632318,4283,1.0,0.9950000047683716
1,827632318,4284,1.0,0.9899999499320984
1,827632318,4285,1.0,0.9899999499320984
1,827632318,4286,1.0,0.9899999499320984
1,827632318,4287,1.0,0.9899999499320984
1,827632318,4288,1.0,0.9950000047683716
1,827632318,4289,1.0,0.9950000047683716
1,827632318,4290,1.0,0.9899999499320984
1,827632318,4291,1.0,0.9899999499320984
1,827632318,4292,1.0,0.9899999499320984
1,827632318,4293,1.0,0.9899999499320984
1,827632318,4294,1.0,0.9899999499320984
1,827632318,4295,1.0,0.9899999499320984
1,827632318,4296,1.0,0.9899999499320984
1,827632318,4297,1.0,0.9899999499320984
1,827632318,4298,1.0,0.9899999499320984
1,827632318,4299,1.0,0.9899999499320984
1,827632318,4300,1.0,0.9899999499320984
1,827632318,4301,1.0,0.9899999499320984
1,827632318,4302,1.0,0.9899999499320984
1,827632318,4303,1.0,0.9899999499320984
1,827632318,4304,1.0,0.9899999499320984
1,827632318,4305,1.0,0.9899999499320984
1,827632318,4306,1.0,0.9899999499320984
1,827632318,4307,1.0,0.9899999499320984
1,827632318,4308,1.0,0.98499995470047
1,827632318,4309,1.0,0.98499995470047
1,827632318,4310,1.0,0.9899999499320984
1,827632318,4311,1.0,0.9899999499320984
1,827632318,4312,1.0,0.9899999499320984
1,827632318,4313,1.0,0.9899999499320984
1,827632318,4314,1.0,0.9899999499320984
1,827632318,4315,1.0,0.9899999499320984
1,827632318,4316,1.0,0.9899999499320984
1,827632318,4317,1.0,0.9899999499320984
1,827632318,4318,1.0,0.9899999499320984
1,827632318,4319,1.0,0.9899999499320984
1,827632318,4320,1.0,0.9899999499320984
1,827632318,4321,1.0,0.9899999499320984
1,827632318,4322,1.0,0.9899999499320984
1,827632318,4323,1.0,0.9899999499320984
1,827632318,4324,1.0,0.9899999499320984
1,827632318,4325,1.0,0.9899999499320984
1,827632318,4326,1.0,0.9899999499320984
1,827632318,4327,1.0,0.9899999499320984
1,827632318,4328,1.0,0.9899999499320984
1,827632318,4329,1.0,0.9950000047683716
1,827632318,4330,1.0,0.9899999499320984
1,827632318,4331,1.0,0.9899999499320984
1,827632318,4332,1.0,0.9899999499320984
1,827632318,4333,1.0,0.9899999499320984
1,827632318,4334,1.0,0.9950000047683716
1,827632318,4335,1.0,0.9950000047683716
1,827632318,4336,1.0,0.9899999499320984
1,827632318,4337,1.0,0.9899999499320984
1,827632318,4338,1.0,0.9899999499320984
1,827632318,4339,1.0,0.9899999499320984
1,827632318,4340,1.0,0.9899999499320984
1,827632318,4341,1.0,0.9899999499320984
1,827632318,4342,1.0,0.9899999499320984
1,827632318,4343,1.0,0.9899999499320984
1,827632318,4344,1.0,0.9899999499320984
1,827632318,4345,1.0,0.9899999499320984
1,827632318,4346,1.0,0.9899999499320984
1,827632318,4347,1.0,0.9950000047683716
1,827632318,4348,1.0,0.9899999499320984
1,827632318,4349,1.0,0.9899999499320984
1,827632318,4350,1.0,0.9899999499320984
1,827632318,4351,1.0,0.9899999499320984
1,827632318,4352,1.0,0.9899999499320984
1,827632318,4353,1.0,0.9899999499320984
1,827632318,4354,1.0,0.9899999499320984
1,827632318,4355,1.0,0.9899999499320984
1,827632318,4356,1.0,0.9899999499320984
1,827632318,4357,1.0,0.9899999499320984
1,827632318,4358,1.0,0.9899999499320984
1,827632318,4359,1.0,0.9899999499320984
1,827632318,4360,1.0,0.9899999499320984
1,827632318,4361,1.0,0.9899999499320984
1,827632318,4362,1.0,0.9899999499320984
1,827632318,4363,1.0,0.9899999499320984
1,827632318,4364,1.0,0.9899999499320984
1,827632318,4365,1.0,0.9899999499320984
1,827632318,4366,1.0,0.98499995470047
1,827632318,4367,1.0,0.9899999499320984
1,827632318,4368,1.0,0.9950000047683716
1,827632318,4369,1.0,0.9899999499320984
1,827632318,4370,1.0,0.9899999499320984
1,827632318,4371,1.0,0.9950000047683716
1,827632318,4372,1.0,0.9950000047683716
1,827632318,4373,1.0,0.9899999499320984
1,827632318,4374,1.0,0.9899999499320984
1,827632318,4375,1.0,0.9899999499320984
1,827632318,4376,1.0,0.9950000047683716
1,827632318,4377,1.0,0.9899999499320984
1,827632318,4378,1.0,0.9899999499320984
1,827632318,4379,1.0,0.9899999499320984
1,827632318,4380,1.0,0.9899999499320984
1,827632318,4381,1.0,0.9899999499320984
1,827632318,4382,1.0,0.9899999499320984
1,827632318,4383,1.0,0.9899999499320984
1,827632318,4384,1.0,0.9899999499320984
1,827632318,4385,1.0,0.9899999499320984
1,827632318,4386,1.0,0.9899999499320984
1,827632318,4387,1.0,0.9899999499320984
1,827632318,4388,1.0,0.9899999499320984
1,827632318,4389,1.0,0.9899999499320984
1,827632318,4390,1.0,0.9899999499320984
1,827632318,4391,1.0,0.9899999499320984
1,827632318,4392,1.0,0.9899999499320984
1,827632318,4393,1.0,0.9899999499320984
1,827632318,4394,1.0,0.9899999499320984
1,827632318,4395,1.0,0.9899999499320984
1,827632318,4396,1.0,0.9899999499320984
1,827632318,4397,1.0,0.9899999499320984
1,827632318,4398,1.0,0.98499995470047
1,827632318,4399,1.0,0.9899999499320984
1,827632318,4400,1.0,0.9899999499320984
1,827632318,4401,1.0,0.9899999499320984
1,827632318,4402,1.0,0.9899999499320984
1,827632318,4403,1.0,0.9899999499320984
1,827632318,4404,1.0,0.9899999499320984
1,827632318,4405,1.0,0.9899999499320984
1,827632318,4406,1.0,0.9899999499320984
1,827632318,4407,1.0,0.9899999499320984
1,827632318,4408,1.0,0.9899999499320984
1,827632318,4409,1.0,0.9899999499320984
1,827632318,4410,1.0,0.9899999499320984
1,827632318,4411,1.0,0.9899999499320984
1,827632318,4412,1.0,0.9950000047683716
1,827632318,4413,1.0,0.9899999499320984
1,827632318,4414,1.0,0.9899999499320984
1,827632318,4415,1.0,0.9899999499320984
1,827632318,4416,1.0,0.9899999499320984
1,827632318,4417,1.0,0.9899999499320984
1,827632318,4418,1.0,0.9899999499320984
1,827632318,4419,1.0,0.9899999499320984
1,827632318,4420,1.0,0.9899999499320984
1,827632318,4421,1.0,0.9899999499320984
1,827632318,4422,1.0,0.9899999499320984
1,827632318,4423,1.0,0.9899999499320984
1,827632318,4424,1.0,0.9899999499320984
1,827632318,4425,1.0,0.9899999499320984
1,827632318,4426,1.0,0.9899999499320984
1,827632318,4427,1.0,0.9899999499320984
1,827632318,4428,1.0,0.9899999499320984
1,827632318,4429,1.0,0.9899999499320984
1,827632318,4430,1.0,0.9899999499320984
1,827632318,4431,1.0,0.9899999499320984
1,827632318,4432,1.0,0.9899999499320984
1,827632318,4433,1.0,0.9899999499320984
1,827632318,4434,1.0,0.9899999499320984
1,827632318,4435,1.0,0.9899999499320984
1,827632318,4436,1.0,0.9899999499320984
1,827632318,4437,1.0,0.9899999499320984
1,827632318,4438,1.0,0.9899999499320984
1,827632318,4439,1.0,0.9899999499320984
1,827632318,4440,1.0,0.9899999499320984
1,827632318,4441,1.0,0.9899999499320984
1,827632318,4442,1.0,0.9899999499320984
1,827632318,4443,1.0,0.9899999499320984
1,827632318,4444,1.0,0.9899999499320984
1,827632318,4445,1.0,0.9899999499320984
1,827632318,4446,1.0,0.9899999499320984
1,827632318,4447,1.0,0.9899999499320984
1,827632318,4448,1.0,0.9899999499320984
1,827632318,4449,1.0,0.9899999499320984
1,827632318,4450,1.0,0.9899999499320984
1,827632318,4451,1.0,0.9899999499320984
1,827632318,4452,1.0,0.9899999499320984
1,827632318,4453,1.0,0.9899999499320984
1,827632318,4454,1.0,0.9899999499320984
1,827632318,4455,1.0,0.9899999499320984
1,827632318,4456,1.0,0.9899999499320984
1,827632318,4457,1.0,0.9899999499320984
1,827632318,4458,1.0,0.9899999499320984
1,827632318,4459,1.0,0.9899999499320984
1,827632318,4460,1.0,0.9899999499320984
1,827632318,4461,1.0,0.9899999499320984
1,827632318,4462,1.0,0.9950000047683716
1,827632318,4463,1.0,0.9899999499320984
1,827632318,4464,1.0,0.9899999499320984
1,827632318,4465,1.0,0.9899999499320984
1,827632318,4466,1.0,0.9899999499320984
1,827632318,4467,1.0,0.9899999499320984
1,827632318,4468,1.0,0.9899999499320984
1,827632318,4469,1.0,0.9899999499320984
1,827632318,4470,1.0,0.9899999499320984
1,827632318,4471,1.0,0.9899999499320984
1,827632318,4472,1.0,0.9899999499320984
1,827632318,4473,1.0,0.9950000047683716
1,827632318,4474,1.0,0.9950000047683716
1,827632318,4475,1.0,0.9899999499320984
1,827632318,4476,1.0,0.9899999499320984
1,827632318,4477,1.0,0.9950000047683716
1,827632318,4478,1.0,0.9899999499320984
1,827632318,4479,1.0,0.9899999499320984
1,827632318,4480,1.0,0.9899999499320984
1,827632318,4481,1.0,0.9899999499320984
1,827632318,4482,1.0,0.9950000047683716
1,827632318,4483,1.0,0.9950000047683716
1,827632318,4484,1.0,0.98499995470047
1,827632318,4485,1.0,0.98499995470047
1,827632318,4486,1.0,0.9950000047683716
1,827632318,4487,1.0,0.9899999499320984
1,827632318,4488,1.0,0.9899999499320984
1,827632318,4489,1.0,0.9899999499320984
1,827632318,4490,1.0,0.9899999499320984
1,827632318,4491,1.0,0.9899999499320984
1,827632318,4492,1.0,0.9899999499320984
1,827632318,4493,1.0,0.9899999499320984
1,827632318,4494,1.0,0.9899999499320984
1,827632318,4495,1.0,0.9899999499320984
1,827632318,4496,1.0,0.9899999499320984
1,827632318,4497,1.0,0.9899999499320984
1,827632318,4498,1.0,0.9899999499320984
1,827632318,4499,1.0,0.9899999499320984
1,827632318,4500,1.0,0.9899999499320984
1,827632318,4501,1.0,0.9899999499320984
1,827632318,4502,1.0,0.9899999499320984
1,827632318,4503,1.0,0.9950000047683716
1,827632318,4504,1.0,0.9899999499320984
1,827632318,4505,1.0,0.9950000047683716
1,827632318,4506,1.0,0.9899999499320984
1,827632318,4507,1.0,0.9950000047683716
1,827632318,4508,1.0,0.9899999499320984
1,827632318,4509,1.0,0.9899999499320984
1,827632318,4510,1.0,0.9899999499320984
1,827632318,4511,1.0,0.9899999499320984
1,827632318,4512,1.0,0.9899999499320984
1,827632318,4513,1.0,0.9950000047683716
1,827632318,4514,1.0,0.9950000047683716
1,827632318,4515,1.0,0.9899999499320984
1,827632318,4516,1.0,0.9899999499320984
1,827632318,4517,1.0,0.9899999499320984
1,827632318,4518,1.0,0.9899999499320984
1,827632318,4519,1.0,0.9899999499320984
1,827632318,4520,1.0,0.9899999499320984
1,827632318,4521,1.0,0.9899999499320984
1,827632318,4522,1.0,0.9950000047683716
1,827632318,4523,1.0,0.9899999499320984
1,827632318,4524,1.0,0.9899999499320984
1,827632318,4525,1.0,0.9899999499320984
1,827632318,4526,1.0,0.9899999499320984
1,827632318,4527,1.0,0.9899999499320984
1,827632318,4528,1.0,0.9899999499320984
1,827632318,4529,1.0,0.9899999499320984
1,827632318,4530,1.0,0.9899999499320984
1,827632318,4531,1.0,0.9899999499320984
1,827632318,4532,1.0,0.9899999499320984
1,827632318,4533,1.0,0.9899999499320984
1,827632318,4534,1.0,0.9899999499320984
1,827632318,4535,1.0,0.9899999499320984
1,827632318,4536,1.0,0.9950000047683716
1,827632318,4537,1.0,0.9950000047683716
1,827632318,4538,1.0,0.9899999499320984
1,827632318,4539,1.0,0.9899999499320984
1,827632318,4540,1.0,0.9950000047683716
1,827632318,4541,1.0,0.9950000047683716
1,827632318,4542,1.0,0.9899999499320984
1,827632318,4543,1.0,0.9899999499320984
1,827632318,4544,1.0,0.9899999499320984
1,827632318,4545,1.0,0.9899999499320984
1,827632318,4546,1.0,0.9899999499320984
1,827632318,4547,1.0,0.9899999499320984
1,827632318,4548,1.0,0.9899999499320984
1,827632318,4549,1.0,0.9899999499320984
1,827632318,4550,1.0,0.9899999499320984
1,827632318,4551,1.0,0.9899999499320984
1,827632318,4552,1.0,0.9899999499320984
1,827632318,4553,1.0,0.9899999499320984
1,827632318,4554,1.0,0.9899999499320984
1,827632318,4555,1.0,0.9950000047683716
1,827632318,4556,1.0,0.9950000047683716
1,827632318,4557,1.0,0.9950000047683716
1,827632318,4558,1.0,0.9950000047683716
1,827632318,4559,1.0,0.9950000047683716
1,827632318,4560,1.0,0.9899999499320984
1,827632318,4561,1.0,0.9899999499320984
1,827632318,4562,1.0,0.9899999499320984
1,827632318,4563,1.0,0.9899999499320984
1,827632318,4564,1.0,0.9899999499320984
1,827632318,4565,1.0,0.9899999499320984
1,827632318,4566,1.0,0.9899999499320984
1,827632318,4567,1.0,0.9899999499320984
1,827632318,4568,1.0,0.9899999499320984
1,827632318,4569,1.0,0.9899999499320984
1,827632318,4570,1.0,0.9950000047683716
1,827632318,4571,1.0,0.9950000047683716
1,827632318,4572,1.0,0.9950000047683716
1,827632318,4573,1.0,0.9950000047683716
1,827632318,4574,1.0,0.9899999499320984
1,827632318,4575,1.0,0.9899999499320984
1,827632318,4576,1.0,0.9899999499320984
1,827632318,4577,1.0,0.9899999499320984
1,827632318,4578,1.0,0.9899999499320984
1,827632318,4579,1.0,0.9899999499320984
1,827632318,4580,1.0,0.9899999499320984
1,827632318,4581,1.0,0.9899999499320984
1,827632318,4582,1.0,0.9899999499320984
1,827632318,4583,1.0,0.9899999499320984
1,827632318,4584,1.0,0.9899999499320984
1,827632318,4585,1.0,0.9950000047683716
1,827632318,4586,1.0,0.9899999499320984
1,827632318,4587,1.0,0.9899999499320984
1,827632318,4588,1.0,0.9899999499320984
1,827632318,4589,1.0,0.9899999499320984
1,827632318,4590,1.0,0.9899999499320984
1,827632318,4591,1.0,0.9899999499320984
1,827632318,4592,1.0,0.9899999499320984
1,827632318,4593,1.0,0.9899999499320984
1,827632318,4594,1.0,0.9899999499320984
1,827632318,4595,1.0,0.9950000047683716
1,827632318,4596,1.0,0.9899999499320984
1,827632318,4597,1.0,0.9899999499320984
1,827632318,4598,1.0,0.9899999499320984
1,827632318,4599,1.0,0.9899999499320984
1,827632318,4600,1.0,0.9899999499320984
1,827632318,4601,1.0,0.9950000047683716
1,827632318,4602,1.0,0.9899999499320984
1,827632318,4603,1.0,0.9899999499320984
1,827632318,4604,1.0,0.9899999499320984
1,827632318,4605,1.0,0.9899999499320984
1,827632318,4606,1.0,0.9899999499320984
1,827632318,4607,1.0,0.9899999499320984
1,827632318,4608,1.0,0.9950000047683716
1,827632318,4609,1.0,0.9950000047683716
1,827632318,4610,1.0,0.9899999499320984
1,827632318,4611,1.0,0.9899999499320984
1,827632318,4612,1.0,0.9899999499320984
1,827632318,4613,1.0,0.9899999499320984
1,827632318,4614,1.0,0.9899999499320984
1,827632318,4615,1.0,0.9899999499320984
1,827632318,4616,1.0,0.9899999499320984
1,827632318,4617,1.0,0.9899999499320984
1,827632318,4618,1.0,0.9950000047683716
1,827632318,4619,1.0,0.9950000047683716
1,827632318,4620,1.0,0.9899999499320984
1,827632318,4621,1.0,0.9899999499320984
1,827632318,4622,1.0,0.9899999499320984
1,827632318,4623,1.0,0.9899999499320984
1,827632318,4624,1.0,0.9950000047683716
1,827632318,4625,1.0,0.9950000047683716
1,827632318,4626,1.0,0.9899999499320984
1,827632318,4627,1.0,0.9899999499320984
1,827632318,4628,1.0,0.9899999499320984
1,827632318,4629,1.0,0.9899999499320984
1,827632318,4630,1.0,0.9899999499320984
1,827632318,4631,1.0,0.9899999499320984
1,827632318,4632,1.0,0.9899999499320984
1,827632318,4633,1.0,0.9899999499320984
1,827632318,4634,1.0,0.9899999499320984
1,827632318,4635,1.0,0.9899999499320984
1,827632318,4636,1.0,0.9899999499320984
1,827632318,4637,1.0,0.9899999499320984
1,827632318,4638,1.0,0.9899999499320984
1,827632318,4639,1.0,0.9899999499320984
1,827632318,4640,1.0,0.9899999499320984
1,827632318,4641,1.0,0.9899999499320984
1,827632318,4642,1.0,0.9899999499320984
1,827632318,4643,1.0,0.9899999499320984
1,827632318,4644,1.0,0.9899999499320984
1,827632318,4645,1.0,0.9899999499320984
1,827632318,4646,1.0,0.9899999499320984
1,827632318,4647,1.0,0.9899999499320984
1,827632318,4648,1.0,0.9899999499320984
1,827632318,4649,1.0,0.9899999499320984
1,827632318,4650,1.0,0.9950000047683716
1,827632318,4651,1.0,0.9950000047683716
1,827632318,4652,1.0,0.9899999499320984
1,827632318,4653,1.0,0.9899999499320984
1,827632318,4654,1.0,0.9899999499320984
1,827632318,4655,1.0,0.9899999499320984
1,827632318,4656,1.0,0.9899999499320984
1,827632318,4657,1.0,0.9899999499320984
1,827632318,4658,1.0,0.9899999499320984
1,827632318,4659,1.0,0.9899999499320984
1,827632318,4660,1.0,0.9899999499320984
1,827632318,4661,1.0,0.9899999499320984
1,827632318,4662,1.0,0.9899999499320984
1,827632318,4663,1.0,0.9899999499320984
1,827632318,4664,1.0,0.9899999499320984
1,827632318,4665,1.0,0.9899999499320984
1,827632318,4666,1.0,0.9899999499320984
1,827632318,4667,1.0,0.9899999499320984
1,827632318,4668,1.0,0.9899999499320984
1,827632318,4669,1.0,0.9899999499320984
1,827632318,4670,1.0,0.9899999499320984
1,827632318,4671,1.0,0.9899999499320984
1,827632318,4672,1.0,0.9950000047683716
1,827632318,4673,1.0,0.9950000047683716
1,827632318,4674,1.0,0.9950000047683716
1,827632318,4675,1.0,0.9950000047683716
1,827632318,4676,1.0,0.9899999499320984
1,827632318,4677,1.0,0.9899999499320984
1,827632318,4678,1.0,0.9899999499320984
1,827632318,4679,1.0,0.9899999499320984
1,827632318,4680,1.0,0.9950000047683716
1,827632318,4681,1.0,0.9899999499320984
1,827632318,4682,1.0,0.9899999499320984
1,827632318,4683,1.0,0.9899999499320984
1,827632318,4684,1.0,0.9899999499320984
1,827632318,4685,1.0,0.9899999499320984
1,827632318,4686,1.0,0.9899999499320984
1,827632318,4687,1.0,0.9899999499320984
1,827632318,4688,1.0,0.9899999499320984
1,827632318,4689,1.0,0.9950000047683716
1,827632318,4690,1.0,0.9899999499320984
1,827632318,4691,1.0,0.9899999499320984
1,827632318,4692,1.0,0.9899999499320984
1,827632318,4693,1.0,0.9899999499320984
1,827632318,4694,1.0,0.9899999499320984
1,827632318,4695,1.0,0.9899999499320984
1,827632318,4696,1.0,0.9899999499320984
1,827632318,4697,1.0,0.9899999499320984
1,827632318,4698,1.0,0.9899999499320984
1,827632318,4699,1.0,0.9899999499320984
1,827632318,4700,1.0,0.9899999499320984
1,827632318,4701,1.0,0.9899999499320984
1,827632318,4702,1.0,0.9950000047683716
1,827632318,4703,1.0,0.9899999499320984
1,827632318,4704,1.0,0.9899999499320984
1,827632318,4705,1.0,0.9899999499320984
1,827632318,4706,1.0,0.9899999499320984
1,827632318,4707,1.0,0.9899999499320984
1,827632318,4708,1.0,0.9899999499320984
1,827632318,4709,1.0,0.9899999499320984
1,827632318,4710,1.0,0.9899999499320984
1,827632318,4711,1.0,0.9899999499320984
1,827632318,4712,1.0,0.9899999499320984
1,827632318,4713,1.0,0.9899999499320984
1,827632318,4714,1.0,0.9899999499320984
1,827632318,4715,1.0,0.9950000047683716
1,827632318,4716,1.0,0.9950000047683716
1,827632318,4717,1.0,0.9950000047683716
1,827632318,4718,1.0,0.9899999499320984
1,827632318,4719,1.0,0.9899999499320984
1,827632318,4720,1.0,0.9899999499320984
1,827632318,4721,1.0,0.9950000047683716
1,827632318,4722,1.0,0.9899999499320984
1,827632318,4723,1.0,0.9899999499320984
1,827632318,4724,1.0,0.9950000047683716
1,827632318,4725,1.0,0.9950000047683716
1,827632318,4726,1.0,0.9950000047683716
1,827632318,4727,1.0,0.9899999499320984
1,827632318,4728,1.0,0.9899999499320984
1,827632318,4729,1.0,0.9899999499320984
1,827632318,4730,1.0,0.9899999499320984
1,827632318,4731,1.0,0.9899999499320984
1,827632318,4732,1.0,0.9950000047683716
1,827632318,4733,1.0,0.9899999499320984
1,827632318,4734,1.0,0.9899999499320984
1,827632318,4735,1.0,0.9950000047683716
1,827632318,4736,1.0,0.9950000047683716
1,827632318,4737,1.0,0.9899999499320984
1,827632318,4738,1.0,0.9950000047683716
1,827632318,4739,1.0,0.9899999499320984
1,827632318,4740,1.0,0.9950000047683716
1,827632318,4741,1.0,0.9899999499320984
1,827632318,4742,1.0,0.9899999499320984
1,827632318,4743,1.0,0.9899999499320984
1,827632318,4744,1.0,0.9899999499320984
1,827632318,4745,1.0,0.9899999499320984
1,827632318,4746,1.0,0.9899999499320984
1,827632318,4747,1.0,0.9899999499320984
1,827632318,4748,1.0,0.9899999499320984
1,827632318,4749,1.0,0.9950000047683716
1,827632318,4750,1.0,1.0
1,827632318,4751,1.0,1.0
1,827632318,4752,1.0,1.0
1,827632318,4753,1.0,0.9950000047683716
1,827632318,4754,1.0,0.9950000047683716
1,827632318,4755,1.0,0.9950000047683716
1,827632318,4756,1.0,0.9899999499320984
1,827632318,4757,1.0,0.9899999499320984
1,827632318,4758,1.0,0.9899999499320984
1,827632318,4759,1.0,0.9899999499320984
1,827632318,4760,1.0,0.9899999499320984
1,827632318,4761,1.0,0.9899999499320984
1,827632318,4762,1.0,0.98499995470047
1,827632318,4763,1.0,0.9899999499320984
1,827632318,4764,1.0,0.9950000047683716
1,827632318,4765,1.0,0.9950000047683716
1,827632318,4766,1.0,0.9950000047683716
1,827632318,4767,1.0,0.9950000047683716
1,827632318,4768,1.0,0.9899999499320984
1,827632318,4769,1.0,0.9899999499320984
1,827632318,4770,1.0,0.9899999499320984
1,827632318,4771,1.0,0.9899999499320984
1,827632318,4772,1.0,0.9899999499320984
1,827632318,4773,1.0,0.9899999499320984
1,827632318,4774,1.0,0.9899999499320984
1,827632318,4775,1.0,0.9899999499320984
1,827632318,4776,1.0,0.9899999499320984
1,827632318,4777,1.0,0.9899999499320984
1,827632318,4778,1.0,0.9899999499320984
1,827632318,4779,1.0,0.9950000047683716
1,827632318,4780,1.0,0.9950000047683716
1,827632318,4781,1.0,0.9950000047683716
1,827632318,4782,1.0,0.9950000047683716
1,827632318,4783,1.0,0.9950000047683716
1,827632318,4784,1.0,0.9950000047683716
1,827632318,4785,1.0,0.9950000047683716
1,827632318,4786,1.0,0.9950000047683716
1,827632318,4787,1.0,0.9899999499320984
1,827632318,4788,1.0,0.9899999499320984
1,827632318,4789,1.0,0.9899999499320984
1,827632318,4790,1.0,0.9950000047683716
1,827632318,4791,1.0,0.9950000047683716
1,827632318,4792,1.0,0.9899999499320984
1,827632318,4793,1.0,0.9950000047683716
1,827632318,4794,1.0,0.9899999499320984
1,827632318,4795,1.0,0.9899999499320984
1,827632318,4796,1.0,0.9899999499320984
1,827632318,4797,1.0,0.9899999499320984
1,827632318,4798,1.0,0.9899999499320984
1,827632318,4799,1.0,0.9899999499320984
1,827632318,4800,1.0,0.9899999499320984
1,827632318,4801,1.0,0.9950000047683716
1,827632318,4802,1.0,0.9950000047683716
1,827632318,4803,1.0,0.9950000047683716
1,827632318,4804,1.0,0.9950000047683716
1,827632318,4805,1.0,0.9950000047683716
1,827632318,4806,1.0,0.9950000047683716
1,827632318,4807,1.0,0.9899999499320984
1,827632318,4808,1.0,0.9950000047683716
1,827632318,4809,1.0,0.9950000047683716
1,827632318,4810,1.0,0.98499995470047
1,827632318,4811,1.0,0.9899999499320984
1,827632318,4812,1.0,0.9899999499320984
1,827632318,4813,1.0,0.9899999499320984
1,827632318,4814,1.0,0.9899999499320984
1,827632318,4815,1.0,0.9899999499320984
1,827632318,4816,1.0,0.9899999499320984
1,827632318,4817,1.0,0.9899999499320984
1,827632318,4818,1.0,0.9899999499320984
1,827632318,4819,1.0,0.9899999499320984
1,827632318,4820,1.0,0.9899999499320984
1,827632318,4821,1.0,0.9899999499320984
1,827632318,4822,1.0,0.9950000047683716
1,827632318,4823,1.0,0.9950000047683716
1,827632318,4824,1.0,0.9899999499320984
1,827632318,4825,1.0,0.9899999499320984
1,827632318,4826,1.0,0.9899999499320984
1,827632318,4827,1.0,0.9899999499320984
1,827632318,4828,1.0,0.98499995470047
1,827632318,4829,1.0,0.9899999499320984
1,827632318,4830,1.0,0.9899999499320984
1,827632318,4831,1.0,0.9899999499320984
1,827632318,4832,1.0,0.98499995470047
1,827632318,4833,1.0,0.9950000047683716
1,827632318,4834,1.0,0.9950000047683716
1,827632318,4835,1.0,0.9899999499320984
1,827632318,4836,1.0,0.9899999499320984
1,827632318,4837,1.0,0.9950000047683716
1,827632318,4838,1.0,0.98499995470047
1,827632318,4839,1.0,0.9899999499320984
1,827632318,4840,1.0,0.9899999499320984
1,827632318,4841,1.0,0.9950000047683716
1,827632318,4842,1.0,0.9950000047683716
1,827632318,4843,1.0,0.9950000047683716
1,827632318,4844,1.0,0.9899999499320984
1,827632318,4845,1.0,0.9899999499320984
1,827632318,4846,1.0,0.9899999499320984
1,827632318,4847,1.0,0.9899999499320984
1,827632318,4848,1.0,0.9899999499320984
1,827632318,4849,1.0,0.98499995470047
1,827632318,4850,1.0,0.9899999499320984
1,827632318,4851,1.0,0.9899999499320984
1,827632318,4852,1.0,0.9899999499320984
1,827632318,4853,1.0,0.9899999499320984
1,827632318,4854,1.0,0.9950000047683716
1,827632318,4855,1.0,0.9899999499320984
1,827632318,4856,1.0,0.9899999499320984
1,827632318,4857,1.0,0.98499995470047
1,827632318,4858,1.0,0.9899999499320984
1,827632318,4859,1.0,0.98499995470047
1,827632318,4860,1.0,0.9950000047683716
1,827632318,4861,1.0,0.9950000047683716
1,827632318,4862,1.0,0.9899999499320984
1,827632318,4863,1.0,0.9899999499320984
1,827632318,4864,1.0,0.9899999499320984
1,827632318,4865,1.0,0.9899999499320984
1,827632318,4866,1.0,0.9950000047683716
1,827632318,4867,1.0,0.9899999499320984
1,827632318,4868,1.0,0.9950000047683716
1,827632318,4869,1.0,0.9950000047683716
1,827632318,4870,1.0,0.9899999499320984
1,827632318,4871,1.0,0.9899999499320984
1,827632318,4872,1.0,0.98499995470047
1,827632318,4873,1.0,0.98499995470047
1,827632318,4874,1.0,0.98499995470047
1,827632318,4875,1.0,0.98499995470047
1,827632318,4876,1.0,0.98499995470047
1,827632318,4877,1.0,0.9899999499320984
1,827632318,4878,1.0,0.9899999499320984
1,827632318,4879,1.0,0.9899999499320984
1,827632318,4880,1.0,0.9899999499320984
1,827632318,4881,1.0,0.9950000047683716
1,827632318,4882,1.0,0.9899999499320984
1,827632318,4883,1.0,0.9899999499320984
1,827632318,4884,1.0,0.9899999499320984
1,827632318,4885,1.0,0.9899999499320984
1,827632318,4886,1.0,0.9899999499320984
1,827632318,4887,1.0,0.9899999499320984
1,827632318,4888,1.0,0.9899999499320984
1,827632318,4889,1.0,0.9950000047683716
1,827632318,4890,1.0,0.9950000047683716
1,827632318,4891,1.0,0.9950000047683716
1,827632318,4892,1.0,0.9899999499320984
1,827632318,4893,1.0,0.9899999499320984
1,827632318,4894,1.0,0.9899999499320984
1,827632318,4895,1.0,0.98499995470047
1,827632318,4896,1.0,0.98499995470047
1,827632318,4897,1.0,0.98499995470047
1,827632318,4898,1.0,0.98499995470047
1,827632318,4899,1.0,0.98499995470047
1,827632318,4900,1.0,0.9899999499320984
1,827632318,4901,1.0,0.9899999499320984
1,827632318,4902,1.0,0.9899999499320984
1,827632318,4903,1.0,0.9899999499320984
1,827632318,4904,1.0,0.9899999499320984
1,827632318,4905,1.0,0.9899999499320984
1,827632318,4906,1.0,0.9899999499320984
1,827632318,4907,1.0,0.9899999499320984
1,827632318,4908,1.0,0.9899999499320984
1,827632318,4909,1.0,0.98499995470047
1,827632318,4910,1.0,0.98499995470047
1,827632318,4911,1.0,0.9899999499320984
1,827632318,4912,1.0,0.9899999499320984
1,827632318,4913,1.0,0.9899999499320984
1,827632318,4914,1.0,0.9899999499320984
1,827632318,4915,1.0,0.9899999499320984
1,827632318,4916,1.0,0.9899999499320984
1,827632318,4917,1.0,0.9899999499320984
1,827632318,4918,1.0,0.9899999499320984
1,827632318,4919,1.0,0.98499995470047
1,827632318,4920,1.0,0.98499995470047
1,827632318,4921,1.0,0.98499995470047
1,827632318,4922,1.0,0.98499995470047
1,827632318,4923,1.0,0.9950000047683716
1,827632318,4924,1.0,0.9950000047683716
1,827632318,4925,1.0,0.9950000047683716
1,827632318,4926,1.0,0.9899999499320984
1,827632318,4927,1.0,0.9950000047683716
1,827632318,4928,1.0,0.9950000047683716
1,827632318,4929,1.0,0.9899999499320984
1,827632318,4930,1.0,0.9899999499320984
1,827632318,4931,1.0,0.9899999499320984
1,827632318,4932,1.0,0.9950000047683716
1,827632318,4933,1.0,0.9899999499320984
1,827632318,4934,1.0,0.9899999499320984
1,827632318,4935,1.0,0.9899999499320984
1,827632318,4936,1.0,0.9899999499320984
1,827632318,4937,1.0,0.9899999499320984
1,827632318,4938,1.0,0.9899999499320984
1,827632318,4939,1.0,0.9899999499320984
1,827632318,4940,1.0,0.9899999499320984
1,827632318,4941,1.0,0.9899999499320984
1,827632318,4942,1.0,0.9899999499320984
1,827632318,4943,1.0,0.9899999499320984
1,827632318,4944,1.0,0.9899999499320984
1,827632318,4945,1.0,0.9899999499320984
1,827632318,4946,1.0,0.9899999499320984
1,827632318,4947,1.0,0.9899999499320984
1,827632318,4948,1.0,0.9899999499320984
1,827632318,4949,1.0,0.9899999499320984
1,827632318,4950,1.0,0.9899999499320984
1,827632318,4951,1.0,0.98499995470047
1,827632318,4952,1.0,0.9899999499320984
1,827632318,4953,1.0,0.9899999499320984
1,827632318,4954,1.0,0.9899999499320984
1,827632318,4955,1.0,0.9899999499320984
1,827632318,4956,1.0,0.9899999499320984
1,827632318,4957,1.0,0.9899999499320984
1,827632318,4958,1.0,0.9899999499320984
1,827632318,4959,1.0,0.9899999499320984
1,827632318,4960,1.0,0.9899999499320984
1,827632318,4961,1.0,0.9950000047683716
1,827632318,4962,1.0,0.9950000047683716
1,827632318,4963,1.0,0.9899999499320984
1,827632318,4964,1.0,0.9899999499320984
1,827632318,4965,1.0,0.9899999499320984
1,827632318,4966,1.0,0.9899999499320984
1,827632318,4967,1.0,0.9899999499320984
1,827632318,4968,1.0,0.9899999499320984
1,827632318,4969,1.0,0.9899999499320984
1,827632318,4970,1.0,0.9899999499320984
1,827632318,4971,1.0,0.9899999499320984
1,827632318,4972,1.0,0.9899999499320984
1,827632318,4973,1.0,0.9899999499320984
1,827632318,4974,1.0,0.98499995470047
1,827632318,4975,1.0,0.98499995470047
1,827632318,4976,1.0,0.9899999499320984
1,827632318,4977,1.0,0.9950000047683716
1,827632318,4978,1.0,0.9899999499320984
1,827632318,4979,1.0,0.9899999499320984
1,827632318,4980,1.0,0.9899999499320984
1,827632318,4981,1.0,0.9950000047683716
1,827632318,4982,1.0,0.9950000047683716
1,827632318,4983,1.0,0.9899999499320984
1,827632318,4984,1.0,0.9899999499320984
1,827632318,4985,1.0,0.9950000047683716
1,827632318,4986,1.0,0.9950000047683716
1,827632318,4987,1.0,0.9950000047683716
1,827632318,4988,1.0,0.9950000047683716
1,827632318,4989,1.0,0.9899999499320984
1,827632318,4990,1.0,0.9899999499320984
1,827632318,4991,1.0,0.9899999499320984
1,827632318,4992,1.0,0.9899999499320984
1,827632318,4993,1.0,0.9899999499320984
1,827632318,4994,1.0,0.9950000047683716
1,827632318,4995,1.0,0.9950000047683716
1,827632318,4996,1.0,0.9899999499320984
1,827632318,4997,1.0,0.9899999499320984
1,827632318,4998,1.0,0.9899999499320984
1,827632318,4999,1.0,0.9899999499320984
1,827632318,5000,1.0,0.9899999499320984
2,911029250,0,0.5049999952316284,0.47999998927116394
2,911029250,1,0.47999998927116394,0.5149999856948853
2,911029250,2,0.4949999749660492,0.4899999797344208
2,911029250,3,0.47999998927116394,0.5299999713897705
2,911029250,4,0.4899999797344208,0.5249999761581421
2,911029250,5,0.4899999797344208,0.5349999666213989
2,911029250,6,0.5199999809265137,0.5349999666213989
2,911029250,7,0.5099999904632568,0.5349999666213989
2,911029250,8,0.5099999904632568,0.5399999618530273
2,911029250,9,0.5099999904632568,0.5299999713897705
2,911029250,10,0.5249999761581421,0.550000011920929
2,911029250,11,0.5149999856948853,0.5349999666213989
2,911029250,12,0.5199999809265137,0.5450000166893005
2,911029250,13,0.5249999761581421,0.5349999666213989
2,911029250,14,0.5299999713897705,0.550000011920929
2,911029250,15,0.5450000166893005,0.5399999618530273
2,911029250,16,0.5299999713897705,0.5450000166893005
2,911029250,17,0.5349999666213989,0.5399999618530273
2,911029250,18,0.5349999666213989,0.5450000166893005
2,911029250,19,0.5450000166893005,0.5399999618530273
2,911029250,20,0.5299999713897705,0.5450000166893005
2,911029250,21,0.5600000023841858,0.5349999666213989
2,911029250,22,0.5399999618530273,0.5450000166893005
2,911029250,23,0.5649999976158142,0.5299999713897705
2,911029250,24,0.5550000071525574,0.5450000166893005
2,911029250,25,0.5550000071525574,0.550000011920929
2,911029250,26,0.550000011920929,0.5349999666213989
2,911029250,27,0.5649999976158142,0.5450000166893005
2,911029250,28,0.5699999928474426,0.5450000166893005
2,911029250,29,0.5849999785423279,0.550000011920929
2,911029250,30,0.5799999833106995,0.5450000166893005
2,911029250,31,0.5799999833106995,0.550000011920929
2,911029250,32,0.5999999642372131,0.5450000166893005
2,911029250,33,0.5799999833106995,0.5399999618530273
2,911029250,34,0.6049999594688416,0.5399999618530273
2,911029250,35,0.5899999737739563,0.5399999618530273
2,911029250,36,0.6150000095367432,0.5450000166893005
2,911029250,37,0.6100000143051147,0.550000011920929
2,911029250,38,0.625,0.5450000166893005
2,911029250,39,0.6150000095367432,0.5399999618530273
2,911029250,40,0.6299999952316284,0.550000011920929
2,911029250,41,0.6299999952316284,0.550000011920929
2,911029250,42,0.6200000047683716,0.5550000071525574
2,911029250,43,0.6299999952316284,0.550000011920929
2,911029250,44,0.6399999856948853,0.550000011920929
2,911029250,45,0.6549999713897705,0.550000011920929
2,911029250,46,0.6499999761581421,0.5399999618530273
2,911029250,47,0.6549999713897705,0.5450000166893005
2,911029250,48,0.6599999666213989,0.550000011920929
2,911029250,49,0.6699999570846558,0.550000011920929
2,911029250,50,0.6699999570846558,0.550000011920929
2,911029250,51,0.6699999570846558,0.5450000166893005
2,911029250,52,0.675000011920929,0.5450000166893005
2,911029250,53,0.6850000023841858,0.550000011920929
2,911029250,54,0.6949999928474426,0.5550000071525574
2,911029250,55,0.6899999976158142,0.5450000166893005
2,911029250,56,0.6899999976158142,0.5450000166893005
2,911029250,57,0.6899999976158142,0.550000011920929
2,911029250,58,0.6949999928474426,0.550000011920929
2,911029250,59,0.6949999928474426,0.5450000166893005
2,911029250,60,0.7199999690055847,0.5550000071525574
2,911029250,61,0.699999988079071,0.5450000166893005
2,911029250,62,0.7199999690055847,0.550000011920929
2,911029250,63,0.699999988079071,0.5450000166893005
2,911029250,64,0.7149999737739563,0.5550000071525574
2,911029250,65,0.7099999785423279,0.5450000166893005
2,911029250,66,0.7299999594688416,0.5550000071525574
2,911029250,67,0.7299999594688416,0.550000011920929
2,911029250,68,0.7299999594688416,0.5550000071525574
2,911029250,69,0.7299999594688416,0.5450000166893005
2,911029250,70,0.7299999594688416,0.5600000023841858
2,911029250,71,0.7450000047683716,0.550000011920929
2,911029250,72,0.73499995470047,0.550000011920929
2,911029250,73,0.73499995470047,0.550000011920929
2,911029250,74,0.73499995470047,0.5450000166893005
2,911029250,75,0.75,0.550000011920929
2,911029250,76,0.7450000047683716,0.550000011920929
2,911029250,77,0.7400000095367432,0.550000011920929
2,911029250,78,0.7400000095367432,0.550000011920929
2,911029250,79,0.75,0.550000011920929
2,911029250,80,0.75,0.5600000023841858
2,911029250,81,0.7549999952316284,0.5450000166893005
2,911029250,82,0.75,0.5550000071525574
2,911029250,83,0.7649999856948853,0.5550000071525574
2,911029250,84,0.7749999761581421,0.550000011920929
2,911029250,85,0.7599999904632568,0.550000011920929
2,911029250,86,0.7749999761581421,0.550000011920929
2,911029250,87,0.7749999761581421,0.550000011920929
2,911029250,88,0.7699999809265137,0.5600000023841858
2,911029250,89,0.7749999761581421,0.5550000071525574
2,911029250,90,0.7849999666213989,0.5550000071525574
2,911029250,91,0.7799999713897705,0.5550000071525574
2,911029250,92,0.7799999713897705,0.5550000071525574
2,911029250,93,0.7899999618530273,0.5600000023841858
2,911029250,94,0.7899999618530273,0.5600000023841858
2,911029250,95,0.7849999666213989,0.5600000023841858
2,911029250,96,0.7999999523162842,0.550000011920929
2,911029250,97,0.7999999523162842,0.5550000071525574
2,911029250,98,0.8050000071525574,0.5550000071525574
2,911029250,99,0.8050000071525574,0.5550000071525574
2,911029250,100,0.8100000023841858,0.5649999976158142
2,911029250,101,0.8149999976158142,0.5550000071525574
2,911029250,102,0.824999988079071,0.5600000023841858
2,911029250,103,0.8199999928474426,0.5600000023841858
2,911029250,104,0.824999988079071,0.5600000023841858
2,911029250,105,0.824999988079071,0.5550000071525574
2,911029250,106,0.8349999785423279,0.5550000071525574
2,911029250,107,0.8299999833106995,0.5550000071525574
2,911029250,108,0.8349999785423279,0.5550000071525574
2,911029250,109,0.8349999785423279,0.550000011920929
2,911029250,110,0.8349999785423279,0.5649999976158142
2,911029250,111,0.8449999690055847,0.550000011920929
2,911029250,112,0.8499999642372131,0.5550000071525574
2,911029250,113,0.8399999737739563,0.550000011920929
2,911029250,114,0.8499999642372131,0.550000011920929
2,911029250,115,0.8399999737739563,0.550000011920929
2,911029250,116,0.8549999594688416,0.5649999976158142
2,911029250,117,0.8449999690055847,0.5600000023841858
2,911029250,118,0.85999995470047,0.5649999976158142
2,911029250,119,0.8549999594688416,0.550000011920929
2,911029250,120,0.8650000095367432,0.550000011920929
2,911029250,121,0.85999995470047,0.5550000071525574
2,911029250,122,0.85999995470047,0.5550000071525574
2,911029250,123,0.85999995470047,0.5550000071525574
2,911029250,124,0.8700000047683716,0.5600000023841858
2,911029250,125,0.85999995470047,0.5649999976158142
2,911029250,126,0.8650000095367432,0.5600000023841858
2,911029250,127,0.8700000047683716,0.5649999976158142
2,911029250,128,0.875,0.5550000071525574
2,911029250,129,0.875,0.5649999976158142
2,911029250,130,0.875,0.5649999976158142
2,911029250,131,0.875,0.5649999976158142
2,911029250,132,0.8899999856948853,0.5649999976158142
2,911029250,133,0.8799999952316284,0.5649999976158142
2,911029250,134,0.8799999952316284,0.5649999976158142
2,911029250,135,0.8899999856948853,0.574999988079071
2,911029250,136,0.8899999856948853,0.5649999976158142
2,911029250,137,0.8899999856948853,0.5600000023841858
2,911029250,138,0.8949999809265137,0.5699999928474426
2,911029250,139,0.8849999904632568,0.5649999976158142
2,911029250,140,0.8949999809265137,0.5600000023841858
2,911029250,141,0.8899999856948853,0.5649999976158142
2,911029250,142,0.9049999713897705,0.5699999928474426
2,911029250,143,0.8949999809265137,0.5649999976158142
2,911029250,144,0.9099999666213989,0.5600000023841858
2,911029250,145,0.8949999809265137,0.574999988079071
2,911029250,146,0.9149999618530273,0.5649999976158142
2,911029250,147,0.8999999761581421,0.5649999976158142
2,911029250,148,0.9249999523162842,0.5649999976158142
2,911029250,149,0.9199999570846558,0.5649999976158142
2,911029250,150,0.9199999570846558,0.5649999976158142
2,911029250,151,0.9149999618530273,0.5649999976158142
2,911029250,152,0.9149999618530273,0.5600000023841858
2,911029250,153,0.9249999523162842,0.574999988079071
2,911029250,154,0.9199999570846558,0.5600000023841858
2,911029250,155,0.9249999523162842,0.574999988079071
2,911029250,156,0.9199999570846558,0.5600000023841858
2,911029250,157,0.9249999523162842,0.5649999976158142
2,911029250,158,0.9199999570846558,0.5699999928474426
2,911029250,159,0.9300000071525574,0.5699999928474426
2,911029250,160,0.9249999523162842,0.5649999976158142
2,911029250,161,0.9249999523162842,0.5699999928474426
2,911029250,162,0.9300000071525574,0.5649999976158142
2,911029250,163,0.9350000023841858,0.574999988079071
2,911029250,164,0.9300000071525574,0.5649999976158142
2,911029250,165,0.9300000071525574,0.5649999976158142
2,911029250,166,0.9449999928474426,0.5699999928474426
2,911029250,167,0.9300000071525574,0.574999988079071
2,911029250,168,0.9350000023841858,0.5649999976158142
2,911029250,169,0.9350000023841858,0.5649999976158142
2,911029250,170,0.9399999976158142,0.5600000023841858
2,911029250,171,0.9350000023841858,0.5699999928474426
2,911029250,172,0.9399999976158142,0.5699999928474426
2,911029250,173,0.949999988079071,0.5649999976158142
2,911029250,174,0.9399999976158142,0.574999988079071
2,911029250,175,0.949999988079071,0.5849999785423279
2,911029250,176,0.9549999833106995,0.5699999928474426
2,911029250,177,0.9399999976158142,0.5699999928474426
2,911029250,178,0.9599999785423279,0.5699999928474426
2,911029250,179,0.949999988079071,0.5849999785423279
2,911029250,180,0.949999988079071,0.5649999976158142
2,911029250,181,0.9549999833106995,0.574999988079071
2,911029250,182,0.9599999785423279,0.574999988079071
2,911029250,183,0.949999988079071,0.5849999785423279
2,911029250,184,0.9549999833106995,0.5849999785423279
2,911029250,185,0.949999988079071,0.5799999833106995
2,911029250,186,0.9599999785423279,0.5699999928474426
2,911029250,187,0.9549999833106995,0.5849999785423279
2,911029250,188,0.9599999785423279,0.5699999928474426
2,911029250,189,0.9549999833106995,0.5849999785423279
2,911029250,190,0.9599999785423279,0.5799999833106995
2,911029250,191,0.9649999737739563,0.5899999737739563
2,911029250,192,0.9599999785423279,0.574999988079071
2,911029250,193,0.9599999785423279,0.5799999833106995
2,911029250,194,0.9649999737739563,0.5699999928474426
2,911029250,195,0.9599999785423279,0.5899999737739563
2,911029250,196,0.9599999785423279,0.5600000023841858
2,911029250,197,0.9649999737739563,0.5899999737739563
2,911029250,198,0.9649999737739563,0.5649999976158142
2,911029250,199,0.9599999785423279,0.5849999785423279
2,911029250,200,0.9649999737739563,0.574999988079071
2,911029250,201,0.9649999737739563,0.5899999737739563
2,911029250,202,0.9649999737739563,0.574999988079071
2,911029250,203,0.9699999690055847,0.5849999785423279
2,911029250,204,0.9649999737739563,0.5799999833106995
2,911029250,205,0.9699999690055847,0.5849999785423279
2,911029250,206,0.9649999737739563,0.5699999928474426
2,911029250,207,0.9699999690055847,0.5799999833106995
2,911029250,208,0.9649999737739563,0.574999988079071
2,911029250,209,0.9749999642372131,0.5899999737739563
2,911029250,210,0.9649999737739563,0.5849999785423279
2,911029250,211,0.9699999690055847,0.5799999833106995
2,911029250,212,0.9649999737739563,0.5799999833106995
2,911029250,213,0.9749999642372131,0.5799999833106995
2,911029250,214,0.9699999690055847,0.5999999642372131
2,911029250,215,0.9749999642372131,0.5899999737739563
2,911029250,216,0.9699999690055847,0.5849999785423279
2,911029250,217,0.9749999642372131,0.5999999642372131
2,911029250,218,0.9699999690055847,0.5699999928474426
2,911029250,219,0.9749999642372131,0.5899999737739563
2,911029250,220,0.9699999690055847,0.5949999690055847
2,911029250,221,0.9749999642372131,0.5999999642372131
2,911029250,222,0.9749999642372131,0.574999988079071
2,911029250,223,0.9749999642372131,0.5999999642372131
2,911029250,224,0.9799999594688416,0.5849999785423279
2,911029250,225,0.9749999642372131,0.5999999642372131
2,911029250,226,0.9799999594688416,0.5899999737739563
2,911029250,227,0.9749999642372131,0.6049999594688416
2,911029250,228,0.9799999594688416,0.5949999690055847
2,911029250,229,0.9799999594688416,0.5949999690055847
2,911029250,230,0.9799999594688416,0.5949999690055847
2,911029250,231,0.9799999594688416,0.5999999642372131
2,911029250,232,0.98499995470047,0.5949999690055847
2,911029250,233,0.9799999594688416,0.5999999642372131
2,911029250,234,0.9799999594688416,0.5949999690055847
2,911029250,235,0.9799999594688416,0.6049999594688416
2,911029250,236,0.9799999594688416,0.5899999737739563
2,911029250,237,0.9799999594688416,0.5949999690055847
2,911029250,238,0.9799999594688416,0.5999999642372131
2,911029250,239,0.9799999594688416,0.5999999642372131
2,911029250,240,0.98499995470047,0.5899999737739563
2,911029250,241,0.98499995470047,0.5999999642372131
2,911029250,242,0.98499995470047,0.5849999785423279
2,911029250,243,0.9899999499320984,0.5899999737739563
2,911029250,244,0.98499995470047,0.5999999642372131
2,911029250,245,0.98499995470047,0.6049999594688416
2,911029250,246,0.98499995470047,0.5949999690055847
2,911029250,247,0.9799999594688416,0.6100000143051147
2,911029250,248,0.98499995470047,0.5899999737739563
2,911029250,249,0.9899999499320984,0.6049999594688416
2,911029250,250,0.98499995470047,0.6049999594688416
2,911029250,251,0.98499995470047,0.5999999642372131
2,911029250,252,0.98499995470047,0.5949999690055847
2,911029250,253,0.9899999499320984,0.5999999642372131
2,911029250,254,0.98499995470047,0.5899999737739563
2,911029250,255,0.9899999499320984,0.6049999594688416
2,911029250,256,0.98499995470047,0.5899999737739563
2,911029250,257,0.9899999499320984,0.5899999737739563
2,911029250,258,0.98499995470047,0.5949999690055847
2,911029250,259,0.9899999499320984,0.5999999642372131
2,911029250,260,0.98499995470047,0.5949999690055847
2,911029250,261,0.9899999499320984,0.5999999642372131
2,911029250,262,0.98499995470047,0.5849999785423279
2,911029250,263,0.9899999499320984,0.6049999594688416
2,911029250,264,0.98499995470047,0.6049999594688416
2,911029250,265,0.9899999499320984,0.6049999594688416
2,911029250,266,0.9899999499320984,0.5999999642372131
2,911029250,267,0.9899999499320984,0.5999999642372131
2,911029250,268,0.9899999499320984,0.5949999690055847
2,911029250,269,0.9899999499320984,0.6049999594688416
2,911029250,270,0.98499995470047,0.6049999594688416
2,911029250,271,0.9899999499320984,0.5999999642372131
2,911029250,272,0.9899999499320984,0.5949999690055847
2,911029250,273,0.9899999499320984,0.6049999594688416
2,911029250,274,0.9899999499320984,0.5999999642372131
2,911029250,275,0.9899999499320984,0.6049999594688416
2,911029250,276,0.9899999499320984,0.5949999690055847
2,911029250,277,0.9899999499320984,0.6100000143051147
2,911029250,278,0.9899999499320984,0.6049999594688416
2,911029250,279,0.9899999499320984,0.5999999642372131
2,911029250,280,0.9899999499320984,0.5949999690055847
2,911029250,281,0.9899999499320984,0.6049999594688416
2,911029250,282,0.9899999499320984,0.5999999642372131
2,911029250,283,0.9899999499320984,0.5999999642372131
2,911029250,284,0.9950000047683716,0.5849999785423279
2,911029250,285,0.9899999499320984,0.6100000143051147
2,911029250,286,0.9899999499320984,0.6100000143051147
2,911029250,287,0.9899999499320984,0.6100000143051147
2,911029250,288,0.9899999499320984,0.5999999642372131
2,911029250,289,0.9899999499320984,0.5999999642372131
2,911029250,290,0.9950000047683716,0.6049999594688416
2,911029250,291,0.9899999499320984,0.6049999594688416
2,911029250,292,0.9950000047683716,0.6049999594688416
2,911029250,293,0.9950000047683716,0.5999999642372131
2,911029250,294,0.9950000047683716,0.6100000143051147
2,911029250,295,0.9899999499320984,0.6100000143051147
2,911029250,296,1.0,0.5999999642372131
2,911029250,297,1.0,0.5999999642372131
2,911029250,298,0.9950000047683716,0.5899999737739563
2,911029250,299,1.0,0.6100000143051147
2,911029250,300,0.9950000047683716,0.5949999690055847
2,911029250,301,1.0,0.6100000143051147
2,911029250,302,0.9950000047683716,0.6049999594688416
2,911029250,303,1.0,0.5999999642372131
2,911029250,304,1.0,0.5999999642372131
2,911029250,305,0.9950000047683716,0.5999999642372131
2,911029250,306,1.0,0.5999999642372131
2,911029250,307,1.0,0.6049999594688416
2,911029250,308,1.0,0.6049999594688416
2,911029250,309,1.0,0.6100000143051147
2,911029250,310,1.0,0.5949999690055847
2,911029250,311,1.0,0.6049999594688416
2,911029250,312,1.0,0.5899999737739563
2,911029250,313,0.9950000047683716,0.6150000095367432
2,911029250,314,0.9950000047683716,0.6100000143051147
2,911029250,315,1.0,0.6200000047683716
2,911029250,316,1.0,0.5949999690055847
2,911029250,317,1.0,0.5999999642372131
2,911029250,318,1.0,0.6049999594688416
2,911029250,319,1.0,0.5899999737739563
2,911029250,320,1.0,0.5949999690055847
2,911029250,321,1.0,0.6200000047683716
2,911029250,322,1.0,0.5949999690055847
2,911029250,323,1.0,0.6049999594688416
2,911029250,324,1.0,0.6200000047683716
2,911029250,325,1.0,0.6150000095367432
2,911029250,326,1.0,0.5949999690055847
2,911029250,327,1.0,0.6150000095367432
2,911029250,328,1.0,0.6049999594688416
2,911029250,329,1.0,0.6100000143051147
2,911029250,330,1.0,0.6049999594688416
2,911029250,331,1.0,0.6150000095367432
2,911029250,332,1.0,0.5899999737739563
2,911029250,333,1.0,0.625
2,911029250,334,1.0,0.6150000095367432
2,911029250,335,1.0,0.6049999594688416
2,911029250,336,1.0,0.6100000143051147
2,911029250,337,1.0,0.6100000143051147
2,911029250,338,1.0,0.6049999594688416
2,911029250,339,1.0,0.6299999952316284
2,911029250,340,1.0,0.6150000095367432
2,911029250,341,1.0,0.6100000143051147
2,911029250,342,1.0,0.6150000095367432
2,911029250,343,1.0,0.6200000047683716
2,911029250,344,1.0,0.6100000143051147
2,911029250,345,1.0,0.6200000047683716
2,911029250,346,1.0,0.6100000143051147
2,911029250,347,1.0,0.6299999952316284
2,911029250,348,1.0,0.6150000095367432
2,911029250,349,1.0,0.6100000143051147
2,911029250,350,1.0,0.5949999690055847
2,911029250,351,1.0,0.6049999594688416
2,911029250,352,1.0,0.5949999690055847
2,911029250,353,1.0,0.6150000095367432
2,911029250,354,1.0,0.6049999594688416
2,911029250,355,1.0,0.625
2,911029250,356,1.0,0.5899999737739563
2,911029250,357,1.0,0.6049999594688416
2,911029250,358,1.0,0.6150000095367432
2,911029250,359,1.0,0.6200000047683716
2,911029250,360,1.0,0.6100000143051147
2,911029250,361,1.0,0.625
2,911029250,362,1.0,0.5999999642372131
2,911029250,363,1.0,0.6049999594688416
2,911029250,364,1.0,0.5999999642372131
2,911029250,365,1.0,0.6299999952316284
2,911029250,366,1.0,0.5999999642372131
2,911029250,367,1.0,0.6200000047683716
2,911029250,368,1.0,0.6200000047683716
2,911029250,369,1.0,0.6100000143051147
2,911029250,370,1.0,0.6100000143051147
2,911029250,371,1.0,0.6100000143051147
2,911029250,372,1.0,0.6150000095367432
2,911029250,373,1.0,0.6200000047683716
2,911029250,374,1.0,0.6100000143051147
2,911029250,375,1.0,0.5949999690055847
2,911029250,376,1.0,0.6100000143051147
2,911029250,377,1.0,0.6200000047683716
2,911029250,378,1.0,0.6049999594688416
2,911029250,379,1.0,0.6049999594688416
2,911029250,380,1.0,0.6100000143051147
2,911029250,381,1.0,0.6150000095367432
2,911029250,382,1.0,0.5999999642372131
2,911029250,383,1.0,0.6299999952316284
2,911029250,384,1.0,0.6100000143051147
2,911029250,385,1.0,0.6349999904632568
2,911029250,386,1.0,0.6100000143051147
2,911029250,387,1.0,0.6200000047683716
2,911029250,388,1.0,0.5999999642372131
2,911029250,389,1.0,0.625
2,911029250,390,1.0,0.5999999642372131
2,911029250,391,1.0,0.6399999856948853
2,911029250,392,1.0,0.6100000143051147
2,911029250,393,1.0,0.6200000047683716
2,911029250,394,1.0,0.6299999952316284
2,911029250,395,1.0,0.625
2,911029250,396,1.0,0.6049999594688416
2,911029250,397,1.0,0.6200000047683716
2,911029250,398,1.0,0.6100000143051147
2,911029250,399,1.0,0.6349999904632568
2,911029250,400,1.0,0.6049999594688416
2,911029250,401,1.0,0.6349999904632568
2,911029250,402,1.0,0.6100000143051147
2,911029250,403,1.0,0.625
2,911029250,404,1.0,0.6150000095367432
2,911029250,405,1.0,0.625
2,911029250,406,1.0,0.6100000143051147
2,911029250,407,1.0,0.6449999809265137
2,911029250,408,1.0,0.625
2,911029250,409,1.0,0.6399999856948853
2,911029250,410,1.0,0.6100000143051147
2,911029250,411,1.0,0.6200000047683716
2,911029250,412,1.0,0.6150000095367432
2,911029250,413,1.0,0.6349999904632568
2,911029250,414,1.0,0.6200000047683716
2,911029250,415,1.0,0.6150000095367432
2,911029250,416,1.0,0.6299999952316284
2,911029250,417,1.0,0.6299999952316284
2,911029250,418,1.0,0.6150000095367432
2,911029250,419,1.0,0.6299999952316284
2,911029250,420,1.0,0.6200000047683716
2,911029250,421,1.0,0.6200000047683716
2,911029250,422,1.0,0.6349999904632568
2,911029250,423,1.0,0.6150000095367432
2,911029250,424,1.0,0.6100000143051147
2,911029250,425,1.0,0.6299999952316284
2,911029250,426,1.0,0.6200000047683716
2,911029250,427,1.0,0.6299999952316284
2,911029250,428,1.0,0.6200000047683716
2,911029250,429,1.0,0.6349999904632568
2,911029250,430,1.0,0.6299999952316284
2,911029250,431,1.0,0.6299999952316284
2,911029250,432,1.0,0.625
2,911029250,433,1.0,0.6449999809265137
2,911029250,434,1.0,0.625
2,911029250,435,1.0,0.6299999952316284
2,911029250,436,1.0,0.625
2,911029250,437,1.0,0.6499999761581421
2,911029250,438,1.0,0.6299999952316284
2,911029250,439,1.0,0.6299999952316284
2,911029250,440,1.0,0.6349999904632568
2,911029250,441,1.0,0.6200000047683716
2,911029250,442,1.0,0.6399999856948853
2,911029250,443,1.0,0.6449999809265137
2,911029250,444,1.0,0.6150000095367432
2,911029250,445,1.0,0.6399999856948853
2,911029250,446,1.0,0.6299999952316284
2,911029250,447,1.0,0.6349999904632568
2,911029250,448,1.0,0.625
2,911029250,449,1.0,0.6399999856948853
2,911029250,450,1.0,0.6200000047683716
2,911029250,451,1.0,0.6299999952316284
2,911029250,452,1.0,0.6349999904632568
2,911029250,453,1.0,0.625
2,911029250,454,1.0,0.6349999904632568
2,911029250,455,1.0,0.6499999761581421
2,911029250,456,1.0,0.6299999952316284
2,911029250,457,1.0,0.625
2,911029250,458,1.0,0.6349999904632568
2,911029250,459,1.0,0.625
2,911029250,460,1.0,0.6299999952316284
2,911029250,461,1.0,0.6150000095367432
2,911029250,462,1.0,0.6449999809265137
2,911029250,463,1.0,0.6299999952316284
2,911029250,464,1.0,0.6399999856948853
2,911029250,465,1.0,0.6399999856948853
2,911029250,466,1.0,0.6399999856948853
2,911029250,467,1.0,0.625
2,911029250,468,1.0,0.6349999904632568
2,911029250,469,1.0,0.6349999904632568
2,911029250,470,1.0,0.6349999904632568
2,911029250,471,1.0,0.6349999904632568
2,911029250,472,1.0,0.6499999761581421
2,911029250,473,1.0,0.6200000047683716
2,911029250,474,1.0,0.6349999904632568
2,911029250,475,1.0,0.6299999952316284
2,911029250,476,1.0,0.6449999809265137
2,911029250,477,1.0,0.6200000047683716
2,911029250,478,1.0,0.6399999856948853
2,911029250,479,1.0,0.6449999809265137
2,911029250,480,1.0,0.6299999952316284
2,911029250,481,1.0,0.625
2,911029250,482,1.0,0.6399999856948853
2,911029250,483,1.0,0.6299999952316284
2,911029250,484,1.0,0.6499999761581421
2,911029250,485,1.0,0.6299999952316284
2,911029250,486,1.0,0.6549999713897705
2,911029250,487,1.0,0.625
2,911029250,488,1.0,0.6549999713897705
2,911029250,489,1.0,0.6299999952316284
2,911029250,490,1.0,0.6299999952316284
2,911029250,491,1.0,0.6399999856948853
2,911029250,492,1.0,0.6399999856948853
2,911029250,493,1.0,0.6449999809265137
2,911029250,494,1.0,0.6499999761581421
2,911029250,495,1.0,0.6200000047683716
2,911029250,496,1.0,0.6449999809265137
2,911029250,497,1.0,0.6299999952316284
2,911029250,498,1.0,0.6449999809265137
2,911029250,499,1.0,0.6299999952316284
2,911029250,500,1.0,0.6399999856948853
2,911029250,501,1.0,0.6399999856948853
2,911029250,502,1.0,0.6449999809265137
2,911029250,503,1.0,0.6200000047683716
2,911029250,504,1.0,0.6549999713897705
2,911029250,505,1.0,0.6449999809265137
2,911029250,506,1.0,0.6499999761581421
2,911029250,507,1.0,0.6499999761581421
2,911029250,508,1.0,0.6299999952316284
2,911029250,509,1.0,0.6499999761581421
2,911029250,510,1.0,0.6499999761581421
2,911029250,511,1.0,0.6449999809265137
2,911029250,512,1.0,0.6499999761581421
2,911029250,513,1.0,0.6349999904632568
2,911029250,514,1.0,0.6349999904632568
2,911029250,515,1.0,0.6499999761581421
2,911029250,516,1.0,0.6449999809265137
2,911029250,517,1.0,0.6499999761581421
2,911029250,518,1.0,0.6549999713897705
2,911029250,519,1.0,0.6449999809265137
2,911029250,520,1.0,0.6499999761581421
2,911029250,521,1.0,0.6399999856948853
2,911029250,522,1.0,0.6549999713897705
2,911029250,523,1.0,0.6399999856948853
2,911029250,524,1.0,0.6499999761581421
2,911029250,525,1.0,0.6549999713897705
2,911029250,526,1.0,0.6349999904632568
2,911029250,527,1.0,0.6449999809265137
2,911029250,528,1.0,0.6449999809265137
2,911029250,529,1.0,0.6399999856948853
2,911029250,530,1.0,0.6449999809265137
2,911029250,531,1.0,0.6499999761581421
2,911029250,532,1.0,0.6399999856948853
2,911029250,533,1.0,0.6449999809265137
2,911029250,534,1.0,0.6349999904632568
2,911029250,535,1.0,0.6549999713897705
2,911029250,536,1.0,0.6399999856948853
2,911029250,537,1.0,0.6449999809265137
2,911029250,538,1.0,0.6449999809265137
2,911029250,539,1.0,0.6449999809265137
2,911029250,540,1.0,0.6599999666213989
2,911029250,541,1.0,0.625
2,911029250,542,1.0,0.6449999809265137
2,911029250,543,1.0,0.6649999618530273
2,911029250,544,1.0,0.6499999761581421
2,911029250,545,1.0,0.6549999713897705
2,911029250,546,1.0,0.6549999713897705
2,911029250,547,1.0,0.6299999952316284
2,911029250,548,1.0,0.6499999761581421
2,911029250,549,1.0,0.6449999809265137
2,911029250,550,1.0,0.6399999856948853
2,911029250,551,1.0,0.6499999761581421
2,911029250,552,1.0,0.6449999809265137
2,911029250,553,1.0,0.6299999952316284
2,911029250,554,1.0,0.6599999666213989
2,911029250,555,1.0,0.6449999809265137
2,911029250,556,1.0,0.6399999856948853
2,911029250,557,1.0,0.6499999761581421
2,911029250,558,1.0,0.6649999618530273
2,911029250,559,1.0,0.6449999809265137
2,911029250,560,1.0,0.6599999666213989
2,911029250,561,1.0,0.6399999856948853
2,911029250,562,1.0,0.6499999761581421
2,911029250,563,1.0,0.6549999713897705
2,911029250,564,1.0,0.6499999761581421
2,911029250,565,1.0,0.6549999713897705
2,911029250,566,1.0,0.6599999666213989
2,911029250,567,1.0,0.6549999713897705
2,911029250,568,1.0,0.6399999856948853
2,911029250,569,1.0,0.6549999713897705
2,911029250,570,1.0,0.6449999809265137
2,911029250,571,1.0,0.6549999713897705
2,911029250,572,1.0,0.6649999618530273
2,911029250,573,1.0,0.6449999809265137
2,911029250,574,1.0,0.6499999761581421
2,911029250,575,1.0,0.6699999570846558
2,911029250,576,1.0,0.6599999666213989
2,911029250,577,1.0,0.6449999809265137
2,911029250,578,1.0,0.6599999666213989
2,911029250,579,1.0,0.6499999761581421
2,911029250,580,1.0,0.6449999809265137
2,911029250,581,1.0,0.675000011920929
2,911029250,582,1.0,0.6499999761581421
2,911029250,583,1.0,0.6649999618530273
2,911029250,584,1.0,0.6699999570846558
2,911029250,585,1.0,0.6549999713897705
2,911029250,586,1.0,0.6399999856948853
2,911029250,587,1.0,0.6649999618530273
2,911029250,588,1.0,0.6549999713897705
2,911029250,589,1.0,0.6599999666213989
2,911029250,590,1.0,0.6599999666213989
2,911029250,591,1.0,0.6649999618530273
2,911029250,592,1.0,0.6599999666213989
2,911029250,593,1.0,0.6699999570846558
2,911029250,594,1.0,0.6349999904632568
2,911029250,595,1.0,0.6699999570846558
2,911029250,596,1.0,0.6599999666213989
2,911029250,597,1.0,0.6549999713897705
2,911029250,598,1.0,0.6449999809265137
2,911029250,599,1.0,0.6599999666213989
2,911029250,600,1.0,0.6499999761581421
2,911029250,601,1.0,0.6649999618530273
2,911029250,602,1.0,0.6599999666213989
2,911029250,603,1.0,0.6549999713897705
2,911029250,604,1.0,0.6599999666213989
2,911029250,605,1.0,0.6699999570846558
2,911029250,606,1.0,0.6549999713897705
2,911029250,607,1.0,0.6549999713897705
2,911029250,608,1.0,0.6499999761581421
2,911029250,609,1.0,0.6649999618530273
2,911029250,610,1.0,0.6649999618530273
2,911029250,611,1.0,0.6699999570846558
2,911029250,612,1.0,0.6549999713897705
2,911029250,613,1.0,0.6599999666213989
2,911029250,614,1.0,0.6649999618530273
2,911029250,615,1.0,0.6449999809265137
2,911029250,616,1.0,0.6699999570846558
2,911029250,617,1.0,0.6549999713897705
2,911029250,618,1.0,0.6549999713897705
2,911029250,619,1.0,0.6549999713897705
2,911029250,620,1.0,0.6599999666213989
2,911029250,621,1.0,0.6599999666213989
2,911029250,622,1.0,0.6649999618530273
2,911029250,623,1.0,0.6499999761581421
2,911029250,624,1.0,0.6649999618530273
2,911029250,625,1.0,0.6699999570846558
2,911029250,626,1.0,0.6800000071525574
2,911029250,627,1.0,0.6699999570846558
2,911029250,628,1.0,0.675000011920929
2,911029250,629,1.0,0.699999988079071
2,911029250,630,1.0,0.6599999666213989
2,911029250,631,1.0,0.6649999618530273
2,911029250,632,1.0,0.6599999666213989
2,911029250,633,1.0,0.6649999618530273
2,911029250,634,1.0,0.6699999570846558
2,911029250,635,1.0,0.6599999666213989
2,911029250,636,1.0,0.6699999570846558
2,911029250,637,1.0,0.6599999666213989
2,911029250,638,1.0,0.6949999928474426
2,911029250,639,1.0,0.6699999570846558
2,911029250,640,1.0,0.6599999666213989
2,911029250,641,1.0,0.675000011920929
2,911029250,642,1.0,0.6549999713897705
2,911029250,643,1.0,0.6599999666213989
2,911029250,644,1.0,0.699999988079071
2,911029250,645,1.0,0.6699999570846558
2,911029250,646,1.0,0.6599999666213989
2,911029250,647,1.0,0.6850000023841858
2,911029250,648,1.0,0.6549999713897705
2,911029250,649,1.0,0.6699999570846558
2,911029250,650,1.0,0.6850000023841858
2,911029250,651,1.0,0.6699999570846558
2,911029250,652,1.0,0.6800000071525574
2,911029250,653,1.0,0.6899999976158142
2,911029250,654,1.0,0.6549999713897705
2,911029250,655,1.0,0.6699999570846558
2,911029250,656,1.0,0.6850000023841858
2,911029250,657,1.0,0.6599999666213989
2,911029250,658,1.0,0.6850000023841858
2,911029250,659,1.0,0.6850000023841858
2,911029250,660,1.0,0.6699999570846558
2,911029250,661,1.0,0.675000011920929
2,911029250,662,1.0,0.6699999570846558
2,911029250,663,1.0,0.6599999666213989
2,911029250,664,1.0,0.675000011920929
2,911029250,665,1.0,0.6649999618530273
2,911029250,666,1.0,0.675000011920929
2,911029250,667,1.0,0.6699999570846558
2,911029250,668,1.0,0.6800000071525574
2,911029250,669,1.0,0.699999988079071
2,911029250,670,1.0,0.675000011920929
2,911029250,671,1.0,0.675000011920929
2,911029250,672,1.0,0.675000011920929
2,911029250,673,1.0,0.6599999666213989
2,911029250,674,1.0,0.6899999976158142
2,911029250,675,1.0,0.6850000023841858
2,911029250,676,1.0,0.6800000071525574
2,911029250,677,1.0,0.6800000071525574
2,911029250,678,1.0,0.6800000071525574
2,911029250,679,1.0,0.675000011920929
2,911029250,680,1.0,0.6899999976158142
2,911029250,681,1.0,0.675000011920929
2,911029250,682,1.0,0.6699999570846558
2,911029250,683,1.0,0.6800000071525574
2,911029250,684,1.0,0.6850000023841858
2,911029250,685,1.0,0.6800000071525574
2,911029250,686,1.0,0.6899999976158142
2,911029250,687,1.0,0.675000011920929
2,911029250,688,1.0,0.6899999976158142
2,911029250,689,1.0,0.675000011920929
2,911029250,690,1.0,0.675000011920929
2,911029250,691,1.0,0.675000011920929
2,911029250,692,1.0,0.6850000023841858
2,911029250,693,1.0,0.6649999618530273
2,911029250,694,1.0,0.6850000023841858
2,911029250,695,1.0,0.6850000023841858
2,911029250,696,1.0,0.6850000023841858
2,911029250,697,1.0,0.6800000071525574
2,911029250,698,1.0,0.6850000023841858
2,911029250,699,1.0,0.6800000071525574
2,911029250,700,1.0,0.6800000071525574
2,911029250,701,1.0,0.6949999928474426
2,911029250,702,1.0,0.6800000071525574
2,911029250,703,1.0,0.6850000023841858
2,911029250,704,1.0,0.7049999833106995
2,911029250,705,1.0,0.6800000071525574
2,911029250,706,1.0,0.6800000071525574
2,911029250,707,1.0,0.6899999976158142
2,911029250,708,1.0,0.6899999976158142
2,911029250,709,1.0,0.6899999976158142
2,911029250,710,1.0,0.699999988079071
2,911029250,711,1.0,0.6850000023841858
2,911029250,712,1.0,0.6899999976158142
2,911029250,713,1.0,0.699999988079071
2,911029250,714,1.0,0.6800000071525574
2,911029250,715,1.0,0.699999988079071
2,911029250,716,1.0,0.6850000023841858
2,911029250,717,1.0,0.675000011920929
2,911029250,718,1.0,0.7099999785423279
2,911029250,719,1.0,0.6899999976158142
2,911029250,720,1.0,0.6949999928474426
2,911029250,721,1.0,0.699999988079071
2,911029250,722,1.0,0.699999988079071
2,911029250,723,1.0,0.699999988079071
2,911029250,724,1.0,0.6949999928474426
2,911029250,725,1.0,0.7049999833106995
2,911029250,726,1.0,0.699999988079071
2,911029250,727,1.0,0.6899999976158142
2,911029250,728,1.0,0.6850000023841858
2,911029250,729,1.0,0.6949999928474426
2,911029250,730,1.0,0.6800000071525574
2,911029250,731,1.0,0.6899999976158142
2,911029250,732,1.0,0.6949999928474426
2,911029250,733,1.0,0.7099999785423279
2,911029250,734,1.0,0.6899999976158142
2,911029250,735,1.0,0.6949999928474426
2,911029250,736,1.0,0.6899999976158142
2,911029250,737,1.0,0.7049999833106995
2,911029250,738,1.0,0.6899999976158142
2,911029250,739,1.0,0.7199999690055847
2,911029250,740,1.0,0.699999988079071
2,911029250,741,1.0,0.6949999928474426
2,911029250,742,1.0,0.6949999928474426
2,911029250,743,1.0,0.6949999928474426
2,911029250,744,1.0,0.7049999833106995
2,911029250,745,1.0,0.7149999737739563
2,911029250,746,1.0,0.699999988079071
2,911029250,747,1.0,0.7049999833106995
2,911029250,748,1.0,0.6850000023841858
2,911029250,749,1.0,0.699999988079071
2,911029250,750,1.0,0.7049999833106995
2,911029250,751,1.0,0.7099999785423279
2,911029250,752,1.0,0.7099999785423279
2,911029250,753,1.0,0.6850000023841858
2,911029250,754,1.0,0.6899999976158142
2,911029250,755,1.0,0.7049999833106995
2,911029250,756,1.0,0.7149999737739563
2,911029250,757,1.0,0.7049999833106995
2,911029250,758,1.0,0.6949999928474426
2,911029250,759,1.0,0.7149999737739563
2,911029250,760,1.0,0.6949999928474426
2,911029250,761,1.0,0.7149999737739563
2,911029250,762,1.0,0.6800000071525574
2,911029250,763,1.0,0.699999988079071
2,911029250,764,1.0,0.6850000023841858
2,911029250,765,1.0,0.7049999833106995
2,911029250,766,1.0,0.699999988079071
2,911029250,767,1.0,0.6949999928474426
2,911029250,768,1.0,0.7099999785423279
2,911029250,769,1.0,0.7049999833106995
2,911029250,770,1.0,0.7049999833106995
2,911029250,771,1.0,0.7149999737739563
2,911029250,772,1.0,0.7099999785423279
2,911029250,773,1.0,0.6850000023841858
2,911029250,774,1.0,0.7099999785423279
2,911029250,775,1.0,0.7049999833106995
2,911029250,776,1.0,0.7249999642372131
2,911029250,777,1.0,0.7099999785423279
2,911029250,778,1.0,0.699999988079071
2,911029250,779,1.0,0.699999988079071
2,911029250,780,1.0,0.7199999690055847
2,911029250,781,1.0,0.7199999690055847
2,911029250,782,1.0,0.7199999690055847
2,911029250,783,1.0,0.7049999833106995
2,911029250,784,1.0,0.7149999737739563
2,911029250,785,1.0,0.7099999785423279
2,911029250,786,1.0,0.7099999785423279
2,911029250,787,1.0,0.7199999690055847
2,911029250,788,1.0,0.7099999785423279
2,911029250,789,1.0,0.7149999737739563
2,911029250,790,1.0,0.7199999690055847
2,911029250,791,1.0,0.7199999690055847
2,911029250,792,1.0,0.6899999976158142
2,911029250,793,1.0,0.7299999594688416
2,911029250,794,1.0,0.6949999928474426
2,911029250,795,1.0,0.7199999690055847
2,911029250,796,1.0,0.7099999785423279
2,911029250,797,1.0,0.7249999642372131
2,911029250,798,1.0,0.699999988079071
2,911029250,799,1.0,0.7099999785423279
2,911029250,800,1.0,0.7049999833106995
2,911029250,801,1.0,0.73499995470047
2,911029250,802,1.0,0.6949999928474426
2,911029250,803,1.0,0.7299999594688416
2,911029250,804,1.0,0.7099999785423279
2,911029250,805,1.0,0.7149999737739563
2,911029250,806,1.0,0.7249999642372131
2,911029250,807,1.0,0.7249999642372131
2,911029250,808,1.0,0.7049999833106995
2,911029250,809,1.0,0.7099999785423279
2,911029250,810,1.0,0.7199999690055847
2,911029250,811,1.0,0.7149999737739563
2,911029250,812,1.0,0.7149999737739563
2,911029250,813,1.0,0.7450000047683716
2,911029250,814,1.0,0.7199999690055847
2,911029250,815,1.0,0.7299999594688416
2,911029250,816,1.0,0.7149999737739563
2,911029250,817,1.0,0.7149999737739563
2,911029250,818,1.0,0.7149999737739563
2,911029250,819,1.0,0.7199999690055847
2,911029250,820,1.0,0.7149999737739563
2,911029250,821,1.0,0.7249999642372131
2,911029250,822,1.0,0.7199999690055847
2,911029250,823,1.0,0.7400000095367432
2,911029250,824,1.0,0.7249999642372131
2,911029250,825,1.0,0.7249999642372131
2,911029250,826,1.0,0.7299999594688416
2,911029250,827,1.0,0.7299999594688416
2,911029250,828,1.0,0.7149999737739563
2,911029250,829,1.0,0.73499995470047
2,911029250,830,1.0,0.7199999690055847
2,911029250,831,1.0,0.7299999594688416
2,911029250,832,1.0,0.7149999737739563
2,911029250,833,1.0,0.7249999642372131
2,911029250,834,1.0,0.7249999642372131
2,911029250,835,1.0,0.73499995470047
2,911029250,836,1.0,0.7249999642372131
2,911029250,837,1.0,0.7299999594688416
2,911029250,838,1.0,0.73499995470047
2,911029250,839,1.0,0.7199999690055847
2,911029250,840,1.0,0.7149999737739563
2,911029250,841,1.0,0.7249999642372131
2,911029250,842,1.0,0.7400000095367432
2,911029250,843,1.0,0.7249999642372131
2,911029250,844,1.0,0.7149999737739563
2,911029250,845,1.0,0.73499995470047
2,911029250,846,1.0,0.7199999690055847
2,911029250,847,1.0,0.7299999594688416
2,911029250,848,1.0,0.7199999690055847
2,911029250,849,1.0,0.73499995470047
2,911029250,850,1.0,0.73499995470047
2,911029250,851,1.0,0.7249999642372131
2,911029250,852,1.0,0.73499995470047
2,911029250,853,1.0,0.7549999952316284
2,911029250,854,1.0,0.7199999690055847
2,911029250,855,1.0,0.7450000047683716
2,911029250,856,1.0,0.73499995470047
2,911029250,857,1.0,0.73499995470047
2,911029250,858,1.0,0.7249999642372131
2,911029250,859,1.0,0.7400000095367432
2,911029250,860,1.0,0.7199999690055847
2,911029250,861,1.0,0.7599999904632568
2,911029250,862,1.0,0.75
2,911029250,863,1.0,0.7299999594688416
2,911029250,864,1.0,0.7400000095367432
2,911029250,865,1.0,0.75
2,911029250,866,1.0,0.7400000095367432
2,911029250,867,1.0,0.7549999952316284
2,911029250,868,1.0,0.7199999690055847
2,911029250,869,1.0,0.7400000095367432
2,911029250,870,1.0,0.7249999642372131
2,911029250,871,1.0,0.7549999952316284
2,911029250,872,1.0,0.73499995470047
2,911029250,873,1.0,0.7400000095367432
2,911029250,874,1.0,0.7450000047683716
2,911029250,875,1.0,0.7450000047683716
2,911029250,876,1.0,0.7400000095367432
2,911029250,877,1.0,0.75
2,911029250,878,1.0,0.7400000095367432
2,911029250,879,1.0,0.75
2,911029250,880,1.0,0.73499995470047
2,911029250,881,1.0,0.73499995470047
2,911029250,882,1.0,0.7549999952316284
2,911029250,883,1.0,0.75
2,911029250,884,1.0,0.7249999642372131
2,911029250,885,1.0,0.7599999904632568
2,911029250,886,1.0,0.7599999904632568
2,911029250,887,1.0,0.73499995470047
2,911029250,888,1.0,0.75
2,911029250,889,1.0,0.75
2,911029250,890,1.0,0.7450000047683716
2,911029250,891,1.0,0.7599999904632568
2,911029250,892,1.0,0.7199999690055847
2,911029250,893,1.0,0.75
2,911029250,894,1.0,0.7599999904632568
2,911029250,895,1.0,0.7400000095367432
2,911029250,896,1.0,0.7450000047683716
2,911029250,897,1.0,0.75
2,911029250,898,1.0,0.75
2,911029250,899,1.0,0.73499995470047
2,911029250,900,1.0,0.7549999952316284
2,911029250,901,1.0,0.7549999952316284
2,911029250,902,1.0,0.75
2,911029250,903,1.0,0.7549999952316284
2,911029250,904,1.0,0.7299999594688416
2,911029250,905,1.0,0.7450000047683716
2,911029250,906,1.0,0.75
2,911029250,907,1.0,0.7450000047683716
2,911029250,908,1.0,0.7549999952316284
2,911029250,909,1.0,0.7400000095367432
2,911029250,910,1.0,0.7649999856948853
2,911029250,911,1.0,0.73499995470047
2,911029250,912,1.0,0.7400000095367432
2,911029250,913,1.0,0.7450000047683716
2,911029250,914,1.0,0.7549999952316284
2,911029250,915,1.0,0.7649999856948853
2,911029250,916,1.0,0.7549999952316284
2,911029250,917,1.0,0.7400000095367432
2,911029250,918,1.0,0.7549999952316284
2,911029250,919,1.0,0.7549999952316284
2,911029250,920,1.0,0.7599999904632568
2,911029250,921,1.0,0.75
2,911029250,922,1.0,0.7649999856948853
2,911029250,923,1.0,0.7649999856948853
2,911029250,924,1.0,0.7649999856948853
2,911029250,925,1.0,0.7299999594688416
2,911029250,926,1.0,0.7549999952316284
2,911029250,927,1.0,0.73499995470047
2,911029250,928,1.0,0.7599999904632568
2,911029250,929,1.0,0.7549999952316284
2,911029250,930,1.0,0.7549999952316284
2,911029250,931,1.0,0.7599999904632568
2,911029250,932,1.0,0.75
2,911029250,933,1.0,0.7649999856948853
2,911029250,934,1.0,0.7599999904632568
2,911029250,935,1.0,0.7400000095367432
2,911029250,936,1.0,0.7649999856948853
2,911029250,937,1.0,0.7549999952316284
2,911029250,938,1.0,0.7599999904632568
2,911029250,939,1.0,0.75
2,911029250,940,1.0,0.7599999904632568
2,911029250,941,1.0,0.7599999904632568
2,911029250,942,1.0,0.7699999809265137
2,911029250,943,1.0,0.7699999809265137
2,911029250,944,1.0,0.7450000047683716
2,911029250,945,1.0,0.75
2,911029250,946,1.0,0.7649999856948853
2,911029250,947,1.0,0.7599999904632568
2,911029250,948,1.0,0.7699999809265137
2,911029250,949,1.0,0.7599999904632568
2,911029250,950,1.0,0.7699999809265137
2,911029250,951,1.0,0.7699999809265137
2,911029250,952,1.0,0.7649999856948853
2,911029250,953,1.0,0.75
2,911029250,954,1.0,0.7699999809265137
2,911029250,955,1.0,0.7549999952316284
2,911029250,956,1.0,0.7599999904632568
2,911029250,957,1.0,0.7649999856948853
2,911029250,958,1.0,0.7699999809265137
2,911029250,959,1.0,0.7599999904632568
2,911029250,960,1.0,0.7599999904632568
2,911029250,961,1.0,0.7699999809265137
2,911029250,962,1.0,0.7599999904632568
2,911029250,963,1.0,0.7699999809265137
2,911029250,964,1.0,0.7749999761581421
2,911029250,965,1.0,0.75
2,911029250,966,1.0,0.7699999809265137
2,911029250,967,1.0,0.7599999904632568
2,911029250,968,1.0,0.7649999856948853
2,911029250,969,1.0,0.7699999809265137
2,911029250,970,1.0,0.7749999761581421
2,911029250,971,1.0,0.7549999952316284
2,911029250,972,1.0,0.7549999952316284
2,911029250,973,1.0,0.7699999809265137
2,911029250,974,1.0,0.7649999856948853
2,911029250,975,1.0,0.7599999904632568
2,911029250,976,1.0,0.7749999761581421
2,911029250,977,1.0,0.7549999952316284
2,911029250,978,1.0,0.7799999713897705
2,911029250,979,1.0,0.7699999809265137
2,911029250,980,1.0,0.7549999952316284
2,911029250,981,1.0,0.7649999856948853
2,911029250,982,1.0,0.7749999761581421
2,911029250,983,1.0,0.7749999761581421
2,911029250,984,1.0,0.7599999904632568
2,911029250,985,1.0,0.7599999904632568
2,911029250,986,1.0,0.7749999761581421
2,911029250,987,1.0,0.7699999809265137
2,911029250,988,1.0,0.7749999761581421
2,911029250,989,1.0,0.75
2,911029250,990,1.0,0.7699999809265137
2,911029250,991,1.0,0.7799999713897705
2,911029250,992,1.0,0.7599999904632568
2,911029250,993,1.0,0.7450000047683716
2,911029250,994,1.0,0.7649999856948853
2,911029250,995,1.0,0.7849999666213989
2,911029250,996,1.0,0.7549999952316284
2,911029250,997,1.0,0.7649999856948853
2,911029250,998,1.0,0.7799999713897705
2,911029250,999,1.0,0.7799999713897705
2,911029250,1000,1.0,0.7649999856948853
2,911029250,1001,1.0,0.7649999856948853
2,911029250,1002,1.0,0.7699999809265137
2,911029250,1003,1.0,0.7849999666213989
2,911029250,1004,1.0,0.7699999809265137
2,911029250,1005,1.0,0.7749999761581421
2,911029250,1006,1.0,0.7699999809265137
2,911029250,1007,1.0,0.7649999856948853
2,911029250,1008,1.0,0.7749999761581421
2,911029250,1009,1.0,0.7699999809265137
2,911029250,1010,1.0,0.7799999713897705
2,911029250,1011,1.0,0.7649999856948853
2,911029250,1012,1.0,0.7649999856948853
2,911029250,1013,1.0,0.7849999666213989
2,911029250,1014,1.0,0.7799999713897705
2,911029250,1015,1.0,0.7599999904632568
2,911029250,1016,1.0,0.7799999713897705
2,911029250,1017,1.0,0.7799999713897705
2,911029250,1018,1.0,0.7649999856948853
2,911029250,1019,1.0,0.7599999904632568
2,911029250,1020,1.0,0.7749999761581421
2,911029250,1021,1.0,0.7749999761581421
2,911029250,1022,1.0,0.7749999761581421
2,911029250,1023,1.0,0.7749999761581421
2,911029250,1024,1.0,0.7699999809265137
2,911029250,1025,1.0,0.7749999761581421
2,911029250,1026,1.0,0.7899999618530273
2,911029250,1027,1.0,0.7749999761581421
2,911029250,1028,1.0,0.7749999761581421
2,911029250,1029,1.0,0.7849999666213989
2,911029250,1030,1.0,0.75
2,911029250,1031,1.0,0.7899999618530273
2,911029250,1032,1.0,0.7799999713897705
2,911029250,1033,1.0,0.7799999713897705
2,911029250,1034,1.0,0.7649999856948853
2,911029250,1035,1.0,0.7849999666213989
2,911029250,1036,1.0,0.7599999904632568
2,911029250,1037,1.0,0.7599999904632568
2,911029250,1038,1.0,0.7899999618530273
2,911029250,1039,1.0,0.7949999570846558
2,911029250,1040,1.0,0.7749999761581421
2,911029250,1041,1.0,0.7849999666213989
2,911029250,1042,1.0,0.7799999713897705
2,911029250,1043,1.0,0.7799999713897705
2,911029250,1044,1.0,0.7699999809265137
2,911029250,1045,1.0,0.7949999570846558
2,911029250,1046,1.0,0.7799999713897705
2,911029250,1047,1.0,0.7849999666213989
2,911029250,1048,1.0,0.7749999761581421
2,911029250,1049,1.0,0.7849999666213989
2,911029250,1050,1.0,0.7899999618530273
2,911029250,1051,1.0,0.7899999618530273
2,911029250,1052,1.0,0.7799999713897705
2,911029250,1053,1.0,0.7899999618530273
2,911029250,1054,1.0,0.7749999761581421
2,911029250,1055,1.0,0.7899999618530273
2,911029250,1056,1.0,0.7949999570846558
2,911029250,1057,1.0,0.7799999713897705
2,911029250,1058,1.0,0.7849999666213989
2,911029250,1059,1.0,0.7949999570846558
2,911029250,1060,1.0,0.7699999809265137
2,911029250,1061,1.0,0.8100000023841858
2,911029250,1062,1.0,0.7949999570846558
2,911029250,1063,1.0,0.7849999666213989
2,911029250,1064,1.0,0.7849999666213989
2,911029250,1065,1.0,0.7949999570846558
2,911029250,1066,1.0,0.7799999713897705
2,911029250,1067,1.0,0.7749999761581421
2,911029250,1068,1.0,0.7999999523162842
2,911029250,1069,1.0,0.7899999618530273
2,911029250,1070,1.0,0.7949999570846558
2,911029250,1071,1.0,0.7849999666213989
2,911029250,1072,1.0,0.7799999713897705
2,911029250,1073,1.0,0.7899999618530273
2,911029250,1074,1.0,0.7949999570846558
2,911029250,1075,1.0,0.7949999570846558
2,911029250,1076,1.0,0.7949999570846558
2,911029250,1077,1.0,0.8100000023841858
2,911029250,1078,1.0,0.7799999713897705
2,911029250,1079,1.0,0.7949999570846558
2,911029250,1080,1.0,0.7849999666213989
2,911029250,1081,1.0,0.7949999570846558
2,911029250,1082,1.0,0.7849999666213989
2,911029250,1083,1.0,0.7899999618530273
2,911029250,1084,1.0,0.7949999570846558
2,911029250,1085,1.0,0.7849999666213989
2,911029250,1086,1.0,0.7999999523162842
2,911029250,1087,1.0,0.7899999618530273
2,911029250,1088,1.0,0.7849999666213989
2,911029250,1089,1.0,0.7949999570846558
2,911029250,1090,1.0,0.7849999666213989
2,911029250,1091,1.0,0.7899999618530273
2,911029250,1092,1.0,0.7999999523162842
2,911029250,1093,1.0,0.7999999523162842
2,911029250,1094,1.0,0.7849999666213989
2,911029250,1095,1.0,0.7949999570846558
2,911029250,1096,1.0,0.7799999713897705
2,911029250,1097,1.0,0.8050000071525574
2,911029250,1098,1.0,0.8050000071525574
2,911029250,1099,1.0,0.7949999570846558
2,911029250,1100,1.0,0.8050000071525574
2,911029250,1101,1.0,0.8050000071525574
2,911029250,1102,1.0,0.7899999618530273
2,911029250,1103,1.0,0.8100000023841858
2,911029250,1104,1.0,0.7999999523162842
2,911029250,1105,1.0,0.7999999523162842
2,911029250,1106,1.0,0.7999999523162842
2,911029250,1107,1.0,0.8050000071525574
2,911029250,1108,1.0,0.7899999618530273
2,911029250,1109,1.0,0.8149999976158142
2,911029250,1110,1.0,0.8050000071525574
2,911029250,1111,1.0,0.7749999761581421
2,911029250,1112,1.0,0.7999999523162842
2,911029250,1113,1.0,0.7999999523162842
2,911029250,1114,1.0,0.7899999618530273
2,911029250,1115,1.0,0.7949999570846558
2,911029250,1116,1.0,0.7899999618530273
2,911029250,1117,1.0,0.7899999618530273
2,911029250,1118,1.0,0.7999999523162842
2,911029250,1119,1.0,0.8050000071525574
2,911029250,1120,1.0,0.7999999523162842
2,911029250,1121,1.0,0.8100000023841858
2,911029250,1122,1.0,0.8100000023841858
2,911029250,1123,1.0,0.7799999713897705
2,911029250,1124,1.0,0.7949999570846558
2,911029250,1125,1.0,0.8100000023841858
2,911029250,1126,1.0,0.7849999666213989
2,911029250,1127,1.0,0.7949999570846558
2,911029250,1128,1.0,0.7949999570846558
2,911029250,1129,1.0,0.8050000071525574
2,911029250,1130,1.0,0.7999999523162842
2,911029250,1131,1.0,0.8100000023841858
2,911029250,1132,1.0,0.7949999570846558
2,911029250,1133,1.0,0.8100000023841858
2,911029250,1134,1.0,0.7949999570846558
2,911029250,1135,1.0,0.7899999618530273
2,911029250,1136,1.0,0.7949999570846558
2,911029250,1137,1.0,0.7999999523162842
2,911029250,1138,1.0,0.7999999523162842
2,911029250,1139,1.0,0.8100000023841858
2,911029250,1140,1.0,0.7999999523162842
2,911029250,1141,1.0,0.8100000023841858
2,911029250,1142,1.0,0.8100000023841858
2,911029250,1143,1.0,0.8050000071525574
2,911029250,1144,1.0,0.8050000071525574
2,911029250,1145,1.0,0.7999999523162842
2,911029250,1146,1.0,0.8050000071525574
2,911029250,1147,1.0,0.8050000071525574
2,911029250,1148,1.0,0.7949999570846558
2,911029250,1149,1.0,0.8100000023841858
2,911029250,1150,1.0,0.8050000071525574
2,911029250,1151,1.0,0.8050000071525574
2,911029250,1152,1.0,0.7949999570846558
2,911029250,1153,1.0,0.8050000071525574
2,911029250,1154,1.0,0.7999999523162842
2,911029250,1155,1.0,0.7999999523162842
2,911029250,1156,1.0,0.8100000023841858
2,911029250,1157,1.0,0.7999999523162842
2,911029250,1158,1.0,0.8199999928474426
2,911029250,1159,1.0,0.7999999523162842
2,911029250,1160,1.0,0.7999999523162842
2,911029250,1161,1.0,0.7999999523162842
2,911029250,1162,1.0,0.8149999976158142
2,911029250,1163,1.0,0.8050000071525574
2,911029250,1164,1.0,0.7999999523162842
2,911029250,1165,1.0,0.8149999976158142
2,911029250,1166,1.0,0.7999999523162842
2,911029250,1167,1.0,0.8100000023841858
2,911029250,1168,1.0,0.8149999976158142
2,911029250,1169,1.0,0.8149999976158142
2,911029250,1170,1.0,0.7999999523162842
2,911029250,1171,1.0,0.8149999976158142
2,911029250,1172,1.0,0.8100000023841858
2,911029250,1173,1.0,0.7949999570846558
2,911029250,1174,1.0,0.8199999928474426
2,911029250,1175,1.0,0.7949999570846558
2,911029250,1176,1.0,0.8100000023841858
2,911029250,1177,1.0,0.8199999928474426
2,911029250,1178,1.0,0.8050000071525574
2,911029250,1179,1.0,0.8100000023841858
2,911029250,1180,1.0,0.8050000071525574
2,911029250,1181,1.0,0.8100000023841858
2,911029250,1182,1.0,0.8050000071525574
2,911029250,1183,1.0,0.824999988079071
2,911029250,1184,1.0,0.8050000071525574
2,911029250,1185,1.0,0.8100000023841858
2,911029250,1186,1.0,0.7999999523162842
2,911029250,1187,1.0,0.8199999928474426
2,911029250,1188,1.0,0.7949999570846558
2,911029250,1189,1.0,0.8199999928474426
2,911029250,1190,1.0,0.7999999523162842
2,911029250,1191,1.0,0.8050000071525574
2,911029250,1192,1.0,0.8199999928474426
2,911029250,1193,1.0,0.8100000023841858
2,911029250,1194,1.0,0.824999988079071
2,911029250,1195,1.0,0.8149999976158142
2,911029250,1196,1.0,0.8149999976158142
2,911029250,1197,1.0,0.8199999928474426
2,911029250,1198,1.0,0.8149999976158142
2,911029250,1199,1.0,0.8149999976158142
2,911029250,1200,1.0,0.8100000023841858
2,911029250,1201,1.0,0.8149999976158142
2,911029250,1202,1.0,0.824999988079071
2,911029250,1203,1.0,0.8149999976158142
2,911029250,1204,1.0,0.8149999976158142
2,911029250,1205,1.0,0.8399999737739563
2,911029250,1206,1.0,0.824999988079071
2,911029250,1207,1.0,0.8349999785423279
2,911029250,1208,1.0,0.7999999523162842
2,911029250,1209,1.0,0.8149999976158142
2,911029250,1210,1.0,0.8299999833106995
2,911029250,1211,1.0,0.8399999737739563
2,911029250,1212,1.0,0.8149999976158142
2,911029250,1213,1.0,0.8199999928474426
2,911029250,1214,1.0,0.8349999785423279
2,911029250,1215,1.0,0.8100000023841858
2,911029250,1216,1.0,0.8100000023841858
2,911029250,1217,1.0,0.8349999785423279
2,911029250,1218,1.0,0.8199999928474426
2,911029250,1219,1.0,0.8149999976158142
2,911029250,1220,1.0,0.8100000023841858
2,911029250,1221,1.0,0.8149999976158142
2,911029250,1222,1.0,0.8399999737739563
2,911029250,1223,1.0,0.8149999976158142
2,911029250,1224,1.0,0.8149999976158142
2,911029250,1225,1.0,0.8299999833106995
2,911029250,1226,1.0,0.8199999928474426
2,911029250,1227,1.0,0.8149999976158142
2,911029250,1228,1.0,0.8149999976158142
2,911029250,1229,1.0,0.8199999928474426
2,911029250,1230,1.0,0.8299999833106995
2,911029250,1231,1.0,0.8050000071525574
2,911029250,1232,1.0,0.8349999785423279
2,911029250,1233,1.0,0.8199999928474426
2,911029250,1234,1.0,0.824999988079071
2,911029250,1235,1.0,0.8299999833106995
2,911029250,1236,1.0,0.8299999833106995
2,911029250,1237,1.0,0.8149999976158142
2,911029250,1238,1.0,0.8199999928474426
2,911029250,1239,1.0,0.824999988079071
2,911029250,1240,1.0,0.8349999785423279
2,911029250,1241,1.0,0.824999988079071
2,911029250,1242,1.0,0.8399999737739563
2,911029250,1243,1.0,0.8299999833106995
2,911029250,1244,1.0,0.824999988079071
2,911029250,1245,1.0,0.824999988079071
2,911029250,1246,1.0,0.8349999785423279
2,911029250,1247,1.0,0.8349999785423279
2,911029250,1248,1.0,0.8149999976158142
2,911029250,1249,1.0,0.8299999833106995
2,911029250,1250,1.0,0.8299999833106995
2,911029250,1251,1.0,0.8199999928474426
2,911029250,1252,1.0,0.8199999928474426
2,911029250,1253,1.0,0.8349999785423279
2,911029250,1254,1.0,0.8349999785423279
2,911029250,1255,1.0,0.8349999785423279
2,911029250,1256,1.0,0.8399999737739563
2,911029250,1257,1.0,0.824999988079071
2,911029250,1258,1.0,0.8149999976158142
2,911029250,1259,1.0,0.8399999737739563
2,911029250,1260,1.0,0.8399999737739563
2,911029250,1261,1.0,0.8199999928474426
2,911029250,1262,1.0,0.8349999785423279
2,911029250,1263,1.0,0.8299999833106995
2,911029250,1264,1.0,0.8199999928474426
2,911029250,1265,1.0,0.8449999690055847
2,911029250,1266,1.0,0.8399999737739563
2,911029250,1267,1.0,0.8299999833106995
2,911029250,1268,1.0,0.8499999642372131
2,911029250,1269,1.0,0.824999988079071
2,911029250,1270,1.0,0.824999988079071
2,911029250,1271,1.0,0.8549999594688416
2,911029250,1272,1.0,0.8299999833106995
2,911029250,1273,1.0,0.8399999737739563
2,911029250,1274,1.0,0.8299999833106995
2,911029250,1275,1.0,0.8399999737739563
2,911029250,1276,1.0,0.8449999690055847
2,911029250,1277,1.0,0.8349999785423279
2,911029250,1278,1.0,0.8449999690055847
2,911029250,1279,1.0,0.8349999785423279
2,911029250,1280,1.0,0.824999988079071
2,911029250,1281,1.0,0.8449999690055847
2,911029250,1282,1.0,0.8149999976158142
2,911029250,1283,1.0,0.85999995470047
2,911029250,1284,1.0,0.8349999785423279
2,911029250,1285,1.0,0.8199999928474426
2,911029250,1286,1.0,0.8399999737739563
2,911029250,1287,1.0,0.8349999785423279
2,911029250,1288,1.0,0.8299999833106995
2,911029250,1289,1.0,0.8549999594688416
2,911029250,1290,1.0,0.8349999785423279
2,911029250,1291,1.0,0.8199999928474426
2,911029250,1292,1.0,0.8449999690055847
2,911029250,1293,1.0,0.8449999690055847
2,911029250,1294,1.0,0.8349999785423279
2,911029250,1295,1.0,0.8499999642372131
2,911029250,1296,1.0,0.8349999785423279
2,911029250,1297,1.0,0.8399999737739563
2,911029250,1298,1.0,0.85999995470047
2,911029250,1299,1.0,0.8349999785423279
2,911029250,1300,1.0,0.824999988079071
2,911029250,1301,1.0,0.8650000095367432
2,911029250,1302,1.0,0.8399999737739563
2,911029250,1303,1.0,0.8349999785423279
2,911029250,1304,1.0,0.8499999642372131
2,911029250,1305,1.0,0.8499999642372131
2,911029250,1306,1.0,0.8449999690055847
2,911029250,1307,1.0,0.8449999690055847
2,911029250,1308,1.0,0.8349999785423279
2,911029250,1309,1.0,0.8349999785423279
2,911029250,1310,1.0,0.8549999594688416
2,911029250,1311,1.0,0.8399999737739563
2,911029250,1312,1.0,0.8349999785423279
2,911029250,1313,1.0,0.8549999594688416
2,911029250,1314,1.0,0.8499999642372131
2,911029250,1315,1.0,0.8349999785423279
2,911029250,1316,1.0,0.8650000095367432
2,911029250,1317,1.0,0.8399999737739563
2,911029250,1318,1.0,0.8549999594688416
2,911029250,1319,1.0,0.8650000095367432
2,911029250,1320,1.0,0.8549999594688416
2,911029250,1321,1.0,0.8549999594688416
2,911029250,1322,1.0,0.85999995470047
2,911029250,1323,1.0,0.8449999690055847
2,911029250,1324,1.0,0.8499999642372131
2,911029250,1325,1.0,0.875
2,911029250,1326,1.0,0.8549999594688416
2,911029250,1327,1.0,0.8349999785423279
2,911029250,1328,1.0,0.8499999642372131
2,911029250,1329,1.0,0.8499999642372131
2,911029250,1330,1.0,0.8449999690055847
2,911029250,1331,1.0,0.8449999690055847
2,911029250,1332,1.0,0.8700000047683716
2,911029250,1333,1.0,0.8549999594688416
2,911029250,1334,1.0,0.8449999690055847
2,911029250,1335,1.0,0.8499999642372131
2,911029250,1336,1.0,0.8650000095367432
2,911029250,1337,1.0,0.8650000095367432
2,911029250,1338,1.0,0.8549999594688416
2,911029250,1339,1.0,0.8499999642372131
2,911029250,1340,1.0,0.8700000047683716
2,911029250,1341,1.0,0.8549999594688416
2,911029250,1342,1.0,0.8499999642372131
2,911029250,1343,1.0,0.8499999642372131
2,911029250,1344,1.0,0.8700000047683716
2,911029250,1345,1.0,0.8299999833106995
2,911029250,1346,1.0,0.8700000047683716
2,911029250,1347,1.0,0.8499999642372131
2,911029250,1348,1.0,0.8399999737739563
2,911029250,1349,1.0,0.85999995470047
2,911029250,1350,1.0,0.8549999594688416
2,911029250,1351,1.0,0.85999995470047
2,911029250,1352,1.0,0.8499999642372131
2,911029250,1353,1.0,0.8549999594688416
2,911029250,1354,1.0,0.8549999594688416
2,911029250,1355,1.0,0.85999995470047
2,911029250,1356,1.0,0.8650000095367432
2,911029250,1357,1.0,0.8650000095367432
2,911029250,1358,1.0,0.8650000095367432
2,911029250,1359,1.0,0.8549999594688416
2,911029250,1360,1.0,0.8700000047683716
2,911029250,1361,1.0,0.8799999952316284
2,911029250,1362,1.0,0.8650000095367432
2,911029250,1363,1.0,0.8499999642372131
2,911029250,1364,1.0,0.8700000047683716
2,911029250,1365,1.0,0.8650000095367432
2,911029250,1366,1.0,0.8650000095367432
2,911029250,1367,1.0,0.8650000095367432
2,911029250,1368,1.0,0.8650000095367432
2,911029250,1369,1.0,0.8700000047683716
2,911029250,1370,1.0,0.8799999952316284
2,911029250,1371,1.0,0.85999995470047
2,911029250,1372,1.0,0.875
2,911029250,1373,1.0,0.8849999904632568
2,911029250,1374,1.0,0.8650000095367432
2,911029250,1375,1.0,0.8549999594688416
2,911029250,1376,1.0,0.8499999642372131
2,911029250,1377,1.0,0.8799999952316284
2,911029250,1378,1.0,0.8549999594688416
2,911029250,1379,1.0,0.85999995470047
2,911029250,1380,1.0,0.8549999594688416
2,911029250,1381,1.0,0.85999995470047
2,911029250,1382,1.0,0.8799999952316284
2,911029250,1383,1.0,0.8650000095367432
2,911029250,1384,1.0,0.8650000095367432
2,911029250,1385,1.0,0.8899999856948853
2,911029250,1386,1.0,0.8549999594688416
2,911029250,1387,1.0,0.8449999690055847
2,911029250,1388,1.0,0.8799999952316284
2,911029250,1389,1.0,0.8650000095367432
2,911029250,1390,1.0,0.8549999594688416
2,911029250,1391,1.0,0.8799999952316284
2,911029250,1392,1.0,0.8650000095367432
2,911029250,1393,1.0,0.8700000047683716
2,911029250,1394,1.0,0.875
2,911029250,1395,1.0,0.8799999952316284
2,911029250,1396,1.0,0.8650000095367432
2,911029250,1397,1.0,0.8899999856948853
2,911029250,1398,1.0,0.875
2,911029250,1399,1.0,0.8650000095367432
2,911029250,1400,1.0,0.875
2,911029250,1401,1.0,0.875
2,911029250,1402,1.0,0.85999995470047
2,911029250,1403,1.0,0.8650000095367432
2,911029250,1404,1.0,0.8849999904632568
2,911029250,1405,1.0,0.8799999952316284
2,911029250,1406,1.0,0.875
2,911029250,1407,1.0,0.875
2,911029250,1408,1.0,0.8799999952316284
2,911029250,1409,1.0,0.875
2,911029250,1410,1.0,0.8700000047683716
2,911029250,1411,1.0,0.8799999952316284
2,911029250,1412,1.0,0.8849999904632568
2,911029250,1413,1.0,0.875
2,911029250,1414,1.0,0.85999995470047
2,911029250,1415,1.0,0.8799999952316284
2,911029250,1416,1.0,0.8849999904632568
2,911029250,1417,1.0,0.8650000095367432
2,911029250,1418,1.0,0.8700000047683716
2,911029250,1419,1.0,0.8849999904632568
2,911029250,1420,1.0,0.8949999809265137
2,911029250,1421,1.0,0.875
2,911029250,1422,1.0,0.8700000047683716
2,911029250,1423,1.0,0.8700000047683716
2,911029250,1424,1.0,0.8849999904632568
2,911029250,1425,1.0,0.8849999904632568
2,911029250,1426,1.0,0.875
2,911029250,1427,1.0,0.8899999856948853
2,911029250,1428,1.0,0.8799999952316284
2,911029250,1429,1.0,0.8650000095367432
2,911029250,1430,1.0,0.8799999952316284
2,911029250,1431,1.0,0.8999999761581421
2,911029250,1432,1.0,0.875
2,911029250,1433,1.0,0.8949999809265137
2,911029250,1434,1.0,0.85999995470047
2,911029250,1435,1.0,0.8799999952316284
2,911029250,1436,1.0,0.8799999952316284
2,911029250,1437,1.0,0.8849999904632568
2,911029250,1438,1.0,0.875
2,911029250,1439,1.0,0.8899999856948853
2,911029250,1440,1.0,0.8849999904632568
2,911029250,1441,1.0,0.8799999952316284
2,911029250,1442,1.0,0.8949999809265137
2,911029250,1443,1.0,0.8799999952316284
2,911029250,1444,1.0,0.8899999856948853
2,911029250,1445,1.0,0.8799999952316284
2,911029250,1446,1.0,0.8799999952316284
2,911029250,1447,1.0,0.8899999856948853
2,911029250,1448,1.0,0.9049999713897705
2,911029250,1449,1.0,0.8700000047683716
2,911029250,1450,1.0,0.85999995470047
2,911029250,1451,1.0,0.8949999809265137
2,911029250,1452,1.0,0.875
2,911029250,1453,1.0,0.8899999856948853
2,911029250,1454,1.0,0.8999999761581421
2,911029250,1455,1.0,0.8799999952316284
2,911029250,1456,1.0,0.8849999904632568
2,911029250,1457,1.0,0.8949999809265137
2,911029250,1458,1.0,0.8899999856948853
2,911029250,1459,1.0,0.8899999856948853
2,911029250,1460,1.0,0.8849999904632568
2,911029250,1461,1.0,0.8949999809265137
2,911029250,1462,1.0,0.8799999952316284
2,911029250,1463,1.0,0.8949999809265137
2,911029250,1464,1.0,0.8949999809265137
2,911029250,1465,1.0,0.8849999904632568
2,911029250,1466,1.0,0.8849999904632568
2,911029250,1467,1.0,0.8849999904632568
2,911029250,1468,1.0,0.9049999713897705
2,911029250,1469,1.0,0.8849999904632568
2,911029250,1470,1.0,0.8899999856948853
2,911029250,1471,1.0,0.8849999904632568
2,911029250,1472,1.0,0.9049999713897705
2,911029250,1473,1.0,0.8999999761581421
2,911029250,1474,1.0,0.8899999856948853
2,911029250,1475,1.0,0.8949999809265137
2,911029250,1476,1.0,0.9049999713897705
2,911029250,1477,1.0,0.8949999809265137
2,911029250,1478,1.0,0.8849999904632568
2,911029250,1479,1.0,0.8799999952316284
2,911029250,1480,1.0,0.9049999713897705
2,911029250,1481,1.0,0.8949999809265137
2,911029250,1482,1.0,0.8899999856948853
2,911029250,1483,1.0,0.8799999952316284
2,911029250,1484,1.0,0.9099999666213989
2,911029250,1485,1.0,0.8949999809265137
2,911029250,1486,1.0,0.8849999904632568
2,911029250,1487,1.0,0.9049999713897705
2,911029250,1488,1.0,0.8899999856948853
2,911029250,1489,1.0,0.875
2,911029250,1490,1.0,0.9149999618530273
2,911029250,1491,1.0,0.8849999904632568
2,911029250,1492,1.0,0.9099999666213989
2,911029250,1493,1.0,0.8949999809265137
2,911029250,1494,1.0,0.8999999761581421
2,911029250,1495,1.0,0.9049999713897705
2,911029250,1496,1.0,0.8999999761581421
2,911029250,1497,1.0,0.8899999856948853
2,911029250,1498,1.0,0.9099999666213989
2,911029250,1499,1.0,0.9199999570846558
2,911029250,1500,1.0,0.8949999809265137
2,911029250,1501,1.0,0.8799999952316284
2,911029250,1502,1.0,0.8999999761581421
2,911029250,1503,1.0,0.8899999856948853
2,911029250,1504,1.0,0.9149999618530273
2,911029250,1505,1.0,0.8999999761581421
2,911029250,1506,1.0,0.8899999856948853
2,911029250,1507,1.0,0.9049999713897705
2,911029250,1508,1.0,0.9199999570846558
2,911029250,1509,1.0,0.8899999856948853
2,911029250,1510,1.0,0.9049999713897705
2,911029250,1511,1.0,0.9099999666213989
2,911029250,1512,1.0,0.8949999809265137
2,911029250,1513,1.0,0.8899999856948853
2,911029250,1514,1.0,0.8949999809265137
2,911029250,1515,1.0,0.9049999713897705
2,911029250,1516,1.0,0.8949999809265137
2,911029250,1517,1.0,0.9049999713897705
2,911029250,1518,1.0,0.8999999761581421
2,911029250,1519,1.0,0.9099999666213989
2,911029250,1520,1.0,0.9149999618530273
2,911029250,1521,1.0,0.8999999761581421
2,911029250,1522,1.0,0.8899999856948853
2,911029250,1523,1.0,0.9049999713897705
2,911029250,1524,1.0,0.9049999713897705
2,911029250,1525,1.0,0.8899999856948853
2,911029250,1526,1.0,0.8999999761581421
2,911029250,1527,1.0,0.8899999856948853
2,911029250,1528,1.0,0.8999999761581421
2,911029250,1529,1.0,0.9049999713897705
2,911029250,1530,1.0,0.8899999856948853
2,911029250,1531,1.0,0.8949999809265137
2,911029250,1532,1.0,0.9049999713897705
2,911029250,1533,1.0,0.8999999761581421
2,911029250,1534,1.0,0.9149999618530273
2,911029250,1535,1.0,0.8999999761581421
2,911029250,1536,1.0,0.9049999713897705
2,911029250,1537,1.0,0.9199999570846558
2,911029250,1538,1.0,0.8999999761581421
2,911029250,1539,1.0,0.9049999713897705
2,911029250,1540,1.0,0.8899999856948853
2,911029250,1541,1.0,0.9099999666213989
2,911029250,1542,1.0,0.9099999666213989
2,911029250,1543,1.0,0.9149999618530273
2,911029250,1544,1.0,0.8999999761581421
2,911029250,1545,1.0,0.9149999618530273
2,911029250,1546,1.0,0.9049999713897705
2,911029250,1547,1.0,0.8999999761581421
2,911029250,1548,1.0,0.8999999761581421
2,911029250,1549,1.0,0.9199999570846558
2,911029250,1550,1.0,0.9149999618530273
2,911029250,1551,1.0,0.9099999666213989
2,911029250,1552,1.0,0.9099999666213989
2,911029250,1553,1.0,0.9149999618530273
2,911029250,1554,1.0,0.9199999570846558
2,911029250,1555,1.0,0.9149999618530273
2,911029250,1556,1.0,0.9049999713897705
2,911029250,1557,1.0,0.9099999666213989
2,911029250,1558,1.0,0.9149999618530273
2,911029250,1559,1.0,0.8949999809265137
2,911029250,1560,1.0,0.9099999666213989
2,911029250,1561,1.0,0.9199999570846558
2,911029250,1562,1.0,0.9099999666213989
2,911029250,1563,1.0,0.9149999618530273
2,911029250,1564,1.0,0.9199999570846558
2,911029250,1565,1.0,0.9199999570846558
2,911029250,1566,1.0,0.9049999713897705
2,911029250,1567,1.0,0.9099999666213989
2,911029250,1568,1.0,0.9099999666213989
2,911029250,1569,1.0,0.9199999570846558
2,911029250,1570,1.0,0.9199999570846558
2,911029250,1571,1.0,0.9099999666213989
2,911029250,1572,1.0,0.9199999570846558
2,911029250,1573,1.0,0.9249999523162842
2,911029250,1574,1.0,0.8999999761581421
2,911029250,1575,1.0,0.9149999618530273
2,911029250,1576,1.0,0.8999999761581421
2,911029250,1577,1.0,0.9199999570846558
2,911029250,1578,1.0,0.9249999523162842
2,911029250,1579,1.0,0.9149999618530273
2,911029250,1580,1.0,0.9199999570846558
2,911029250,1581,1.0,0.9199999570846558
2,911029250,1582,1.0,0.9149999618530273
2,911029250,1583,1.0,0.9049999713897705
2,911029250,1584,1.0,0.9199999570846558
2,911029250,1585,1.0,0.9199999570846558
2,911029250,1586,1.0,0.9300000071525574
2,911029250,1587,1.0,0.9049999713897705
2,911029250,1588,1.0,0.9099999666213989
2,911029250,1589,1.0,0.9199999570846558
2,911029250,1590,1.0,0.9350000023841858
2,911029250,1591,1.0,0.9099999666213989
2,911029250,1592,1.0,0.9199999570846558
2,911029250,1593,1.0,0.9149999618530273
2,911029250,1594,1.0,0.9300000071525574
2,911029250,1595,1.0,0.8899999856948853
2,911029250,1596,1.0,0.9149999618530273
2,911029250,1597,1.0,0.9149999618530273
2,911029250,1598,1.0,0.9249999523162842
2,911029250,1599,1.0,0.9149999618530273
2,911029250,1600,1.0,0.9249999523162842
2,911029250,1601,1.0,0.9249999523162842
2,911029250,1602,1.0,0.9099999666213989
2,911029250,1603,1.0,0.9049999713897705
2,911029250,1604,1.0,0.9249999523162842
2,911029250,1605,1.0,0.9199999570846558
2,911029250,1606,1.0,0.9199999570846558
2,911029250,1607,1.0,0.9049999713897705
2,911029250,1608,1.0,0.9300000071525574
2,911029250,1609,1.0,0.9300000071525574
2,911029250,1610,1.0,0.9199999570846558
2,911029250,1611,1.0,0.9049999713897705
2,911029250,1612,1.0,0.9300000071525574
2,911029250,1613,1.0,0.9300000071525574
2,911029250,1614,1.0,0.9199999570846558
2,911029250,1615,1.0,0.9149999618530273
2,911029250,1616,1.0,0.9249999523162842
2,911029250,1617,1.0,0.9300000071525574
2,911029250,1618,1.0,0.9249999523162842
2,911029250,1619,1.0,0.9199999570846558
2,911029250,1620,1.0,0.9249999523162842
2,911029250,1621,1.0,0.9300000071525574
2,911029250,1622,1.0,0.9300000071525574
2,911029250,1623,1.0,0.9099999666213989
2,911029250,1624,1.0,0.9099999666213989
2,911029250,1625,1.0,0.9149999618530273
2,911029250,1626,1.0,0.9149999618530273
2,911029250,1627,1.0,0.9300000071525574
2,911029250,1628,1.0,0.9399999976158142
2,911029250,1629,1.0,0.9350000023841858
2,911029250,1630,1.0,0.9149999618530273
2,911029250,1631,1.0,0.9049999713897705
2,911029250,1632,1.0,0.9399999976158142
2,911029250,1633,1.0,0.9300000071525574
2,911029250,1634,1.0,0.9199999570846558
2,911029250,1635,1.0,0.9300000071525574
2,911029250,1636,1.0,0.9249999523162842
2,911029250,1637,1.0,0.9449999928474426
2,911029250,1638,1.0,0.9300000071525574
2,911029250,1639,1.0,0.9300000071525574
2,911029250,1640,1.0,0.9249999523162842
2,911029250,1641,1.0,0.9399999976158142
2,911029250,1642,1.0,0.9350000023841858
2,911029250,1643,1.0,0.9049999713897705
2,911029250,1644,1.0,0.9300000071525574
2,911029250,1645,1.0,0.9350000023841858
2,911029250,1646,1.0,0.9399999976158142
2,911029250,1647,1.0,0.9300000071525574
2,911029250,1648,1.0,0.9049999713897705
2,911029250,1649,1.0,0.9399999976158142
2,911029250,1650,1.0,0.9449999928474426
2,911029250,1651,1.0,0.9149999618530273
2,911029250,1652,1.0,0.9300000071525574
2,911029250,1653,1.0,0.9249999523162842
2,911029250,1654,1.0,0.9350000023841858
2,911029250,1655,1.0,0.9449999928474426
2,911029250,1656,1.0,0.9249999523162842
2,911029250,1657,1.0,0.9300000071525574
2,911029250,1658,1.0,0.9300000071525574
2,911029250,1659,1.0,0.9300000071525574
2,911029250,1660,1.0,0.9300000071525574
2,911029250,1661,1.0,0.9399999976158142
2,911029250,1662,1.0,0.9300000071525574
2,911029250,1663,1.0,0.9300000071525574
2,911029250,1664,1.0,0.9350000023841858
2,911029250,1665,1.0,0.9249999523162842
2,911029250,1666,1.0,0.9399999976158142
2,911029250,1667,1.0,0.9300000071525574
2,911029250,1668,1.0,0.9350000023841858
2,911029250,1669,1.0,0.9249999523162842
2,911029250,1670,1.0,0.9350000023841858
2,911029250,1671,1.0,0.9300000071525574
2,911029250,1672,1.0,0.9350000023841858
2,911029250,1673,1.0,0.9350000023841858
2,911029250,1674,1.0,0.949999988079071
2,911029250,1675,1.0,0.9350000023841858
2,911029250,1676,1.0,0.9449999928474426
2,911029250,1677,1.0,0.9399999976158142
2,911029250,1678,1.0,0.9300000071525574
2,911029250,1679,1.0,0.9249999523162842
2,911029250,1680,1.0,0.9449999928474426
2,911029250,1681,1.0,0.9449999928474426
2,911029250,1682,1.0,0.949999988079071
2,911029250,1683,1.0,0.9399999976158142
2,911029250,1684,1.0,0.9449999928474426
2,911029250,1685,1.0,0.9249999523162842
2,911029250,1686,1.0,0.9300000071525574
2,911029250,1687,1.0,0.9449999928474426
2,911029250,1688,1.0,0.9449999928474426
2,911029250,1689,1.0,0.9549999833106995
2,911029250,1690,1.0,0.9350000023841858
2,911029250,1691,1.0,0.9449999928474426
2,911029250,1692,1.0,0.949999988079071
2,911029250,1693,1.0,0.9249999523162842
2,911029250,1694,1.0,0.9599999785423279
2,911029250,1695,1.0,0.9399999976158142
2,911029250,1696,1.0,0.9350000023841858
2,911029250,1697,1.0,0.9249999523162842
2,911029250,1698,1.0,0.9549999833106995
2,911029250,1699,1.0,0.9449999928474426
2,911029250,1700,1.0,0.9399999976158142
2,911029250,1701,1.0,0.949999988079071
2,911029250,1702,1.0,0.9350000023841858
2,911029250,1703,1.0,0.9300000071525574
2,911029250,1704,1.0,0.9449999928474426
2,911029250,1705,1.0,0.9449999928474426
2,911029250,1706,1.0,0.9249999523162842
2,911029250,1707,1.0,0.9350000023841858
2,911029250,1708,1.0,0.9399999976158142
2,911029250,1709,1.0,0.9549999833106995
2,911029250,1710,1.0,0.949999988079071
2,911029250,1711,1.0,0.9449999928474426
2,911029250,1712,1.0,0.9300000071525574
2,911029250,1713,1.0,0.9350000023841858
2,911029250,1714,1.0,0.9350000023841858
2,911029250,1715,1.0,0.949999988079071
2,911029250,1716,1.0,0.9449999928474426
2,911029250,1717,1.0,0.9549999833106995
2,911029250,1718,1.0,0.9300000071525574
2,911029250,1719,1.0,0.9399999976158142
2,911029250,1720,1.0,0.9449999928474426
2,911029250,1721,1.0,0.9399999976158142
2,911029250,1722,1.0,0.9399999976158142
2,911029250,1723,1.0,0.9549999833106995
2,911029250,1724,1.0,0.9399999976158142
2,911029250,1725,1.0,0.9399999976158142
2,911029250,1726,1.0,0.9449999928474426
2,911029250,1727,1.0,0.9449999928474426
2,911029250,1728,1.0,0.9549999833106995
2,911029250,1729,1.0,0.9749999642372131
2,911029250,1730,1.0,0.9599999785423279
2,911029250,1731,1.0,0.949999988079071
2,911029250,1732,1.0,0.9549999833106995
2,911029250,1733,1.0,0.9350000023841858
2,911029250,1734,1.0,0.9599999785423279
2,911029250,1735,1.0,0.9599999785423279
2,911029250,1736,1.0,0.9399999976158142
2,911029250,1737,1.0,0.9449999928474426
2,911029250,1738,1.0,0.9599999785423279
2,911029250,1739,1.0,0.949999988079071
2,911029250,1740,1.0,0.9449999928474426
2,911029250,1741,1.0,0.9649999737739563
2,911029250,1742,1.0,0.9399999976158142
2,911029250,1743,1.0,0.9649999737739563
2,911029250,1744,1.0,0.9549999833106995
2,911029250,1745,1.0,0.949999988079071
2,911029250,1746,1.0,0.9449999928474426
2,911029250,1747,1.0,0.9549999833106995
2,911029250,1748,1.0,0.9399999976158142
2,911029250,1749,1.0,0.9599999785423279
2,911029250,1750,1.0,0.9549999833106995
2,911029250,1751,1.0,0.9549999833106995
2,911029250,1752,1.0,0.9449999928474426
2,911029250,1753,1.0,0.9599999785423279
2,911029250,1754,1.0,0.9649999737739563
2,911029250,1755,1.0,0.9549999833106995
2,911029250,1756,1.0,0.949999988079071
2,911029250,1757,1.0,0.9449999928474426
2,911029250,1758,1.0,0.9449999928474426
2,911029250,1759,1.0,0.9699999690055847
2,911029250,1760,1.0,0.9649999737739563
2,911029250,1761,1.0,0.9599999785423279
2,911029250,1762,1.0,0.9549999833106995
2,911029250,1763,1.0,0.9449999928474426
2,911029250,1764,1.0,0.9699999690055847
2,911029250,1765,1.0,0.9549999833106995
2,911029250,1766,1.0,0.9449999928474426
2,911029250,1767,1.0,0.9599999785423279
2,911029250,1768,1.0,0.949999988079071
2,911029250,1769,1.0,0.9599999785423279
2,911029250,1770,1.0,0.9599999785423279
2,911029250,1771,1.0,0.9449999928474426
2,911029250,1772,1.0,0.9549999833106995
2,911029250,1773,1.0,0.9599999785423279
2,911029250,1774,1.0,0.9749999642372131
2,911029250,1775,1.0,0.9649999737739563
2,911029250,1776,1.0,0.9599999785423279
2,911029250,1777,1.0,0.949999988079071
2,911029250,1778,1.0,0.9350000023841858
2,911029250,1779,1.0,0.9749999642372131
2,911029250,1780,1.0,0.9649999737739563
2,911029250,1781,1.0,0.9549999833106995
2,911029250,1782,1.0,0.9599999785423279
2,911029250,1783,1.0,0.9599999785423279
2,911029250,1784,1.0,0.9649999737739563
2,911029250,1785,1.0,0.9449999928474426
2,911029250,1786,1.0,0.9649999737739563
2,911029250,1787,1.0,0.9549999833106995
2,911029250,1788,1.0,0.9749999642372131
2,911029250,1789,1.0,0.98499995470047
2,911029250,1790,1.0,0.9449999928474426
2,911029250,1791,1.0,0.949999988079071
2,911029250,1792,1.0,0.9549999833106995
2,911029250,1793,1.0,0.9749999642372131
2,911029250,1794,1.0,0.9749999642372131
2,911029250,1795,1.0,0.9699999690055847
2,911029250,1796,1.0,0.9699999690055847
2,911029250,1797,1.0,0.9599999785423279
2,911029250,1798,1.0,0.9649999737739563
2,911029250,1799,1.0,0.9699999690055847
2,911029250,1800,1.0,0.9699999690055847
2,911029250,1801,1.0,0.9599999785423279
2,911029250,1802,1.0,0.9599999785423279
2,911029250,1803,1.0,0.9599999785423279
2,911029250,1804,1.0,0.9649999737739563
2,911029250,1805,1.0,0.9549999833106995
2,911029250,1806,1.0,0.949999988079071
2,911029250,1807,1.0,0.9599999785423279
2,911029250,1808,1.0,0.9549999833106995
2,911029250,1809,1.0,0.9799999594688416
2,911029250,1810,1.0,0.9649999737739563
2,911029250,1811,1.0,0.9549999833106995
2,911029250,1812,1.0,0.9649999737739563
2,911029250,1813,1.0,0.9649999737739563
2,911029250,1814,1.0,0.9599999785423279
2,911029250,1815,1.0,0.9699999690055847
2,911029250,1816,1.0,0.9649999737739563
2,911029250,1817,1.0,0.9749999642372131
2,911029250,1818,1.0,0.9699999690055847
2,911029250,1819,1.0,0.9649999737739563
2,911029250,1820,1.0,0.9749999642372131
2,911029250,1821,1.0,0.9599999785423279
2,911029250,1822,1.0,0.9649999737739563
2,911029250,1823,1.0,0.9799999594688416
2,911029250,1824,1.0,0.9599999785423279
2,911029250,1825,1.0,0.9599999785423279
2,911029250,1826,1.0,0.9549999833106995
2,911029250,1827,1.0,0.9649999737739563
2,911029250,1828,1.0,0.9749999642372131
2,911029250,1829,1.0,0.9549999833106995
2,911029250,1830,1.0,0.9599999785423279
2,911029250,1831,1.0,0.9749999642372131
2,911029250,1832,1.0,0.9699999690055847
2,911029250,1833,1.0,0.9699999690055847
2,911029250,1834,1.0,0.9749999642372131
2,911029250,1835,1.0,0.9649999737739563
2,911029250,1836,1.0,0.9649999737739563
2,911029250,1837,1.0,0.9599999785423279
2,911029250,1838,1.0,0.9749999642372131
2,911029250,1839,1.0,0.9649999737739563
2,911029250,1840,1.0,0.9699999690055847
2,911029250,1841,1.0,0.9749999642372131
2,911029250,1842,1.0,0.9599999785423279
2,911029250,1843,1.0,0.9649999737739563
2,911029250,1844,1.0,0.9699999690055847
2,911029250,1845,1.0,0.9549999833106995
2,911029250,1846,1.0,0.9699999690055847
2,911029250,1847,1.0,0.9699999690055847
2,911029250,1848,1.0,0.9699999690055847
2,911029250,1849,1.0,0.9699999690055847
2,911029250,1850,1.0,0.9599999785423279
2,911029250,1851,1.0,0.9699999690055847
2,911029250,1852,1.0,0.9649999737739563
2,911029250,1853,1.0,0.9749999642372131
2,911029250,1854,1.0,0.9749999642372131
2,911029250,1855,1.0,0.9649999737739563
2,911029250,1856,1.0,0.9749999642372131
2,911029250,1857,1.0,0.9699999690055847
2,911029250,1858,1.0,0.9749999642372131
2,911029250,1859,1.0,0.98499995470047
2,911029250,1860,1.0,0.9649999737739563
2,911029250,1861,1.0,0.9649999737739563
2,911029250,1862,1.0,0.9699999690055847
2,911029250,1863,1.0,0.9749999642372131
2,911029250,1864,1.0,0.9549999833106995
2,911029250,1865,1.0,0.9749999642372131
2,911029250,1866,1.0,0.9649999737739563
2,911029250,1867,1.0,0.9799999594688416
2,911029250,1868,1.0,0.9649999737739563
2,911029250,1869,1.0,0.9749999642372131
2,911029250,1870,1.0,0.9749999642372131
2,911029250,1871,1.0,0.9749999642372131
2,911029250,1872,1.0,0.9649999737739563
2,911029250,1873,1.0,0.9649999737739563
2,911029250,1874,1.0,0.9599999785423279
2,911029250,1875,1.0,0.9699999690055847
2,911029250,1876,1.0,0.9649999737739563
2,911029250,1877,1.0,0.9799999594688416
2,911029250,1878,1.0,0.9649999737739563
2,911029250,1879,1.0,0.9599999785423279
2,911029250,1880,1.0,0.9699999690055847
2,911029250,1881,1.0,0.9799999594688416
2,911029250,1882,1.0,0.9699999690055847
2,911029250,1883,1.0,0.9749999642372131
2,911029250,1884,1.0,0.9749999642372131
2,911029250,1885,1.0,0.9699999690055847
2,911029250,1886,1.0,0.9749999642372131
2,911029250,1887,1.0,0.9799999594688416
2,911029250,1888,1.0,0.9749999642372131
2,911029250,1889,1.0,0.9699999690055847
2,911029250,1890,1.0,0.9599999785423279
2,911029250,1891,1.0,0.9799999594688416
2,911029250,1892,1.0,0.9749999642372131
2,911029250,1893,1.0,0.9749999642372131
2,911029250,1894,1.0,0.9749999642372131
2,911029250,1895,1.0,0.9799999594688416
2,911029250,1896,1.0,0.9699999690055847
2,911029250,1897,1.0,0.9749999642372131
2,911029250,1898,1.0,0.9599999785423279
2,911029250,1899,1.0,0.9749999642372131
2,911029250,1900,1.0,0.9649999737739563
2,911029250,1901,1.0,0.9799999594688416
2,911029250,1902,1.0,0.9799999594688416
2,911029250,1903,1.0,0.9699999690055847
2,911029250,1904,1.0,0.9599999785423279
2,911029250,1905,1.0,0.98499995470047
2,911029250,1906,1.0,0.9799999594688416
2,911029250,1907,1.0,0.9799999594688416
2,911029250,1908,1.0,0.9649999737739563
2,911029250,1909,1.0,0.9649999737739563
2,911029250,1910,1.0,0.9799999594688416
2,911029250,1911,1.0,0.9799999594688416
2,911029250,1912,1.0,0.9799999594688416
2,911029250,1913,1.0,0.9799999594688416
2,911029250,1914,1.0,0.9649999737739563
2,911029250,1915,1.0,0.9799999594688416
2,911029250,1916,1.0,0.9799999594688416
2,911029250,1917,1.0,0.9749999642372131
2,911029250,1918,1.0,0.9599999785423279
2,911029250,1919,1.0,0.98499995470047
2,911029250,1920,1.0,0.9699999690055847
2,911029250,1921,1.0,0.9799999594688416
2,911029250,1922,1.0,0.9699999690055847
2,911029250,1923,1.0,0.9749999642372131
2,911029250,1924,1.0,0.9699999690055847
2,911029250,1925,1.0,0.9699999690055847
2,911029250,1926,1.0,0.9649999737739563
2,911029250,1927,1.0,0.9749999642372131
2,911029250,1928,1.0,0.9799999594688416
2,911029250,1929,1.0,0.98499995470047
2,911029250,1930,1.0,0.9749999642372131
2,911029250,1931,1.0,0.9749999642372131
2,911029250,1932,1.0,0.9749999642372131
2,911029250,1933,1.0,0.9799999594688416
2,911029250,1934,1.0,0.9799999594688416
2,911029250,1935,1.0,0.9799999594688416
2,911029250,1936,1.0,0.9749999642372131
2,911029250,1937,1.0,0.9749999642372131
2,911029250,1938,1.0,0.9749999642372131
2,911029250,1939,1.0,0.9749999642372131
2,911029250,1940,1.0,0.9799999594688416
2,911029250,1941,1.0,0.9799999594688416
2,911029250,1942,1.0,0.9699999690055847
2,911029250,1943,1.0,0.9699999690055847
2,911029250,1944,1.0,0.9699999690055847
2,911029250,1945,1.0,0.9799999594688416
2,911029250,1946,1.0,0.9799999594688416
2,911029250,1947,1.0,0.9749999642372131
2,911029250,1948,1.0,0.9699999690055847
2,911029250,1949,1.0,0.9799999594688416
2,911029250,1950,1.0,0.9699999690055847
2,911029250,1951,1.0,0.9749999642372131
2,911029250,1952,1.0,0.9749999642372131
2,911029250,1953,1.0,0.98499995470047
2,911029250,1954,1.0,0.9599999785423279
2,911029250,1955,1.0,0.9799999594688416
2,911029250,1956,1.0,0.9749999642372131
2,911029250,1957,1.0,0.9749999642372131
2,911029250,1958,1.0,0.9799999594688416
2,911029250,1959,1.0,0.9749999642372131
2,911029250,1960,1.0,0.9749999642372131
2,911029250,1961,1.0,0.9799999594688416
2,911029250,1962,1.0,0.9699999690055847
2,911029250,1963,1.0,0.9749999642372131
2,911029250,1964,1.0,0.9799999594688416
2,911029250,1965,1.0,0.9749999642372131
2,911029250,1966,1.0,0.98499995470047
2,911029250,1967,1.0,0.9799999594688416
2,911029250,1968,1.0,0.9799999594688416
2,911029250,1969,1.0,0.9799999594688416
2,911029250,1970,1.0,0.9749999642372131
2,911029250,1971,1.0,0.9749999642372131
2,911029250,1972,1.0,0.9699999690055847
2,911029250,1973,1.0,0.9799999594688416
2,911029250,1974,1.0,0.9799999594688416
2,911029250,1975,1.0,0.9799999594688416
2,911029250,1976,1.0,0.9749999642372131
2,911029250,1977,1.0,0.9749999642372131
2,911029250,1978,1.0,0.9699999690055847
2,911029250,1979,1.0,0.9749999642372131
2,911029250,1980,1.0,0.9749999642372131
2,911029250,1981,1.0,0.9799999594688416
2,911029250,1982,1.0,0.9749999642372131
2,911029250,1983,1.0,0.9749999642372131
2,911029250,1984,1.0,0.9799999594688416
2,911029250,1985,1.0,0.9799999594688416
2,911029250,1986,1.0,0.98499995470047
2,911029250,1987,1.0,0.9749999642372131
2,911029250,1988,1.0,0.9749999642372131
2,911029250,1989,1.0,0.9799999594688416
2,911029250,1990,1.0,0.98499995470047
2,911029250,1991,1.0,0.9799999594688416
2,911029250,1992,1.0,0.9649999737739563
2,911029250,1993,1.0,0.98499995470047
2,911029250,1994,1.0,0.9799999594688416
2,911029250,1995,1.0,0.9799999594688416
2,911029250,1996,1.0,0.9699999690055847
2,911029250,1997,1.0,0.9749999642372131
2,911029250,1998,1.0,0.9799999594688416
2,911029250,1999,1.0,0.98499995470047
2,911029250,2000,1.0,0.9549999833106995
2,911029250,2001,1.0,0.9799999594688416
2,911029250,2002,1.0,0.98499995470047
2,911029250,2003,1.0,0.9799999594688416
2,911029250,2004,1.0,0.98499995470047
2,911029250,2005,1.0,0.9799999594688416
2,911029250,2006,1.0,0.9699999690055847
2,911029250,2007,1.0,0.98499995470047
2,911029250,2008,1.0,0.98499995470047
2,911029250,2009,1.0,0.98499995470047
2,911029250,2010,1.0,0.9699999690055847
2,911029250,2011,1.0,0.9749999642372131
2,911029250,2012,1.0,0.9799999594688416
2,911029250,2013,1.0,0.9799999594688416
2,911029250,2014,1.0,0.98499995470047
2,911029250,2015,1.0,0.9799999594688416
2,911029250,2016,1.0,0.9799999594688416
2,911029250,2017,1.0,0.9749999642372131
2,911029250,2018,1.0,0.98499995470047
2,911029250,2019,1.0,0.9799999594688416
2,911029250,2020,1.0,0.9749999642372131
2,911029250,2021,1.0,0.9799999594688416
2,911029250,2022,1.0,0.98499995470047
2,911029250,2023,1.0,0.9799999594688416
2,911029250,2024,1.0,0.9749999642372131
2,911029250,2025,1.0,0.9799999594688416
2,911029250,2026,1.0,0.9749999642372131
2,911029250,2027,1.0,0.9749999642372131
2,911029250,2028,1.0,0.9799999594688416
2,911029250,2029,1.0,0.9749999642372131
2,911029250,2030,1.0,0.9749999642372131
2,911029250,2031,1.0,0.9799999594688416
2,911029250,2032,1.0,0.98499995470047
2,911029250,2033,1.0,0.98499995470047
2,911029250,2034,1.0,0.98499995470047
2,911029250,2035,1.0,0.9799999594688416
2,911029250,2036,1.0,0.9749999642372131
2,911029250,2037,1.0,0.98499995470047
2,911029250,2038,1.0,0.9799999594688416
2,911029250,2039,1.0,0.9699999690055847
2,911029250,2040,1.0,0.98499995470047
2,911029250,2041,1.0,0.9799999594688416
2,911029250,2042,1.0,0.9749999642372131
2,911029250,2043,1.0,0.9799999594688416
2,911029250,2044,1.0,0.9799999594688416
2,911029250,2045,1.0,0.9799999594688416
2,911029250,2046,1.0,0.9749999642372131
2,911029250,2047,1.0,0.9799999594688416
2,911029250,2048,1.0,0.98499995470047
2,911029250,2049,1.0,0.9799999594688416
2,911029250,2050,1.0,0.9799999594688416
2,911029250,2051,1.0,0.98499995470047
2,911029250,2052,1.0,0.98499995470047
2,911029250,2053,1.0,0.98499995470047
2,911029250,2054,1.0,0.9799999594688416
2,911029250,2055,1.0,0.9749999642372131
2,911029250,2056,1.0,0.9749999642372131
2,911029250,2057,1.0,0.98499995470047
2,911029250,2058,1.0,0.98499995470047
2,911029250,2059,1.0,0.98499995470047
2,911029250,2060,1.0,0.98499995470047
2,911029250,2061,1.0,0.9649999737739563
2,911029250,2062,1.0,0.9799999594688416
2,911029250,2063,1.0,0.9749999642372131
2,911029250,2064,1.0,0.9799999594688416
2,911029250,2065,1.0,0.9799999594688416
2,911029250,2066,1.0,0.98499995470047
2,911029250,2067,1.0,0.9799999594688416
2,911029250,2068,1.0,0.9799999594688416
2,911029250,2069,1.0,0.9899999499320984
2,911029250,2070,1.0,0.9899999499320984
2,911029250,2071,1.0,0.98499995470047
2,911029250,2072,1.0,0.9799999594688416
2,911029250,2073,1.0,0.98499995470047
2,911029250,2074,1.0,0.98499995470047
2,911029250,2075,1.0,0.9799999594688416
2,911029250,2076,1.0,0.9749999642372131
2,911029250,2077,1.0,0.9799999594688416
2,911029250,2078,1.0,0.98499995470047
2,911029250,2079,1.0,0.98499995470047
2,911029250,2080,1.0,0.98499995470047
2,911029250,2081,1.0,0.9799999594688416
2,911029250,2082,1.0,0.98499995470047
2,911029250,2083,1.0,0.9799999594688416
2,911029250,2084,1.0,0.98499995470047
2,911029250,2085,1.0,0.9799999594688416
2,911029250,2086,1.0,0.9799999594688416
2,911029250,2087,1.0,0.98499995470047
2,911029250,2088,1.0,0.9899999499320984
2,911029250,2089,1.0,0.9799999594688416
2,911029250,2090,1.0,0.9699999690055847
2,911029250,2091,1.0,0.9799999594688416
2,911029250,2092,1.0,0.9799999594688416
2,911029250,2093,1.0,0.9899999499320984
2,911029250,2094,1.0,0.9899999499320984
2,911029250,2095,1.0,0.98499995470047
2,911029250,2096,1.0,0.9899999499320984
2,911029250,2097,1.0,0.9799999594688416
2,911029250,2098,1.0,0.9799999594688416
2,911029250,2099,1.0,0.9799999594688416
2,911029250,2100,1.0,0.98499995470047
2,911029250,2101,1.0,0.9799999594688416
2,911029250,2102,1.0,0.9799999594688416
2,911029250,2103,1.0,0.98499995470047
2,911029250,2104,1.0,0.9699999690055847
2,911029250,2105,1.0,0.9749999642372131
2,911029250,2106,1.0,0.98499995470047
2,911029250,2107,1.0,0.98499995470047
2,911029250,2108,1.0,0.98499995470047
2,911029250,2109,1.0,0.9799999594688416
2,911029250,2110,1.0,0.9749999642372131
2,911029250,2111,1.0,0.98499995470047
2,911029250,2112,1.0,0.98499995470047
2,911029250,2113,1.0,0.9799999594688416
2,911029250,2114,1.0,0.9799999594688416
2,911029250,2115,1.0,0.9799999594688416
2,911029250,2116,1.0,0.9799999594688416
2,911029250,2117,1.0,0.9899999499320984
2,911029250,2118,1.0,0.98499995470047
2,911029250,2119,1.0,0.98499995470047
2,911029250,2120,1.0,0.98499995470047
2,911029250,2121,1.0,0.98499995470047
2,911029250,2122,1.0,0.9799999594688416
2,911029250,2123,1.0,0.9799999594688416
2,911029250,2124,1.0,0.9899999499320984
2,911029250,2125,1.0,0.98499995470047
2,911029250,2126,1.0,0.98499995470047
2,911029250,2127,1.0,0.9799999594688416
2,911029250,2128,1.0,0.9749999642372131
2,911029250,2129,1.0,0.9899999499320984
2,911029250,2130,1.0,0.9799999594688416
2,911029250,2131,1.0,0.9799999594688416
2,911029250,2132,1.0,0.98499995470047
2,911029250,2133,1.0,0.9899999499320984
2,911029250,2134,1.0,0.9899999499320984
2,911029250,2135,1.0,0.9899999499320984
2,911029250,2136,1.0,0.98499995470047
2,911029250,2137,1.0,0.98499995470047
2,911029250,2138,1.0,0.9799999594688416
2,911029250,2139,1.0,0.9799999594688416
2,911029250,2140,1.0,0.9799999594688416
2,911029250,2141,1.0,0.98499995470047
2,911029250,2142,1.0,0.98499995470047
2,911029250,2143,1.0,0.9749999642372131
2,911029250,2144,1.0,0.9899999499320984
2,911029250,2145,1.0,0.9950000047683716
2,911029250,2146,1.0,0.9899999499320984
2,911029250,2147,1.0,0.98499995470047
2,911029250,2148,1.0,0.9799999594688416
2,911029250,2149,1.0,0.98499995470047
2,911029250,2150,1.0,0.98499995470047
2,911029250,2151,1.0,0.9899999499320984
2,911029250,2152,1.0,0.98499995470047
2,911029250,2153,1.0,0.9799999594688416
2,911029250,2154,1.0,0.9799999594688416
2,911029250,2155,1.0,0.9799999594688416
2,911029250,2156,1.0,0.9950000047683716
2,911029250,2157,1.0,0.9899999499320984
2,911029250,2158,1.0,0.9950000047683716
2,911029250,2159,1.0,0.9799999594688416
2,911029250,2160,1.0,0.9799999594688416
2,911029250,2161,1.0,0.9899999499320984
2,911029250,2162,1.0,0.9799999594688416
2,911029250,2163,1.0,0.98499995470047
2,911029250,2164,1.0,0.9799999594688416
2,911029250,2165,1.0,0.9899999499320984
2,911029250,2166,1.0,0.98499995470047
2,911029250,2167,1.0,0.9799999594688416
2,911029250,2168,1.0,0.9799999594688416
2,911029250,2169,1.0,0.9799999594688416
2,911029250,2170,1.0,0.98499995470047
2,911029250,2171,1.0,0.9899999499320984
2,911029250,2172,1.0,0.9799999594688416
2,911029250,2173,1.0,0.9899999499320984
2,911029250,2174,1.0,0.9899999499320984
2,911029250,2175,1.0,0.98499995470047
2,911029250,2176,1.0,0.98499995470047
2,911029250,2177,1.0,0.98499995470047
2,911029250,2178,1.0,0.9799999594688416
2,911029250,2179,1.0,0.9749999642372131
2,911029250,2180,1.0,0.9799999594688416
2,911029250,2181,1.0,0.9899999499320984
2,911029250,2182,1.0,0.98499995470047
2,911029250,2183,1.0,0.9799999594688416
2,911029250,2184,1.0,0.98499995470047
2,911029250,2185,1.0,0.9899999499320984
2,911029250,2186,1.0,0.9799999594688416
2,911029250,2187,1.0,0.9950000047683716
2,911029250,2188,1.0,0.98499995470047
2,911029250,2189,1.0,0.9899999499320984
2,911029250,2190,1.0,0.98499995470047
2,911029250,2191,1.0,0.9899999499320984
2,911029250,2192,1.0,0.98499995470047
2,911029250,2193,1.0,0.9799999594688416
2,911029250,2194,1.0,0.98499995470047
2,911029250,2195,1.0,0.98499995470047
2,911029250,2196,1.0,0.9899999499320984
2,911029250,2197,1.0,0.9899999499320984
2,911029250,2198,1.0,0.9799999594688416
2,911029250,2199,1.0,0.9799999594688416
2,911029250,2200,1.0,0.9950000047683716
2,911029250,2201,1.0,0.98499995470047
2,911029250,2202,1.0,0.9749999642372131
2,911029250,2203,1.0,0.9799999594688416
2,911029250,2204,1.0,0.98499995470047
2,911029250,2205,1.0,0.9950000047683716
2,911029250,2206,1.0,0.9899999499320984
2,911029250,2207,1.0,0.98499995470047
2,911029250,2208,1.0,0.98499995470047
2,911029250,2209,1.0,0.98499995470047
2,911029250,2210,1.0,0.9950000047683716
2,911029250,2211,1.0,0.9799999594688416
2,911029250,2212,1.0,0.9899999499320984
2,911029250,2213,1.0,0.98499995470047
2,911029250,2214,1.0,0.9799999594688416
2,911029250,2215,1.0,0.9799999594688416
2,911029250,2216,1.0,0.9899999499320984
2,911029250,2217,1.0,0.9899999499320984
2,911029250,2218,1.0,0.9799999594688416
2,911029250,2219,1.0,0.9799999594688416
2,911029250,2220,1.0,0.98499995470047
2,911029250,2221,1.0,0.9899999499320984
2,911029250,2222,1.0,0.9799999594688416
2,911029250,2223,1.0,0.9799999594688416
2,911029250,2224,1.0,0.98499995470047
2,911029250,2225,1.0,0.9899999499320984
2,911029250,2226,1.0,0.98499995470047
2,911029250,2227,1.0,0.9799999594688416
2,911029250,2228,1.0,0.98499995470047
2,911029250,2229,1.0,0.9899999499320984
2,911029250,2230,1.0,0.98499995470047
2,911029250,2231,1.0,0.98499995470047
2,911029250,2232,1.0,0.9899999499320984
2,911029250,2233,1.0,0.9950000047683716
2,911029250,2234,1.0,0.98499995470047
2,911029250,2235,1.0,0.98499995470047
2,911029250,2236,1.0,0.9899999499320984
2,911029250,2237,1.0,0.98499995470047
2,911029250,2238,1.0,0.98499995470047
2,911029250,2239,1.0,0.98499995470047
2,911029250,2240,1.0,0.98499995470047
2,911029250,2241,1.0,0.98499995470047
2,911029250,2242,1.0,0.9799999594688416
2,911029250,2243,1.0,0.9799999594688416
2,911029250,2244,1.0,0.98499995470047
2,911029250,2245,1.0,0.9950000047683716
2,911029250,2246,1.0,0.9799999594688416
2,911029250,2247,1.0,0.9799999594688416
2,911029250,2248,1.0,0.98499995470047
2,911029250,2249,1.0,0.98499995470047
2,911029250,2250,1.0,0.98499995470047
2,911029250,2251,1.0,0.9899999499320984
2,911029250,2252,1.0,0.9899999499320984
2,911029250,2253,1.0,0.9899999499320984
2,911029250,2254,1.0,0.9899999499320984
2,911029250,2255,1.0,0.98499995470047
2,911029250,2256,1.0,0.9799999594688416
2,911029250,2257,1.0,0.9899999499320984
2,911029250,2258,1.0,0.9899999499320984
2,911029250,2259,1.0,0.9899999499320984
2,911029250,2260,1.0,0.9799999594688416
2,911029250,2261,1.0,0.9799999594688416
2,911029250,2262,1.0,0.9899999499320984
2,911029250,2263,1.0,0.98499995470047
2,911029250,2264,1.0,0.98499995470047
2,911029250,2265,1.0,0.98499995470047
2,911029250,2266,1.0,0.9899999499320984
2,911029250,2267,1.0,0.9899999499320984
2,911029250,2268,1.0,0.98499995470047
2,911029250,2269,1.0,0.9899999499320984
2,911029250,2270,1.0,0.9799999594688416
2,911029250,2271,1.0,0.98499995470047
2,911029250,2272,1.0,0.98499995470047
2,911029250,2273,1.0,0.98499995470047
2,911029250,2274,1.0,0.9899999499320984
2,911029250,2275,1.0,0.98499995470047
2,911029250,2276,1.0,0.9950000047683716
2,911029250,2277,1.0,0.98499995470047
2,911029250,2278,1.0,0.9799999594688416
2,911029250,2279,1.0,0.9899999499320984
2,911029250,2280,1.0,0.98499995470047
2,911029250,2281,1.0,0.9950000047683716
2,911029250,2282,1.0,0.98499995470047
2,911029250,2283,1.0,0.98499995470047
2,911029250,2284,1.0,0.9899999499320984
2,911029250,2285,1.0,0.9799999594688416
2,911029250,2286,1.0,0.98499995470047
2,911029250,2287,1.0,0.9899999499320984
2,911029250,2288,1.0,0.9899999499320984
2,911029250,2289,1.0,0.98499995470047
2,911029250,2290,1.0,0.98499995470047
2,911029250,2291,1.0,0.9799999594688416
2,911029250,2292,1.0,0.9899999499320984
2,911029250,2293,1.0,0.9899999499320984
2,911029250,2294,1.0,0.98499995470047
2,911029250,2295,1.0,0.98499995470047
2,911029250,2296,1.0,0.9899999499320984
2,911029250,2297,1.0,0.9899999499320984
2,911029250,2298,1.0,0.98499995470047
2,911029250,2299,1.0,0.98499995470047
2,911029250,2300,1.0,0.9799999594688416
2,911029250,2301,1.0,0.98499995470047
2,911029250,2302,1.0,0.9950000047683716
2,911029250,2303,1.0,0.98499995470047
2,911029250,2304,1.0,0.98499995470047
2,911029250,2305,1.0,0.9899999499320984
2,911029250,2306,1.0,0.98499995470047
2,911029250,2307,1.0,0.98499995470047
2,911029250,2308,1.0,0.98499995470047
2,911029250,2309,1.0,0.9799999594688416
2,911029250,2310,1.0,0.98499995470047
2,911029250,2311,1.0,0.9950000047683716
2,911029250,2312,1.0,0.9899999499320984
2,911029250,2313,1.0,0.9899999499320984
2,911029250,2314,1.0,0.98499995470047
2,911029250,2315,1.0,0.9899999499320984
2,911029250,2316,1.0,0.9899999499320984
2,911029250,2317,1.0,0.98499995470047
2,911029250,2318,1.0,0.98499995470047
2,911029250,2319,1.0,0.98499995470047
2,911029250,2320,1.0,0.9799999594688416
2,911029250,2321,1.0,0.98499995470047
2,911029250,2322,1.0,0.98499995470047
2,911029250,2323,1.0,0.98499995470047
2,911029250,2324,1.0,0.9950000047683716
2,911029250,2325,1.0,0.9899999499320984
2,911029250,2326,1.0,0.9950000047683716
2,911029250,2327,1.0,0.98499995470047
2,911029250,2328,1.0,0.9899999499320984
2,911029250,2329,1.0,0.9799999594688416
2,911029250,2330,1.0,0.9799999594688416
2,911029250,2331,1.0,0.98499995470047
2,911029250,2332,1.0,0.98499995470047
2,911029250,2333,1.0,0.98499995470047
2,911029250,2334,1.0,0.98499995470047
2,911029250,2335,1.0,0.9899999499320984
2,911029250,2336,1.0,0.9899999499320984
2,911029250,2337,1.0,0.98499995470047
2,911029250,2338,1.0,0.9799999594688416
2,911029250,2339,1.0,0.98499995470047
2,911029250,2340,1.0,0.9950000047683716
2,911029250,2341,1.0,0.98499995470047
2,911029250,2342,1.0,0.98499995470047
2,911029250,2343,1.0,0.98499995470047
2,911029250,2344,1.0,0.9950000047683716
2,911029250,2345,1.0,0.9899999499320984
2,911029250,2346,1.0,0.9799999594688416
2,911029250,2347,1.0,0.9899999499320984
2,911029250,2348,1.0,0.98499995470047
2,911029250,2349,1.0,0.98499995470047
2,911029250,2350,1.0,0.98499995470047
2,911029250,2351,1.0,0.98499995470047
2,911029250,2352,1.0,0.9899999499320984
2,911029250,2353,1.0,0.98499995470047
2,911029250,2354,1.0,0.98499995470047
2,911029250,2355,1.0,0.98499995470047
2,911029250,2356,1.0,0.9899999499320984
2,911029250,2357,1.0,0.9950000047683716
2,911029250,2358,1.0,0.98499995470047
2,911029250,2359,1.0,0.9899999499320984
2,911029250,2360,1.0,0.98499995470047
2,911029250,2361,1.0,0.9899999499320984
2,911029250,2362,1.0,0.9950000047683716
2,911029250,2363,1.0,0.9950000047683716
2,911029250,2364,1.0,0.9899999499320984
2,911029250,2365,1.0,0.98499995470047
2,911029250,2366,1.0,0.9899999499320984
2,911029250,2367,1.0,0.98499995470047
2,911029250,2368,1.0,0.9899999499320984
2,911029250,2369,1.0,0.98499995470047
2,911029250,2370,1.0,0.98499995470047
2,911029250,2371,1.0,0.98499995470047
2,911029250,2372,1.0,0.9899999499320984
2,911029250,2373,1.0,0.98499995470047
2,911029250,2374,1.0,0.9899999499320984
2,911029250,2375,1.0,0.98499995470047
2,911029250,2376,1.0,0.98499995470047
2,911029250,2377,1.0,0.9899999499320984
2,911029250,2378,1.0,0.9899999499320984
2,911029250,2379,1.0,0.98499995470047
2,911029250,2380,1.0,0.9899999499320984
2,911029250,2381,1.0,0.9899999499320984
2,911029250,2382,1.0,0.9899999499320984
2,911029250,2383,1.0,0.9950000047683716
2,911029250,2384,1.0,0.98499995470047
2,911029250,2385,1.0,0.98499995470047
2,911029250,2386,1.0,0.98499995470047
2,911029250,2387,1.0,0.9899999499320984
2,911029250,2388,1.0,0.98499995470047
2,911029250,2389,1.0,0.98499995470047
2,911029250,2390,1.0,0.9899999499320984
2,911029250,2391,1.0,0.9899999499320984
2,911029250,2392,1.0,0.9950000047683716
2,911029250,2393,1.0,0.98499995470047
2,911029250,2394,1.0,0.98499995470047
2,911029250,2395,1.0,0.98499995470047
2,911029250,2396,1.0,0.9950000047683716
2,911029250,2397,1.0,0.9899999499320984
2,911029250,2398,1.0,0.9899999499320984
2,911029250,2399,1.0,0.98499995470047
2,911029250,2400,1.0,0.98499995470047
2,911029250,2401,1.0,0.9899999499320984
2,911029250,2402,1.0,0.98499995470047
2,911029250,2403,1.0,0.98499995470047
2,911029250,2404,1.0,0.9950000047683716
2,911029250,2405,1.0,0.9899999499320984
2,911029250,2406,1.0,0.9899999499320984
2,911029250,2407,1.0,0.9899999499320984
2,911029250,2408,1.0,0.98499995470047
2,911029250,2409,1.0,0.9899999499320984
2,911029250,2410,1.0,0.98499995470047
2,911029250,2411,1.0,0.98499995470047
2,911029250,2412,1.0,0.9899999499320984
2,911029250,2413,1.0,0.9899999499320984
2,911029250,2414,1.0,0.9899999499320984
2,911029250,2415,1.0,0.9899999499320984
2,911029250,2416,1.0,0.9950000047683716
2,911029250,2417,1.0,0.98499995470047
2,911029250,2418,1.0,0.9899999499320984
2,911029250,2419,1.0,0.9899999499320984
2,911029250,2420,1.0,0.9899999499320984
2,911029250,2421,1.0,0.98499995470047
2,911029250,2422,1.0,0.9899999499320984
2,911029250,2423,1.0,0.98499995470047
2,911029250,2424,1.0,0.9950000047683716
2,911029250,2425,1.0,0.9950000047683716
2,911029250,2426,1.0,0.98499995470047
2,911029250,2427,1.0,0.9899999499320984
2,911029250,2428,1.0,0.9899999499320984
2,911029250,2429,1.0,0.9950000047683716
2,911029250,2430,1.0,0.9950000047683716
2,911029250,2431,1.0,0.9950000047683716
2,911029250,2432,1.0,0.98499995470047
2,911029250,2433,1.0,0.98499995470047
2,911029250,2434,1.0,0.9899999499320984
2,911029250,2435,1.0,0.98499995470047
2,911029250,2436,1.0,0.9950000047683716
2,911029250,2437,1.0,0.9950000047683716
2,911029250,2438,1.0,0.9950000047683716
2,911029250,2439,1.0,0.9950000047683716
2,911029250,2440,1.0,0.9950000047683716
2,911029250,2441,1.0,0.9899999499320984
2,911029250,2442,1.0,0.9899999499320984
2,911029250,2443,1.0,0.9899999499320984
2,911029250,2444,1.0,0.9950000047683716
2,911029250,2445,1.0,0.9950000047683716
2,911029250,2446,1.0,0.9950000047683716
2,911029250,2447,1.0,0.9899999499320984
2,911029250,2448,1.0,0.9899999499320984
2,911029250,2449,1.0,0.9899999499320984
2,911029250,2450,1.0,0.98499995470047
2,911029250,2451,1.0,0.98499995470047
2,911029250,2452,1.0,0.9899999499320984
2,911029250,2453,1.0,0.9899999499320984
2,911029250,2454,1.0,0.9950000047683716
2,911029250,2455,1.0,0.9899999499320984
2,911029250,2456,1.0,0.98499995470047
2,911029250,2457,1.0,0.9899999499320984
2,911029250,2458,1.0,0.9950000047683716
2,911029250,2459,1.0,0.98499995470047
2,911029250,2460,1.0,0.9899999499320984
2,911029250,2461,1.0,0.9950000047683716
2,911029250,2462,1.0,0.9950000047683716
2,911029250,2463,1.0,0.9899999499320984
2,911029250,2464,1.0,0.9899999499320984
2,911029250,2465,1.0,0.9899999499320984
2,911029250,2466,1.0,0.9899999499320984
2,911029250,2467,1.0,0.9950000047683716
2,911029250,2468,1.0,0.9950000047683716
2,911029250,2469,1.0,1.0
2,911029250,2470,1.0,1.0
2,911029250,2471,1.0,0.9899999499320984
2,911029250,2472,1.0,0.9899999499320984
2,911029250,2473,1.0,0.98499995470047
2,911029250,2474,1.0,0.9950000047683716
2,911029250,2475,1.0,0.9950000047683716
2,911029250,2476,1.0,0.9950000047683716
2,911029250,2477,1.0,0.98499995470047
2,911029250,2478,1.0,0.9899999499320984
2,911029250,2479,1.0,0.9950000047683716
2,911029250,2480,1.0,0.9950000047683716
2,911029250,2481,1.0,0.9950000047683716
2,911029250,2482,1.0,0.9950000047683716
2,911029250,2483,1.0,0.9899999499320984
2,911029250,2484,1.0,0.9899999499320984
2,911029250,2485,1.0,0.9899999499320984
2,911029250,2486,1.0,0.9950000047683716
2,911029250,2487,1.0,0.9899999499320984
2,911029250,2488,1.0,0.9950000047683716
2,911029250,2489,1.0,0.9899999499320984
2,911029250,2490,1.0,0.9899999499320984
2,911029250,2491,1.0,0.9899999499320984
2,911029250,2492,1.0,1.0
2,911029250,2493,1.0,0.9950000047683716
2,911029250,2494,1.0,0.9899999499320984
2,911029250,2495,1.0,0.9950000047683716
2,911029250,2496,1.0,0.9899999499320984
2,911029250,2497,1.0,0.98499995470047
2,911029250,2498,1.0,0.9950000047683716
2,911029250,2499,1.0,0.9950000047683716
2,911029250,2500,1.0,0.9950000047683716
2,911029250,2501,1.0,0.98499995470047
2,911029250,2502,1.0,0.9899999499320984
2,911029250,2503,1.0,0.9950000047683716
2,911029250,2504,1.0,0.9899999499320984
2,911029250,2505,1.0,0.9899999499320984
2,911029250,2506,1.0,0.9899999499320984
2,911029250,2507,1.0,1.0
2,911029250,2508,1.0,0.9899999499320984
2,911029250,2509,1.0,0.9899999499320984
2,911029250,2510,1.0,0.9950000047683716
2,911029250,2511,1.0,1.0
2,911029250,2512,1.0,0.98499995470047
2,911029250,2513,1.0,0.98499995470047
2,911029250,2514,1.0,0.9950000047683716
2,911029250,2515,1.0,1.0
2,911029250,2516,1.0,1.0
2,911029250,2517,1.0,0.9899999499320984
2,911029250,2518,1.0,0.9899999499320984
2,911029250,2519,1.0,0.9899999499320984
2,911029250,2520,1.0,0.9899999499320984
2,911029250,2521,1.0,0.9899999499320984
2,911029250,2522,1.0,0.9899999499320984
2,911029250,2523,1.0,0.9899999499320984
2,911029250,2524,1.0,0.9899999499320984
2,911029250,2525,1.0,0.9899999499320984
2,911029250,2526,1.0,0.9899999499320984
2,911029250,2527,1.0,0.9899999499320984
2,911029250,2528,1.0,0.9950000047683716
2,911029250,2529,1.0,1.0
2,911029250,2530,1.0,0.9950000047683716
2,911029250,2531,1.0,0.9950000047683716
2,911029250,2532,1.0,0.98499995470047
2,911029250,2533,1.0,0.9899999499320984
2,911029250,2534,1.0,1.0
2,911029250,2535,1.0,0.9899999499320984
2,911029250,2536,1.0,0.9899999499320984
2,911029250,2537,1.0,0.9899999499320984
2,911029250,2538,1.0,0.9899999499320984
2,911029250,2539,1.0,0.9950000047683716
2,911029250,2540,1.0,0.9950000047683716
2,911029250,2541,1.0,0.9899999499320984
2,911029250,2542,1.0,0.9950000047683716
2,911029250,2543,1.0,0.9950000047683716
2,911029250,2544,1.0,0.98499995470047
2,911029250,2545,1.0,0.9950000047683716
2,911029250,2546,1.0,0.9899999499320984
2,911029250,2547,1.0,0.9899999499320984
2,911029250,2548,1.0,0.9950000047683716
2,911029250,2549,1.0,0.9899999499320984
2,911029250,2550,1.0,0.9899999499320984
2,911029250,2551,1.0,0.9899999499320984
2,911029250,2552,1.0,0.9950000047683716
2,911029250,2553,1.0,0.9950000047683716
2,911029250,2554,1.0,0.9950000047683716
2,911029250,2555,1.0,0.9950000047683716
2,911029250,2556,1.0,0.9899999499320984
2,911029250,2557,1.0,0.9899999499320984
2,911029250,2558,1.0,0.9899999499320984
2,911029250,2559,1.0,0.9899999499320984
2,911029250,2560,1.0,0.9899999499320984
2,911029250,2561,1.0,0.9899999499320984
2,911029250,2562,1.0,0.9950000047683716
2,911029250,2563,1.0,0.9950000047683716
2,911029250,2564,1.0,0.9950000047683716
2,911029250,2565,1.0,0.9950000047683716
2,911029250,2566,1.0,0.9899999499320984
2,911029250,2567,1.0,0.9899999499320984
2,911029250,2568,1.0,0.9899999499320984
2,911029250,2569,1.0,0.9950000047683716
2,911029250,2570,1.0,1.0
2,911029250,2571,1.0,0.9899999499320984
2,911029250,2572,1.0,0.9899999499320984
2,911029250,2573,1.0,0.98499995470047
2,911029250,2574,1.0,0.9950000047683716
2,911029250,2575,1.0,0.9950000047683716
2,911029250,2576,1.0,1.0
2,911029250,2577,1.0,0.9950000047683716
2,911029250,2578,1.0,0.9950000047683716
2,911029250,2579,1.0,0.9950000047683716
2,911029250,2580,1.0,0.9899999499320984
2,911029250,2581,1.0,0.9950000047683716
2,911029250,2582,1.0,0.9899999499320984
2,911029250,2583,1.0,0.9950000047683716
2,911029250,2584,1.0,0.9950000047683716
2,911029250,2585,1.0,0.9899999499320984
2,911029250,2586,1.0,0.9950000047683716
2,911029250,2587,1.0,0.9950000047683716
2,911029250,2588,1.0,0.9899999499320984
2,911029250,2589,1.0,0.9950000047683716
2,911029250,2590,1.0,1.0
2,911029250,2591,1.0,0.9899999499320984
2,911029250,2592,1.0,0.9899999499320984
2,911029250,2593,1.0,0.9899999499320984
2,911029250,2594,1.0,0.9899999499320984
2,911029250,2595,1.0,0.9899999499320984
2,911029250,2596,1.0,0.9950000047683716
2,911029250,2597,1.0,0.9950000047683716
2,911029250,2598,1.0,0.9899999499320984
2,911029250,2599,1.0,0.9950000047683716
2,911029250,2600,1.0,0.9899999499320984
2,911029250,2601,1.0,0.9950000047683716
2,911029250,2602,1.0,1.0
2,911029250,2603,1.0,0.9899999499320984
2,911029250,2604,1.0,0.9950000047683716
2,911029250,2605,1.0,0.9950000047683716
2,911029250,2606,1.0,1.0
2,911029250,2607,1.0,0.9950000047683716
2,911029250,2608,1.0,1.0
2,911029250,2609,1.0,0.9950000047683716
2,911029250,2610,1.0,0.9950000047683716
2,911029250,2611,1.0,1.0
2,911029250,2612,1.0,0.9950000047683716
2,911029250,2613,1.0,0.9899999499320984
2,911029250,2614,1.0,1.0
2,911029250,2615,1.0,0.9950000047683716
2,911029250,2616,1.0,1.0
2,911029250,2617,1.0,0.9899999499320984
2,911029250,2618,1.0,0.9950000047683716
2,911029250,2619,1.0,0.98499995470047
2,911029250,2620,1.0,0.9899999499320984
2,911029250,2621,1.0,0.9899999499320984
2,911029250,2622,1.0,0.9899999499320984
2,911029250,2623,1.0,0.9950000047683716
2,911029250,2624,1.0,0.9950000047683716
2,911029250,2625,1.0,0.9950000047683716
2,911029250,2626,1.0,1.0
2,911029250,2627,1.0,0.9899999499320984
2,911029250,2628,1.0,0.9950000047683716
2,911029250,2629,1.0,0.9950000047683716
2,911029250,2630,1.0,0.9950000047683716
2,911029250,2631,1.0,0.9899999499320984
2,911029250,2632,1.0,0.9950000047683716
2,911029250,2633,1.0,0.9950000047683716
2,911029250,2634,1.0,0.9950000047683716
2,911029250,2635,1.0,0.9899999499320984
2,911029250,2636,1.0,0.9899999499320984
2,911029250,2637,1.0,0.9950000047683716
2,911029250,2638,1.0,0.9950000047683716
2,911029250,2639,1.0,0.9899999499320984
2,911029250,2640,1.0,0.9950000047683716
2,911029250,2641,1.0,0.9950000047683716
2,911029250,2642,1.0,0.9899999499320984
2,911029250,2643,1.0,0.9899999499320984
2,911029250,2644,1.0,0.9899999499320984
2,911029250,2645,1.0,0.9899999499320984
2,911029250,2646,1.0,0.9899999499320984
2,911029250,2647,1.0,0.9950000047683716
2,911029250,2648,1.0,0.9899999499320984
2,911029250,2649,1.0,0.9899999499320984
2,911029250,2650,1.0,0.9899999499320984
2,911029250,2651,1.0,0.9899999499320984
2,911029250,2652,1.0,0.9899999499320984
2,911029250,2653,1.0,0.9899999499320984
2,911029250,2654,1.0,0.9899999499320984
2,911029250,2655,1.0,0.9899999499320984
2,911029250,2656,1.0,0.9899999499320984
2,911029250,2657,1.0,0.98499995470047
2,911029250,2658,1.0,0.9950000047683716
2,911029250,2659,1.0,0.9950000047683716
2,911029250,2660,1.0,1.0
2,911029250,2661,1.0,0.9950000047683716
2,911029250,2662,1.0,0.9950000047683716
2,911029250,2663,1.0,0.98499995470047
2,911029250,2664,1.0,0.9899999499320984
2,911029250,2665,1.0,0.9950000047683716
2,911029250,2666,1.0,0.9950000047683716
2,911029250,2667,1.0,0.9950000047683716
2,911029250,2668,1.0,0.9950000047683716
2,911029250,2669,1.0,1.0
2,911029250,2670,1.0,0.9899999499320984
2,911029250,2671,1.0,0.9899999499320984
2,911029250,2672,1.0,0.9899999499320984
2,911029250,2673,1.0,0.9899999499320984
2,911029250,2674,1.0,0.98499995470047
2,911029250,2675,1.0,0.9950000047683716
2,911029250,2676,1.0,0.9950000047683716
2,911029250,2677,1.0,0.9950000047683716
2,911029250,2678,1.0,0.9950000047683716
2,911029250,2679,1.0,0.9899999499320984
2,911029250,2680,1.0,0.9899999499320984
2,911029250,2681,1.0,0.9950000047683716
2,911029250,2682,1.0,0.9899999499320984
2,911029250,2683,1.0,0.9950000047683716
2,911029250,2684,1.0,0.9950000047683716
2,911029250,2685,1.0,0.9950000047683716
2,911029250,2686,1.0,0.9950000047683716
2,911029250,2687,1.0,0.9950000047683716
2,911029250,2688,1.0,0.9899999499320984
2,911029250,2689,1.0,0.9950000047683716
2,911029250,2690,1.0,0.9950000047683716
2,911029250,2691,1.0,0.9899999499320984
2,911029250,2692,1.0,0.9899999499320984
2,911029250,2693,1.0,0.9950000047683716
2,911029250,2694,1.0,0.9950000047683716
2,911029250,2695,1.0,0.9899999499320984
2,911029250,2696,1.0,0.9950000047683716
2,911029250,2697,1.0,0.9950000047683716
2,911029250,2698,1.0,0.9899999499320984
2,911029250,2699,1.0,0.9950000047683716
2,911029250,2700,1.0,0.9899999499320984
2,911029250,2701,1.0,0.9950000047683716
2,911029250,2702,1.0,0.9950000047683716
2,911029250,2703,1.0,0.9950000047683716
2,911029250,2704,1.0,0.9899999499320984
2,911029250,2705,1.0,0.9950000047683716
2,911029250,2706,1.0,0.9950000047683716
2,911029250,2707,1.0,0.9899999499320984
2,911029250,2708,1.0,0.9950000047683716
2,911029250,2709,1.0,0.9950000047683716
2,911029250,2710,1.0,0.9950000047683716
2,911029250,2711,1.0,0.9950000047683716
2,911029250,2712,1.0,0.9899999499320984
2,911029250,2713,1.0,1.0
2,911029250,2714,1.0,0.9899999499320984
2,911029250,2715,1.0,0.9950000047683716
2,911029250,2716,1.0,0.9950000047683716
2,911029250,2717,1.0,0.9950000047683716
2,911029250,2718,1.0,0.9950000047683716
2,911029250,2719,1.0,0.9950000047683716
2,911029250,2720,1.0,0.9950000047683716
2,911029250,2721,1.0,0.9950000047683716
2,911029250,2722,1.0,0.9899999499320984
2,911029250,2723,1.0,0.9950000047683716
2,911029250,2724,1.0,0.9899999499320984
2,911029250,2725,1.0,0.9950000047683716
2,911029250,2726,1.0,0.9950000047683716
2,911029250,2727,1.0,0.9950000047683716
2,911029250,2728,1.0,0.98499995470047
2,911029250,2729,1.0,0.9899999499320984
2,911029250,2730,1.0,0.9899999499320984
2,911029250,2731,1.0,0.9950000047683716
2,911029250,2732,1.0,0.9899999499320984
2,911029250,2733,1.0,0.9950000047683716
2,911029250,2734,1.0,0.9899999499320984
2,911029250,2735,1.0,0.9950000047683716
2,911029250,2736,1.0,0.9950000047683716
2,911029250,2737,1.0,1.0
2,911029250,2738,1.0,0.9899999499320984
2,911029250,2739,1.0,0.9950000047683716
2,911029250,2740,1.0,0.9950000047683716
2,911029250,2741,1.0,0.9950000047683716
2,911029250,2742,1.0,0.9950000047683716
2,911029250,2743,1.0,0.9950000047683716
2,911029250,2744,1.0,1.0
2,911029250,2745,1.0,0.9899999499320984
2,911029250,2746,1.0,1.0
2,911029250,2747,1.0,0.9950000047683716
2,911029250,2748,1.0,0.9950000047683716
2,911029250,2749,1.0,0.9950000047683716
2,911029250,2750,1.0,0.9950000047683716
2,911029250,2751,1.0,1.0
2,911029250,2752,1.0,0.9950000047683716
2,911029250,2753,1.0,0.9899999499320984
2,911029250,2754,1.0,0.9950000047683716
2,911029250,2755,1.0,0.9950000047683716
2,911029250,2756,1.0,0.9950000047683716
2,911029250,2757,1.0,0.9950000047683716
2,911029250,2758,1.0,0.9899999499320984
2,911029250,2759,1.0,0.98499995470047
2,911029250,2760,1.0,0.9899999499320984
2,911029250,2761,1.0,0.9950000047683716
2,911029250,2762,1.0,1.0
2,911029250,2763,1.0,0.9950000047683716
2,911029250,2764,1.0,0.9950000047683716
2,911029250,2765,1.0,0.9950000047683716
2,911029250,2766,1.0,0.9950000047683716
2,911029250,2767,1.0,0.9950000047683716
2,911029250,2768,1.0,0.9899999499320984
2,911029250,2769,1.0,1.0
2,911029250,2770,1.0,0.9950000047683716
2,911029250,2771,1.0,0.9950000047683716
2,911029250,2772,1.0,0.9950000047683716
2,911029250,2773,1.0,0.9899999499320984
2,911029250,2774,1.0,0.9950000047683716
2,911029250,2775,1.0,0.9950000047683716
2,911029250,2776,1.0,0.9950000047683716
2,911029250,2777,1.0,0.9950000047683716
2,911029250,2778,1.0,0.9950000047683716
2,911029250,2779,1.0,1.0
2,911029250,2780,1.0,1.0
2,911029250,2781,1.0,1.0
2,911029250,2782,1.0,0.9950000047683716
2,911029250,2783,1.0,0.9950000047683716
2,911029250,2784,1.0,0.9950000047683716
2,911029250,2785,1.0,0.9950000047683716
2,911029250,2786,1.0,1.0
2,911029250,2787,1.0,1.0
2,911029250,2788,1.0,0.9950000047683716
2,911029250,2789,1.0,0.9950000047683716
2,911029250,2790,1.0,0.9950000047683716
2,911029250,2791,1.0,0.9950000047683716
2,911029250,2792,1.0,0.9950000047683716
2,911029250,2793,1.0,0.9950000047683716
2,911029250,2794,1.0,0.9950000047683716
2,911029250,2795,1.0,1.0
2,911029250,2796,1.0,0.9950000047683716
2,911029250,2797,1.0,0.9950000047683716
2,911029250,2798,1.0,1.0
2,911029250,2799,1.0,0.9950000047683716
2,911029250,2800,1.0,0.9950000047683716
2,911029250,2801,1.0,1.0
2,911029250,2802,1.0,0.9950000047683716
2,911029250,2803,1.0,0.9899999499320984
2,911029250,2804,1.0,0.9950000047683716
2,911029250,2805,1.0,1.0
2,911029250,2806,1.0,0.9899999499320984
2,911029250,2807,1.0,0.9950000047683716
2,911029250,2808,1.0,0.9950000047683716
2,911029250,2809,1.0,0.9950000047683716
2,911029250,2810,1.0,0.9950000047683716
2,911029250,2811,1.0,1.0
2,911029250,2812,1.0,1.0
2,911029250,2813,1.0,0.9950000047683716
2,911029250,2814,1.0,1.0
2,911029250,2815,1.0,1.0
2,911029250,2816,1.0,1.0
2,911029250,2817,1.0,0.9950000047683716
2,911029250,2818,1.0,0.9950000047683716
2,911029250,2819,1.0,0.9950000047683716
2,911029250,2820,1.0,0.9950000047683716
2,911029250,2821,1.0,1.0
2,911029250,2822,1.0,0.9950000047683716
2,911029250,2823,1.0,0.9950000047683716
2,911029250,2824,1.0,0.9950000047683716
2,911029250,2825,1.0,0.9950000047683716
2,911029250,2826,1.0,0.9950000047683716
2,911029250,2827,1.0,0.9950000047683716
2,911029250,2828,1.0,1.0
2,911029250,2829,1.0,0.9950000047683716
2,911029250,2830,1.0,0.9950000047683716
2,911029250,2831,1.0,1.0
2,911029250,2832,1.0,0.9950000047683716
2,911029250,2833,1.0,0.9950000047683716
2,911029250,2834,1.0,0.9950000047683716
2,911029250,2835,1.0,0.9950000047683716
2,911029250,2836,1.0,1.0
2,911029250,2837,1.0,0.9950000047683716
2,911029250,2838,1.0,0.9950000047683716
2,911029250,2839,1.0,0.9950000047683716
2,911029250,2840,1.0,0.9950000047683716
2,911029250,2841,1.0,0.9950000047683716
2,911029250,2842,1.0,1.0
2,911029250,2843,1.0,0.9950000047683716
2,911029250,2844,1.0,1.0
2,911029250,2845,1.0,1.0
2,911029250,2846,1.0,0.9950000047683716
2,911029250,2847,1.0,0.9950000047683716
2,911029250,2848,1.0,0.9950000047683716
2,911029250,2849,1.0,1.0
2,911029250,2850,1.0,0.9950000047683716
2,911029250,2851,1.0,0.9899999499320984
2,911029250,2852,1.0,1.0
2,911029250,2853,1.0,1.0
2,911029250,2854,1.0,1.0
2,911029250,2855,1.0,0.9950000047683716
2,911029250,2856,1.0,0.9950000047683716
2,911029250,2857,1.0,1.0
2,911029250,2858,1.0,1.0
2,911029250,2859,1.0,0.9950000047683716
2,911029250,2860,1.0,0.9950000047683716
2,911029250,2861,1.0,0.9950000047683716
2,911029250,2862,1.0,1.0
2,911029250,2863,1.0,1.0
2,911029250,2864,1.0,0.9950000047683716
2,911029250,2865,1.0,0.9950000047683716
2,911029250,2866,1.0,0.9950000047683716
2,911029250,2867,1.0,0.9950000047683716
2,911029250,2868,1.0,0.9950000047683716
2,911029250,2869,1.0,0.9950000047683716
2,911029250,2870,1.0,1.0
2,911029250,2871,1.0,1.0
2,911029250,2872,1.0,0.9950000047683716
2,911029250,2873,1.0,0.9899999499320984
2,911029250,2874,1.0,0.9950000047683716
2,911029250,2875,1.0,1.0
2,911029250,2876,1.0,0.9950000047683716
2,911029250,2877,1.0,0.9950000047683716
2,911029250,2878,1.0,0.9950000047683716
2,911029250,2879,1.0,0.9950000047683716
2,911029250,2880,1.0,0.9950000047683716
2,911029250,2881,1.0,0.9950000047683716
2,911029250,2882,1.0,0.9950000047683716
2,911029250,2883,1.0,0.9950000047683716
2,911029250,2884,1.0,0.9950000047683716
2,911029250,2885,1.0,0.9950000047683716
2,911029250,2886,1.0,1.0
2,911029250,2887,1.0,1.0
2,911029250,2888,1.0,1.0
2,911029250,2889,1.0,1.0
2,911029250,2890,1.0,1.0
2,911029250,2891,1.0,1.0
2,911029250,2892,1.0,0.9950000047683716
2,911029250,2893,1.0,1.0
2,911029250,2894,1.0,0.9899999499320984
2,911029250,2895,1.0,1.0
2,911029250,2896,1.0,1.0
2,911029250,2897,1.0,0.9899999499320984
2,911029250,2898,1.0,0.9950000047683716
2,911029250,2899,1.0,0.9950000047683716
2,911029250,2900,1.0,1.0
2,911029250,2901,1.0,0.9950000047683716
2,911029250,2902,1.0,0.9950000047683716
2,911029250,2903,1.0,0.9899999499320984
2,911029250,2904,1.0,0.9899999499320984
2,911029250,2905,1.0,0.9950000047683716
2,911029250,2906,1.0,1.0
2,911029250,2907,1.0,0.9950000047683716
2,911029250,2908,1.0,0.9950000047683716
2,911029250,2909,1.0,0.9950000047683716
2,911029250,2910,1.0,0.9950000047683716
2,911029250,2911,1.0,1.0
2,911029250,2912,1.0,1.0
2,911029250,2913,1.0,0.9950000047683716
2,911029250,2914,1.0,0.9950000047683716
2,911029250,2915,1.0,1.0
2,911029250,2916,1.0,0.9950000047683716
2,911029250,2917,1.0,0.9899999499320984
2,911029250,2918,1.0,0.9950000047683716
2,911029250,2919,1.0,0.9950000047683716
2,911029250,2920,1.0,1.0
2,911029250,2921,1.0,0.9950000047683716
2,911029250,2922,1.0,1.0
2,911029250,2923,1.0,1.0
2,911029250,2924,1.0,0.9950000047683716
2,911029250,2925,1.0,0.9899999499320984
2,911029250,2926,1.0,0.9899999499320984
2,911029250,2927,1.0,0.9950000047683716
2,911029250,2928,1.0,0.9950000047683716
2,911029250,2929,1.0,1.0
2,911029250,2930,1.0,0.9950000047683716
2,911029250,2931,1.0,0.9950000047683716
2,911029250,2932,1.0,0.9899999499320984
2,911029250,2933,1.0,0.9950000047683716
2,911029250,2934,1.0,0.9950000047683716
2,911029250,2935,1.0,0.9950000047683716
2,911029250,2936,1.0,0.9950000047683716
2,911029250,2937,1.0,0.9950000047683716
2,911029250,2938,1.0,0.9950000047683716
2,911029250,2939,1.0,0.9950000047683716
2,911029250,2940,1.0,0.9950000047683716
2,911029250,2941,1.0,0.9950000047683716
2,911029250,2942,1.0,0.9899999499320984
2,911029250,2943,1.0,0.9950000047683716
2,911029250,2944,1.0,0.9950000047683716
2,911029250,2945,1.0,0.9950000047683716
2,911029250,2946,1.0,0.9950000047683716
2,911029250,2947,1.0,0.9950000047683716
2,911029250,2948,1.0,1.0
2,911029250,2949,1.0,1.0
2,911029250,2950,1.0,1.0
2,911029250,2951,1.0,0.9950000047683716
2,911029250,2952,1.0,0.9950000047683716
2,911029250,2953,1.0,0.9950000047683716
2,911029250,2954,1.0,0.9950000047683716
2,911029250,2955,1.0,0.9950000047683716
2,911029250,2956,1.0,0.9950000047683716
2,911029250,2957,1.0,0.9899999499320984
2,911029250,2958,1.0,0.9950000047683716
2,911029250,2959,1.0,0.9950000047683716
2,911029250,2960,1.0,1.0
2,911029250,2961,1.0,0.9950000047683716
2,911029250,2962,1.0,0.9899999499320984
2,911029250,2963,1.0,1.0
2,911029250,2964,1.0,1.0
2,911029250,2965,1.0,0.9950000047683716
2,911029250,2966,1.0,0.9950000047683716
2,911029250,2967,1.0,0.9950000047683716
2,911029250,2968,1.0,0.9950000047683716
2,911029250,2969,1.0,1.0
2,911029250,2970,1.0,0.9899999499320984
2,911029250,2971,1.0,0.9899999499320984
2,911029250,2972,1.0,0.9899999499320984
2,911029250,2973,1.0,0.9950000047683716
2,911029250,2974,1.0,1.0
2,911029250,2975,1.0,1.0
2,911029250,2976,1.0,0.9950000047683716
2,911029250,2977,1.0,0.9950000047683716
2,911029250,2978,1.0,0.9950000047683716
2,911029250,2979,1.0,0.9950000047683716
2,911029250,2980,1.0,0.9950000047683716
2,911029250,2981,1.0,0.9950000047683716
2,911029250,2982,1.0,0.9950000047683716
2,911029250,2983,1.0,0.9950000047683716
2,911029250,2984,1.0,0.9950000047683716
2,911029250,2985,1.0,0.9950000047683716
2,911029250,2986,1.0,0.9899999499320984
2,911029250,2987,1.0,0.9950000047683716
2,911029250,2988,1.0,0.9950000047683716
2,911029250,2989,1.0,0.9950000047683716
2,911029250,2990,1.0,0.9950000047683716
2,911029250,2991,1.0,0.9950000047683716
2,911029250,2992,1.0,1.0
2,911029250,2993,1.0,1.0
2,911029250,2994,1.0,0.9950000047683716
2,911029250,2995,1.0,0.9950000047683716
2,911029250,2996,1.0,0.9899999499320984
2,911029250,2997,1.0,0.9950000047683716
2,911029250,2998,1.0,0.9950000047683716
2,911029250,2999,1.0,0.9950000047683716
2,911029250,3000,1.0,1.0
2,911029250,3001,1.0,1.0
2,911029250,3002,1.0,0.9950000047683716
2,911029250,3003,1.0,0.9950000047683716
2,911029250,3004,1.0,1.0
2,911029250,3005,1.0,1.0
2,911029250,3006,1.0,1.0
2,911029250,3007,1.0,0.9950000047683716
2,911029250,3008,1.0,0.9950000047683716
2,911029250,3009,1.0,1.0
2,911029250,3010,1.0,0.9950000047683716
2,911029250,3011,1.0,1.0
2,911029250,3012,1.0,1.0
2,911029250,3013,1.0,1.0
2,911029250,3014,1.0,0.9950000047683716
2,911029250,3015,1.0,0.9950000047683716
2,911029250,3016,1.0,0.9950000047683716
2,911029250,3017,1.0,0.9950000047683716
2,911029250,3018,1.0,0.9950000047683716
2,911029250,3019,1.0,0.9950000047683716
2,911029250,3020,1.0,0.9899999499320984
2,911029250,3021,1.0,0.9950000047683716
2,911029250,3022,1.0,0.9950000047683716
2,911029250,3023,1.0,0.9950000047683716
2,911029250,3024,1.0,0.9950000047683716
2,911029250,3025,1.0,1.0
2,911029250,3026,1.0,0.9950000047683716
2,911029250,3027,1.0,0.9950000047683716
2,911029250,3028,1.0,0.9950000047683716
2,911029250,3029,1.0,0.9950000047683716
2,911029250,3030,1.0,0.9950000047683716
2,911029250,3031,1.0,1.0
2,911029250,3032,1.0,1.0
2,911029250,3033,1.0,0.9950000047683716
2,911029250,3034,1.0,0.9950000047683716
2,911029250,3035,1.0,0.9950000047683716
2,911029250,3036,1.0,0.9950000047683716
2,911029250,3037,1.0,0.9950000047683716
2,911029250,3038,1.0,0.9950000047683716
2,911029250,3039,1.0,0.9950000047683716
2,911029250,3040,1.0,1.0
2,911029250,3041,1.0,1.0
2,911029250,3042,1.0,0.9950000047683716
2,911029250,3043,1.0,0.9950000047683716
2,911029250,3044,1.0,1.0
2,911029250,3045,1.0,0.9950000047683716
2,911029250,3046,1.0,0.9950000047683716
2,911029250,3047,1.0,0.9950000047683716
2,911029250,3048,1.0,0.9950000047683716
2,911029250,3049,1.0,0.9950000047683716
2,911029250,3050,1.0,0.9950000047683716
2,911029250,3051,1.0,1.0
2,911029250,3052,1.0,0.9950000047683716
2,911029250,3053,1.0,0.9950000047683716
2,911029250,3054,1.0,0.9950000047683716
2,911029250,3055,1.0,1.0
2,911029250,3056,1.0,1.0
2,911029250,3057,1.0,0.9950000047683716
2,911029250,3058,1.0,0.9950000047683716
2,911029250,3059,1.0,0.9950000047683716
2,911029250,3060,1.0,0.9950000047683716
2,911029250,3061,1.0,1.0
2,911029250,3062,1.0,1.0
2,911029250,3063,1.0,0.9950000047683716
2,911029250,3064,1.0,0.9950000047683716
2,911029250,3065,1.0,0.9950000047683716
2,911029250,3066,1.0,0.9950000047683716
2,911029250,3067,1.0,0.9950000047683716
2,911029250,3068,1.0,0.9950000047683716
2,911029250,3069,1.0,0.9950000047683716
2,911029250,3070,1.0,1.0
2,911029250,3071,1.0,0.9950000047683716
2,911029250,3072,1.0,0.9950000047683716
2,911029250,3073,1.0,1.0
2,911029250,3074,1.0,1.0
2,911029250,3075,1.0,1.0
2,911029250,3076,1.0,1.0
2,911029250,3077,1.0,1.0
2,911029250,3078,1.0,0.9950000047683716
2,911029250,3079,1.0,0.9950000047683716
2,911029250,3080,1.0,0.9950000047683716
2,911029250,3081,1.0,0.9950000047683716
2,911029250,3082,1.0,0.9950000047683716
2,911029250,3083,1.0,0.9950000047683716
2,911029250,3084,1.0,0.9950000047683716
2,911029250,3085,1.0,0.9950000047683716
2,911029250,3086,1.0,1.0
2,911029250,3087,1.0,0.9950000047683716
2,911029250,3088,1.0,1.0
2,911029250,3089,1.0,0.9950000047683716
2,911029250,3090,1.0,0.9950000047683716
2,911029250,3091,1.0,0.9950000047683716
2,911029250,3092,1.0,1.0
2,911029250,3093,1.0,0.9950000047683716
2,911029250,3094,1.0,0.9950000047683716
2,911029250,3095,1.0,0.9950000047683716
2,911029250,3096,1.0,1.0
2,911029250,3097,1.0,1.0
2,911029250,3098,1.0,0.9950000047683716
2,911029250,3099,1.0,0.9950000047683716
2,911029250,3100,1.0,1.0
2,911029250,3101,1.0,0.9950000047683716
2,911029250,3102,1.0,1.0
2,911029250,3103,1.0,0.9950000047683716
2,911029250,3104,1.0,0.9950000047683716
2,911029250,3105,1.0,1.0
2,911029250,3106,1.0,0.9950000047683716
2,911029250,3107,1.0,0.9950000047683716
2,911029250,3108,1.0,1.0
2,911029250,3109,1.0,1.0
2,911029250,3110,1.0,1.0
2,911029250,3111,1.0,0.9950000047683716
2,911029250,3112,1.0,1.0
2,911029250,3113,1.0,0.9950000047683716
2,911029250,3114,1.0,0.9950000047683716
2,911029250,3115,1.0,0.9950000047683716
2,911029250,3116,1.0,1.0
2,911029250,3117,1.0,0.9950000047683716
2,911029250,3118,1.0,0.9950000047683716
2,911029250,3119,1.0,1.0
2,911029250,3120,1.0,1.0
2,911029250,3121,1.0,0.9950000047683716
2,911029250,3122,1.0,0.9950000047683716
2,911029250,3123,1.0,0.9950000047683716
2,911029250,3124,1.0,0.9950000047683716
2,911029250,3125,1.0,0.9950000047683716
2,911029250,3126,1.0,0.9950000047683716
2,911029250,3127,1.0,1.0
2,911029250,3128,1.0,1.0
2,911029250,3129,1.0,0.9950000047683716
2,911029250,3130,1.0,0.9950000047683716
2,911029250,3131,1.0,1.0
2,911029250,3132,1.0,1.0
2,911029250,3133,1.0,0.9950000047683716
2,911029250,3134,1.0,0.9950000047683716
2,911029250,3135,1.0,1.0
2,911029250,3136,1.0,1.0
2,911029250,3137,1.0,1.0
2,911029250,3138,1.0,0.9950000047683716
2,911029250,3139,1.0,1.0
2,911029250,3140,1.0,1.0
2,911029250,3141,1.0,0.9950000047683716
2,911029250,3142,1.0,1.0
2,911029250,3143,1.0,1.0
2,911029250,3144,1.0,1.0
2,911029250,3145,1.0,0.9950000047683716
2,911029250,3146,1.0,0.9950000047683716
2,911029250,3147,1.0,1.0
2,911029250,3148,1.0,1.0
2,911029250,3149,1.0,0.9950000047683716
2,911029250,3150,1.0,0.9950000047683716
2,911029250,3151,1.0,0.9950000047683716
2,911029250,3152,1.0,0.9950000047683716
2,911029250,3153,1.0,0.9950000047683716
2,911029250,3154,1.0,0.9950000047683716
2,911029250,3155,1.0,1.0
2,911029250,3156,1.0,1.0
2,911029250,3157,1.0,1.0
2,911029250,3158,1.0,0.9950000047683716
2,911029250,3159,1.0,0.9950000047683716
2,911029250,3160,1.0,0.9950000047683716
2,911029250,3161,1.0,0.9950000047683716
2,911029250,3162,1.0,0.9950000047683716
2,911029250,3163,1.0,0.9950000047683716
2,911029250,3164,1.0,0.9950000047683716
2,911029250,3165,1.0,0.9950000047683716
2,911029250,3166,1.0,0.9950000047683716
2,911029250,3167,1.0,0.9950000047683716
2,911029250,3168,1.0,1.0
2,911029250,3169,1.0,1.0
2,911029250,3170,1.0,0.9950000047683716
2,911029250,3171,1.0,0.9950000047683716
2,911029250,3172,1.0,0.9950000047683716
2,911029250,3173,1.0,0.9950000047683716
2,911029250,3174,1.0,0.9950000047683716
2,911029250,3175,1.0,0.9950000047683716
2,911029250,3176,1.0,0.9950000047683716
2,911029250,3177,1.0,0.9950000047683716
2,911029250,3178,1.0,1.0
2,911029250,3179,1.0,0.9950000047683716
2,911029250,3180,1.0,1.0
2,911029250,3181,1.0,0.9950000047683716
2,911029250,3182,1.0,0.9950000047683716
2,911029250,3183,1.0,0.9950000047683716
2,911029250,3184,1.0,0.9950000047683716
2,911029250,3185,1.0,1.0
2,911029250,3186,1.0,1.0
2,911029250,3187,1.0,0.9950000047683716
2,911029250,3188,1.0,0.9950000047683716
2,911029250,3189,1.0,1.0
2,911029250,3190,1.0,1.0
2,911029250,3191,1.0,0.9950000047683716
2,911029250,3192,1.0,0.9950000047683716
2,911029250,3193,1.0,0.9950000047683716
2,911029250,3194,1.0,0.9950000047683716
2,911029250,3195,1.0,0.9950000047683716
2,911029250,3196,1.0,0.9950000047683716
2,911029250,3197,1.0,0.9950000047683716
2,911029250,3198,1.0,0.9950000047683716
2,911029250,3199,1.0,0.9950000047683716
2,911029250,3200,1.0,1.0
2,911029250,3201,1.0,1.0
2,911029250,3202,1.0,0.9950000047683716
2,911029250,3203,1.0,0.9950000047683716
2,911029250,3204,1.0,0.9950000047683716
2,911029250,3205,1.0,0.9950000047683716
2,911029250,3206,1.0,0.9950000047683716
2,911029250,3207,1.0,0.9950000047683716
2,911029250,3208,1.0,0.9950000047683716
2,911029250,3209,1.0,0.9950000047683716
2,911029250,3210,1.0,0.9950000047683716
2,911029250,3211,1.0,0.9950000047683716
2,911029250,3212,1.0,0.9950000047683716
2,911029250,3213,1.0,0.9950000047683716
2,911029250,3214,1.0,0.9950000047683716
2,911029250,3215,1.0,0.9950000047683716
2,911029250,3216,1.0,1.0
2,911029250,3217,1.0,0.9950000047683716
2,911029250,3218,1.0,0.9950000047683716
2,911029250,3219,1.0,0.9950000047683716
2,911029250,3220,1.0,0.9950000047683716
2,911029250,3221,1.0,0.9950000047683716
2,911029250,3222,1.0,0.9950000047683716
2,911029250,3223,1.0,0.9950000047683716
2,911029250,3224,1.0,0.9950000047683716
2,911029250,3225,1.0,0.9950000047683716
2,911029250,3226,1.0,0.9950000047683716
2,911029250,3227,1.0,0.9950000047683716
2,911029250,3228,1.0,0.9950000047683716
2,911029250,3229,1.0,0.9950000047683716
2,911029250,3230,1.0,0.9950000047683716
2,911029250,3231,1.0,0.9950000047683716
2,911029250,3232,1.0,0.9950000047683716
2,911029250,3233,1.0,0.9950000047683716
2,911029250,3234,1.0,0.9950000047683716
2,911029250,3235,1.0,0.9950000047683716
2,911029250,3236,1.0,0.9950000047683716
2,911029250,3237,1.0,0.9950000047683716
2,911029250,3238,1.0,1.0
2,911029250,3239,1.0,0.9950000047683716
2,911029250,3240,1.0,0.9950000047683716
2,911029250,3241,1.0,1.0
2,911029250,3242,1.0,0.9950000047683716
2,911029250,3243,1.0,0.9950000047683716
2,911029250,3244,1.0,0.9950000047683716
2,911029250,3245,1.0,0.9950000047683716
2,911029250,3246,1.0,0.9950000047683716
2,911029250,3247,1.0,0.9950000047683716
2,911029250,3248,1.0,0.9950000047683716
2,911029250,3249,1.0,0.9950000047683716
2,911029250,3250,1.0,0.9950000047683716
2,911029250,3251,1.0,0.9950000047683716
2,911029250,3252,1.0,0.9950000047683716
2,911029250,3253,1.0,0.9950000047683716
2,911029250,3254,1.0,0.9950000047683716
2,911029250,3255,1.0,1.0
2,911029250,3256,1.0,0.9950000047683716
2,911029250,3257,1.0,1.0
2,911029250,3258,1.0,0.9950000047683716
2,911029250,3259,1.0,0.9950000047683716
2,911029250,3260,1.0,0.9950000047683716
2,911029250,3261,1.0,1.0
2,911029250,3262,1.0,0.9950000047683716
2,911029250,3263,1.0,0.9950000047683716
2,911029250,3264,1.0,0.9950000047683716
2,911029250,3265,1.0,0.9950000047683716
2,911029250,3266,1.0,0.9950000047683716
2,911029250,3267,1.0,0.9950000047683716
2,911029250,3268,1.0,0.9950000047683716
2,911029250,3269,1.0,0.9950000047683716
2,911029250,3270,1.0,0.9950000047683716
2,911029250,3271,1.0,0.9950000047683716
2,911029250,3272,1.0,0.9950000047683716
2,911029250,3273,1.0,0.9950000047683716
2,911029250,3274,1.0,0.9950000047683716
2,911029250,3275,1.0,0.9950000047683716
2,911029250,3276,1.0,0.9950000047683716
2,911029250,3277,1.0,0.9950000047683716
2,911029250,3278,1.0,0.9950000047683716
2,911029250,3279,1.0,0.9950000047683716
2,911029250,3280,1.0,0.9950000047683716
2,911029250,3281,1.0,0.9950000047683716
2,911029250,3282,1.0,0.9950000047683716
2,911029250,3283,1.0,0.9950000047683716
2,911029250,3284,1.0,0.9950000047683716
2,911029250,3285,1.0,0.9950000047683716
2,911029250,3286,1.0,0.9950000047683716
2,911029250,3287,1.0,0.9950000047683716
2,911029250,3288,1.0,0.9950000047683716
2,911029250,3289,1.0,0.9950000047683716
2,911029250,3290,1.0,0.9950000047683716
2,911029250,3291,1.0,0.9950000047683716
2,911029250,3292,1.0,0.9950000047683716
2,911029250,3293,1.0,0.9950000047683716
2,911029250,3294,1.0,0.9950000047683716
2,911029250,3295,1.0,0.9950000047683716
2,911029250,3296,1.0,0.9950000047683716
2,911029250,3297,1.0,0.9950000047683716
2,911029250,3298,1.0,0.9950000047683716
2,911029250,3299,1.0,0.9950000047683716
2,911029250,3300,1.0,0.9950000047683716
2,911029250,3301,1.0,0.9950000047683716
2,911029250,3302,1.0,0.9950000047683716
2,911029250,3303,1.0,0.9950000047683716
2,911029250,3304,1.0,0.9950000047683716
2,911029250,3305,1.0,0.9950000047683716
2,911029250,3306,1.0,0.9950000047683716
2,911029250,3307,1.0,0.9950000047683716
2,911029250,3308,1.0,0.9950000047683716
2,911029250,3309,1.0,0.9950000047683716
2,911029250,3310,1.0,0.9950000047683716
2,911029250,3311,1.0,0.9950000047683716
2,911029250,3312,1.0,0.9950000047683716
2,911029250,3313,1.0,0.9950000047683716
2,911029250,3314,1.0,0.9950000047683716
2,911029250,3315,1.0,0.9950000047683716
2,911029250,3316,1.0,0.9950000047683716
2,911029250,3317,1.0,0.9950000047683716
2,911029250,3318,1.0,0.9950000047683716
2,911029250,3319,1.0,0.9950000047683716
2,911029250,3320,1.0,0.9950000047683716
2,911029250,3321,1.0,0.9950000047683716
2,911029250,3322,1.0,0.9950000047683716
2,911029250,3323,1.0,0.9950000047683716
2,911029250,3324,1.0,0.9950000047683716
2,911029250,3325,1.0,0.9950000047683716
2,911029250,3326,1.0,0.9950000047683716
2,911029250,3327,1.0,0.9950000047683716
2,911029250,3328,1.0,0.9950000047683716
2,911029250,3329,1.0,0.9950000047683716
2,911029250,3330,1.0,0.9950000047683716
2,911029250,3331,1.0,0.9950000047683716
2,911029250,3332,1.0,0.9950000047683716
2,911029250,3333,1.0,0.9950000047683716
2,911029250,3334,1.0,0.9950000047683716
2,911029250,3335,1.0,0.9950000047683716
2,911029250,3336,1.0,0.9950000047683716
2,911029250,3337,1.0,0.9950000047683716
2,911029250,3338,1.0,0.9950000047683716
2,911029250,3339,1.0,0.9950000047683716
2,911029250,3340,1.0,0.9950000047683716
2,911029250,3341,1.0,0.9950000047683716
2,911029250,3342,1.0,0.9950000047683716
2,911029250,3343,1.0,0.9950000047683716
2,911029250,3344,1.0,0.9950000047683716
2,911029250,3345,1.0,0.9950000047683716
2,911029250,3346,1.0,0.9950000047683716
2,911029250,3347,1.0,0.9950000047683716
2,911029250,3348,1.0,0.9950000047683716
2,911029250,3349,1.0,0.9950000047683716
2,911029250,3350,1.0,1.0
2,911029250,3351,1.0,0.9950000047683716
2,911029250,3352,1.0,0.9950000047683716
2,911029250,3353,1.0,0.9950000047683716
2,911029250,3354,1.0,0.9950000047683716
2,911029250,3355,1.0,0.9950000047683716
2,911029250,3356,1.0,0.9950000047683716
2,911029250,3357,1.0,0.9950000047683716
2,911029250,3358,1.0,0.9950000047683716
2,911029250,3359,1.0,0.9950000047683716
2,911029250,3360,1.0,0.9950000047683716
2,911029250,3361,1.0,0.9950000047683716
2,911029250,3362,1.0,0.9950000047683716
2,911029250,3363,1.0,0.9950000047683716
2,911029250,3364,1.0,0.9950000047683716
2,911029250,3365,1.0,0.9950000047683716
2,911029250,3366,1.0,0.9950000047683716
2,911029250,3367,1.0,0.9950000047683716
2,911029250,3368,1.0,0.9950000047683716
2,911029250,3369,1.0,0.9950000047683716
2,911029250,3370,1.0,0.9950000047683716
2,911029250,3371,1.0,0.9950000047683716
2,911029250,3372,1.0,0.9950000047683716
2,911029250,3373,1.0,0.9950000047683716
2,911029250,3374,1.0,0.9950000047683716
2,911029250,3375,1.0,0.9950000047683716
2,911029250,3376,1.0,0.9950000047683716
2,911029250,3377,1.0,0.9950000047683716
2,911029250,3378,1.0,0.9950000047683716
2,911029250,3379,1.0,0.9950000047683716
2,911029250,3380,1.0,0.9950000047683716
2,911029250,3381,1.0,0.9950000047683716
2,911029250,3382,1.0,0.9950000047683716
2,911029250,3383,1.0,0.9950000047683716
2,911029250,3384,1.0,0.9950000047683716
2,911029250,3385,1.0,0.9950000047683716
2,911029250,3386,1.0,0.9950000047683716
2,911029250,3387,1.0,0.9950000047683716
2,911029250,3388,1.0,0.9950000047683716
2,911029250,3389,1.0,0.9950000047683716
2,911029250,3390,1.0,0.9950000047683716
2,911029250,3391,1.0,0.9950000047683716
2,911029250,3392,1.0,0.9950000047683716
2,911029250,3393,1.0,0.9950000047683716
2,911029250,3394,1.0,0.9950000047683716
2,911029250,3395,1.0,0.9950000047683716
2,911029250,3396,1.0,0.9950000047683716
2,911029250,3397,1.0,0.9950000047683716
2,911029250,3398,1.0,0.9950000047683716
2,911029250,3399,1.0,0.9950000047683716
2,911029250,3400,1.0,0.9950000047683716
2,911029250,3401,1.0,0.9950000047683716
2,911029250,3402,1.0,0.9950000047683716
2,911029250,3403,1.0,0.9950000047683716
2,911029250,3404,1.0,0.9950000047683716
2,911029250,3405,1.0,0.9950000047683716
2,911029250,3406,1.0,0.9950000047683716
2,911029250,3407,1.0,0.9950000047683716
2,911029250,3408,1.0,0.9950000047683716
2,911029250,3409,1.0,0.9950000047683716
2,911029250,3410,1.0,0.9950000047683716
2,911029250,3411,1.0,0.9950000047683716
2,911029250,3412,1.0,0.9950000047683716
2,911029250,3413,1.0,0.9950000047683716
2,911029250,3414,1.0,0.9950000047683716
2,911029250,3415,1.0,0.9950000047683716
2,911029250,3416,1.0,0.9950000047683716
2,911029250,3417,1.0,0.9950000047683716
2,911029250,3418,1.0,0.9950000047683716
2,911029250,3419,1.0,0.9950000047683716
2,911029250,3420,1.0,0.9950000047683716
2,911029250,3421,1.0,0.9950000047683716
2,911029250,3422,1.0,0.9950000047683716
2,911029250,3423,1.0,0.9950000047683716
2,911029250,3424,1.0,0.9950000047683716
2,911029250,3425,1.0,0.9950000047683716
2,911029250,3426,1.0,0.9950000047683716
2,911029250,3427,1.0,0.9950000047683716
2,911029250,3428,1.0,0.9950000047683716
2,911029250,3429,1.0,0.9950000047683716
2,911029250,3430,1.0,0.9950000047683716
2,911029250,3431,1.0,0.9950000047683716
2,911029250,3432,1.0,0.9950000047683716
2,911029250,3433,1.0,0.9950000047683716
2,911029250,3434,1.0,0.9950000047683716
2,911029250,3435,1.0,0.9950000047683716
2,911029250,3436,1.0,0.9950000047683716
2,911029250,3437,1.0,0.9950000047683716
2,911029250,3438,1.0,0.9950000047683716
2,911029250,3439,1.0,0.9950000047683716
2,911029250,3440,1.0,0.9950000047683716
2,911029250,3441,1.0,0.9950000047683716
2,911029250,3442,1.0,0.9950000047683716
2,911029250,3443,1.0,0.9950000047683716
2,911029250,3444,1.0,0.9950000047683716
2,911029250,3445,1.0,0.9950000047683716
2,911029250,3446,1.0,0.9950000047683716
2,911029250,3447,1.0,0.9950000047683716
2,911029250,3448,1.0,0.9950000047683716
2,911029250,3449,1.0,0.9950000047683716
2,911029250,3450,1.0,0.9950000047683716
2,911029250,3451,1.0,0.9950000047683716
2,911029250,3452,1.0,0.9950000047683716
2,911029250,3453,1.0,0.9950000047683716
2,911029250,3454,1.0,0.9950000047683716
2,911029250,3455,1.0,0.9950000047683716
2,911029250,3456,1.0,0.9950000047683716
2,911029250,3457,1.0,0.9950000047683716
2,911029250,3458,1.0,0.9950000047683716
2,911029250,3459,1.0,0.9950000047683716
2,911029250,3460,1.0,0.9950000047683716
2,911029250,3461,1.0,0.9950000047683716
2,911029250,3462,1.0,0.9950000047683716
2,911029250,3463,1.0,0.9950000047683716
2,911029250,3464,1.0,0.9950000047683716
2,911029250,3465,1.0,0.9950000047683716
2,911029250,3466,1.0,0.9950000047683716
2,911029250,3467,1.0,0.9950000047683716
2,911029250,3468,1.0,0.9950000047683716
2,911029250,3469,1.0,0.9950000047683716
2,911029250,3470,1.0,0.9950000047683716
2,911029250,3471,1.0,0.9950000047683716
2,911029250,3472,1.0,0.9950000047683716
2,911029250,3473,1.0,0.9950000047683716
2,911029250,3474,1.0,0.9950000047683716
2,911029250,3475,1.0,0.9950000047683716
2,911029250,3476,1.0,0.9950000047683716
2,911029250,3477,1.0,0.9950000047683716
2,911029250,3478,1.0,0.9950000047683716
2,911029250,3479,1.0,0.9950000047683716
2,911029250,3480,1.0,0.9950000047683716
2,911029250,3481,1.0,0.9950000047683716
2,911029250,3482,1.0,0.9950000047683716
2,911029250,3483,1.0,0.9950000047683716
2,911029250,3484,1.0,0.9950000047683716
2,911029250,3485,1.0,0.9950000047683716
2,911029250,3486,1.0,0.9950000047683716
2,911029250,3487,1.0,0.9950000047683716
2,911029250,3488,1.0,0.9950000047683716
2,911029250,3489,1.0,0.9950000047683716
2,911029250,3490,1.0,0.9950000047683716
2,911029250,3491,1.0,0.9950000047683716
2,911029250,3492,1.0,0.9950000047683716
2,911029250,3493,1.0,0.9950000047683716
2,911029250,3494,1.0,0.9950000047683716
2,911029250,3495,1.0,0.9950000047683716
2,911029250,3496,1.0,0.9950000047683716
2,911029250,3497,1.0,0.9950000047683716
2,911029250,3498,1.0,0.9950000047683716
2,911029250,3499,1.0,0.9950000047683716
2,911029250,3500,1.0,0.9950000047683716
2,911029250,3501,1.0,0.9950000047683716
2,911029250,3502,1.0,0.9950000047683716
2,911029250,3503,1.0,0.9950000047683716
2,911029250,3504,1.0,0.9950000047683716
2,911029250,3505,1.0,0.9950000047683716
2,911029250,3506,1.0,0.9950000047683716
2,911029250,3507,1.0,0.9950000047683716
2,911029250,3508,1.0,0.9950000047683716
2,911029250,3509,1.0,0.9950000047683716
2,911029250,3510,1.0,0.9950000047683716
2,911029250,3511,1.0,0.9950000047683716
2,911029250,3512,1.0,0.9950000047683716
2,911029250,3513,1.0,0.9950000047683716
2,911029250,3514,1.0,0.9950000047683716
2,911029250,3515,1.0,0.9950000047683716
2,911029250,3516,1.0,0.9950000047683716
2,911029250,3517,1.0,0.9950000047683716
2,911029250,3518,1.0,0.9950000047683716
2,911029250,3519,1.0,0.9950000047683716
2,911029250,3520,1.0,0.9950000047683716
2,911029250,3521,1.0,0.9950000047683716
2,911029250,3522,1.0,0.9950000047683716
2,911029250,3523,1.0,0.9950000047683716
2,911029250,3524,1.0,0.9950000047683716
2,911029250,3525,1.0,0.9950000047683716
2,911029250,3526,1.0,0.9950000047683716
2,911029250,3527,1.0,0.9950000047683716
2,911029250,3528,1.0,0.9950000047683716
2,911029250,3529,1.0,0.9950000047683716
2,911029250,3530,1.0,0.9950000047683716
2,911029250,3531,1.0,0.9950000047683716
2,911029250,3532,1.0,0.9950000047683716
2,911029250,3533,1.0,0.9950000047683716
2,911029250,3534,1.0,0.9950000047683716
2,911029250,3535,1.0,0.9950000047683716
2,911029250,3536,1.0,0.9950000047683716
2,911029250,3537,1.0,0.9950000047683716
2,911029250,3538,1.0,0.9950000047683716
2,911029250,3539,1.0,0.9950000047683716
2,911029250,3540,1.0,0.9950000047683716
2,911029250,3541,1.0,0.9950000047683716
2,911029250,3542,1.0,0.9950000047683716
2,911029250,3543,1.0,0.9950000047683716
2,911029250,3544,1.0,0.9950000047683716
2,911029250,3545,1.0,0.9950000047683716
2,911029250,3546,1.0,0.9950000047683716
2,911029250,3547,1.0,0.9950000047683716
2,911029250,3548,1.0,0.9950000047683716
2,911029250,3549,1.0,0.9950000047683716
2,911029250,3550,1.0,0.9950000047683716
2,911029250,3551,1.0,0.9950000047683716
2,911029250,3552,1.0,0.9950000047683716
2,911029250,3553,1.0,0.9950000047683716
2,911029250,3554,1.0,0.9950000047683716
2,911029250,3555,1.0,0.9950000047683716
2,911029250,3556,1.0,0.9950000047683716
2,911029250,3557,1.0,0.9950000047683716
2,911029250,3558,1.0,0.9950000047683716
2,911029250,3559,1.0,0.9950000047683716
2,911029250,3560,1.0,0.9950000047683716
2,911029250,3561,1.0,0.9950000047683716
2,911029250,3562,1.0,0.9950000047683716
2,911029250,3563,1.0,0.9950000047683716
2,911029250,3564,1.0,0.9950000047683716
2,911029250,3565,1.0,0.9950000047683716
2,911029250,3566,1.0,0.9950000047683716
2,911029250,3567,1.0,0.9950000047683716
2,911029250,3568,1.0,0.9950000047683716
2,911029250,3569,1.0,0.9950000047683716
2,911029250,3570,1.0,0.9950000047683716
2,911029250,3571,1.0,0.9950000047683716
2,911029250,3572,1.0,0.9950000047683716
2,911029250,3573,1.0,0.9950000047683716
2,911029250,3574,1.0,1.0
2,911029250,3575,1.0,0.9950000047683716
2,911029250,3576,1.0,0.9950000047683716
2,911029250,3577,1.0,0.9950000047683716
2,911029250,3578,1.0,0.9950000047683716
2,911029250,3579,1.0,0.9950000047683716
2,911029250,3580,1.0,0.9950000047683716
2,911029250,3581,1.0,0.9950000047683716
2,911029250,3582,1.0,0.9950000047683716
2,911029250,3583,1.0,0.9950000047683716
2,911029250,3584,1.0,0.9950000047683716
2,911029250,3585,1.0,0.9950000047683716
2,911029250,3586,1.0,0.9950000047683716
2,911029250,3587,1.0,0.9950000047683716
2,911029250,3588,1.0,0.9950000047683716
2,911029250,3589,1.0,0.9950000047683716
2,911029250,3590,1.0,0.9950000047683716
2,911029250,3591,1.0,0.9950000047683716
2,911029250,3592,1.0,0.9950000047683716
2,911029250,3593,1.0,0.9950000047683716
2,911029250,3594,1.0,0.9950000047683716
2,911029250,3595,1.0,0.9950000047683716
2,911029250,3596,1.0,0.9950000047683716
2,911029250,3597,1.0,0.9950000047683716
2,911029250,3598,1.0,0.9950000047683716
2,911029250,3599,1.0,0.9950000047683716
2,911029250,3600,1.0,0.9950000047683716
2,911029250,3601,1.0,0.9950000047683716
2,911029250,3602,1.0,0.9950000047683716
2,911029250,3603,1.0,0.9950000047683716
2,911029250,3604,1.0,0.9950000047683716
2,911029250,3605,1.0,0.9950000047683716
2,911029250,3606,1.0,0.9950000047683716
2,911029250,3607,1.0,0.9950000047683716
2,911029250,3608,1.0,0.9950000047683716
2,911029250,3609,1.0,0.9950000047683716
2,911029250,3610,1.0,0.9950000047683716
2,911029250,3611,1.0,0.9950000047683716
2,911029250,3612,1.0,0.9950000047683716
2,911029250,3613,1.0,0.9950000047683716
2,911029250,3614,1.0,0.9950000047683716
2,911029250,3615,1.0,0.9950000047683716
2,911029250,3616,1.0,0.9950000047683716
2,911029250,3617,1.0,0.9950000047683716
2,911029250,3618,1.0,0.9950000047683716
2,911029250,3619,1.0,0.9950000047683716
2,911029250,3620,1.0,0.9950000047683716
2,911029250,3621,1.0,0.9950000047683716
2,911029250,3622,1.0,0.9950000047683716
2,911029250,3623,1.0,0.9950000047683716
2,911029250,3624,1.0,0.9950000047683716
2,911029250,3625,1.0,0.9950000047683716
2,911029250,3626,1.0,0.9950000047683716
2,911029250,3627,1.0,0.9950000047683716
2,911029250,3628,1.0,1.0
2,911029250,3629,1.0,0.9950000047683716
2,911029250,3630,1.0,0.9950000047683716
2,911029250,3631,1.0,0.9950000047683716
2,911029250,3632,1.0,0.9950000047683716
2,911029250,3633,1.0,0.9950000047683716
2,911029250,3634,1.0,0.9950000047683716
2,911029250,3635,1.0,0.9950000047683716
2,911029250,3636,1.0,0.9950000047683716
2,911029250,3637,1.0,0.9950000047683716
2,911029250,3638,1.0,0.9950000047683716
2,911029250,3639,1.0,0.9950000047683716
2,911029250,3640,1.0,0.9950000047683716
2,911029250,3641,1.0,0.9950000047683716
2,911029250,3642,1.0,0.9950000047683716
2,911029250,3643,1.0,0.9950000047683716
2,911029250,3644,1.0,0.9950000047683716
2,911029250,3645,1.0,0.9950000047683716
2,911029250,3646,1.0,0.9950000047683716
2,911029250,3647,1.0,0.9950000047683716
2,911029250,3648,1.0,0.9950000047683716
2,911029250,3649,1.0,0.9950000047683716
2,911029250,3650,1.0,0.9950000047683716
2,911029250,3651,1.0,1.0
2,911029250,3652,1.0,0.9950000047683716
2,911029250,3653,1.0,0.9950000047683716
2,911029250,3654,1.0,0.9950000047683716
2,911029250,3655,1.0,0.9950000047683716
2,911029250,3656,1.0,0.9950000047683716
2,911029250,3657,1.0,0.9950000047683716
2,911029250,3658,1.0,0.9950000047683716
2,911029250,3659,1.0,0.9950000047683716
2,911029250,3660,1.0,0.9950000047683716
2,911029250,3661,1.0,0.9950000047683716
2,911029250,3662,1.0,0.9950000047683716
2,911029250,3663,1.0,0.9950000047683716
2,911029250,3664,1.0,0.9950000047683716
2,911029250,3665,1.0,0.9950000047683716
2,911029250,3666,1.0,0.9950000047683716
2,911029250,3667,1.0,0.9950000047683716
2,911029250,3668,1.0,0.9950000047683716
2,911029250,3669,1.0,0.9950000047683716
2,911029250,3670,1.0,0.9950000047683716
2,911029250,3671,1.0,0.9950000047683716
2,911029250,3672,1.0,0.9950000047683716
2,911029250,3673,1.0,0.9950000047683716
2,911029250,3674,1.0,0.9950000047683716
2,911029250,3675,1.0,0.9950000047683716
2,911029250,3676,1.0,0.9950000047683716
2,911029250,3677,1.0,0.9950000047683716
2,911029250,3678,1.0,0.9950000047683716
2,911029250,3679,1.0,0.9950000047683716
2,911029250,3680,1.0,0.9950000047683716
2,911029250,3681,1.0,0.9950000047683716
2,911029250,3682,1.0,0.9950000047683716
2,911029250,3683,1.0,0.9950000047683716
2,911029250,3684,1.0,0.9950000047683716
2,911029250,3685,1.0,0.9950000047683716
2,911029250,3686,1.0,1.0
2,911029250,3687,1.0,1.0
2,911029250,3688,1.0,0.9950000047683716
2,911029250,3689,1.0,0.9950000047683716
2,911029250,3690,1.0,0.9950000047683716
2,911029250,3691,1.0,0.9950000047683716
2,911029250,3692,1.0,0.9950000047683716
2,911029250,3693,1.0,0.9950000047683716
2,911029250,3694,1.0,0.9950000047683716
2,911029250,3695,1.0,0.9950000047683716
2,911029250,3696,1.0,0.9950000047683716
2,911029250,3697,1.0,0.9950000047683716
2,911029250,3698,1.0,0.9950000047683716
2,911029250,3699,1.0,0.9950000047683716
2,911029250,3700,1.0,0.9950000047683716
2,911029250,3701,1.0,0.9950000047683716
2,911029250,3702,1.0,0.9950000047683716
2,911029250,3703,1.0,0.9950000047683716
2,911029250,3704,1.0,0.9950000047683716
2,911029250,3705,1.0,0.9950000047683716
2,911029250,3706,1.0,0.9950000047683716
2,911029250,3707,1.0,0.9950000047683716
2,911029250,3708,1.0,0.9950000047683716
2,911029250,3709,1.0,1.0
2,911029250,3710,1.0,0.9950000047683716
2,911029250,3711,1.0,0.9950000047683716
2,911029250,3712,1.0,0.9950000047683716
2,911029250,3713,1.0,0.9950000047683716
2,911029250,3714,1.0,0.9950000047683716
2,911029250,3715,1.0,0.9950000047683716
2,911029250,3716,1.0,0.9950000047683716
2,911029250,3717,1.0,0.9950000047683716
2,911029250,3718,1.0,0.9950000047683716
2,911029250,3719,1.0,0.9950000047683716
2,911029250,3720,1.0,0.9950000047683716
2,911029250,3721,1.0,0.9950000047683716
2,911029250,3722,1.0,0.9950000047683716
2,911029250,3723,1.0,0.9950000047683716
2,911029250,3724,1.0,0.9950000047683716
2,911029250,3725,1.0,0.9950000047683716
2,911029250,3726,1.0,0.9950000047683716
2,911029250,3727,1.0,0.9950000047683716
2,911029250,3728,1.0,0.9950000047683716
2,911029250,3729,1.0,0.9950000047683716
2,911029250,3730,1.0,1.0
2,911029250,3731,1.0,1.0
2,911029250,3732,1.0,0.9950000047683716
2,911029250,3733,1.0,0.9950000047683716
2,911029250,3734,1.0,0.9950000047683716
2,911029250,3735,1.0,0.9950000047683716
2,911029250,3736,1.0,0.9950000047683716
2,911029250,3737,1.0,0.9950000047683716
2,911029250,3738,1.0,0.9950000047683716
2,911029250,3739,1.0,0.9950000047683716
2,911029250,3740,1.0,0.9950000047683716
2,911029250,3741,1.0,0.9950000047683716
2,911029250,3742,1.0,0.9950000047683716
2,911029250,3743,1.0,0.9950000047683716
2,911029250,3744,1.0,1.0
2,911029250,3745,1.0,1.0
2,911029250,3746,1.0,1.0
2,911029250,3747,1.0,0.9950000047683716
2,911029250,3748,1.0,0.9950000047683716
2,911029250,3749,1.0,0.9950000047683716
2,911029250,3750,1.0,0.9950000047683716
2,911029250,3751,1.0,0.9950000047683716
2,911029250,3752,1.0,1.0
2,911029250,3753,1.0,0.9950000047683716
2,911029250,3754,1.0,0.9950000047683716
2,911029250,3755,1.0,0.9950000047683716
2,911029250,3756,1.0,0.9950000047683716
2,911029250,3757,1.0,0.9950000047683716
2,911029250,3758,1.0,0.9950000047683716
2,911029250,3759,1.0,0.9950000047683716
2,911029250,3760,1.0,0.9950000047683716
2,911029250,3761,1.0,0.9950000047683716
2,911029250,3762,1.0,0.9950000047683716
2,911029250,3763,1.0,0.9950000047683716
2,911029250,3764,1.0,0.9950000047683716
2,911029250,3765,1.0,0.9950000047683716
2,911029250,3766,1.0,0.9950000047683716
2,911029250,3767,1.0,0.9950000047683716
2,911029250,3768,1.0,0.9950000047683716
2,911029250,3769,1.0,0.9950000047683716
2,911029250,3770,1.0,0.9950000047683716
2,911029250,3771,1.0,0.9950000047683716
2,911029250,3772,1.0,0.9950000047683716
2,911029250,3773,1.0,0.9950000047683716
2,911029250,3774,1.0,0.9950000047683716
2,911029250,3775,1.0,0.9950000047683716
2,911029250,3776,1.0,0.9950000047683716
2,911029250,3777,1.0,0.9950000047683716
2,911029250,3778,1.0,0.9950000047683716
2,911029250,3779,1.0,0.9950000047683716
2,911029250,3780,1.0,0.9950000047683716
2,911029250,3781,1.0,0.9950000047683716
2,911029250,3782,1.0,0.9950000047683716
2,911029250,3783,1.0,0.9950000047683716
2,911029250,3784,1.0,0.9950000047683716
2,911029250,3785,1.0,0.9950000047683716
2,911029250,3786,1.0,0.9950000047683716
2,911029250,3787,1.0,0.9950000047683716
2,911029250,3788,1.0,0.9950000047683716
2,911029250,3789,1.0,0.9950000047683716
2,911029250,3790,1.0,0.9950000047683716
2,911029250,3791,1.0,0.9950000047683716
2,911029250,3792,1.0,0.9950000047683716
2,911029250,3793,1.0,0.9950000047683716
2,911029250,3794,1.0,0.9950000047683716
2,911029250,3795,1.0,0.9950000047683716
2,911029250,3796,1.0,0.9950000047683716
2,911029250,3797,1.0,0.9950000047683716
2,911029250,3798,1.0,0.9950000047683716
2,911029250,3799,1.0,0.9950000047683716
2,911029250,3800,1.0,0.9950000047683716
2,911029250,3801,1.0,0.9950000047683716
2,911029250,3802,1.0,0.9950000047683716
2,911029250,3803,1.0,0.9950000047683716
2,911029250,3804,1.0,0.9950000047683716
2,911029250,3805,1.0,0.9950000047683716
2,911029250,3806,1.0,0.9950000047683716
2,911029250,3807,1.0,0.9950000047683716
2,911029250,3808,1.0,0.9950000047683716
2,911029250,3809,1.0,1.0
2,911029250,3810,1.0,1.0
2,911029250,3811,1.0,0.9950000047683716
2,911029250,3812,1.0,0.9950000047683716
2,911029250,3813,1.0,0.9950000047683716
2,911029250,3814,1.0,0.9950000047683716
2,911029250,3815,1.0,0.9950000047683716
2,911029250,3816,1.0,0.9950000047683716
2,911029250,3817,1.0,0.9950000047683716
2,911029250,3818,1.0,0.9950000047683716
2,911029250,3819,1.0,0.9950000047683716
2,911029250,3820,1.0,0.9950000047683716
2,911029250,3821,1.0,0.9950000047683716
2,911029250,3822,1.0,0.9950000047683716
2,911029250,3823,1.0,0.9950000047683716
2,911029250,3824,1.0,0.9950000047683716
2,911029250,3825,1.0,0.9950000047683716
2,911029250,3826,1.0,0.9950000047683716
2,911029250,3827,1.0,0.9950000047683716
2,911029250,3828,1.0,0.9950000047683716
2,911029250,3829,1.0,0.9950000047683716
2,911029250,3830,1.0,0.9950000047683716
2,911029250,3831,1.0,0.9950000047683716
2,911029250,3832,1.0,0.9950000047683716
2,911029250,3833,1.0,0.9950000047683716
2,911029250,3834,1.0,0.9950000047683716
2,911029250,3835,1.0,0.9950000047683716
2,911029250,3836,1.0,0.9950000047683716
2,911029250,3837,1.0,0.9950000047683716
2,911029250,3838,1.0,0.9950000047683716
2,911029250,3839,1.0,0.9950000047683716
2,911029250,3840,1.0,0.9950000047683716
2,911029250,3841,1.0,0.9950000047683716
2,911029250,3842,1.0,0.9950000047683716
2,911029250,3843,1.0,0.9950000047683716
2,911029250,3844,1.0,0.9950000047683716
2,911029250,3845,1.0,0.9950000047683716
2,911029250,3846,1.0,0.9950000047683716
2,911029250,3847,1.0,0.9950000047683716
2,911029250,3848,1.0,0.9950000047683716
2,911029250,3849,1.0,0.9950000047683716
2,911029250,3850,1.0,0.9950000047683716
2,911029250,3851,1.0,0.9950000047683716
2,911029250,3852,1.0,0.9950000047683716
2,911029250,3853,1.0,0.9950000047683716
2,911029250,3854,1.0,0.9950000047683716
2,911029250,3855,1.0,0.9950000047683716
2,911029250,3856,1.0,0.9950000047683716
2,911029250,3857,1.0,0.9950000047683716
2,911029250,3858,1.0,0.9950000047683716
2,911029250,3859,1.0,0.9950000047683716
2,911029250,3860,1.0,0.9950000047683716
2,911029250,3861,1.0,0.9950000047683716
2,911029250,3862,1.0,0.9950000047683716
2,911029250,3863,1.0,0.9950000047683716
2,911029250,3864,1.0,0.9950000047683716
2,911029250,3865,1.0,0.9950000047683716
2,911029250,3866,1.0,0.9950000047683716
2,911029250,3867,1.0,0.9950000047683716
2,911029250,3868,1.0,0.9950000047683716
2,911029250,3869,1.0,0.9950000047683716
2,911029250,3870,1.0,0.9950000047683716
2,911029250,3871,1.0,0.9950000047683716
2,911029250,3872,1.0,0.9950000047683716
2,911029250,3873,1.0,0.9950000047683716
2,911029250,3874,1.0,0.9950000047683716
2,911029250,3875,1.0,0.9950000047683716
2,911029250,3876,1.0,0.9950000047683716
2,911029250,3877,1.0,0.9950000047683716
2,911029250,3878,1.0,0.9950000047683716
2,911029250,3879,1.0,0.9950000047683716
2,911029250,3880,1.0,0.9950000047683716
2,911029250,3881,1.0,1.0
2,911029250,3882,1.0,1.0
2,911029250,3883,1.0,0.9950000047683716
2,911029250,3884,1.0,0.9950000047683716
2,911029250,3885,1.0,0.9950000047683716
2,911029250,3886,1.0,0.9950000047683716
2,911029250,3887,1.0,0.9950000047683716
2,911029250,3888,1.0,0.9950000047683716
2,911029250,3889,1.0,0.9950000047683716
2,911029250,3890,1.0,0.9950000047683716
2,911029250,3891,1.0,0.9950000047683716
2,911029250,3892,1.0,0.9950000047683716
2,911029250,3893,1.0,0.9950000047683716
2,911029250,3894,1.0,0.9950000047683716
2,911029250,3895,1.0,0.9950000047683716
2,911029250,3896,1.0,0.9950000047683716
2,911029250,3897,1.0,0.9950000047683716
2,911029250,3898,1.0,0.9950000047683716
2,911029250,3899,1.0,0.9950000047683716
2,911029250,3900,1.0,0.9950000047683716
2,911029250,3901,1.0,0.9950000047683716
2,911029250,3902,1.0,0.9950000047683716
2,911029250,3903,1.0,0.9950000047683716
2,911029250,3904,1.0,0.9950000047683716
2,911029250,3905,1.0,0.9950000047683716
2,911029250,3906,1.0,0.9950000047683716
2,911029250,3907,1.0,0.9950000047683716
2,911029250,3908,1.0,0.9950000047683716
2,911029250,3909,1.0,0.9950000047683716
2,911029250,3910,1.0,0.9950000047683716
2,911029250,3911,1.0,0.9950000047683716
2,911029250,3912,1.0,0.9950000047683716
2,911029250,3913,1.0,0.9950000047683716
2,911029250,3914,1.0,0.9950000047683716
2,911029250,3915,1.0,0.9950000047683716
2,911029250,3916,1.0,0.9950000047683716
2,911029250,3917,1.0,0.9950000047683716
2,911029250,3918,1.0,0.9950000047683716
2,911029250,3919,1.0,0.9950000047683716
2,911029250,3920,1.0,0.9950000047683716
2,911029250,3921,1.0,0.9950000047683716
2,911029250,3922,1.0,0.9950000047683716
2,911029250,3923,1.0,0.9950000047683716
2,911029250,3924,1.0,0.9950000047683716
2,911029250,3925,1.0,0.9950000047683716
2,911029250,3926,1.0,0.9950000047683716
2,911029250,3927,1.0,0.9950000047683716
2,911029250,3928,1.0,0.9950000047683716
2,911029250,3929,1.0,0.9950000047683716
2,911029250,3930,1.0,0.9950000047683716
2,911029250,3931,1.0,0.9950000047683716
2,911029250,3932,1.0,0.9950000047683716
2,911029250,3933,1.0,0.9950000047683716
2,911029250,3934,1.0,0.9950000047683716
2,911029250,3935,1.0,0.9950000047683716
2,911029250,3936,1.0,0.9950000047683716
2,911029250,3937,1.0,0.9950000047683716
2,911029250,3938,1.0,0.9950000047683716
2,911029250,3939,1.0,0.9950000047683716
2,911029250,3940,1.0,0.9950000047683716
2,911029250,3941,1.0,0.9950000047683716
2,911029250,3942,1.0,0.9950000047683716
2,911029250,3943,1.0,0.9950000047683716
2,911029250,3944,1.0,0.9950000047683716
2,911029250,3945,1.0,0.9950000047683716
2,911029250,3946,1.0,0.9950000047683716
2,911029250,3947,1.0,0.9950000047683716
2,911029250,3948,1.0,0.9950000047683716
2,911029250,3949,1.0,0.9950000047683716
2,911029250,3950,1.0,0.9950000047683716
2,911029250,3951,1.0,0.9950000047683716
2,911029250,3952,1.0,0.9950000047683716
2,911029250,3953,1.0,0.9950000047683716
2,911029250,3954,1.0,0.9950000047683716
2,911029250,3955,1.0,0.9950000047683716
2,911029250,3956,1.0,0.9950000047683716
2,911029250,3957,1.0,0.9950000047683716
2,911029250,3958,1.0,0.9950000047683716
2,911029250,3959,1.0,0.9950000047683716
2,911029250,3960,1.0,0.9950000047683716
2,911029250,3961,1.0,0.9950000047683716
2,911029250,3962,1.0,0.9950000047683716
2,911029250,3963,1.0,0.9950000047683716
2,911029250,3964,1.0,0.9950000047683716
2,911029250,3965,1.0,0.9950000047683716
2,911029250,3966,1.0,0.9950000047683716
2,911029250,3967,1.0,0.9950000047683716
2,911029250,3968,1.0,0.9950000047683716
2,911029250,3969,1.0,0.9950000047683716
2,911029250,3970,1.0,0.9950000047683716
2,911029250,3971,1.0,0.9950000047683716
2,911029250,3972,1.0,0.9950000047683716
2,911029250,3973,1.0,0.9950000047683716
2,911029250,3974,1.0,0.9950000047683716
2,911029250,3975,1.0,0.9950000047683716
2,911029250,3976,1.0,0.9950000047683716
2,911029250,3977,1.0,0.9950000047683716
2,911029250,3978,1.0,0.9950000047683716
2,911029250,3979,1.0,0.9950000047683716
2,911029250,3980,1.0,0.9950000047683716
2,911029250,3981,1.0,0.9950000047683716
2,911029250,3982,1.0,0.9950000047683716
2,911029250,3983,1.0,0.9950000047683716
2,911029250,3984,1.0,0.9950000047683716
2,911029250,3985,1.0,0.9950000047683716
2,911029250,3986,1.0,0.9950000047683716
2,911029250,3987,1.0,0.9950000047683716
2,911029250,3988,1.0,0.9950000047683716
2,911029250,3989,1.0,0.9950000047683716
2,911029250,3990,1.0,0.9950000047683716
2,911029250,3991,1.0,0.9950000047683716
2,911029250,3992,1.0,0.9950000047683716
2,911029250,3993,1.0,0.9950000047683716
2,911029250,3994,1.0,0.9950000047683716
2,911029250,3995,1.0,0.9950000047683716
2,911029250,3996,1.0,0.9950000047683716
2,911029250,3997,1.0,0.9950000047683716
2,911029250,3998,1.0,0.9950000047683716
2,911029250,3999,1.0,0.9950000047683716
2,911029250,4000,1.0,0.9950000047683716
2,911029250,4001,1.0,0.9950000047683716
2,911029250,4002,1.0,0.9950000047683716
2,911029250,4003,1.0,0.9950000047683716
2,911029250,4004,1.0,0.9950000047683716
2,911029250,4005,1.0,0.9950000047683716
2,911029250,4006,1.0,0.9950000047683716
2,911029250,4007,1.0,0.9950000047683716
2,911029250,4008,1.0,0.9950000047683716
2,911029250,4009,1.0,0.9950000047683716
2,911029250,4010,1.0,0.9950000047683716
2,911029250,4011,1.0,0.9950000047683716
2,911029250,4012,1.0,0.9950000047683716
2,911029250,4013,1.0,0.9950000047683716
2,911029250,4014,1.0,0.9950000047683716
2,911029250,4015,1.0,0.9950000047683716
2,911029250,4016,1.0,0.9950000047683716
2,911029250,4017,1.0,0.9950000047683716
2,911029250,4018,1.0,0.9950000047683716
2,911029250,4019,1.0,0.9950000047683716
2,911029250,4020,1.0,0.9950000047683716
2,911029250,4021,1.0,0.9950000047683716
2,911029250,4022,1.0,0.9950000047683716
2,911029250,4023,1.0,0.9950000047683716
2,911029250,4024,1.0,0.9950000047683716
2,911029250,4025,1.0,0.9950000047683716
2,911029250,4026,1.0,0.9950000047683716
2,911029250,4027,1.0,0.9950000047683716
2,911029250,4028,1.0,0.9950000047683716
2,911029250,4029,1.0,0.9950000047683716
2,911029250,4030,1.0,0.9950000047683716
2,911029250,4031,1.0,0.9950000047683716
2,911029250,4032,1.0,0.9950000047683716
2,911029250,4033,1.0,0.9950000047683716
2,911029250,4034,1.0,0.9950000047683716
2,911029250,4035,1.0,0.9950000047683716
2,911029250,4036,1.0,0.9950000047683716
2,911029250,4037,1.0,0.9950000047683716
2,911029250,4038,1.0,0.9950000047683716
2,911029250,4039,1.0,0.9950000047683716
2,911029250,4040,1.0,0.9950000047683716
2,911029250,4041,1.0,0.9950000047683716
2,911029250,4042,1.0,0.9950000047683716
2,911029250,4043,1.0,0.9950000047683716
2,911029250,4044,1.0,0.9950000047683716
2,911029250,4045,1.0,0.9950000047683716
2,911029250,4046,1.0,0.9950000047683716
2,911029250,4047,1.0,0.9950000047683716
2,911029250,4048,1.0,0.9950000047683716
2,911029250,4049,1.0,0.9950000047683716
2,911029250,4050,1.0,0.9950000047683716
2,911029250,4051,1.0,0.9950000047683716
2,911029250,4052,1.0,0.9950000047683716
2,911029250,4053,1.0,0.9950000047683716
2,911029250,4054,1.0,0.9950000047683716
2,911029250,4055,1.0,0.9950000047683716
2,911029250,4056,1.0,0.9950000047683716
2,911029250,4057,1.0,0.9950000047683716
2,911029250,4058,1.0,0.9950000047683716
2,911029250,4059,1.0,0.9950000047683716
2,911029250,4060,1.0,0.9950000047683716
2,911029250,4061,1.0,0.9950000047683716
2,911029250,4062,1.0,0.9950000047683716
2,911029250,4063,1.0,0.9950000047683716
2,911029250,4064,1.0,0.9950000047683716
2,911029250,4065,1.0,0.9950000047683716
2,911029250,4066,1.0,0.9950000047683716
2,911029250,4067,1.0,0.9950000047683716
2,911029250,4068,1.0,0.9950000047683716
2,911029250,4069,1.0,0.9950000047683716
2,911029250,4070,1.0,0.9950000047683716
2,911029250,4071,1.0,0.9950000047683716
2,911029250,4072,1.0,0.9950000047683716
2,911029250,4073,1.0,0.9950000047683716
2,911029250,4074,1.0,0.9950000047683716
2,911029250,4075,1.0,0.9950000047683716
2,911029250,4076,1.0,0.9950000047683716
2,911029250,4077,1.0,0.9950000047683716
2,911029250,4078,1.0,0.9950000047683716
2,911029250,4079,1.0,0.9950000047683716
2,911029250,4080,1.0,0.9950000047683716
2,911029250,4081,1.0,0.9950000047683716
2,911029250,4082,1.0,0.9950000047683716
2,911029250,4083,1.0,0.9950000047683716
2,911029250,4084,1.0,0.9950000047683716
2,911029250,4085,1.0,0.9950000047683716
2,911029250,4086,1.0,0.9950000047683716
2,911029250,4087,1.0,0.9950000047683716
2,911029250,4088,1.0,0.9950000047683716
2,911029250,4089,1.0,0.9950000047683716
2,911029250,4090,1.0,0.9950000047683716
2,911029250,4091,1.0,0.9950000047683716
2,911029250,4092,1.0,0.9950000047683716
2,911029250,4093,1.0,0.9950000047683716
2,911029250,4094,1.0,0.9950000047683716
2,911029250,4095,1.0,0.9950000047683716
2,911029250,4096,1.0,0.9950000047683716
2,911029250,4097,1.0,0.9950000047683716
2,911029250,4098,1.0,0.9950000047683716
2,911029250,4099,1.0,0.9950000047683716
2,911029250,4100,1.0,0.9950000047683716
2,911029250,4101,1.0,0.9950000047683716
2,911029250,4102,1.0,0.9950000047683716
2,911029250,4103,1.0,0.9950000047683716
2,911029250,4104,1.0,0.9950000047683716
2,911029250,4105,1.0,0.9950000047683716
2,911029250,4106,1.0,0.9950000047683716
2,911029250,4107,1.0,0.9950000047683716
2,911029250,4108,1.0,0.9950000047683716
2,911029250,4109,1.0,0.9950000047683716
2,911029250,4110,1.0,0.9950000047683716
2,911029250,4111,1.0,0.9950000047683716
2,911029250,4112,1.0,0.9950000047683716
2,911029250,4113,1.0,0.9950000047683716
2,911029250,4114,1.0,0.9950000047683716
2,911029250,4115,1.0,0.9950000047683716
2,911029250,4116,1.0,0.9950000047683716
2,911029250,4117,1.0,0.9950000047683716
2,911029250,4118,1.0,0.9950000047683716
2,911029250,4119,1.0,0.9950000047683716
2,911029250,4120,1.0,0.9950000047683716
2,911029250,4121,1.0,0.9950000047683716
2,911029250,4122,1.0,0.9950000047683716
2,911029250,4123,1.0,0.9950000047683716
2,911029250,4124,1.0,0.9950000047683716
2,911029250,4125,1.0,0.9950000047683716
2,911029250,4126,1.0,0.9950000047683716
2,911029250,4127,1.0,0.9950000047683716
2,911029250,4128,1.0,0.9950000047683716
2,911029250,4129,1.0,0.9950000047683716
2,911029250,4130,1.0,0.9950000047683716
2,911029250,4131,1.0,0.9950000047683716
2,911029250,4132,1.0,0.9950000047683716
2,911029250,4133,1.0,0.9950000047683716
2,911029250,4134,1.0,0.9950000047683716
2,911029250,4135,1.0,0.9950000047683716
2,911029250,4136,1.0,0.9950000047683716
2,911029250,4137,1.0,0.9950000047683716
2,911029250,4138,1.0,0.9950000047683716
2,911029250,4139,1.0,0.9950000047683716
2,911029250,4140,1.0,0.9950000047683716
2,911029250,4141,1.0,0.9950000047683716
2,911029250,4142,1.0,0.9950000047683716
2,911029250,4143,1.0,0.9950000047683716
2,911029250,4144,1.0,0.9950000047683716
2,911029250,4145,1.0,0.9950000047683716
2,911029250,4146,1.0,0.9950000047683716
2,911029250,4147,1.0,0.9950000047683716
2,911029250,4148,1.0,1.0
2,911029250,4149,1.0,1.0
2,911029250,4150,1.0,1.0
2,911029250,4151,1.0,1.0
2,911029250,4152,1.0,0.9950000047683716
2,911029250,4153,1.0,0.9950000047683716
2,911029250,4154,1.0,0.9950000047683716
2,911029250,4155,1.0,0.9950000047683716
2,911029250,4156,1.0,0.9950000047683716
2,911029250,4157,1.0,0.9950000047683716
2,911029250,4158,1.0,0.9950000047683716
2,911029250,4159,1.0,0.9950000047683716
2,911029250,4160,1.0,0.9950000047683716
2,911029250,4161,1.0,0.9950000047683716
2,911029250,4162,1.0,0.9950000047683716
2,911029250,4163,1.0,0.9950000047683716
2,911029250,4164,1.0,0.9950000047683716
2,911029250,4165,1.0,0.9950000047683716
2,911029250,4166,1.0,0.9950000047683716
2,911029250,4167,1.0,0.9950000047683716
2,911029250,4168,1.0,0.9950000047683716
2,911029250,4169,1.0,0.9950000047683716
2,911029250,4170,1.0,0.9950000047683716
2,911029250,4171,1.0,1.0
2,911029250,4172,1.0,0.9950000047683716
2,911029250,4173,1.0,0.9950000047683716
2,911029250,4174,1.0,0.9950000047683716
2,911029250,4175,1.0,0.9950000047683716
2,911029250,4176,1.0,0.9950000047683716
2,911029250,4177,1.0,1.0
2,911029250,4178,1.0,0.9950000047683716
2,911029250,4179,1.0,0.9950000047683716
2,911029250,4180,1.0,0.9950000047683716
2,911029250,4181,1.0,0.9950000047683716
2,911029250,4182,1.0,0.9950000047683716
2,911029250,4183,1.0,0.9950000047683716
2,911029250,4184,1.0,0.9950000047683716
2,911029250,4185,1.0,0.9950000047683716
2,911029250,4186,1.0,0.9950000047683716
2,911029250,4187,1.0,0.9950000047683716
2,911029250,4188,1.0,0.9950000047683716
2,911029250,4189,1.0,0.9950000047683716
2,911029250,4190,1.0,0.9950000047683716
2,911029250,4191,1.0,0.9950000047683716
2,911029250,4192,1.0,0.9950000047683716
2,911029250,4193,1.0,0.9950000047683716
2,911029250,4194,1.0,0.9950000047683716
2,911029250,4195,1.0,0.9950000047683716
2,911029250,4196,1.0,0.9950000047683716
2,911029250,4197,1.0,0.9950000047683716
2,911029250,4198,1.0,0.9950000047683716
2,911029250,4199,1.0,1.0
2,911029250,4200,1.0,0.9950000047683716
2,911029250,4201,1.0,0.9950000047683716
2,911029250,4202,1.0,0.9950000047683716
2,911029250,4203,1.0,0.9950000047683716
2,911029250,4204,1.0,0.9950000047683716
2,911029250,4205,1.0,0.9950000047683716
2,911029250,4206,1.0,0.9950000047683716
2,911029250,4207,1.0,0.9950000047683716
2,911029250,4208,1.0,0.9950000047683716
2,911029250,4209,1.0,0.9950000047683716
2,911029250,4210,1.0,0.9950000047683716
2,911029250,4211,1.0,0.9950000047683716
2,911029250,4212,1.0,0.9950000047683716
2,911029250,4213,1.0,0.9950000047683716
2,911029250,4214,1.0,0.9950000047683716
2,911029250,4215,1.0,0.9950000047683716
2,911029250,4216,1.0,0.9950000047683716
2,911029250,4217,1.0,0.9950000047683716
2,911029250,4218,1.0,1.0
2,911029250,4219,1.0,0.9950000047683716
2,911029250,4220,1.0,0.9950000047683716
2,911029250,4221,1.0,0.9950000047683716
2,911029250,4222,1.0,0.9950000047683716
2,911029250,4223,1.0,0.9950000047683716
2,911029250,4224,1.0,0.9950000047683716
2,911029250,4225,1.0,0.9950000047683716
2,911029250,4226,1.0,0.9950000047683716
2,911029250,4227,1.0,0.9950000047683716
2,911029250,4228,1.0,0.9950000047683716
2,911029250,4229,1.0,0.9950000047683716
2,911029250,4230,1.0,0.9950000047683716
2,911029250,4231,1.0,1.0
2,911029250,4232,1.0,0.9950000047683716
2,911029250,4233,1.0,0.9950000047683716
2,911029250,4234,1.0,0.9950000047683716
2,911029250,4235,1.0,0.9950000047683716
2,911029250,4236,1.0,0.9950000047683716
2,911029250,4237,1.0,0.9950000047683716
2,911029250,4238,1.0,0.9950000047683716
2,911029250,4239,1.0,0.9950000047683716
2,911029250,4240,1.0,0.9950000047683716
2,911029250,4241,1.0,1.0
2,911029250,4242,1.0,1.0
2,911029250,4243,1.0,0.9950000047683716
2,911029250,4244,1.0,0.9950000047683716
2,911029250,4245,1.0,0.9950000047683716
2,911029250,4246,1.0,0.9950000047683716
2,911029250,4247,1.0,0.9950000047683716
2,911029250,4248,1.0,0.9950000047683716
2,911029250,4249,1.0,0.9950000047683716
2,911029250,4250,1.0,0.9950000047683716
2,911029250,4251,1.0,0.9950000047683716
2,911029250,4252,1.0,0.9950000047683716
2,911029250,4253,1.0,0.9950000047683716
2,911029250,4254,1.0,0.9950000047683716
2,911029250,4255,1.0,0.9950000047683716
2,911029250,4256,1.0,0.9950000047683716
2,911029250,4257,1.0,0.9950000047683716
2,911029250,4258,1.0,0.9950000047683716
2,911029250,4259,1.0,0.9950000047683716
2,911029250,4260,1.0,0.9950000047683716
2,911029250,4261,1.0,1.0
2,911029250,4262,1.0,0.9950000047683716
2,911029250,4263,1.0,0.9950000047683716
2,911029250,4264,1.0,0.9950000047683716
2,911029250,4265,1.0,0.9950000047683716
2,911029250,4266,1.0,0.9950000047683716
2,911029250,4267,1.0,0.9950000047683716
2,911029250,4268,1.0,0.9950000047683716
2,911029250,4269,1.0,0.9950000047683716
2,911029250,4270,1.0,0.9950000047683716
2,911029250,4271,1.0,0.9950000047683716
2,911029250,4272,1.0,0.9950000047683716
2,911029250,4273,1.0,0.9950000047683716
2,911029250,4274,1.0,0.9950000047683716
2,911029250,4275,1.0,1.0
2,911029250,4276,1.0,0.9950000047683716
2,911029250,4277,1.0,0.9950000047683716
2,911029250,4278,1.0,0.9950000047683716
2,911029250,4279,1.0,0.9950000047683716
2,911029250,4280,1.0,0.9950000047683716
2,911029250,4281,1.0,0.9950000047683716
2,911029250,4282,1.0,0.9950000047683716
2,911029250,4283,1.0,0.9950000047683716
2,911029250,4284,1.0,0.9950000047683716
2,911029250,4285,1.0,0.9950000047683716
2,911029250,4286,1.0,0.9950000047683716
2,911029250,4287,1.0,0.9950000047683716
2,911029250,4288,1.0,0.9950000047683716
2,911029250,4289,1.0,0.9950000047683716
2,911029250,4290,1.0,0.9950000047683716
2,911029250,4291,1.0,0.9950000047683716
2,911029250,4292,1.0,0.9950000047683716
2,911029250,4293,1.0,0.9950000047683716
2,911029250,4294,1.0,0.9950000047683716
2,911029250,4295,1.0,0.9950000047683716
2,911029250,4296,1.0,0.9950000047683716
2,911029250,4297,1.0,0.9950000047683716
2,911029250,4298,1.0,0.9950000047683716
2,911029250,4299,1.0,0.9950000047683716
2,911029250,4300,1.0,0.9950000047683716
2,911029250,4301,1.0,1.0
2,911029250,4302,1.0,0.9950000047683716
2,911029250,4303,1.0,0.9950000047683716
2,911029250,4304,1.0,0.9950000047683716
2,911029250,4305,1.0,0.9950000047683716
2,911029250,4306,1.0,0.9950000047683716
2,911029250,4307,1.0,0.9950000047683716
2,911029250,4308,1.0,0.9950000047683716
2,911029250,4309,1.0,0.9950000047683716
2,911029250,4310,1.0,0.9950000047683716
2,911029250,4311,1.0,0.9950000047683716
2,911029250,4312,1.0,0.9950000047683716
2,911029250,4313,1.0,0.9950000047683716
2,911029250,4314,1.0,0.9950000047683716
2,911029250,4315,1.0,1.0
2,911029250,4316,1.0,0.9950000047683716
2,911029250,4317,1.0,0.9950000047683716
2,911029250,4318,1.0,0.9950000047683716
2,911029250,4319,1.0,0.9950000047683716
2,911029250,4320,1.0,0.9950000047683716
2,911029250,4321,1.0,0.9950000047683716
2,911029250,4322,1.0,0.9950000047683716
2,911029250,4323,1.0,0.9950000047683716
2,911029250,4324,1.0,0.9950000047683716
2,911029250,4325,1.0,0.9950000047683716
2,911029250,4326,1.0,0.9950000047683716
2,911029250,4327,1.0,0.9950000047683716
2,911029250,4328,1.0,0.9950000047683716
2,911029250,4329,1.0,0.9950000047683716
2,911029250,4330,1.0,1.0
2,911029250,4331,1.0,0.9950000047683716
2,911029250,4332,1.0,0.9950000047683716
2,911029250,4333,1.0,0.9950000047683716
2,911029250,4334,1.0,0.9950000047683716
2,911029250,4335,1.0,0.9950000047683716
2,911029250,4336,1.0,0.9950000047683716
2,911029250,4337,1.0,0.9950000047683716
2,911029250,4338,1.0,0.9950000047683716
2,911029250,4339,1.0,0.9950000047683716
2,911029250,4340,1.0,0.9950000047683716
2,911029250,4341,1.0,0.9950000047683716
2,911029250,4342,1.0,0.9950000047683716
2,911029250,4343,1.0,0.9950000047683716
2,911029250,4344,1.0,0.9950000047683716
2,911029250,4345,1.0,0.9950000047683716
2,911029250,4346,1.0,0.9950000047683716
2,911029250,4347,1.0,0.9950000047683716
2,911029250,4348,1.0,0.9950000047683716
2,911029250,4349,1.0,0.9950000047683716
2,911029250,4350,1.0,0.9950000047683716
2,911029250,4351,1.0,0.9950000047683716
2,911029250,4352,1.0,0.9950000047683716
2,911029250,4353,1.0,1.0
2,911029250,4354,1.0,0.9950000047683716
2,911029250,4355,1.0,1.0
2,911029250,4356,1.0,0.9950000047683716
2,911029250,4357,1.0,0.9950000047683716
2,911029250,4358,1.0,0.9950000047683716
2,911029250,4359,1.0,0.9950000047683716
2,911029250,4360,1.0,0.9950000047683716
2,911029250,4361,1.0,0.9950000047683716
2,911029250,4362,1.0,0.9950000047683716
2,911029250,4363,1.0,0.9950000047683716
2,911029250,4364,1.0,0.9950000047683716
2,911029250,4365,1.0,0.9950000047683716
2,911029250,4366,1.0,0.9950000047683716
2,911029250,4367,1.0,0.9950000047683716
2,911029250,4368,1.0,0.9950000047683716
2,911029250,4369,1.0,0.9950000047683716
2,911029250,4370,1.0,0.9950000047683716
2,911029250,4371,1.0,0.9950000047683716
2,911029250,4372,1.0,0.9950000047683716
2,911029250,4373,1.0,0.9950000047683716
2,911029250,4374,1.0,0.9950000047683716
2,911029250,4375,1.0,0.9950000047683716
2,911029250,4376,1.0,0.9950000047683716
2,911029250,4377,1.0,0.9950000047683716
2,911029250,4378,1.0,0.9950000047683716
2,911029250,4379,1.0,1.0
2,911029250,4380,1.0,0.9950000047683716
2,911029250,4381,1.0,0.9950000047683716
2,911029250,4382,1.0,0.9950000047683716
2,911029250,4383,1.0,0.9950000047683716
2,911029250,4384,1.0,0.9950000047683716
2,911029250,4385,1.0,0.9950000047683716
2,911029250,4386,1.0,0.9950000047683716
2,911029250,4387,1.0,0.9950000047683716
2,911029250,4388,1.0,0.9950000047683716
2,911029250,4389,1.0,0.9950000047683716
2,911029250,4390,1.0,0.9950000047683716
2,911029250,4391,1.0,0.9950000047683716
2,911029250,4392,1.0,0.9950000047683716
2,911029250,4393,1.0,0.9950000047683716
2,911029250,4394,1.0,0.9950000047683716
2,911029250,4395,1.0,0.9950000047683716
2,911029250,4396,1.0,0.9950000047683716
2,911029250,4397,1.0,0.9950000047683716
2,911029250,4398,1.0,0.9950000047683716
2,911029250,4399,1.0,0.9950000047683716
2,911029250,4400,1.0,0.9950000047683716
2,911029250,4401,1.0,0.9950000047683716
2,911029250,4402,1.0,1.0
2,911029250,4403,1.0,0.9950000047683716
2,911029250,4404,1.0,0.9950000047683716
2,911029250,4405,1.0,0.9950000047683716
2,911029250,4406,1.0,0.9950000047683716
2,911029250,4407,1.0,0.9950000047683716
2,911029250,4408,1.0,0.9950000047683716
2,911029250,4409,1.0,0.9950000047683716
2,911029250,4410,1.0,0.9950000047683716
2,911029250,4411,1.0,0.9950000047683716
2,911029250,4412,1.0,0.9950000047683716
2,911029250,4413,1.0,0.9950000047683716
2,911029250,4414,1.0,0.9950000047683716
2,911029250,4415,1.0,0.9950000047683716
2,911029250,4416,1.0,0.9950000047683716
2,911029250,4417,1.0,0.9950000047683716
2,911029250,4418,1.0,0.9950000047683716
2,911029250,4419,1.0,0.9950000047683716
2,911029250,4420,1.0,0.9950000047683716
2,911029250,4421,1.0,0.9950000047683716
2,911029250,4422,1.0,0.9950000047683716
2,911029250,4423,1.0,0.9950000047683716
2,911029250,4424,1.0,0.9950000047683716
2,911029250,4425,1.0,0.9950000047683716
2,911029250,4426,1.0,0.9950000047683716
2,911029250,4427,1.0,0.9950000047683716
2,911029250,4428,1.0,0.9950000047683716
2,911029250,4429,1.0,0.9950000047683716
2,911029250,4430,1.0,0.9950000047683716
2,911029250,4431,1.0,0.9950000047683716
2,911029250,4432,1.0,0.9950000047683716
2,911029250,4433,1.0,0.9950000047683716
2,911029250,4434,1.0,0.9950000047683716
2,911029250,4435,1.0,0.9950000047683716
2,911029250,4436,1.0,0.9950000047683716
2,911029250,4437,1.0,0.9950000047683716
2,911029250,4438,1.0,0.9950000047683716
2,911029250,4439,1.0,0.9950000047683716
2,911029250,4440,1.0,0.9950000047683716
2,911029250,4441,1.0,0.9950000047683716
2,911029250,4442,1.0,0.9950000047683716
2,911029250,4443,1.0,0.9950000047683716
2,911029250,4444,1.0,0.9950000047683716
2,911029250,4445,1.0,0.9950000047683716
2,911029250,4446,1.0,0.9950000047683716
2,911029250,4447,1.0,0.9950000047683716
2,911029250,4448,1.0,0.9950000047683716
2,911029250,4449,1.0,0.9950000047683716
2,911029250,4450,1.0,0.9950000047683716
2,911029250,4451,1.0,0.9950000047683716
2,911029250,4452,1.0,0.9950000047683716
2,911029250,4453,1.0,0.9950000047683716
2,911029250,4454,1.0,0.9950000047683716
2,911029250,4455,1.0,0.9950000047683716
2,911029250,4456,1.0,0.9950000047683716
2,911029250,4457,1.0,0.9950000047683716
2,911029250,4458,1.0,0.9950000047683716
2,911029250,4459,1.0,0.9950000047683716
2,911029250,4460,1.0,0.9950000047683716
2,911029250,4461,1.0,0.9950000047683716
2,911029250,4462,1.0,0.9950000047683716
2,911029250,4463,1.0,0.9950000047683716
2,911029250,4464,1.0,0.9950000047683716
2,911029250,4465,1.0,0.9950000047683716
2,911029250,4466,1.0,0.9950000047683716
2,911029250,4467,1.0,0.9950000047683716
2,911029250,4468,1.0,0.9950000047683716
2,911029250,4469,1.0,0.9950000047683716
2,911029250,4470,1.0,0.9950000047683716
2,911029250,4471,1.0,0.9950000047683716
2,911029250,4472,1.0,0.9950000047683716
2,911029250,4473,1.0,0.9950000047683716
2,911029250,4474,1.0,0.9950000047683716
2,911029250,4475,1.0,0.9950000047683716
2,911029250,4476,1.0,0.9950000047683716
2,911029250,4477,1.0,0.9950000047683716
2,911029250,4478,1.0,0.9950000047683716
2,911029250,4479,1.0,0.9950000047683716
2,911029250,4480,1.0,0.9950000047683716
2,911029250,4481,1.0,0.9950000047683716
2,911029250,4482,1.0,0.9950000047683716
2,911029250,4483,1.0,0.9950000047683716
2,911029250,4484,1.0,0.9950000047683716
2,911029250,4485,1.0,0.9950000047683716
2,911029250,4486,1.0,0.9950000047683716
2,911029250,4487,1.0,0.9950000047683716
2,911029250,4488,1.0,0.9950000047683716
2,911029250,4489,1.0,0.9950000047683716
2,911029250,4490,1.0,0.9950000047683716
2,911029250,4491,1.0,0.9950000047683716
2,911029250,4492,1.0,0.9950000047683716
2,911029250,4493,1.0,0.9950000047683716
2,911029250,4494,1.0,0.9950000047683716
2,911029250,4495,1.0,0.9950000047683716
2,911029250,4496,1.0,0.9950000047683716
2,911029250,4497,1.0,0.9950000047683716
2,911029250,4498,1.0,0.9950000047683716
2,911029250,4499,1.0,0.9950000047683716
2,911029250,4500,1.0,0.9950000047683716
2,911029250,4501,1.0,0.9950000047683716
2,911029250,4502,1.0,0.9950000047683716
2,911029250,4503,1.0,0.9950000047683716
2,911029250,4504,1.0,0.9950000047683716
2,911029250,4505,1.0,0.9950000047683716
2,911029250,4506,1.0,0.9950000047683716
2,911029250,4507,1.0,0.9950000047683716
2,911029250,4508,1.0,0.9950000047683716
2,911029250,4509,1.0,0.9950000047683716
2,911029250,4510,1.0,0.9950000047683716
2,911029250,4511,1.0,0.9950000047683716
2,911029250,4512,1.0,0.9950000047683716
2,911029250,4513,1.0,0.9950000047683716
2,911029250,4514,1.0,0.9950000047683716
2,911029250,4515,1.0,0.9950000047683716
2,911029250,4516,1.0,0.9950000047683716
2,911029250,4517,1.0,0.9950000047683716
2,911029250,4518,1.0,0.9950000047683716
2,911029250,4519,1.0,0.9950000047683716
2,911029250,4520,1.0,0.9950000047683716
2,911029250,4521,1.0,0.9950000047683716
2,911029250,4522,1.0,0.9950000047683716
2,911029250,4523,1.0,0.9950000047683716
2,911029250,4524,1.0,0.9950000047683716
2,911029250,4525,1.0,0.9950000047683716
2,911029250,4526,1.0,0.9950000047683716
2,911029250,4527,1.0,0.9950000047683716
2,911029250,4528,1.0,0.9950000047683716
2,911029250,4529,1.0,0.9950000047683716
2,911029250,4530,1.0,0.9950000047683716
2,911029250,4531,1.0,0.9950000047683716
2,911029250,4532,1.0,0.9950000047683716
2,911029250,4533,1.0,0.9950000047683716
2,911029250,4534,1.0,0.9950000047683716
2,911029250,4535,1.0,0.9950000047683716
2,911029250,4536,1.0,0.9950000047683716
2,911029250,4537,1.0,0.9950000047683716
2,911029250,4538,1.0,0.9950000047683716
2,911029250,4539,1.0,0.9950000047683716
2,911029250,4540,1.0,0.9950000047683716
2,911029250,4541,1.0,0.9950000047683716
2,911029250,4542,1.0,0.9950000047683716
2,911029250,4543,1.0,0.9950000047683716
2,911029250,4544,1.0,0.9950000047683716
2,911029250,4545,1.0,0.9950000047683716
2,911029250,4546,1.0,0.9950000047683716
2,911029250,4547,1.0,0.9950000047683716
2,911029250,4548,1.0,0.9950000047683716
2,911029250,4549,1.0,0.9950000047683716
2,911029250,4550,1.0,0.9950000047683716
2,911029250,4551,1.0,0.9950000047683716
2,911029250,4552,1.0,0.9950000047683716
2,911029250,4553,1.0,0.9950000047683716
2,911029250,4554,1.0,0.9950000047683716
2,911029250,4555,1.0,0.9950000047683716
2,911029250,4556,1.0,0.9950000047683716
2,911029250,4557,1.0,0.9950000047683716
2,911029250,4558,1.0,0.9950000047683716
2,911029250,4559,1.0,0.9950000047683716
2,911029250,4560,1.0,0.9950000047683716
2,911029250,4561,1.0,0.9950000047683716
2,911029250,4562,1.0,0.9950000047683716
2,911029250,4563,1.0,0.9950000047683716
2,911029250,4564,1.0,0.9950000047683716
2,911029250,4565,1.0,0.9950000047683716
2,911029250,4566,1.0,0.9950000047683716
2,911029250,4567,1.0,0.9950000047683716
2,911029250,4568,1.0,0.9950000047683716
2,911029250,4569,1.0,0.9950000047683716
2,911029250,4570,1.0,0.9950000047683716
2,911029250,4571,1.0,0.9950000047683716
2,911029250,4572,1.0,0.9950000047683716
2,911029250,4573,1.0,0.9950000047683716
2,911029250,4574,1.0,0.9950000047683716
2,911029250,4575,1.0,0.9950000047683716
2,911029250,4576,1.0,0.9950000047683716
2,911029250,4577,1.0,0.9950000047683716
2,911029250,4578,1.0,0.9950000047683716
2,911029250,4579,1.0,0.9950000047683716
2,911029250,4580,1.0,0.9950000047683716
2,911029250,4581,1.0,0.9950000047683716
2,911029250,4582,1.0,0.9950000047683716
2,911029250,4583,1.0,0.9950000047683716
2,911029250,4584,1.0,0.9950000047683716
2,911029250,4585,1.0,0.9950000047683716
2,911029250,4586,1.0,0.9950000047683716
2,911029250,4587,1.0,0.9950000047683716
2,911029250,4588,1.0,0.9950000047683716
2,911029250,4589,1.0,0.9950000047683716
2,911029250,4590,1.0,0.9950000047683716
2,911029250,4591,1.0,0.9950000047683716
2,911029250,4592,1.0,0.9950000047683716
2,911029250,4593,1.0,0.9950000047683716
2,911029250,4594,1.0,0.9950000047683716
2,911029250,4595,1.0,0.9950000047683716
2,911029250,4596,1.0,0.9950000047683716
2,911029250,4597,1.0,0.9950000047683716
2,911029250,4598,1.0,0.9950000047683716
2,911029250,4599,1.0,0.9950000047683716
2,911029250,4600,1.0,0.9950000047683716
2,911029250,4601,1.0,0.9950000047683716
2,911029250,4602,1.0,0.9950000047683716
2,911029250,4603,1.0,0.9950000047683716
2,911029250,4604,1.0,0.9950000047683716
2,911029250,4605,1.0,0.9950000047683716
2,911029250,4606,1.0,0.9950000047683716
2,911029250,4607,1.0,0.9950000047683716
2,911029250,4608,1.0,0.9950000047683716
2,911029250,4609,1.0,0.9950000047683716
2,911029250,4610,1.0,0.9950000047683716
2,911029250,4611,1.0,0.9950000047683716
2,911029250,4612,1.0,0.9950000047683716
2,911029250,4613,1.0,0.9950000047683716
2,911029250,4614,1.0,0.9950000047683716
2,911029250,4615,1.0,0.9950000047683716
2,911029250,4616,1.0,0.9950000047683716
2,911029250,4617,1.0,0.9950000047683716
2,911029250,4618,1.0,0.9950000047683716
2,911029250,4619,1.0,0.9950000047683716
2,911029250,4620,1.0,0.9950000047683716
2,911029250,4621,1.0,0.9950000047683716
2,911029250,4622,1.0,0.9950000047683716
2,911029250,4623,1.0,0.9950000047683716
2,911029250,4624,1.0,0.9950000047683716
2,911029250,4625,1.0,0.9950000047683716
2,911029250,4626,1.0,0.9950000047683716
2,911029250,4627,1.0,0.9950000047683716
2,911029250,4628,1.0,0.9950000047683716
2,911029250,4629,1.0,0.9950000047683716
2,911029250,4630,1.0,0.9950000047683716
2,911029250,4631,1.0,0.9950000047683716
2,911029250,4632,1.0,0.9950000047683716
2,911029250,4633,1.0,0.9950000047683716
2,911029250,4634,1.0,0.9950000047683716
2,911029250,4635,1.0,0.9950000047683716
2,911029250,4636,1.0,0.9950000047683716
2,911029250,4637,1.0,0.9950000047683716
2,911029250,4638,1.0,0.9950000047683716
2,911029250,4639,1.0,0.9950000047683716
2,911029250,4640,1.0,0.9950000047683716
2,911029250,4641,1.0,0.9950000047683716
2,911029250,4642,1.0,0.9950000047683716
2,911029250,4643,1.0,0.9950000047683716
2,911029250,4644,1.0,0.9950000047683716
2,911029250,4645,1.0,0.9950000047683716
2,911029250,4646,1.0,0.9950000047683716
2,911029250,4647,1.0,0.9950000047683716
2,911029250,4648,1.0,0.9950000047683716
2,911029250,4649,1.0,0.9950000047683716
2,911029250,4650,1.0,0.9950000047683716
2,911029250,4651,1.0,0.9950000047683716
2,911029250,4652,1.0,0.9950000047683716
2,911029250,4653,1.0,0.9950000047683716
2,911029250,4654,1.0,0.9950000047683716
2,911029250,4655,1.0,0.9950000047683716
2,911029250,4656,1.0,0.9950000047683716
2,911029250,4657,1.0,0.9950000047683716
2,911029250,4658,1.0,0.9950000047683716
2,911029250,4659,1.0,0.9950000047683716
2,911029250,4660,1.0,0.9950000047683716
2,911029250,4661,1.0,0.9950000047683716
2,911029250,4662,1.0,0.9950000047683716
2,911029250,4663,1.0,0.9950000047683716
2,911029250,4664,1.0,0.9950000047683716
2,911029250,4665,1.0,0.9950000047683716
2,911029250,4666,1.0,0.9950000047683716
2,911029250,4667,1.0,0.9950000047683716
2,911029250,4668,1.0,0.9950000047683716
2,911029250,4669,1.0,0.9950000047683716
2,911029250,4670,1.0,0.9950000047683716
2,911029250,4671,1.0,0.9950000047683716
2,911029250,4672,1.0,0.9950000047683716
2,911029250,4673,1.0,0.9950000047683716
2,911029250,4674,1.0,0.9950000047683716
2,911029250,4675,1.0,0.9950000047683716
2,911029250,4676,1.0,0.9950000047683716
2,911029250,4677,1.0,0.9950000047683716
2,911029250,4678,1.0,0.9950000047683716
2,911029250,4679,1.0,0.9950000047683716
2,911029250,4680,1.0,0.9950000047683716
2,911029250,4681,1.0,0.9950000047683716
2,911029250,4682,1.0,0.9950000047683716
2,911029250,4683,1.0,0.9950000047683716
2,911029250,4684,1.0,0.9950000047683716
2,911029250,4685,1.0,0.9950000047683716
2,911029250,4686,1.0,0.9950000047683716
2,911029250,4687,1.0,0.9950000047683716
2,911029250,4688,1.0,0.9950000047683716
2,911029250,4689,1.0,0.9950000047683716
2,911029250,4690,1.0,0.9950000047683716
2,911029250,4691,1.0,0.9950000047683716
2,911029250,4692,1.0,0.9950000047683716
2,911029250,4693,1.0,0.9950000047683716
2,911029250,4694,1.0,0.9950000047683716
2,911029250,4695,1.0,0.9950000047683716
2,911029250,4696,1.0,0.9950000047683716
2,911029250,4697,1.0,0.9950000047683716
2,911029250,4698,1.0,0.9950000047683716
2,911029250,4699,1.0,0.9950000047683716
2,911029250,4700,1.0,0.9950000047683716
2,911029250,4701,1.0,0.9950000047683716
2,911029250,4702,1.0,0.9950000047683716
2,911029250,4703,1.0,0.9950000047683716
2,911029250,4704,1.0,0.9950000047683716
2,911029250,4705,1.0,0.9950000047683716
2,911029250,4706,1.0,0.9950000047683716
2,911029250,4707,1.0,0.9950000047683716
2,911029250,4708,1.0,0.9950000047683716
2,911029250,4709,1.0,0.9950000047683716
2,911029250,4710,1.0,0.9950000047683716
2,911029250,4711,1.0,0.9950000047683716
2,911029250,4712,1.0,0.9950000047683716
2,911029250,4713,1.0,0.9950000047683716
2,911029250,4714,1.0,0.9950000047683716
2,911029250,4715,1.0,0.9950000047683716
2,911029250,4716,1.0,0.9950000047683716
2,911029250,4717,1.0,0.9950000047683716
2,911029250,4718,1.0,0.9950000047683716
2,911029250,4719,1.0,0.9950000047683716
2,911029250,4720,1.0,0.9950000047683716
2,911029250,4721,1.0,0.9950000047683716
2,911029250,4722,1.0,0.9950000047683716
2,911029250,4723,1.0,0.9950000047683716
2,911029250,4724,1.0,0.9950000047683716
2,911029250,4725,1.0,0.9950000047683716
2,911029250,4726,1.0,0.9950000047683716
2,911029250,4727,1.0,0.9950000047683716
2,911029250,4728,1.0,0.9950000047683716
2,911029250,4729,1.0,0.9950000047683716
2,911029250,4730,1.0,0.9950000047683716
2,911029250,4731,1.0,0.9950000047683716
2,911029250,4732,1.0,0.9950000047683716
2,911029250,4733,1.0,0.9950000047683716
2,911029250,4734,1.0,0.9950000047683716
2,911029250,4735,1.0,0.9950000047683716
2,911029250,4736,1.0,0.9950000047683716
2,911029250,4737,1.0,0.9950000047683716
2,911029250,4738,1.0,0.9950000047683716
2,911029250,4739,1.0,0.9950000047683716
2,911029250,4740,1.0,0.9950000047683716
2,911029250,4741,1.0,0.9950000047683716
2,911029250,4742,1.0,0.9950000047683716
2,911029250,4743,1.0,0.9950000047683716
2,911029250,4744,1.0,0.9950000047683716
2,911029250,4745,1.0,0.9950000047683716
2,911029250,4746,1.0,0.9950000047683716
2,911029250,4747,1.0,0.9950000047683716
2,911029250,4748,1.0,0.9950000047683716
2,911029250,4749,1.0,0.9950000047683716
2,911029250,4750,1.0,0.9950000047683716
2,911029250,4751,1.0,0.9950000047683716
2,911029250,4752,1.0,0.9950000047683716
2,911029250,4753,1.0,0.9950000047683716
2,911029250,4754,1.0,0.9950000047683716
2,911029250,4755,1.0,0.9950000047683716
2,911029250,4756,1.0,0.9950000047683716
2,911029250,4757,1.0,0.9950000047683716
2,911029250,4758,1.0,0.9950000047683716
2,911029250,4759,1.0,0.9950000047683716
2,911029250,4760,1.0,0.9950000047683716
2,911029250,4761,1.0,0.9950000047683716
2,911029250,4762,1.0,0.9950000047683716
2,911029250,4763,1.0,0.9950000047683716
2,911029250,4764,1.0,0.9950000047683716
2,911029250,4765,1.0,0.9950000047683716
2,911029250,4766,1.0,0.9950000047683716
2,911029250,4767,1.0,0.9950000047683716
2,911029250,4768,1.0,0.9950000047683716
2,911029250,4769,1.0,0.9950000047683716
2,911029250,4770,1.0,0.9950000047683716
2,911029250,4771,1.0,0.9950000047683716
2,911029250,4772,1.0,0.9950000047683716
2,911029250,4773,1.0,0.9950000047683716
2,911029250,4774,1.0,0.9950000047683716
2,911029250,4775,1.0,0.9950000047683716
2,911029250,4776,1.0,0.9950000047683716
2,911029250,4777,1.0,0.9950000047683716
2,911029250,4778,1.0,0.9950000047683716
2,911029250,4779,1.0,0.9950000047683716
2,911029250,4780,1.0,0.9950000047683716
2,911029250,4781,1.0,0.9950000047683716
2,911029250,4782,1.0,0.9950000047683716
2,911029250,4783,1.0,0.9950000047683716
2,911029250,4784,1.0,0.9950000047683716
2,911029250,4785,1.0,0.9950000047683716
2,911029250,4786,1.0,0.9950000047683716
2,911029250,4787,1.0,0.9950000047683716
2,911029250,4788,1.0,0.9950000047683716
2,911029250,4789,1.0,0.9950000047683716
2,911029250,4790,1.0,0.9950000047683716
2,911029250,4791,1.0,0.9950000047683716
2,911029250,4792,1.0,0.9950000047683716
2,911029250,4793,1.0,0.9950000047683716
2,911029250,4794,1.0,0.9950000047683716
2,911029250,4795,1.0,0.9950000047683716
2,911029250,4796,1.0,0.9950000047683716
2,911029250,4797,1.0,0.9950000047683716
2,911029250,4798,1.0,0.9950000047683716
2,911029250,4799,1.0,0.9950000047683716
2,911029250,4800,1.0,0.9950000047683716
2,911029250,4801,1.0,0.9950000047683716
2,911029250,4802,1.0,0.9950000047683716
2,911029250,4803,1.0,0.9950000047683716
2,911029250,4804,1.0,0.9950000047683716
2,911029250,4805,1.0,0.9950000047683716
2,911029250,4806,1.0,0.9950000047683716
2,911029250,4807,1.0,0.9950000047683716
2,911029250,4808,1.0,0.9950000047683716
2,911029250,4809,1.0,0.9950000047683716
2,911029250,4810,1.0,0.9950000047683716
2,911029250,4811,1.0,0.9950000047683716
2,911029250,4812,1.0,0.9950000047683716
2,911029250,4813,1.0,0.9950000047683716
2,911029250,4814,1.0,0.9950000047683716
2,911029250,4815,1.0,0.9950000047683716
2,911029250,4816,1.0,0.9950000047683716
2,911029250,4817,1.0,0.9950000047683716
2,911029250,4818,1.0,0.9950000047683716
2,911029250,4819,1.0,0.9899999499320984
2,911029250,4820,1.0,0.9899999499320984
2,911029250,4821,1.0,0.9950000047683716
2,911029250,4822,1.0,0.9950000047683716
2,911029250,4823,1.0,0.9950000047683716
2,911029250,4824,1.0,0.9950000047683716
2,911029250,4825,1.0,0.9950000047683716
2,911029250,4826,1.0,0.9950000047683716
2,911029250,4827,1.0,0.9950000047683716
2,911029250,4828,1.0,0.9950000047683716
2,911029250,4829,1.0,0.9950000047683716
2,911029250,4830,1.0,0.9950000047683716
2,911029250,4831,1.0,0.9950000047683716
2,911029250,4832,1.0,0.9950000047683716
2,911029250,4833,1.0,0.9950000047683716
2,911029250,4834,1.0,0.9950000047683716
2,911029250,4835,1.0,0.9950000047683716
2,911029250,4836,1.0,0.9950000047683716
2,911029250,4837,1.0,0.9950000047683716
2,911029250,4838,1.0,0.9950000047683716
2,911029250,4839,1.0,0.9950000047683716
2,911029250,4840,1.0,0.9950000047683716
2,911029250,4841,1.0,0.9950000047683716
2,911029250,4842,1.0,0.9950000047683716
2,911029250,4843,1.0,0.9950000047683716
2,911029250,4844,1.0,0.9950000047683716
2,911029250,4845,1.0,0.9950000047683716
2,911029250,4846,1.0,0.9950000047683716
2,911029250,4847,1.0,0.9950000047683716
2,911029250,4848,1.0,0.9950000047683716
2,911029250,4849,1.0,0.9950000047683716
2,911029250,4850,1.0,0.9950000047683716
2,911029250,4851,1.0,0.9950000047683716
2,911029250,4852,1.0,0.9950000047683716
2,911029250,4853,1.0,0.9950000047683716
2,911029250,4854,1.0,0.9950000047683716
2,911029250,4855,1.0,0.9950000047683716
2,911029250,4856,1.0,0.9950000047683716
2,911029250,4857,1.0,0.9950000047683716
2,911029250,4858,1.0,0.9950000047683716
2,911029250,4859,1.0,0.9950000047683716
2,911029250,4860,1.0,0.9950000047683716
2,911029250,4861,1.0,0.9950000047683716
2,911029250,4862,1.0,0.9950000047683716
2,911029250,4863,1.0,0.9950000047683716
2,911029250,4864,1.0,0.9950000047683716
2,911029250,4865,1.0,0.9950000047683716
2,911029250,4866,1.0,0.9950000047683716
2,911029250,4867,1.0,0.9950000047683716
2,911029250,4868,1.0,0.9950000047683716
2,911029250,4869,1.0,0.9950000047683716
2,911029250,4870,1.0,0.9950000047683716
2,911029250,4871,1.0,0.9950000047683716
2,911029250,4872,1.0,0.9950000047683716
2,911029250,4873,1.0,0.9950000047683716
2,911029250,4874,1.0,0.9950000047683716
2,911029250,4875,1.0,0.9950000047683716
2,911029250,4876,1.0,0.9950000047683716
2,911029250,4877,1.0,0.9950000047683716
2,911029250,4878,1.0,0.9950000047683716
2,911029250,4879,1.0,0.9950000047683716
2,911029250,4880,1.0,0.9950000047683716
2,911029250,4881,1.0,0.9950000047683716
2,911029250,4882,1.0,0.9950000047683716
2,911029250,4883,1.0,0.9950000047683716
2,911029250,4884,1.0,0.9950000047683716
2,911029250,4885,1.0,0.9950000047683716
2,911029250,4886,1.0,0.9950000047683716
2,911029250,4887,1.0,0.9950000047683716
2,911029250,4888,1.0,0.9950000047683716
2,911029250,4889,1.0,0.9950000047683716
2,911029250,4890,1.0,0.9950000047683716
2,911029250,4891,1.0,0.9950000047683716
2,911029250,4892,1.0,0.9950000047683716
2,911029250,4893,1.0,0.9950000047683716
2,911029250,4894,1.0,0.9950000047683716
2,911029250,4895,1.0,0.9950000047683716
2,911029250,4896,1.0,0.9950000047683716
2,911029250,4897,1.0,0.9950000047683716
2,911029250,4898,1.0,0.9950000047683716
2,911029250,4899,1.0,0.9950000047683716
2,911029250,4900,1.0,0.9950000047683716
2,911029250,4901,1.0,0.9950000047683716
2,911029250,4902,1.0,0.9950000047683716
2,911029250,4903,1.0,0.9950000047683716
2,911029250,4904,1.0,0.9950000047683716
2,911029250,4905,1.0,0.9950000047683716
2,911029250,4906,1.0,0.9950000047683716
2,911029250,4907,1.0,0.9950000047683716
2,911029250,4908,1.0,0.9950000047683716
2,911029250,4909,1.0,0.9950000047683716
2,911029250,4910,1.0,0.9950000047683716
2,911029250,4911,1.0,0.9950000047683716
2,911029250,4912,1.0,0.9950000047683716
2,911029250,4913,1.0,0.9950000047683716
2,911029250,4914,1.0,0.9950000047683716
2,911029250,4915,1.0,0.9950000047683716
2,911029250,4916,1.0,0.9950000047683716
2,911029250,4917,1.0,0.9950000047683716
2,911029250,4918,1.0,0.9950000047683716
2,911029250,4919,1.0,0.9950000047683716
2,911029250,4920,1.0,0.9950000047683716
2,911029250,4921,1.0,0.9950000047683716
2,911029250,4922,1.0,0.9950000047683716
2,911029250,4923,1.0,0.9950000047683716
2,911029250,4924,1.0,0.9950000047683716
2,911029250,4925,1.0,0.9950000047683716
2,911029250,4926,1.0,0.9950000047683716
2,911029250,4927,1.0,0.9950000047683716
2,911029250,4928,1.0,0.9950000047683716
2,911029250,4929,1.0,0.9950000047683716
2,911029250,4930,1.0,0.9950000047683716
2,911029250,4931,1.0,0.9950000047683716
2,911029250,4932,1.0,0.9950000047683716
2,911029250,4933,1.0,0.9950000047683716
2,911029250,4934,1.0,0.9950000047683716
2,911029250,4935,1.0,0.9950000047683716
2,911029250,4936,1.0,0.9950000047683716
2,911029250,4937,1.0,0.9950000047683716
2,911029250,4938,1.0,0.9950000047683716
2,911029250,4939,1.0,0.9950000047683716
2,911029250,4940,1.0,0.9950000047683716
2,911029250,4941,1.0,0.9950000047683716
2,911029250,4942,1.0,0.9950000047683716
2,911029250,4943,1.0,0.9950000047683716
2,911029250,4944,1.0,0.9950000047683716
2,911029250,4945,1.0,0.9950000047683716
2,911029250,4946,1.0,0.9950000047683716
2,911029250,4947,1.0,0.9950000047683716
2,911029250,4948,1.0,0.9950000047683716
2,911029250,4949,1.0,0.9950000047683716
2,911029250,4950,1.0,0.9950000047683716
2,911029250,4951,1.0,0.9950000047683716
2,911029250,4952,1.0,0.9950000047683716
2,911029250,4953,1.0,0.9950000047683716
2,911029250,4954,1.0,0.9950000047683716
2,911029250,4955,1.0,0.9950000047683716
2,911029250,4956,1.0,0.9950000047683716
2,911029250,4957,1.0,0.9950000047683716
2,911029250,4958,1.0,0.9950000047683716
2,911029250,4959,1.0,0.9950000047683716
2,911029250,4960,1.0,0.9950000047683716
2,911029250,4961,1.0,0.9950000047683716
2,911029250,4962,1.0,0.9950000047683716
2,911029250,4963,1.0,0.9950000047683716
2,911029250,4964,1.0,0.9950000047683716
2,911029250,4965,1.0,0.9950000047683716
2,911029250,4966,1.0,0.9950000047683716
2,911029250,4967,1.0,0.9950000047683716
2,911029250,4968,1.0,0.9950000047683716
2,911029250,4969,1.0,0.9950000047683716
2,911029250,4970,1.0,0.9950000047683716
2,911029250,4971,1.0,0.9950000047683716
2,911029250,4972,1.0,0.9950000047683716
2,911029250,4973,1.0,0.9950000047683716
2,911029250,4974,1.0,0.9950000047683716
2,911029250,4975,1.0,0.9950000047683716
2,911029250,4976,1.0,0.9950000047683716
2,911029250,4977,1.0,0.9950000047683716
2,911029250,4978,1.0,0.9950000047683716
2,911029250,4979,1.0,0.9950000047683716
2,911029250,4980,1.0,0.9950000047683716
2,911029250,4981,1.0,0.9950000047683716
2,911029250,4982,1.0,0.9950000047683716
2,911029250,4983,1.0,0.9950000047683716
2,911029250,4984,1.0,0.9950000047683716
2,911029250,4985,1.0,0.9950000047683716
2,911029250,4986,1.0,0.9950000047683716
2,911029250,4987,1.0,0.9950000047683716
2,911029250,4988,1.0,0.9950000047683716
2,911029250,4989,1.0,0.9950000047683716
2,911029250,4990,1.0,0.9950000047683716
2,911029250,4991,1.0,0.9950000047683716
2,911029250,4992,1.0,0.9950000047683716
2,911029250,4993,1.0,0.9950000047683716
2,911029250,4994,1.0,0.9950000047683716
2,911029250,4995,1.0,0.9950000047683716
2,911029250,4996,1.0,0.9950000047683716
2,911029250,4997,1.0,0.9950000047683716
2,911029250,4998,1.0,0.9950000047683716
2,911029250,4999,1.0,0.9950000047683716
2,911029250,5000,1.0,0.9950000047683716
3,1503424559,0,0.5049999952316284,0.4949999749660492
3,1503424559,1,0.5249999761581421,0.48499998450279236
3,1503424559,2,0.5249999761581421,0.45499998331069946
3,1503424559,3,0.5299999713897705,0.4699999988079071
3,1503424559,4,0.5399999618530273,0.47999998927116394
3,1503424559,5,0.5450000166893005,0.4699999988079071
3,1503424559,6,0.5399999618530273,0.4650000035762787
3,1503424559,7,0.5399999618530273,0.4749999940395355
3,1503424559,8,0.5450000166893005,0.4699999988079071
3,1503424559,9,0.550000011920929,0.4650000035762787
3,1503424559,10,0.5550000071525574,0.48499998450279236
3,1503424559,11,0.5550000071525574,0.4650000035762787
3,1503424559,12,0.5699999928474426,0.48499998450279236
3,1503424559,13,0.5600000023841858,0.4699999988079071
3,1503424559,14,0.574999988079071,0.4899999797344208
3,1503424559,15,0.5699999928474426,0.45499998331069946
3,1503424559,16,0.5849999785423279,0.48499998450279236
3,1503424559,17,0.574999988079071,0.4650000035762787
3,1503424559,18,0.5949999690055847,0.4699999988079071
3,1503424559,19,0.5899999737739563,0.4699999988079071
3,1503424559,20,0.5999999642372131,0.4749999940395355
3,1503424559,21,0.5949999690055847,0.4699999988079071
3,1503424559,22,0.5999999642372131,0.48499998450279236
3,1503424559,23,0.5999999642372131,0.4599999785423279
3,1503424559,24,0.5999999642372131,0.47999998927116394
3,1503424559,25,0.6100000143051147,0.4749999940395355
3,1503424559,26,0.6049999594688416,0.4949999749660492
3,1503424559,27,0.6100000143051147,0.4599999785423279
3,1503424559,28,0.6100000143051147,0.4949999749660492
3,1503424559,29,0.625,0.47999998927116394
3,1503424559,30,0.6200000047683716,0.4749999940395355
3,1503424559,31,0.625,0.4699999988079071
3,1503424559,32,0.6299999952316284,0.48499998450279236
3,1503424559,33,0.6449999809265137,0.4749999940395355
3,1503424559,34,0.625,0.4949999749660492
3,1503424559,35,0.6349999904632568,0.4699999988079071
3,1503424559,36,0.6449999809265137,0.48499998450279236
3,1503424559,37,0.6549999713897705,0.4949999749660492
3,1503424559,38,0.6449999809265137,0.47999998927116394
3,1503424559,39,0.6549999713897705,0.48499998450279236
3,1503424559,40,0.6549999713897705,0.4949999749660492
3,1503424559,41,0.6649999618530273,0.4899999797344208
3,1503424559,42,0.6699999570846558,0.47999998927116394
3,1503424559,43,0.675000011920929,0.48499998450279236
3,1503424559,44,0.6699999570846558,0.4899999797344208
3,1503424559,45,0.675000011920929,0.4899999797344208
3,1503424559,46,0.6800000071525574,0.4749999940395355
3,1503424559,47,0.6800000071525574,0.48499998450279236
3,1503424559,48,0.6899999976158142,0.47999998927116394
3,1503424559,49,0.6850000023841858,0.4899999797344208
3,1503424559,50,0.6949999928474426,0.48499998450279236
3,1503424559,51,0.6949999928474426,0.48499998450279236
3,1503424559,52,0.6949999928474426,0.4899999797344208
3,1503424559,53,0.699999988079071,0.4899999797344208
3,1503424559,54,0.6949999928474426,0.4749999940395355
3,1503424559,55,0.7049999833106995,0.4899999797344208
3,1503424559,56,0.7049999833106995,0.4899999797344208
3,1503424559,57,0.7049999833106995,0.48499998450279236
3,1503424559,58,0.7099999785423279,0.48499998450279236
3,1503424559,59,0.7149999737739563,0.5049999952316284
3,1503424559,60,0.7049999833106995,0.4899999797344208
3,1503424559,61,0.7149999737739563,0.4949999749660492
3,1503424559,62,0.7099999785423279,0.4899999797344208
3,1503424559,63,0.7149999737739563,0.5049999952316284
3,1503424559,64,0.699999988079071,0.4949999749660492
3,1503424559,65,0.7249999642372131,0.4899999797344208
3,1503424559,66,0.7099999785423279,0.48499998450279236
3,1503424559,67,0.7249999642372131,0.4899999797344208
3,1503424559,68,0.7199999690055847,0.4899999797344208
3,1503424559,69,0.7199999690055847,0.48499998450279236
3,1503424559,70,0.7199999690055847,0.4949999749660492
3,1503424559,71,0.7249999642372131,0.4949999749660492
3,1503424559,72,0.7299999594688416,0.4749999940395355
3,1503424559,73,0.7299999594688416,0.4899999797344208
3,1503424559,74,0.7299999594688416,0.4949999749660492
3,1503424559,75,0.7299999594688416,0.4949999749660492
3,1503424559,76,0.7299999594688416,0.4949999749660492
3,1503424559,77,0.7299999594688416,0.4949999749660492
3,1503424559,78,0.73499995470047,0.4899999797344208
3,1503424559,79,0.7400000095367432,0.5049999952316284
3,1503424559,80,0.73499995470047,0.4949999749660492
3,1503424559,81,0.73499995470047,0.5049999952316284
3,1503424559,82,0.7400000095367432,0.5
3,1503424559,83,0.7450000047683716,0.4949999749660492
3,1503424559,84,0.7400000095367432,0.4899999797344208
3,1503424559,85,0.75,0.4949999749660492
3,1503424559,86,0.7450000047683716,0.4899999797344208
3,1503424559,87,0.7549999952316284,0.5049999952316284
3,1503424559,88,0.7450000047683716,0.4949999749660492
3,1503424559,89,0.7699999809265137,0.5199999809265137
3,1503424559,90,0.7599999904632568,0.5
3,1503424559,91,0.7549999952316284,0.5149999856948853
3,1503424559,92,0.7649999856948853,0.5
3,1503424559,93,0.7649999856948853,0.5099999904632568
3,1503424559,94,0.7649999856948853,0.5
3,1503424559,95,0.7699999809265137,0.5149999856948853
3,1503424559,96,0.7699999809265137,0.48499998450279236
3,1503424559,97,0.7699999809265137,0.5149999856948853
3,1503424559,98,0.7699999809265137,0.5
3,1503424559,99,0.7699999809265137,0.5149999856948853
3,1503424559,100,0.7849999666213989,0.5
3,1503424559,101,0.7749999761581421,0.5049999952316284
3,1503424559,102,0.7799999713897705,0.4949999749660492
3,1503424559,103,0.7799999713897705,0.5049999952316284
3,1503424559,104,0.7849999666213989,0.5
3,1503424559,105,0.7799999713897705,0.5099999904632568
3,1503424559,106,0.7999999523162842,0.5
3,1503424559,107,0.7949999570846558,0.5199999809265137
3,1503424559,108,0.7949999570846558,0.4899999797344208
3,1503424559,109,0.7999999523162842,0.5149999856948853
3,1503424559,110,0.8100000023841858,0.5
3,1503424559,111,0.8050000071525574,0.5149999856948853
3,1503424559,112,0.824999988079071,0.5
3,1503424559,113,0.8149999976158142,0.5149999856948853
3,1503424559,114,0.8199999928474426,0.4949999749660492
3,1503424559,115,0.8299999833106995,0.5199999809265137
3,1503424559,116,0.824999988079071,0.4949999749660492
3,1503424559,117,0.8399999737739563,0.5249999761581421
3,1503424559,118,0.8399999737739563,0.4949999749660492
3,1503424559,119,0.8299999833106995,0.5199999809265137
3,1503424559,120,0.8349999785423279,0.4899999797344208
3,1503424559,121,0.8349999785423279,0.5249999761581421
3,1503424559,122,0.8349999785423279,0.5
3,1503424559,123,0.8399999737739563,0.5099999904632568
3,1503424559,124,0.8399999737739563,0.5
3,1503424559,125,0.8399999737739563,0.5149999856948853
3,1503424559,126,0.8499999642372131,0.5049999952316284
3,1503424559,127,0.8399999737739563,0.5149999856948853
3,1503424559,128,0.8499999642372131,0.4949999749660492
3,1503424559,129,0.8549999594688416,0.5199999809265137
3,1503424559,130,0.8499999642372131,0.5099999904632568
3,1503424559,131,0.8499999642372131,0.5249999761581421
3,1503424559,132,0.8499999642372131,0.5
3,1503424559,133,0.85999995470047,0.5249999761581421
3,1503424559,134,0.8499999642372131,0.5049999952316284
3,1503424559,135,0.8549999594688416,0.5299999713897705
3,1503424559,136,0.8549999594688416,0.5149999856948853
3,1503424559,137,0.8650000095367432,0.5349999666213989
3,1503424559,138,0.8549999594688416,0.5149999856948853
3,1503424559,139,0.8650000095367432,0.5249999761581421
3,1503424559,140,0.8549999594688416,0.5099999904632568
3,1503424559,141,0.8650000095367432,0.5199999809265137
3,1503424559,142,0.8700000047683716,0.5099999904632568
3,1503424559,143,0.8700000047683716,0.5349999666213989
3,1503424559,144,0.875,0.5099999904632568
3,1503424559,145,0.875,0.5399999618530273
3,1503424559,146,0.8650000095367432,0.5099999904632568
3,1503424559,147,0.8799999952316284,0.5299999713897705
3,1503424559,148,0.8700000047683716,0.5099999904632568
3,1503424559,149,0.8799999952316284,0.5299999713897705
3,1503424559,150,0.8799999952316284,0.5099999904632568
3,1503424559,151,0.8799999952316284,0.5349999666213989
3,1503424559,152,0.8799999952316284,0.5149999856948853
3,1503424559,153,0.8849999904632568,0.5349999666213989
3,1503424559,154,0.8799999952316284,0.5249999761581421
3,1503424559,155,0.8849999904632568,0.5249999761581421
3,1503424559,156,0.8849999904632568,0.5149999856948853
3,1503424559,157,0.8899999856948853,0.5349999666213989
3,1503424559,158,0.8899999856948853,0.5149999856948853
3,1503424559,159,0.8949999809265137,0.5349999666213989
3,1503424559,160,0.8949999809265137,0.5049999952316284
3,1503424559,161,0.8949999809265137,0.5299999713897705
3,1503424559,162,0.8999999761581421,0.5199999809265137
3,1503424559,163,0.8999999761581421,0.5299999713897705
3,1503424559,164,0.8949999809265137,0.5049999952316284
3,1503424559,165,0.9199999570846558,0.5299999713897705
3,1503424559,166,0.8999999761581421,0.5149999856948853
3,1503424559,167,0.9049999713897705,0.5199999809265137
3,1503424559,168,0.8999999761581421,0.5149999856948853
3,1503424559,169,0.9199999570846558,0.5249999761581421
3,1503424559,170,0.9049999713897705,0.5049999952316284
3,1503424559,171,0.9149999618530273,0.5299999713897705
3,1503424559,172,0.9049999713897705,0.5199999809265137
3,1503424559,173,0.9199999570846558,0.5249999761581421
3,1503424559,174,0.9149999618530273,0.5099999904632568
3,1503424559,175,0.9199999570846558,0.5349999666213989
3,1503424559,176,0.9049999713897705,0.5099999904632568
3,1503424559,177,0.9199999570846558,0.5349999666213989
3,1503424559,178,0.9099999666213989,0.5149999856948853
3,1503424559,179,0.9199999570846558,0.5450000166893005
3,1503424559,180,0.9149999618530273,0.5099999904632568
3,1503424559,181,0.9199999570846558,0.5450000166893005
3,1503424559,182,0.9249999523162842,0.5199999809265137
3,1503424559,183,0.9199999570846558,0.5399999618530273
3,1503424559,184,0.9199999570846558,0.5049999952316284
3,1503424559,185,0.9249999523162842,0.5399999618530273
3,1503424559,186,0.9249999523162842,0.5099999904632568
3,1503424559,187,0.9199999570846558,0.5399999618530273
3,1503424559,188,0.9300000071525574,0.5049999952316284
3,1503424559,189,0.9300000071525574,0.5399999618530273
3,1503424559,190,0.9300000071525574,0.5149999856948853
3,1503424559,191,0.9300000071525574,0.5450000166893005
3,1503424559,192,0.9300000071525574,0.5049999952316284
3,1503424559,193,0.9300000071525574,0.5450000166893005
3,1503424559,194,0.9399999976158142,0.5199999809265137
3,1503424559,195,0.9350000023841858,0.5299999713897705
3,1503424559,196,0.9350000023841858,0.5099999904632568
3,1503424559,197,0.9350000023841858,0.5450000166893005
3,1503424559,198,0.9449999928474426,0.5149999856948853
3,1503424559,199,0.9350000023841858,0.550000011920929
3,1503424559,200,0.9399999976158142,0.5299999713897705
3,1503424559,201,0.9399999976158142,0.5299999713897705
3,1503424559,202,0.9399999976158142,0.5199999809265137
3,1503424559,203,0.9449999928474426,0.5249999761581421
3,1503424559,204,0.9399999976158142,0.5249999761581421
3,1503424559,205,0.9399999976158142,0.5199999809265137
3,1503424559,206,0.9449999928474426,0.5349999666213989
3,1503424559,207,0.9449999928474426,0.5249999761581421
3,1503424559,208,0.9449999928474426,0.5299999713897705
3,1503424559,209,0.949999988079071,0.5399999618530273
3,1503424559,210,0.9449999928474426,0.5199999809265137
3,1503424559,211,0.949999988079071,0.5450000166893005
3,1503424559,212,0.9449999928474426,0.5099999904632568
3,1503424559,213,0.949999988079071,0.5149999856948853
3,1503424559,214,0.9449999928474426,0.5249999761581421
3,1503424559,215,0.949999988079071,0.5399999618530273
3,1503424559,216,0.9449999928474426,0.5199999809265137
3,1503424559,217,0.949999988079071,0.5299999713897705
3,1503424559,218,0.9449999928474426,0.5099999904632568
3,1503424559,219,0.949999988079071,0.5299999713897705
3,1503424559,220,0.9449999928474426,0.5199999809265137
3,1503424559,221,0.949999988079071,0.5450000166893005
3,1503424559,222,0.949999988079071,0.5149999856948853
3,1503424559,223,0.9549999833106995,0.5450000166893005
3,1503424559,224,0.9449999928474426,0.5199999809265137
3,1503424559,225,0.9549999833106995,0.5399999618530273
3,1503424559,226,0.9549999833106995,0.5149999856948853
3,1503424559,227,0.9549999833106995,0.5450000166893005
3,1503424559,228,0.949999988079071,0.5149999856948853
3,1503424559,229,0.9549999833106995,0.550000011920929
3,1503424559,230,0.9549999833106995,0.5199999809265137
3,1503424559,231,0.9549999833106995,0.5399999618530273
3,1503424559,232,0.9599999785423279,0.5199999809265137
3,1503424559,233,0.9549999833106995,0.5399999618530273
3,1503424559,234,0.9549999833106995,0.5249999761581421
3,1503424559,235,0.9549999833106995,0.5349999666213989
3,1503424559,236,0.9599999785423279,0.5149999856948853
3,1503424559,237,0.9549999833106995,0.550000011920929
3,1503424559,238,0.9599999785423279,0.5049999952316284
3,1503424559,239,0.9549999833106995,0.5550000071525574
3,1503424559,240,0.9599999785423279,0.5299999713897705
3,1503424559,241,0.9549999833106995,0.5450000166893005
3,1503424559,242,0.9599999785423279,0.5249999761581421
3,1503424559,243,0.9549999833106995,0.5550000071525574
3,1503424559,244,0.9599999785423279,0.5249999761581421
3,1503424559,245,0.9549999833106995,0.5450000166893005
3,1503424559,246,0.9599999785423279,0.5399999618530273
3,1503424559,247,0.9549999833106995,0.550000011920929
3,1503424559,248,0.9599999785423279,0.5450000166893005
3,1503424559,249,0.9549999833106995,0.5550000071525574
3,1503424559,250,0.9599999785423279,0.5249999761581421
3,1503424559,251,0.9549999833106995,0.5399999618530273
3,1503424559,252,0.9649999737739563,0.5199999809265137
3,1503424559,253,0.9599999785423279,0.5399999618530273
3,1503424559,254,0.9599999785423279,0.5399999618530273
3,1503424559,255,0.9549999833106995,0.5550000071525574
3,1503424559,256,0.9599999785423279,0.5399999618530273
3,1503424559,257,0.9599999785423279,0.550000011920929
3,1503424559,258,0.9599999785423279,0.5249999761581421
3,1503424559,259,0.9599999785423279,0.550000011920929
3,1503424559,260,0.9599999785423279,0.5299999713897705
3,1503424559,261,0.9649999737739563,0.5600000023841858
3,1503424559,262,0.9599999785423279,0.5349999666213989
3,1503424559,263,0.9649999737739563,0.5550000071525574
3,1503424559,264,0.9599999785423279,0.5349999666213989
3,1503424559,265,0.9649999737739563,0.550000011920929
3,1503424559,266,0.9649999737739563,0.5349999666213989
3,1503424559,267,0.9649999737739563,0.5450000166893005
3,1503424559,268,0.9599999785423279,0.5349999666213989
3,1503424559,269,0.9699999690055847,0.550000011920929
3,1503424559,270,0.9599999785423279,0.5249999761581421
3,1503424559,271,0.9699999690055847,0.5450000166893005
3,1503424559,272,0.9649999737739563,0.5399999618530273
3,1503424559,273,0.9749999642372131,0.5450000166893005
3,1503424559,274,0.9699999690055847,0.5399999618530273
3,1503424559,275,0.9699999690055847,0.550000011920929
3,1503424559,276,0.9649999737739563,0.5249999761581421
3,1503424559,277,0.9699999690055847,0.5649999976158142
3,1503424559,278,0.9749999642372131,0.5299999713897705
3,1503424559,279,0.9749999642372131,0.550000011920929
3,1503424559,280,0.9749999642372131,0.5450000166893005
3,1503424559,281,0.9699999690055847,0.550000011920929
3,1503424559,282,0.9749999642372131,0.5299999713897705
3,1503424559,283,0.9699999690055847,0.5550000071525574
3,1503424559,284,0.9699999690055847,0.5349999666213989
3,1503424559,285,0.9799999594688416,0.550000011920929
3,1503424559,286,0.9749999642372131,0.5450000166893005
3,1503424559,287,0.9749999642372131,0.5450000166893005
3,1503424559,288,0.9749999642372131,0.5399999618530273
3,1503424559,289,0.9799999594688416,0.5349999666213989
3,1503424559,290,0.9749999642372131,0.5450000166893005
3,1503424559,291,0.98499995470047,0.5550000071525574
3,1503424559,292,0.98499995470047,0.5349999666213989
3,1503424559,293,0.9799999594688416,0.5699999928474426
3,1503424559,294,0.9749999642372131,0.550000011920929
3,1503424559,295,0.9799999594688416,0.5550000071525574
3,1503424559,296,0.9749999642372131,0.550000011920929
3,1503424559,297,0.98499995470047,0.5600000023841858
3,1503424559,298,0.9749999642372131,0.5399999618530273
3,1503424559,299,0.9799999594688416,0.5600000023841858
3,1503424559,300,0.98499995470047,0.5450000166893005
3,1503424559,301,0.98499995470047,0.5600000023841858
3,1503424559,302,0.9799999594688416,0.5399999618530273
3,1503424559,303,0.98499995470047,0.5649999976158142
3,1503424559,304,0.9749999642372131,0.5450000166893005
3,1503424559,305,0.9899999499320984,0.550000011920929
3,1503424559,306,0.9749999642372131,0.5450000166893005
3,1503424559,307,0.9899999499320984,0.5699999928474426
3,1503424559,308,0.98499995470047,0.5550000071525574
3,1503424559,309,0.98499995470047,0.5699999928474426
3,1503424559,310,0.9899999499320984,0.5450000166893005
3,1503424559,311,0.9899999499320984,0.5649999976158142
3,1503424559,312,0.9799999594688416,0.5399999618530273
3,1503424559,313,0.9899999499320984,0.5649999976158142
3,1503424559,314,0.9950000047683716,0.5450000166893005
3,1503424559,315,0.9899999499320984,0.5649999976158142
3,1503424559,316,0.9899999499320984,0.5349999666213989
3,1503424559,317,0.98499995470047,0.5699999928474426
3,1503424559,318,0.9950000047683716,0.5450000166893005
3,1503424559,319,0.9899999499320984,0.5699999928474426
3,1503424559,320,0.9899999499320984,0.550000011920929
3,1503424559,321,0.9899999499320984,0.5600000023841858
3,1503424559,322,0.9950000047683716,0.550000011920929
3,1503424559,323,0.9899999499320984,0.5699999928474426
3,1503424559,324,0.9950000047683716,0.550000011920929
3,1503424559,325,0.98499995470047,0.5799999833106995
3,1503424559,326,0.9950000047683716,0.550000011920929
3,1503424559,327,0.9899999499320984,0.5849999785423279
3,1503424559,328,0.9899999499320984,0.550000011920929
3,1503424559,329,0.9899999499320984,0.5799999833106995
3,1503424559,330,0.9950000047683716,0.5450000166893005
3,1503424559,331,0.9899999499320984,0.5649999976158142
3,1503424559,332,0.9950000047683716,0.550000011920929
3,1503424559,333,0.9899999499320984,0.5699999928474426
3,1503424559,334,0.9950000047683716,0.5450000166893005
3,1503424559,335,0.9899999499320984,0.5699999928474426
3,1503424559,336,0.9950000047683716,0.5450000166893005
3,1503424559,337,0.9899999499320984,0.5649999976158142
3,1503424559,338,0.9950000047683716,0.5450000166893005
3,1503424559,339,0.9899999499320984,0.5699999928474426
3,1503424559,340,0.9950000047683716,0.5450000166893005
3,1503424559,341,0.9899999499320984,0.5699999928474426
3,1503424559,342,0.9950000047683716,0.5550000071525574
3,1503424559,343,0.9899999499320984,0.5600000023841858
3,1503424559,344,0.9950000047683716,0.5550000071525574
3,1503424559,345,0.9899999499320984,0.5699999928474426
3,1503424559,346,0.9950000047683716,0.5450000166893005
3,1503424559,347,0.9899999499320984,0.5699999928474426
3,1503424559,348,0.9950000047683716,0.5600000023841858
3,1503424559,349,0.9899999499320984,0.5600000023841858
3,1503424559,350,0.9950000047683716,0.5550000071525574
3,1503424559,351,0.9899999499320984,0.5600000023841858
3,1503424559,352,0.9950000047683716,0.5450000166893005
3,1503424559,353,0.9899999499320984,0.5699999928474426
3,1503424559,354,0.9950000047683716,0.550000011920929
3,1503424559,355,0.9950000047683716,0.5600000023841858
3,1503424559,356,0.9950000047683716,0.5550000071525574
3,1503424559,357,0.9899999499320984,0.5649999976158142
3,1503424559,358,0.9950000047683716,0.550000011920929
3,1503424559,359,0.9899999499320984,0.574999988079071
3,1503424559,360,0.9950000047683716,0.550000011920929
3,1503424559,361,0.9950000047683716,0.574999988079071
3,1503424559,362,0.9950000047683716,0.550000011920929
3,1503424559,363,0.9950000047683716,0.5600000023841858
3,1503424559,364,0.9950000047683716,0.5550000071525574
3,1503424559,365,0.9950000047683716,0.5649999976158142
3,1503424559,366,0.9950000047683716,0.5349999666213989
3,1503424559,367,0.9950000047683716,0.5600000023841858
3,1503424559,368,0.9950000047683716,0.5600000023841858
3,1503424559,369,0.9950000047683716,0.5550000071525574
3,1503424559,370,0.9950000047683716,0.5649999976158142
3,1503424559,371,0.9950000047683716,0.5699999928474426
3,1503424559,372,0.9950000047683716,0.550000011920929
3,1503424559,373,0.9950000047683716,0.574999988079071
3,1503424559,374,0.9950000047683716,0.550000011920929
3,1503424559,375,0.9950000047683716,0.5649999976158142
3,1503424559,376,0.9950000047683716,0.5649999976158142
3,1503424559,377,1.0,0.5699999928474426
3,1503424559,378,0.9950000047683716,0.5600000023841858
3,1503424559,379,1.0,0.5799999833106995
3,1503424559,380,0.9950000047683716,0.5550000071525574
3,1503424559,381,1.0,0.5799999833106995
3,1503424559,382,0.9950000047683716,0.5550000071525574
3,1503424559,383,1.0,0.5600000023841858
3,1503424559,384,0.9950000047683716,0.574999988079071
3,1503424559,385,1.0,0.5849999785423279
3,1503424559,386,0.9950000047683716,0.5550000071525574
3,1503424559,387,1.0,0.5699999928474426
3,1503424559,388,0.9950000047683716,0.5600000023841858
3,1503424559,389,0.9950000047683716,0.5799999833106995
3,1503424559,390,0.9950000047683716,0.5550000071525574
3,1503424559,391,1.0,0.5799999833106995
3,1503424559,392,0.9950000047683716,0.5649999976158142
3,1503424559,393,1.0,0.5899999737739563
3,1503424559,394,0.9950000047683716,0.5600000023841858
3,1503424559,395,1.0,0.574999988079071
3,1503424559,396,0.9950000047683716,0.5600000023841858
3,1503424559,397,1.0,0.5999999642372131
3,1503424559,398,0.9950000047683716,0.5600000023841858
3,1503424559,399,1.0,0.5799999833106995
3,1503424559,400,0.9950000047683716,0.5550000071525574
3,1503424559,401,1.0,0.5849999785423279
3,1503424559,402,0.9950000047683716,0.5550000071525574
3,1503424559,403,1.0,0.5999999642372131
3,1503424559,404,0.9950000047683716,0.5600000023841858
3,1503424559,405,1.0,0.5949999690055847
3,1503424559,406,0.9950000047683716,0.5550000071525574
3,1503424559,407,1.0,0.5799999833106995
3,1503424559,408,0.9950000047683716,0.5699999928474426
3,1503424559,409,1.0,0.5999999642372131
3,1503424559,410,1.0,0.5649999976158142
3,1503424559,411,1.0,0.5799999833106995
3,1503424559,412,1.0,0.5699999928474426
3,1503424559,413,1.0,0.5849999785423279
3,1503424559,414,0.9950000047683716,0.5550000071525574
3,1503424559,415,1.0,0.5899999737739563
3,1503424559,416,1.0,0.5699999928474426
3,1503424559,417,1.0,0.5849999785423279
3,1503424559,418,1.0,0.5649999976158142
3,1503424559,419,1.0,0.5849999785423279
3,1503424559,420,1.0,0.5550000071525574
3,1503424559,421,1.0,0.5949999690055847
3,1503424559,422,1.0,0.5649999976158142
3,1503424559,423,1.0,0.5899999737739563
3,1503424559,424,1.0,0.5699999928474426
3,1503424559,425,1.0,0.5849999785423279
3,1503424559,426,1.0,0.5699999928474426
3,1503424559,427,1.0,0.5849999785423279
3,1503424559,428,1.0,0.5649999976158142
3,1503424559,429,1.0,0.5849999785423279
3,1503424559,430,1.0,0.5899999737739563
3,1503424559,431,1.0,0.574999988079071
3,1503424559,432,1.0,0.5849999785423279
3,1503424559,433,1.0,0.5949999690055847
3,1503424559,434,1.0,0.574999988079071
3,1503424559,435,1.0,0.5849999785423279
3,1503424559,436,1.0,0.5799999833106995
3,1503424559,437,1.0,0.574999988079071
3,1503424559,438,1.0,0.5899999737739563
3,1503424559,439,1.0,0.5949999690055847
3,1503424559,440,1.0,0.5799999833106995
3,1503424559,441,1.0,0.5949999690055847
3,1503424559,442,1.0,0.5849999785423279
3,1503424559,443,1.0,0.5949999690055847
3,1503424559,444,1.0,0.5799999833106995
3,1503424559,445,1.0,0.5799999833106995
3,1503424559,446,1.0,0.5849999785423279
3,1503424559,447,1.0,0.5999999642372131
3,1503424559,448,1.0,0.5899999737739563
3,1503424559,449,1.0,0.5799999833106995
3,1503424559,450,1.0,0.5949999690055847
3,1503424559,451,1.0,0.5799999833106995
3,1503424559,452,1.0,0.5699999928474426
3,1503424559,453,1.0,0.5999999642372131
3,1503424559,454,1.0,0.5799999833106995
3,1503424559,455,1.0,0.5849999785423279
3,1503424559,456,1.0,0.5849999785423279
3,1503424559,457,1.0,0.5849999785423279
3,1503424559,458,1.0,0.5899999737739563
3,1503424559,459,1.0,0.5949999690055847
3,1503424559,460,1.0,0.5849999785423279
3,1503424559,461,1.0,0.5949999690055847
3,1503424559,462,1.0,0.5949999690055847
3,1503424559,463,1.0,0.5999999642372131
3,1503424559,464,1.0,0.5799999833106995
3,1503424559,465,1.0,0.5899999737739563
3,1503424559,466,1.0,0.5949999690055847
3,1503424559,467,1.0,0.5899999737739563
3,1503424559,468,1.0,0.5999999642372131
3,1503424559,469,1.0,0.5849999785423279
3,1503424559,470,1.0,0.5849999785423279
3,1503424559,471,1.0,0.5999999642372131
3,1503424559,472,1.0,0.5849999785423279
3,1503424559,473,1.0,0.5949999690055847
3,1503424559,474,1.0,0.5899999737739563
3,1503424559,475,1.0,0.5999999642372131
3,1503424559,476,1.0,0.5949999690055847
3,1503424559,477,1.0,0.5999999642372131
3,1503424559,478,1.0,0.6049999594688416
3,1503424559,479,1.0,0.6100000143051147
3,1503424559,480,1.0,0.5949999690055847
3,1503424559,481,1.0,0.5849999785423279
3,1503424559,482,1.0,0.6049999594688416
3,1503424559,483,1.0,0.5949999690055847
3,1503424559,484,1.0,0.5899999737739563
3,1503424559,485,1.0,0.6100000143051147
3,1503424559,486,1.0,0.5949999690055847
3,1503424559,487,1.0,0.5949999690055847
3,1503424559,488,1.0,0.5949999690055847
3,1503424559,489,1.0,0.5999999642372131
3,1503424559,490,1.0,0.6100000143051147
3,1503424559,491,1.0,0.5999999642372131
3,1503424559,492,1.0,0.5949999690055847
3,1503424559,493,1.0,0.5899999737739563
3,1503424559,494,1.0,0.5999999642372131
3,1503424559,495,1.0,0.6150000095367432
3,1503424559,496,1.0,0.6100000143051147
3,1503424559,497,1.0,0.5999999642372131
3,1503424559,498,1.0,0.5999999642372131
3,1503424559,499,1.0,0.5849999785423279
3,1503424559,500,1.0,0.5999999642372131
3,1503424559,501,1.0,0.6150000095367432
3,1503424559,502,1.0,0.5899999737739563
3,1503424559,503,1.0,0.6100000143051147
3,1503424559,504,1.0,0.5899999737739563
3,1503424559,505,1.0,0.5849999785423279
3,1503424559,506,1.0,0.6049999594688416
3,1503424559,507,1.0,0.6049999594688416
3,1503424559,508,1.0,0.5999999642372131
3,1503424559,509,1.0,0.5899999737739563
3,1503424559,510,1.0,0.5999999642372131
3,1503424559,511,1.0,0.5899999737739563
3,1503424559,512,1.0,0.5999999642372131
3,1503424559,513,1.0,0.6150000095367432
3,1503424559,514,1.0,0.6100000143051147
3,1503424559,515,1.0,0.6100000143051147
3,1503424559,516,1.0,0.6100000143051147
3,1503424559,517,1.0,0.5999999642372131
3,1503424559,518,1.0,0.6049999594688416
3,1503424559,519,1.0,0.6150000095367432
3,1503424559,520,1.0,0.6049999594688416
3,1503424559,521,1.0,0.6150000095367432
3,1503424559,522,1.0,0.5949999690055847
3,1503424559,523,1.0,0.6100000143051147
3,1503424559,524,1.0,0.5999999642372131
3,1503424559,525,1.0,0.6100000143051147
3,1503424559,526,1.0,0.6150000095367432
3,1503424559,527,1.0,0.5999999642372131
3,1503424559,528,1.0,0.6150000095367432
3,1503424559,529,1.0,0.5949999690055847
3,1503424559,530,1.0,0.5999999642372131
3,1503424559,531,1.0,0.6150000095367432
3,1503424559,532,1.0,0.6200000047683716
3,1503424559,533,1.0,0.6100000143051147
3,1503424559,534,1.0,0.6150000095367432
3,1503424559,535,1.0,0.6150000095367432
3,1503424559,536,1.0,0.6150000095367432
3,1503424559,537,1.0,0.6150000095367432
3,1503424559,538,1.0,0.6200000047683716
3,1503424559,539,1.0,0.6200000047683716
3,1503424559,540,1.0,0.6150000095367432
3,1503424559,541,1.0,0.6200000047683716
3,1503424559,542,1.0,0.6200000047683716
3,1503424559,543,1.0,0.6150000095367432
3,1503424559,544,1.0,0.6399999856948853
3,1503424559,545,1.0,0.6200000047683716
3,1503424559,546,1.0,0.6150000095367432
3,1503424559,547,1.0,0.6200000047683716
3,1503424559,548,1.0,0.6349999904632568
3,1503424559,549,1.0,0.5999999642372131
3,1503424559,550,1.0,0.6200000047683716
3,1503424559,551,1.0,0.6150000095367432
3,1503424559,552,1.0,0.6349999904632568
3,1503424559,553,1.0,0.625
3,1503424559,554,1.0,0.625
3,1503424559,555,1.0,0.6150000095367432
3,1503424559,556,1.0,0.6200000047683716
3,1503424559,557,1.0,0.6200000047683716
3,1503424559,558,1.0,0.6200000047683716
3,1503424559,559,1.0,0.6150000095367432
3,1503424559,560,1.0,0.6349999904632568
3,1503424559,561,1.0,0.6100000143051147
3,1503424559,562,1.0,0.6150000095367432
3,1503424559,563,1.0,0.6049999594688416
3,1503424559,564,1.0,0.6349999904632568
3,1503424559,565,1.0,0.625
3,1503424559,566,1.0,0.6299999952316284
3,1503424559,567,1.0,0.6200000047683716
3,1503424559,568,1.0,0.6299999952316284
3,1503424559,569,1.0,0.6150000095367432
3,1503424559,570,1.0,0.6349999904632568
3,1503424559,571,1.0,0.6200000047683716
3,1503424559,572,1.0,0.6349999904632568
3,1503424559,573,1.0,0.6150000095367432
3,1503424559,574,1.0,0.625
3,1503424559,575,1.0,0.625
3,1503424559,576,1.0,0.6200000047683716
3,1503424559,577,1.0,0.6200000047683716
3,1503424559,578,1.0,0.6299999952316284
3,1503424559,579,1.0,0.6299999952316284
3,1503424559,580,1.0,0.6399999856948853
3,1503424559,581,1.0,0.6299999952316284
3,1503424559,582,1.0,0.6299999952316284
3,1503424559,583,1.0,0.6049999594688416
3,1503424559,584,1.0,0.6399999856948853
3,1503424559,585,1.0,0.6200000047683716
3,1503424559,586,1.0,0.6399999856948853
3,1503424559,587,1.0,0.625
3,1503424559,588,1.0,0.6200000047683716
3,1503424559,589,1.0,0.6200000047683716
3,1503424559,590,1.0,0.6349999904632568
3,1503424559,591,1.0,0.6200000047683716
3,1503424559,592,1.0,0.6399999856948853
3,1503424559,593,1.0,0.6349999904632568
3,1503424559,594,1.0,0.6399999856948853
3,1503424559,595,1.0,0.6150000095367432
3,1503424559,596,1.0,0.6399999856948853
3,1503424559,597,1.0,0.6200000047683716
3,1503424559,598,1.0,0.6299999952316284
3,1503424559,599,1.0,0.6299999952316284
3,1503424559,600,1.0,0.6349999904632568
3,1503424559,601,1.0,0.625
3,1503424559,602,1.0,0.6299999952316284
3,1503424559,603,1.0,0.6349999904632568
3,1503424559,604,1.0,0.6349999904632568
3,1503424559,605,1.0,0.6299999952316284
3,1503424559,606,1.0,0.625
3,1503424559,607,1.0,0.6200000047683716
3,1503424559,608,1.0,0.625
3,1503424559,609,1.0,0.6349999904632568
3,1503424559,610,1.0,0.6499999761581421
3,1503424559,611,1.0,0.625
3,1503424559,612,1.0,0.6449999809265137
3,1503424559,613,1.0,0.625
3,1503424559,614,1.0,0.6399999856948853
3,1503424559,615,1.0,0.625
3,1503424559,616,1.0,0.6549999713897705
3,1503424559,617,1.0,0.6150000095367432
3,1503424559,618,1.0,0.6349999904632568
3,1503424559,619,1.0,0.6399999856948853
3,1503424559,620,1.0,0.625
3,1503424559,621,1.0,0.6449999809265137
3,1503424559,622,1.0,0.6499999761581421
3,1503424559,623,1.0,0.6150000095367432
3,1503424559,624,1.0,0.6399999856948853
3,1503424559,625,1.0,0.6499999761581421
3,1503424559,626,1.0,0.6299999952316284
3,1503424559,627,1.0,0.6299999952316284
3,1503424559,628,1.0,0.6549999713897705
3,1503424559,629,1.0,0.625
3,1503424559,630,1.0,0.6449999809265137
3,1503424559,631,1.0,0.6349999904632568
3,1503424559,632,1.0,0.6349999904632568
3,1503424559,633,1.0,0.625
3,1503424559,634,1.0,0.6599999666213989
3,1503424559,635,1.0,0.6399999856948853
3,1503424559,636,1.0,0.6399999856948853
3,1503424559,637,1.0,0.6299999952316284
3,1503424559,638,1.0,0.6449999809265137
3,1503424559,639,1.0,0.625
3,1503424559,640,1.0,0.6549999713897705
3,1503424559,641,1.0,0.6449999809265137
3,1503424559,642,1.0,0.6349999904632568
3,1503424559,643,1.0,0.6449999809265137
3,1503424559,644,1.0,0.6599999666213989
3,1503424559,645,1.0,0.6299999952316284
3,1503424559,646,1.0,0.6649999618530273
3,1503424559,647,1.0,0.6299999952316284
3,1503424559,648,1.0,0.6599999666213989
3,1503424559,649,1.0,0.6449999809265137
3,1503424559,650,1.0,0.6549999713897705
3,1503424559,651,1.0,0.6449999809265137
3,1503424559,652,1.0,0.6499999761581421
3,1503424559,653,1.0,0.6299999952316284
3,1503424559,654,1.0,0.6499999761581421
3,1503424559,655,1.0,0.6349999904632568
3,1503424559,656,1.0,0.6449999809265137
3,1503424559,657,1.0,0.6499999761581421
3,1503424559,658,1.0,0.6449999809265137
3,1503424559,659,1.0,0.6449999809265137
3,1503424559,660,1.0,0.6649999618530273
3,1503424559,661,1.0,0.6449999809265137
3,1503424559,662,1.0,0.6499999761581421
3,1503424559,663,1.0,0.6449999809265137
3,1503424559,664,1.0,0.6549999713897705
3,1503424559,665,1.0,0.6449999809265137
3,1503424559,666,1.0,0.6449999809265137
3,1503424559,667,1.0,0.6549999713897705
3,1503424559,668,1.0,0.6499999761581421
3,1503424559,669,1.0,0.6399999856948853
3,1503424559,670,1.0,0.6599999666213989
3,1503424559,671,1.0,0.6399999856948853
3,1503424559,672,1.0,0.6599999666213989
3,1503424559,673,1.0,0.6549999713897705
3,1503424559,674,1.0,0.6599999666213989
3,1503424559,675,1.0,0.6399999856948853
3,1503424559,676,1.0,0.6549999713897705
3,1503424559,677,1.0,0.675000011920929
3,1503424559,678,1.0,0.6599999666213989
3,1503424559,679,1.0,0.6399999856948853
3,1503424559,680,1.0,0.6649999618530273
3,1503424559,681,1.0,0.6599999666213989
3,1503424559,682,1.0,0.6499999761581421
3,1503424559,683,1.0,0.6499999761581421
3,1503424559,684,1.0,0.6549999713897705
3,1503424559,685,1.0,0.6549999713897705
3,1503424559,686,1.0,0.675000011920929
3,1503424559,687,1.0,0.6499999761581421
3,1503424559,688,1.0,0.6549999713897705
3,1503424559,689,1.0,0.6549999713897705
3,1503424559,690,1.0,0.6549999713897705
3,1503424559,691,1.0,0.6449999809265137
3,1503424559,692,1.0,0.6649999618530273
3,1503424559,693,1.0,0.6599999666213989
3,1503424559,694,1.0,0.6549999713897705
3,1503424559,695,1.0,0.6599999666213989
3,1503424559,696,1.0,0.6549999713897705
3,1503424559,697,1.0,0.6649999618530273
3,1503424559,698,1.0,0.6599999666213989
3,1503424559,699,1.0,0.6549999713897705
3,1503424559,700,1.0,0.6549999713897705
3,1503424559,701,1.0,0.6649999618530273
3,1503424559,702,1.0,0.6699999570846558
3,1503424559,703,1.0,0.6449999809265137
3,1503424559,704,1.0,0.6599999666213989
3,1503424559,705,1.0,0.6699999570846558
3,1503424559,706,1.0,0.6449999809265137
3,1503424559,707,1.0,0.6599999666213989
3,1503424559,708,1.0,0.6649999618530273
3,1503424559,709,1.0,0.6649999618530273
3,1503424559,710,1.0,0.6599999666213989
3,1503424559,711,1.0,0.675000011920929
3,1503424559,712,1.0,0.6649999618530273
3,1503424559,713,1.0,0.6800000071525574
3,1503424559,714,1.0,0.675000011920929
3,1503424559,715,1.0,0.6699999570846558
3,1503424559,716,1.0,0.6649999618530273
3,1503424559,717,1.0,0.6800000071525574
3,1503424559,718,1.0,0.6549999713897705
3,1503424559,719,1.0,0.6699999570846558
3,1503424559,720,1.0,0.6599999666213989
3,1503424559,721,1.0,0.6699999570846558
3,1503424559,722,1.0,0.6649999618530273
3,1503424559,723,1.0,0.6699999570846558
3,1503424559,724,1.0,0.6449999809265137
3,1503424559,725,1.0,0.6800000071525574
3,1503424559,726,1.0,0.6699999570846558
3,1503424559,727,1.0,0.6649999618530273
3,1503424559,728,1.0,0.6549999713897705
3,1503424559,729,1.0,0.6800000071525574
3,1503424559,730,1.0,0.6549999713897705
3,1503424559,731,1.0,0.675000011920929
3,1503424559,732,1.0,0.6649999618530273
3,1503424559,733,1.0,0.6549999713897705
3,1503424559,734,1.0,0.675000011920929
3,1503424559,735,1.0,0.6649999618530273
3,1503424559,736,1.0,0.6649999618530273
3,1503424559,737,1.0,0.6699999570846558
3,1503424559,738,1.0,0.6649999618530273
3,1503424559,739,1.0,0.6649999618530273
3,1503424559,740,1.0,0.6599999666213989
3,1503424559,741,1.0,0.6649999618530273
3,1503424559,742,1.0,0.6649999618530273
3,1503424559,743,1.0,0.675000011920929
3,1503424559,744,1.0,0.6800000071525574
3,1503424559,745,1.0,0.6649999618530273
3,1503424559,746,1.0,0.6499999761581421
3,1503424559,747,1.0,0.6800000071525574
3,1503424559,748,1.0,0.675000011920929
3,1503424559,749,1.0,0.675000011920929
3,1503424559,750,1.0,0.6850000023841858
3,1503424559,751,1.0,0.6699999570846558
3,1503424559,752,1.0,0.675000011920929
3,1503424559,753,1.0,0.675000011920929
3,1503424559,754,1.0,0.6699999570846558
3,1503424559,755,1.0,0.675000011920929
3,1503424559,756,1.0,0.6800000071525574
3,1503424559,757,1.0,0.6499999761581421
3,1503424559,758,1.0,0.6800000071525574
3,1503424559,759,1.0,0.6800000071525574
3,1503424559,760,1.0,0.6699999570846558
3,1503424559,761,1.0,0.6699999570846558
3,1503424559,762,1.0,0.6949999928474426
3,1503424559,763,1.0,0.675000011920929
3,1503424559,764,1.0,0.6949999928474426
3,1503424559,765,1.0,0.6800000071525574
3,1503424559,766,1.0,0.6850000023841858
3,1503424559,767,1.0,0.6850000023841858
3,1503424559,768,1.0,0.6850000023841858
3,1503424559,769,1.0,0.6949999928474426
3,1503424559,770,1.0,0.6899999976158142
3,1503424559,771,1.0,0.6800000071525574
3,1503424559,772,1.0,0.6949999928474426
3,1503424559,773,1.0,0.675000011920929
3,1503424559,774,1.0,0.6800000071525574
3,1503424559,775,1.0,0.6949999928474426
3,1503424559,776,1.0,0.6899999976158142
3,1503424559,777,1.0,0.6699999570846558
3,1503424559,778,1.0,0.699999988079071
3,1503424559,779,1.0,0.6800000071525574
3,1503424559,780,1.0,0.6850000023841858
3,1503424559,781,1.0,0.6800000071525574
3,1503424559,782,1.0,0.6850000023841858
3,1503424559,783,1.0,0.6850000023841858
3,1503424559,784,1.0,0.6899999976158142
3,1503424559,785,1.0,0.6699999570846558
3,1503424559,786,1.0,0.699999988079071
3,1503424559,787,1.0,0.6899999976158142
3,1503424559,788,1.0,0.675000011920929
3,1503424559,789,1.0,0.6800000071525574
3,1503424559,790,1.0,0.6850000023841858
3,1503424559,791,1.0,0.675000011920929
3,1503424559,792,1.0,0.6699999570846558
3,1503424559,793,1.0,0.6949999928474426
3,1503424559,794,1.0,0.6949999928474426
3,1503424559,795,1.0,0.6800000071525574
3,1503424559,796,1.0,0.6899999976158142
3,1503424559,797,1.0,0.6899999976158142
3,1503424559,798,1.0,0.6899999976158142
3,1503424559,799,1.0,0.7049999833106995
3,1503424559,800,1.0,0.6850000023841858
3,1503424559,801,1.0,0.6699999570846558
3,1503424559,802,1.0,0.7049999833106995
3,1503424559,803,1.0,0.6800000071525574
3,1503424559,804,1.0,0.6949999928474426
3,1503424559,805,1.0,0.699999988079071
3,1503424559,806,1.0,0.7049999833106995
3,1503424559,807,1.0,0.675000011920929
3,1503424559,808,1.0,0.6949999928474426
3,1503424559,809,1.0,0.6850000023841858
3,1503424559,810,1.0,0.699999988079071
3,1503424559,811,1.0,0.6850000023841858
3,1503424559,812,1.0,0.699999988079071
3,1503424559,813,1.0,0.6899999976158142
3,1503424559,814,1.0,0.6949999928474426
3,1503424559,815,1.0,0.675000011920929
3,1503424559,816,1.0,0.6899999976158142
3,1503424559,817,1.0,0.7049999833106995
3,1503424559,818,1.0,0.6899999976158142
3,1503424559,819,1.0,0.699999988079071
3,1503424559,820,1.0,0.6949999928474426
3,1503424559,821,1.0,0.6850000023841858
3,1503424559,822,1.0,0.7249999642372131
3,1503424559,823,1.0,0.6899999976158142
3,1503424559,824,1.0,0.6949999928474426
3,1503424559,825,1.0,0.6949999928474426
3,1503424559,826,1.0,0.7099999785423279
3,1503424559,827,1.0,0.6949999928474426
3,1503424559,828,1.0,0.7149999737739563
3,1503424559,829,1.0,0.699999988079071
3,1503424559,830,1.0,0.7099999785423279
3,1503424559,831,1.0,0.6899999976158142
3,1503424559,832,1.0,0.699999988079071
3,1503424559,833,1.0,0.6949999928474426
3,1503424559,834,1.0,0.7199999690055847
3,1503424559,835,1.0,0.7049999833106995
3,1503424559,836,1.0,0.6949999928474426
3,1503424559,837,1.0,0.7149999737739563
3,1503424559,838,1.0,0.7049999833106995
3,1503424559,839,1.0,0.699999988079071
3,1503424559,840,1.0,0.7049999833106995
3,1503424559,841,1.0,0.7099999785423279
3,1503424559,842,1.0,0.699999988079071
3,1503424559,843,1.0,0.6949999928474426
3,1503424559,844,1.0,0.7049999833106995
3,1503424559,845,1.0,0.7049999833106995
3,1503424559,846,1.0,0.7149999737739563
3,1503424559,847,1.0,0.7249999642372131
3,1503424559,848,1.0,0.7099999785423279
3,1503424559,849,1.0,0.7049999833106995
3,1503424559,850,1.0,0.7099999785423279
3,1503424559,851,1.0,0.6949999928474426
3,1503424559,852,1.0,0.7049999833106995
3,1503424559,853,1.0,0.699999988079071
3,1503424559,854,1.0,0.699999988079071
3,1503424559,855,1.0,0.7149999737739563
3,1503424559,856,1.0,0.699999988079071
3,1503424559,857,1.0,0.6899999976158142
3,1503424559,858,1.0,0.7099999785423279
3,1503424559,859,1.0,0.6949999928474426
3,1503424559,860,1.0,0.6949999928474426
3,1503424559,861,1.0,0.7049999833106995
3,1503424559,862,1.0,0.7149999737739563
3,1503424559,863,1.0,0.7099999785423279
3,1503424559,864,1.0,0.7049999833106995
3,1503424559,865,1.0,0.7099999785423279
3,1503424559,866,1.0,0.7049999833106995
3,1503424559,867,1.0,0.7049999833106995
3,1503424559,868,1.0,0.7099999785423279
3,1503424559,869,1.0,0.699999988079071
3,1503424559,870,1.0,0.7149999737739563
3,1503424559,871,1.0,0.7099999785423279
3,1503424559,872,1.0,0.7149999737739563
3,1503424559,873,1.0,0.7199999690055847
3,1503424559,874,1.0,0.7249999642372131
3,1503424559,875,1.0,0.7149999737739563
3,1503424559,876,1.0,0.7149999737739563
3,1503424559,877,1.0,0.7299999594688416
3,1503424559,878,1.0,0.699999988079071
3,1503424559,879,1.0,0.7199999690055847
3,1503424559,880,1.0,0.7249999642372131
3,1503424559,881,1.0,0.7149999737739563
3,1503424559,882,1.0,0.7249999642372131
3,1503424559,883,1.0,0.7099999785423279
3,1503424559,884,1.0,0.7099999785423279
3,1503424559,885,1.0,0.7099999785423279
3,1503424559,886,1.0,0.73499995470047
3,1503424559,887,1.0,0.699999988079071
3,1503424559,888,1.0,0.73499995470047
3,1503424559,889,1.0,0.7299999594688416
3,1503424559,890,1.0,0.7149999737739563
3,1503424559,891,1.0,0.7249999642372131
3,1503424559,892,1.0,0.7299999594688416
3,1503424559,893,1.0,0.7149999737739563
3,1503424559,894,1.0,0.7299999594688416
3,1503424559,895,1.0,0.7249999642372131
3,1503424559,896,1.0,0.7199999690055847
3,1503424559,897,1.0,0.7149999737739563
3,1503424559,898,1.0,0.7400000095367432
3,1503424559,899,1.0,0.6899999976158142
3,1503424559,900,1.0,0.7199999690055847
3,1503424559,901,1.0,0.7299999594688416
3,1503424559,902,1.0,0.73499995470047
3,1503424559,903,1.0,0.7099999785423279
3,1503424559,904,1.0,0.73499995470047
3,1503424559,905,1.0,0.7249999642372131
3,1503424559,906,1.0,0.7249999642372131
3,1503424559,907,1.0,0.73499995470047
3,1503424559,908,1.0,0.7249999642372131
3,1503424559,909,1.0,0.7099999785423279
3,1503424559,910,1.0,0.7450000047683716
3,1503424559,911,1.0,0.7049999833106995
3,1503424559,912,1.0,0.7400000095367432
3,1503424559,913,1.0,0.7149999737739563
3,1503424559,914,1.0,0.7249999642372131
3,1503424559,915,1.0,0.73499995470047
3,1503424559,916,1.0,0.73499995470047
3,1503424559,917,1.0,0.7299999594688416
3,1503424559,918,1.0,0.73499995470047
3,1503424559,919,1.0,0.7249999642372131
3,1503424559,920,1.0,0.7199999690055847
3,1503424559,921,1.0,0.7299999594688416
3,1503424559,922,1.0,0.7299999594688416
3,1503424559,923,1.0,0.7099999785423279
3,1503424559,924,1.0,0.7299999594688416
3,1503424559,925,1.0,0.7299999594688416
3,1503424559,926,1.0,0.7249999642372131
3,1503424559,927,1.0,0.7450000047683716
3,1503424559,928,1.0,0.7299999594688416
3,1503424559,929,1.0,0.73499995470047
3,1503424559,930,1.0,0.7400000095367432
3,1503424559,931,1.0,0.7299999594688416
3,1503424559,932,1.0,0.73499995470047
3,1503424559,933,1.0,0.7299999594688416
3,1503424559,934,1.0,0.7599999904632568
3,1503424559,935,1.0,0.7099999785423279
3,1503424559,936,1.0,0.7450000047683716
3,1503424559,937,1.0,0.7299999594688416
3,1503424559,938,1.0,0.73499995470047
3,1503424559,939,1.0,0.7549999952316284
3,1503424559,940,1.0,0.7400000095367432
3,1503424559,941,1.0,0.7299999594688416
3,1503424559,942,1.0,0.75
3,1503424559,943,1.0,0.73499995470047
3,1503424559,944,1.0,0.7450000047683716
3,1503424559,945,1.0,0.7599999904632568
3,1503424559,946,1.0,0.7299999594688416
3,1503424559,947,1.0,0.7299999594688416
3,1503424559,948,1.0,0.7549999952316284
3,1503424559,949,1.0,0.7249999642372131
3,1503424559,950,1.0,0.7549999952316284
3,1503424559,951,1.0,0.75
3,1503424559,952,1.0,0.75
3,1503424559,953,1.0,0.7400000095367432
3,1503424559,954,1.0,0.7299999594688416
3,1503424559,955,1.0,0.73499995470047
3,1503424559,956,1.0,0.73499995470047
3,1503424559,957,1.0,0.7549999952316284
3,1503424559,958,1.0,0.7400000095367432
3,1503424559,959,1.0,0.73499995470047
3,1503424559,960,1.0,0.75
3,1503424559,961,1.0,0.7400000095367432
3,1503424559,962,1.0,0.7400000095367432
3,1503424559,963,1.0,0.7299999594688416
3,1503424559,964,1.0,0.7450000047683716
3,1503424559,965,1.0,0.73499995470047
3,1503424559,966,1.0,0.7400000095367432
3,1503424559,967,1.0,0.7599999904632568
3,1503424559,968,1.0,0.7400000095367432
3,1503424559,969,1.0,0.7450000047683716
3,1503424559,970,1.0,0.75
3,1503424559,971,1.0,0.7450000047683716
3,1503424559,972,1.0,0.75
3,1503424559,973,1.0,0.7450000047683716
3,1503424559,974,1.0,0.7450000047683716
3,1503424559,975,1.0,0.7749999761581421
3,1503424559,976,1.0,0.7450000047683716
3,1503424559,977,1.0,0.7549999952316284
3,1503424559,978,1.0,0.7549999952316284
3,1503424559,979,1.0,0.7450000047683716
3,1503424559,980,1.0,0.75
3,1503424559,981,1.0,0.73499995470047
3,1503424559,982,1.0,0.75
3,1503424559,983,1.0,0.7450000047683716
3,1503424559,984,1.0,0.7549999952316284
3,1503424559,985,1.0,0.7450000047683716
3,1503424559,986,1.0,0.7599999904632568
3,1503424559,987,1.0,0.75
3,1503424559,988,1.0,0.7450000047683716
3,1503424559,989,1.0,0.7549999952316284
3,1503424559,990,1.0,0.75
3,1503424559,991,1.0,0.75
3,1503424559,992,1.0,0.7450000047683716
3,1503424559,993,1.0,0.73499995470047
3,1503424559,994,1.0,0.7549999952316284
3,1503424559,995,1.0,0.7649999856948853
3,1503424559,996,1.0,0.7400000095367432
3,1503424559,997,1.0,0.7649999856948853
3,1503424559,998,1.0,0.7599999904632568
3,1503424559,999,1.0,0.75
3,1503424559,1000,1.0,0.7549999952316284
3,1503424559,1001,1.0,0.75
3,1503424559,1002,1.0,0.7649999856948853
3,1503424559,1003,1.0,0.7599999904632568
3,1503424559,1004,1.0,0.7249999642372131
3,1503424559,1005,1.0,0.7549999952316284
3,1503424559,1006,1.0,0.7649999856948853
3,1503424559,1007,1.0,0.7549999952316284
3,1503424559,1008,1.0,0.7299999594688416
3,1503424559,1009,1.0,0.7549999952316284
3,1503424559,1010,1.0,0.7749999761581421
3,1503424559,1011,1.0,0.75
3,1503424559,1012,1.0,0.7699999809265137
3,1503424559,1013,1.0,0.7749999761581421
3,1503424559,1014,1.0,0.7599999904632568
3,1503424559,1015,1.0,0.7649999856948853
3,1503424559,1016,1.0,0.7799999713897705
3,1503424559,1017,1.0,0.7599999904632568
3,1503424559,1018,1.0,0.7699999809265137
3,1503424559,1019,1.0,0.7749999761581421
3,1503424559,1020,1.0,0.7450000047683716
3,1503424559,1021,1.0,0.7649999856948853
3,1503424559,1022,1.0,0.7599999904632568
3,1503424559,1023,1.0,0.7549999952316284
3,1503424559,1024,1.0,0.7699999809265137
3,1503424559,1025,1.0,0.7699999809265137
3,1503424559,1026,1.0,0.7450000047683716
3,1503424559,1027,1.0,0.7549999952316284
3,1503424559,1028,1.0,0.7849999666213989
3,1503424559,1029,1.0,0.7799999713897705
3,1503424559,1030,1.0,0.75
3,1503424559,1031,1.0,0.7799999713897705
3,1503424559,1032,1.0,0.7599999904632568
3,1503424559,1033,1.0,0.7599999904632568
3,1503424559,1034,1.0,0.7749999761581421
3,1503424559,1035,1.0,0.7599999904632568
3,1503424559,1036,1.0,0.7450000047683716
3,1503424559,1037,1.0,0.7749999761581421
3,1503424559,1038,1.0,0.7599999904632568
3,1503424559,1039,1.0,0.7749999761581421
3,1503424559,1040,1.0,0.7899999618530273
3,1503424559,1041,1.0,0.73499995470047
3,1503424559,1042,1.0,0.7749999761581421
3,1503424559,1043,1.0,0.7849999666213989
3,1503424559,1044,1.0,0.73499995470047
3,1503424559,1045,1.0,0.7599999904632568
3,1503424559,1046,1.0,0.7749999761581421
3,1503424559,1047,1.0,0.7649999856948853
3,1503424559,1048,1.0,0.7799999713897705
3,1503424559,1049,1.0,0.7599999904632568
3,1503424559,1050,1.0,0.7749999761581421
3,1503424559,1051,1.0,0.7699999809265137
3,1503424559,1052,1.0,0.7949999570846558
3,1503424559,1053,1.0,0.7599999904632568
3,1503424559,1054,1.0,0.7749999761581421
3,1503424559,1055,1.0,0.7849999666213989
3,1503424559,1056,1.0,0.7949999570846558
3,1503424559,1057,1.0,0.7599999904632568
3,1503424559,1058,1.0,0.7799999713897705
3,1503424559,1059,1.0,0.7849999666213989
3,1503424559,1060,1.0,0.7749999761581421
3,1503424559,1061,1.0,0.7749999761581421
3,1503424559,1062,1.0,0.7799999713897705
3,1503424559,1063,1.0,0.7799999713897705
3,1503424559,1064,1.0,0.7999999523162842
3,1503424559,1065,1.0,0.7749999761581421
3,1503424559,1066,1.0,0.7649999856948853
3,1503424559,1067,1.0,0.7699999809265137
3,1503424559,1068,1.0,0.7699999809265137
3,1503424559,1069,1.0,0.7699999809265137
3,1503424559,1070,1.0,0.7799999713897705
3,1503424559,1071,1.0,0.7649999856948853
3,1503424559,1072,1.0,0.7949999570846558
3,1503424559,1073,1.0,0.7649999856948853
3,1503424559,1074,1.0,0.7799999713897705
3,1503424559,1075,1.0,0.7749999761581421
3,1503424559,1076,1.0,0.7899999618530273
3,1503424559,1077,1.0,0.7749999761581421
3,1503424559,1078,1.0,0.7899999618530273
3,1503424559,1079,1.0,0.7649999856948853
3,1503424559,1080,1.0,0.7699999809265137
3,1503424559,1081,1.0,0.7699999809265137
3,1503424559,1082,1.0,0.7899999618530273
3,1503424559,1083,1.0,0.7799999713897705
3,1503424559,1084,1.0,0.7749999761581421
3,1503424559,1085,1.0,0.7799999713897705
3,1503424559,1086,1.0,0.7749999761581421
3,1503424559,1087,1.0,0.7699999809265137
3,1503424559,1088,1.0,0.8149999976158142
3,1503424559,1089,1.0,0.7749999761581421
3,1503424559,1090,1.0,0.7799999713897705
3,1503424559,1091,1.0,0.7599999904632568
3,1503424559,1092,1.0,0.7949999570846558
3,1503424559,1093,1.0,0.7699999809265137
3,1503424559,1094,1.0,0.7799999713897705
3,1503424559,1095,1.0,0.7699999809265137
3,1503424559,1096,1.0,0.7999999523162842
3,1503424559,1097,1.0,0.7999999523162842
3,1503424559,1098,1.0,0.7599999904632568
3,1503424559,1099,1.0,0.7749999761581421
3,1503424559,1100,1.0,0.7999999523162842
3,1503424559,1101,1.0,0.7999999523162842
3,1503424559,1102,1.0,0.75
3,1503424559,1103,1.0,0.7999999523162842
3,1503424559,1104,1.0,0.7999999523162842
3,1503424559,1105,1.0,0.7699999809265137
3,1503424559,1106,1.0,0.8100000023841858
3,1503424559,1107,1.0,0.7849999666213989
3,1503424559,1108,1.0,0.7949999570846558
3,1503424559,1109,1.0,0.7949999570846558
3,1503424559,1110,1.0,0.7699999809265137
3,1503424559,1111,1.0,0.8050000071525574
3,1503424559,1112,1.0,0.7999999523162842
3,1503424559,1113,1.0,0.7649999856948853
3,1503424559,1114,1.0,0.7949999570846558
3,1503424559,1115,1.0,0.7999999523162842
3,1503424559,1116,1.0,0.7649999856948853
3,1503424559,1117,1.0,0.7949999570846558
3,1503424559,1118,1.0,0.7999999523162842
3,1503424559,1119,1.0,0.7649999856948853
3,1503424559,1120,1.0,0.7649999856948853
3,1503424559,1121,1.0,0.8100000023841858
3,1503424559,1122,1.0,0.7899999618530273
3,1503424559,1123,1.0,0.8050000071525574
3,1503424559,1124,1.0,0.7949999570846558
3,1503424559,1125,1.0,0.7649999856948853
3,1503424559,1126,1.0,0.8199999928474426
3,1503424559,1127,1.0,0.7949999570846558
3,1503424559,1128,1.0,0.7749999761581421
3,1503424559,1129,1.0,0.7849999666213989
3,1503424559,1130,1.0,0.8100000023841858
3,1503424559,1131,1.0,0.7949999570846558
3,1503424559,1132,1.0,0.7899999618530273
3,1503424559,1133,1.0,0.7949999570846558
3,1503424559,1134,1.0,0.7999999523162842
3,1503424559,1135,1.0,0.7999999523162842
3,1503424559,1136,1.0,0.7899999618530273
3,1503424559,1137,1.0,0.7949999570846558
3,1503424559,1138,1.0,0.8100000023841858
3,1503424559,1139,1.0,0.7899999618530273
3,1503424559,1140,1.0,0.7999999523162842
3,1503424559,1141,1.0,0.8149999976158142
3,1503424559,1142,1.0,0.7949999570846558
3,1503424559,1143,1.0,0.7949999570846558
3,1503424559,1144,1.0,0.8050000071525574
3,1503424559,1145,1.0,0.8149999976158142
3,1503424559,1146,1.0,0.7899999618530273
3,1503424559,1147,1.0,0.7899999618530273
3,1503424559,1148,1.0,0.8149999976158142
3,1503424559,1149,1.0,0.7999999523162842
3,1503424559,1150,1.0,0.7999999523162842
3,1503424559,1151,1.0,0.8050000071525574
3,1503424559,1152,1.0,0.7999999523162842
3,1503424559,1153,1.0,0.8050000071525574
3,1503424559,1154,1.0,0.8050000071525574
3,1503424559,1155,1.0,0.7849999666213989
3,1503424559,1156,1.0,0.7999999523162842
3,1503424559,1157,1.0,0.7899999618530273
3,1503424559,1158,1.0,0.7849999666213989
3,1503424559,1159,1.0,0.8100000023841858
3,1503424559,1160,1.0,0.824999988079071
3,1503424559,1161,1.0,0.7749999761581421
3,1503424559,1162,1.0,0.8100000023841858
3,1503424559,1163,1.0,0.8100000023841858
3,1503424559,1164,1.0,0.8050000071525574
3,1503424559,1165,1.0,0.8149999976158142
3,1503424559,1166,1.0,0.8199999928474426
3,1503424559,1167,1.0,0.7899999618530273
3,1503424559,1168,1.0,0.8149999976158142
3,1503424559,1169,1.0,0.824999988079071
3,1503424559,1170,1.0,0.7799999713897705
3,1503424559,1171,1.0,0.8100000023841858
3,1503424559,1172,1.0,0.8149999976158142
3,1503424559,1173,1.0,0.7749999761581421
3,1503424559,1174,1.0,0.8349999785423279
3,1503424559,1175,1.0,0.8100000023841858
3,1503424559,1176,1.0,0.8050000071525574
3,1503424559,1177,1.0,0.8149999976158142
3,1503424559,1178,1.0,0.8149999976158142
3,1503424559,1179,1.0,0.7949999570846558
3,1503424559,1180,1.0,0.8199999928474426
3,1503424559,1181,1.0,0.8100000023841858
3,1503424559,1182,1.0,0.7949999570846558
3,1503424559,1183,1.0,0.8050000071525574
3,1503424559,1184,1.0,0.8199999928474426
3,1503424559,1185,1.0,0.8050000071525574
3,1503424559,1186,1.0,0.8149999976158142
3,1503424559,1187,1.0,0.8149999976158142
3,1503424559,1188,1.0,0.8100000023841858
3,1503424559,1189,1.0,0.8100000023841858
3,1503424559,1190,1.0,0.8100000023841858
3,1503424559,1191,1.0,0.7899999618530273
3,1503424559,1192,1.0,0.8199999928474426
3,1503424559,1193,1.0,0.8149999976158142
3,1503424559,1194,1.0,0.8100000023841858
3,1503424559,1195,1.0,0.8100000023841858
3,1503424559,1196,1.0,0.8100000023841858
3,1503424559,1197,1.0,0.8149999976158142
3,1503424559,1198,1.0,0.824999988079071
3,1503424559,1199,1.0,0.8199999928474426
3,1503424559,1200,1.0,0.7999999523162842
3,1503424559,1201,1.0,0.8050000071525574
3,1503424559,1202,1.0,0.824999988079071
3,1503424559,1203,1.0,0.8100000023841858
3,1503424559,1204,1.0,0.824999988079071
3,1503424559,1205,1.0,0.8100000023841858
3,1503424559,1206,1.0,0.7949999570846558
3,1503424559,1207,1.0,0.8349999785423279
3,1503424559,1208,1.0,0.8299999833106995
3,1503424559,1209,1.0,0.8050000071525574
3,1503424559,1210,1.0,0.8199999928474426
3,1503424559,1211,1.0,0.8149999976158142
3,1503424559,1212,1.0,0.8149999976158142
3,1503424559,1213,1.0,0.8050000071525574
3,1503424559,1214,1.0,0.824999988079071
3,1503424559,1215,1.0,0.8149999976158142
3,1503424559,1216,1.0,0.8199999928474426
3,1503424559,1217,1.0,0.8349999785423279
3,1503424559,1218,1.0,0.8100000023841858
3,1503424559,1219,1.0,0.8299999833106995
3,1503424559,1220,1.0,0.824999988079071
3,1503424559,1221,1.0,0.8050000071525574
3,1503424559,1222,1.0,0.8199999928474426
3,1503424559,1223,1.0,0.8399999737739563
3,1503424559,1224,1.0,0.8100000023841858
3,1503424559,1225,1.0,0.8349999785423279
3,1503424559,1226,1.0,0.8149999976158142
3,1503424559,1227,1.0,0.7799999713897705
3,1503424559,1228,1.0,0.8449999690055847
3,1503424559,1229,1.0,0.8299999833106995
3,1503424559,1230,1.0,0.8299999833106995
3,1503424559,1231,1.0,0.8100000023841858
3,1503424559,1232,1.0,0.8199999928474426
3,1503424559,1233,1.0,0.8199999928474426
3,1503424559,1234,1.0,0.8299999833106995
3,1503424559,1235,1.0,0.8299999833106995
3,1503424559,1236,1.0,0.8149999976158142
3,1503424559,1237,1.0,0.824999988079071
3,1503424559,1238,1.0,0.824999988079071
3,1503424559,1239,1.0,0.8299999833106995
3,1503424559,1240,1.0,0.824999988079071
3,1503424559,1241,1.0,0.8199999928474426
3,1503424559,1242,1.0,0.824999988079071
3,1503424559,1243,1.0,0.8399999737739563
3,1503424559,1244,1.0,0.8199999928474426
3,1503424559,1245,1.0,0.8399999737739563
3,1503424559,1246,1.0,0.8299999833106995
3,1503424559,1247,1.0,0.8299999833106995
3,1503424559,1248,1.0,0.8149999976158142
3,1503424559,1249,1.0,0.8299999833106995
3,1503424559,1250,1.0,0.8100000023841858
3,1503424559,1251,1.0,0.8149999976158142
3,1503424559,1252,1.0,0.8299999833106995
3,1503424559,1253,1.0,0.8349999785423279
3,1503424559,1254,1.0,0.824999988079071
3,1503424559,1255,1.0,0.824999988079071
3,1503424559,1256,1.0,0.8299999833106995
3,1503424559,1257,1.0,0.8199999928474426
3,1503424559,1258,1.0,0.8399999737739563
3,1503424559,1259,1.0,0.8499999642372131
3,1503424559,1260,1.0,0.824999988079071
3,1503424559,1261,1.0,0.8149999976158142
3,1503424559,1262,1.0,0.8349999785423279
3,1503424559,1263,1.0,0.8100000023841858
3,1503424559,1264,1.0,0.8449999690055847
3,1503424559,1265,1.0,0.8349999785423279
3,1503424559,1266,1.0,0.8149999976158142
3,1503424559,1267,1.0,0.8449999690055847
3,1503424559,1268,1.0,0.824999988079071
3,1503424559,1269,1.0,0.824999988079071
3,1503424559,1270,1.0,0.8349999785423279
3,1503424559,1271,1.0,0.8199999928474426
3,1503424559,1272,1.0,0.8349999785423279
3,1503424559,1273,1.0,0.8399999737739563
3,1503424559,1274,1.0,0.8149999976158142
3,1503424559,1275,1.0,0.8199999928474426
3,1503424559,1276,1.0,0.8399999737739563
3,1503424559,1277,1.0,0.8399999737739563
3,1503424559,1278,1.0,0.824999988079071
3,1503424559,1279,1.0,0.8499999642372131
3,1503424559,1280,1.0,0.824999988079071
3,1503424559,1281,1.0,0.8050000071525574
3,1503424559,1282,1.0,0.8349999785423279
3,1503424559,1283,1.0,0.8449999690055847
3,1503424559,1284,1.0,0.824999988079071
3,1503424559,1285,1.0,0.8399999737739563
3,1503424559,1286,1.0,0.8149999976158142
3,1503424559,1287,1.0,0.8199999928474426
3,1503424559,1288,1.0,0.8449999690055847
3,1503424559,1289,1.0,0.8199999928474426
3,1503424559,1290,1.0,0.8299999833106995
3,1503424559,1291,1.0,0.8349999785423279
3,1503424559,1292,1.0,0.8349999785423279
3,1503424559,1293,1.0,0.824999988079071
3,1503424559,1294,1.0,0.8449999690055847
3,1503424559,1295,1.0,0.8349999785423279
3,1503424559,1296,1.0,0.8299999833106995
3,1503424559,1297,1.0,0.824999988079071
3,1503424559,1298,1.0,0.8399999737739563
3,1503424559,1299,1.0,0.8399999737739563
3,1503424559,1300,1.0,0.8299999833106995
3,1503424559,1301,1.0,0.8100000023841858
3,1503424559,1302,1.0,0.824999988079071
3,1503424559,1303,1.0,0.8399999737739563
3,1503424559,1304,1.0,0.8549999594688416
3,1503424559,1305,1.0,0.8199999928474426
3,1503424559,1306,1.0,0.8399999737739563
3,1503424559,1307,1.0,0.8349999785423279
3,1503424559,1308,1.0,0.824999988079071
3,1503424559,1309,1.0,0.8399999737739563
3,1503424559,1310,1.0,0.8399999737739563
3,1503424559,1311,1.0,0.8349999785423279
3,1503424559,1312,1.0,0.8449999690055847
3,1503424559,1313,1.0,0.8349999785423279
3,1503424559,1314,1.0,0.8399999737739563
3,1503424559,1315,1.0,0.8399999737739563
3,1503424559,1316,1.0,0.8349999785423279
3,1503424559,1317,1.0,0.8399999737739563
3,1503424559,1318,1.0,0.8199999928474426
3,1503424559,1319,1.0,0.8349999785423279
3,1503424559,1320,1.0,0.8349999785423279
3,1503424559,1321,1.0,0.8299999833106995
3,1503424559,1322,1.0,0.8499999642372131
3,1503424559,1323,1.0,0.8299999833106995
3,1503424559,1324,1.0,0.8399999737739563
3,1503424559,1325,1.0,0.8399999737739563
3,1503424559,1326,1.0,0.8299999833106995
3,1503424559,1327,1.0,0.8449999690055847
3,1503424559,1328,1.0,0.8449999690055847
3,1503424559,1329,1.0,0.8499999642372131
3,1503424559,1330,1.0,0.8449999690055847
3,1503424559,1331,1.0,0.8449999690055847
3,1503424559,1332,1.0,0.8299999833106995
3,1503424559,1333,1.0,0.8399999737739563
3,1503424559,1334,1.0,0.8349999785423279
3,1503424559,1335,1.0,0.8399999737739563
3,1503424559,1336,1.0,0.8499999642372131
3,1503424559,1337,1.0,0.8349999785423279
3,1503424559,1338,1.0,0.8499999642372131
3,1503424559,1339,1.0,0.8449999690055847
3,1503424559,1340,1.0,0.8199999928474426
3,1503424559,1341,1.0,0.8349999785423279
3,1503424559,1342,1.0,0.8100000023841858
3,1503424559,1343,1.0,0.8449999690055847
3,1503424559,1344,1.0,0.8499999642372131
3,1503424559,1345,1.0,0.8449999690055847
3,1503424559,1346,1.0,0.8349999785423279
3,1503424559,1347,1.0,0.8549999594688416
3,1503424559,1348,1.0,0.8499999642372131
3,1503424559,1349,1.0,0.8449999690055847
3,1503424559,1350,1.0,0.8149999976158142
3,1503424559,1351,1.0,0.8399999737739563
3,1503424559,1352,1.0,0.8499999642372131
3,1503424559,1353,1.0,0.8399999737739563
3,1503424559,1354,1.0,0.8399999737739563
3,1503424559,1355,1.0,0.8399999737739563
3,1503424559,1356,1.0,0.8449999690055847
3,1503424559,1357,1.0,0.824999988079071
3,1503424559,1358,1.0,0.8399999737739563
3,1503424559,1359,1.0,0.85999995470047
3,1503424559,1360,1.0,0.8349999785423279
3,1503424559,1361,1.0,0.8499999642372131
3,1503424559,1362,1.0,0.8499999642372131
3,1503424559,1363,1.0,0.8399999737739563
3,1503424559,1364,1.0,0.8650000095367432
3,1503424559,1365,1.0,0.8449999690055847
3,1503424559,1366,1.0,0.824999988079071
3,1503424559,1367,1.0,0.8499999642372131
3,1503424559,1368,1.0,0.8399999737739563
3,1503424559,1369,1.0,0.8199999928474426
3,1503424559,1370,1.0,0.8499999642372131
3,1503424559,1371,1.0,0.8449999690055847
3,1503424559,1372,1.0,0.8449999690055847
3,1503424559,1373,1.0,0.824999988079071
3,1503424559,1374,1.0,0.8549999594688416
3,1503424559,1375,1.0,0.85999995470047
3,1503424559,1376,1.0,0.8449999690055847
3,1503424559,1377,1.0,0.8549999594688416
3,1503424559,1378,1.0,0.8499999642372131
3,1503424559,1379,1.0,0.8399999737739563
3,1503424559,1380,1.0,0.8650000095367432
3,1503424559,1381,1.0,0.8549999594688416
3,1503424559,1382,1.0,0.8449999690055847
3,1503424559,1383,1.0,0.8700000047683716
3,1503424559,1384,1.0,0.8449999690055847
3,1503424559,1385,1.0,0.8449999690055847
3,1503424559,1386,1.0,0.8700000047683716
3,1503424559,1387,1.0,0.85999995470047
3,1503424559,1388,1.0,0.8499999642372131
3,1503424559,1389,1.0,0.85999995470047
3,1503424559,1390,1.0,0.8299999833106995
3,1503424559,1391,1.0,0.8449999690055847
3,1503424559,1392,1.0,0.85999995470047
3,1503424559,1393,1.0,0.8549999594688416
3,1503424559,1394,1.0,0.8499999642372131
3,1503424559,1395,1.0,0.85999995470047
3,1503424559,1396,1.0,0.8449999690055847
3,1503424559,1397,1.0,0.8549999594688416
3,1503424559,1398,1.0,0.8499999642372131
3,1503424559,1399,1.0,0.8499999642372131
3,1503424559,1400,1.0,0.8399999737739563
3,1503424559,1401,1.0,0.8449999690055847
3,1503424559,1402,1.0,0.8349999785423279
3,1503424559,1403,1.0,0.8650000095367432
3,1503424559,1404,1.0,0.8549999594688416
3,1503424559,1405,1.0,0.8349999785423279
3,1503424559,1406,1.0,0.8449999690055847
3,1503424559,1407,1.0,0.8650000095367432
3,1503424559,1408,1.0,0.8499999642372131
3,1503424559,1409,1.0,0.8650000095367432
3,1503424559,1410,1.0,0.8549999594688416
3,1503424559,1411,1.0,0.8549999594688416
3,1503424559,1412,1.0,0.85999995470047
3,1503424559,1413,1.0,0.8650000095367432
3,1503424559,1414,1.0,0.8299999833106995
3,1503424559,1415,1.0,0.8650000095367432
3,1503424559,1416,1.0,0.8449999690055847
3,1503424559,1417,1.0,0.8650000095367432
3,1503424559,1418,1.0,0.85999995470047
3,1503424559,1419,1.0,0.8449999690055847
3,1503424559,1420,1.0,0.85999995470047
3,1503424559,1421,1.0,0.85999995470047
3,1503424559,1422,1.0,0.8349999785423279
3,1503424559,1423,1.0,0.8650000095367432
3,1503424559,1424,1.0,0.8650000095367432
3,1503424559,1425,1.0,0.8650000095367432
3,1503424559,1426,1.0,0.8399999737739563
3,1503424559,1427,1.0,0.8700000047683716
3,1503424559,1428,1.0,0.8549999594688416
3,1503424559,1429,1.0,0.875
3,1503424559,1430,1.0,0.8499999642372131
3,1503424559,1431,1.0,0.8650000095367432
3,1503424559,1432,1.0,0.8449999690055847
3,1503424559,1433,1.0,0.8899999856948853
3,1503424559,1434,1.0,0.8499999642372131
3,1503424559,1435,1.0,0.8700000047683716
3,1503424559,1436,1.0,0.8700000047683716
3,1503424559,1437,1.0,0.8650000095367432
3,1503424559,1438,1.0,0.8399999737739563
3,1503424559,1439,1.0,0.8650000095367432
3,1503424559,1440,1.0,0.8549999594688416
3,1503424559,1441,1.0,0.875
3,1503424559,1442,1.0,0.8549999594688416
3,1503424559,1443,1.0,0.8549999594688416
3,1503424559,1444,1.0,0.8549999594688416
3,1503424559,1445,1.0,0.875
3,1503424559,1446,1.0,0.8700000047683716
3,1503424559,1447,1.0,0.8399999737739563
3,1503424559,1448,1.0,0.8549999594688416
3,1503424559,1449,1.0,0.875
3,1503424559,1450,1.0,0.8449999690055847
3,1503424559,1451,1.0,0.8799999952316284
3,1503424559,1452,1.0,0.8700000047683716
3,1503424559,1453,1.0,0.8650000095367432
3,1503424559,1454,1.0,0.85999995470047
3,1503424559,1455,1.0,0.85999995470047
3,1503424559,1456,1.0,0.875
3,1503424559,1457,1.0,0.875
3,1503424559,1458,1.0,0.85999995470047
3,1503424559,1459,1.0,0.875
3,1503424559,1460,1.0,0.85999995470047
3,1503424559,1461,1.0,0.8549999594688416
3,1503424559,1462,1.0,0.8700000047683716
3,1503424559,1463,1.0,0.8700000047683716
3,1503424559,1464,1.0,0.85999995470047
3,1503424559,1465,1.0,0.8499999642372131
3,1503424559,1466,1.0,0.85999995470047
3,1503424559,1467,1.0,0.8799999952316284
3,1503424559,1468,1.0,0.8499999642372131
3,1503424559,1469,1.0,0.8899999856948853
3,1503424559,1470,1.0,0.875
3,1503424559,1471,1.0,0.8849999904632568
3,1503424559,1472,1.0,0.85999995470047
3,1503424559,1473,1.0,0.875
3,1503424559,1474,1.0,0.85999995470047
3,1503424559,1475,1.0,0.8700000047683716
3,1503424559,1476,1.0,0.85999995470047
3,1503424559,1477,1.0,0.8899999856948853
3,1503424559,1478,1.0,0.875
3,1503424559,1479,1.0,0.8799999952316284
3,1503424559,1480,1.0,0.8700000047683716
3,1503424559,1481,1.0,0.8849999904632568
3,1503424559,1482,1.0,0.8650000095367432
3,1503424559,1483,1.0,0.875
3,1503424559,1484,1.0,0.8650000095367432
3,1503424559,1485,1.0,0.875
3,1503424559,1486,1.0,0.8650000095367432
3,1503424559,1487,1.0,0.8849999904632568
3,1503424559,1488,1.0,0.8549999594688416
3,1503424559,1489,1.0,0.875
3,1503424559,1490,1.0,0.8799999952316284
3,1503424559,1491,1.0,0.8499999642372131
3,1503424559,1492,1.0,0.8700000047683716
3,1503424559,1493,1.0,0.8799999952316284
3,1503424559,1494,1.0,0.8700000047683716
3,1503424559,1495,1.0,0.8799999952316284
3,1503424559,1496,1.0,0.8449999690055847
3,1503424559,1497,1.0,0.8700000047683716
3,1503424559,1498,1.0,0.8650000095367432
3,1503424559,1499,1.0,0.8999999761581421
3,1503424559,1500,1.0,0.8650000095367432
3,1503424559,1501,1.0,0.8849999904632568
3,1503424559,1502,1.0,0.875
3,1503424559,1503,1.0,0.8650000095367432
3,1503424559,1504,1.0,0.8799999952316284
3,1503424559,1505,1.0,0.8849999904632568
3,1503424559,1506,1.0,0.8700000047683716
3,1503424559,1507,1.0,0.8799999952316284
3,1503424559,1508,1.0,0.85999995470047
3,1503424559,1509,1.0,0.8700000047683716
3,1503424559,1510,1.0,0.8849999904632568
3,1503424559,1511,1.0,0.8799999952316284
3,1503424559,1512,1.0,0.8549999594688416
3,1503424559,1513,1.0,0.875
3,1503424559,1514,1.0,0.875
3,1503424559,1515,1.0,0.8949999809265137
3,1503424559,1516,1.0,0.875
3,1503424559,1517,1.0,0.9049999713897705
3,1503424559,1518,1.0,0.8799999952316284
3,1503424559,1519,1.0,0.85999995470047
3,1503424559,1520,1.0,0.8650000095367432
3,1503424559,1521,1.0,0.8849999904632568
3,1503424559,1522,1.0,0.8949999809265137
3,1503424559,1523,1.0,0.8849999904632568
3,1503424559,1524,1.0,0.8349999785423279
3,1503424559,1525,1.0,0.8849999904632568
3,1503424559,1526,1.0,0.8849999904632568
3,1503424559,1527,1.0,0.8799999952316284
3,1503424559,1528,1.0,0.8449999690055847
3,1503424559,1529,1.0,0.875
3,1503424559,1530,1.0,0.8799999952316284
3,1503424559,1531,1.0,0.8849999904632568
3,1503424559,1532,1.0,0.8700000047683716
3,1503424559,1533,1.0,0.8849999904632568
3,1503424559,1534,1.0,0.8700000047683716
3,1503424559,1535,1.0,0.875
3,1503424559,1536,1.0,0.8700000047683716
3,1503424559,1537,1.0,0.8999999761581421
3,1503424559,1538,1.0,0.875
3,1503424559,1539,1.0,0.8849999904632568
3,1503424559,1540,1.0,0.85999995470047
3,1503424559,1541,1.0,0.8949999809265137
3,1503424559,1542,1.0,0.9049999713897705
3,1503424559,1543,1.0,0.8899999856948853
3,1503424559,1544,1.0,0.8549999594688416
3,1503424559,1545,1.0,0.8999999761581421
3,1503424559,1546,1.0,0.8799999952316284
3,1503424559,1547,1.0,0.8799999952316284
3,1503424559,1548,1.0,0.8700000047683716
3,1503424559,1549,1.0,0.8949999809265137
3,1503424559,1550,1.0,0.8949999809265137
3,1503424559,1551,1.0,0.8700000047683716
3,1503424559,1552,1.0,0.8799999952316284
3,1503424559,1553,1.0,0.9099999666213989
3,1503424559,1554,1.0,0.8949999809265137
3,1503424559,1555,1.0,0.8799999952316284
3,1503424559,1556,1.0,0.8700000047683716
3,1503424559,1557,1.0,0.8999999761581421
3,1503424559,1558,1.0,0.8700000047683716
3,1503424559,1559,1.0,0.8799999952316284
3,1503424559,1560,1.0,0.8799999952316284
3,1503424559,1561,1.0,0.8899999856948853
3,1503424559,1562,1.0,0.8999999761581421
3,1503424559,1563,1.0,0.8849999904632568
3,1503424559,1564,1.0,0.8650000095367432
3,1503424559,1565,1.0,0.8949999809265137
3,1503424559,1566,1.0,0.8899999856948853
3,1503424559,1567,1.0,0.875
3,1503424559,1568,1.0,0.875
3,1503424559,1569,1.0,0.9099999666213989
3,1503424559,1570,1.0,0.875
3,1503424559,1571,1.0,0.8999999761581421
3,1503424559,1572,1.0,0.875
3,1503424559,1573,1.0,0.8999999761581421
3,1503424559,1574,1.0,0.8949999809265137
3,1503424559,1575,1.0,0.8899999856948853
3,1503424559,1576,1.0,0.8849999904632568
3,1503424559,1577,1.0,0.8949999809265137
3,1503424559,1578,1.0,0.8949999809265137
3,1503424559,1579,1.0,0.8700000047683716
3,1503424559,1580,1.0,0.8849999904632568
3,1503424559,1581,1.0,0.8949999809265137
3,1503424559,1582,1.0,0.8949999809265137
3,1503424559,1583,1.0,0.8799999952316284
3,1503424559,1584,1.0,0.8799999952316284
3,1503424559,1585,1.0,0.8849999904632568
3,1503424559,1586,1.0,0.8949999809265137
3,1503424559,1587,1.0,0.8949999809265137
3,1503424559,1588,1.0,0.8700000047683716
3,1503424559,1589,1.0,0.8949999809265137
3,1503424559,1590,1.0,0.8899999856948853
3,1503424559,1591,1.0,0.8949999809265137
3,1503424559,1592,1.0,0.9099999666213989
3,1503424559,1593,1.0,0.8999999761581421
3,1503424559,1594,1.0,0.875
3,1503424559,1595,1.0,0.8799999952316284
3,1503424559,1596,1.0,0.8899999856948853
3,1503424559,1597,1.0,0.9099999666213989
3,1503424559,1598,1.0,0.8999999761581421
3,1503424559,1599,1.0,0.8899999856948853
3,1503424559,1600,1.0,0.8849999904632568
3,1503424559,1601,1.0,0.9099999666213989
3,1503424559,1602,1.0,0.8899999856948853
3,1503424559,1603,1.0,0.8949999809265137
3,1503424559,1604,1.0,0.8849999904632568
3,1503424559,1605,1.0,0.9149999618530273
3,1503424559,1606,1.0,0.8899999856948853
3,1503424559,1607,1.0,0.8999999761581421
3,1503424559,1608,1.0,0.8799999952316284
3,1503424559,1609,1.0,0.9049999713897705
3,1503424559,1610,1.0,0.8949999809265137
3,1503424559,1611,1.0,0.9099999666213989
3,1503424559,1612,1.0,0.8999999761581421
3,1503424559,1613,1.0,0.9049999713897705
3,1503424559,1614,1.0,0.8799999952316284
3,1503424559,1615,1.0,0.8999999761581421
3,1503424559,1616,1.0,0.9049999713897705
3,1503424559,1617,1.0,0.9049999713897705
3,1503424559,1618,1.0,0.8899999856948853
3,1503424559,1619,1.0,0.9149999618530273
3,1503424559,1620,1.0,0.8899999856948853
3,1503424559,1621,1.0,0.9149999618530273
3,1503424559,1622,1.0,0.8949999809265137
3,1503424559,1623,1.0,0.8899999856948853
3,1503424559,1624,1.0,0.8949999809265137
3,1503424559,1625,1.0,0.9049999713897705
3,1503424559,1626,1.0,0.8849999904632568
3,1503424559,1627,1.0,0.9049999713897705
3,1503424559,1628,1.0,0.9149999618530273
3,1503424559,1629,1.0,0.9149999618530273
3,1503424559,1630,1.0,0.8899999856948853
3,1503424559,1631,1.0,0.8849999904632568
3,1503424559,1632,1.0,0.8949999809265137
3,1503424559,1633,1.0,0.9049999713897705
3,1503424559,1634,1.0,0.9099999666213989
3,1503424559,1635,1.0,0.8999999761581421
3,1503424559,1636,1.0,0.8949999809265137
3,1503424559,1637,1.0,0.9099999666213989
3,1503424559,1638,1.0,0.8899999856948853
3,1503424559,1639,1.0,0.8999999761581421
3,1503424559,1640,1.0,0.9049999713897705
3,1503424559,1641,1.0,0.9049999713897705
3,1503424559,1642,1.0,0.9049999713897705
3,1503424559,1643,1.0,0.9149999618530273
3,1503424559,1644,1.0,0.9049999713897705
3,1503424559,1645,1.0,0.8799999952316284
3,1503424559,1646,1.0,0.8999999761581421
3,1503424559,1647,1.0,0.9049999713897705
3,1503424559,1648,1.0,0.9049999713897705
3,1503424559,1649,1.0,0.8999999761581421
3,1503424559,1650,1.0,0.8949999809265137
3,1503424559,1651,1.0,0.9149999618530273
3,1503424559,1652,1.0,0.9149999618530273
3,1503424559,1653,1.0,0.8999999761581421
3,1503424559,1654,1.0,0.8899999856948853
3,1503424559,1655,1.0,0.8999999761581421
3,1503424559,1656,1.0,0.9199999570846558
3,1503424559,1657,1.0,0.9199999570846558
3,1503424559,1658,1.0,0.8949999809265137
3,1503424559,1659,1.0,0.8949999809265137
3,1503424559,1660,1.0,0.9149999618530273
3,1503424559,1661,1.0,0.9049999713897705
3,1503424559,1662,1.0,0.9099999666213989
3,1503424559,1663,1.0,0.9199999570846558
3,1503424559,1664,1.0,0.9149999618530273
3,1503424559,1665,1.0,0.9049999713897705
3,1503424559,1666,1.0,0.9249999523162842
3,1503424559,1667,1.0,0.9149999618530273
3,1503424559,1668,1.0,0.9049999713897705
3,1503424559,1669,1.0,0.9099999666213989
3,1503424559,1670,1.0,0.9099999666213989
3,1503424559,1671,1.0,0.8999999761581421
3,1503424559,1672,1.0,0.9350000023841858
3,1503424559,1673,1.0,0.9099999666213989
3,1503424559,1674,1.0,0.9099999666213989
3,1503424559,1675,1.0,0.9300000071525574
3,1503424559,1676,1.0,0.9199999570846558
3,1503424559,1677,1.0,0.9049999713897705
3,1503424559,1678,1.0,0.9099999666213989
3,1503424559,1679,1.0,0.9199999570846558
3,1503424559,1680,1.0,0.9149999618530273
3,1503424559,1681,1.0,0.9199999570846558
3,1503424559,1682,1.0,0.9099999666213989
3,1503424559,1683,1.0,0.9049999713897705
3,1503424559,1684,1.0,0.9199999570846558
3,1503424559,1685,1.0,0.9149999618530273
3,1503424559,1686,1.0,0.9049999713897705
3,1503424559,1687,1.0,0.9199999570846558
3,1503424559,1688,1.0,0.9149999618530273
3,1503424559,1689,1.0,0.8849999904632568
3,1503424559,1690,1.0,0.9199999570846558
3,1503424559,1691,1.0,0.9099999666213989
3,1503424559,1692,1.0,0.9049999713897705
3,1503424559,1693,1.0,0.9199999570846558
3,1503424559,1694,1.0,0.9099999666213989
3,1503424559,1695,1.0,0.9099999666213989
3,1503424559,1696,1.0,0.9099999666213989
3,1503424559,1697,1.0,0.9199999570846558
3,1503424559,1698,1.0,0.9049999713897705
3,1503424559,1699,1.0,0.9149999618530273
3,1503424559,1700,1.0,0.9099999666213989
3,1503424559,1701,1.0,0.9199999570846558
3,1503424559,1702,1.0,0.9049999713897705
3,1503424559,1703,1.0,0.9099999666213989
3,1503424559,1704,1.0,0.9149999618530273
3,1503424559,1705,1.0,0.9149999618530273
3,1503424559,1706,1.0,0.8849999904632568
3,1503424559,1707,1.0,0.8949999809265137
3,1503424559,1708,1.0,0.9149999618530273
3,1503424559,1709,1.0,0.9199999570846558
3,1503424559,1710,1.0,0.9099999666213989
3,1503424559,1711,1.0,0.9149999618530273
3,1503424559,1712,1.0,0.9149999618530273
3,1503424559,1713,1.0,0.9099999666213989
3,1503424559,1714,1.0,0.9149999618530273
3,1503424559,1715,1.0,0.9049999713897705
3,1503424559,1716,1.0,0.9149999618530273
3,1503424559,1717,1.0,0.9249999523162842
3,1503424559,1718,1.0,0.9249999523162842
3,1503424559,1719,1.0,0.9049999713897705
3,1503424559,1720,1.0,0.9249999523162842
3,1503424559,1721,1.0,0.9149999618530273
3,1503424559,1722,1.0,0.9149999618530273
3,1503424559,1723,1.0,0.9049999713897705
3,1503424559,1724,1.0,0.9149999618530273
3,1503424559,1725,1.0,0.9249999523162842
3,1503424559,1726,1.0,0.9199999570846558
3,1503424559,1727,1.0,0.9249999523162842
3,1503424559,1728,1.0,0.9099999666213989
3,1503424559,1729,1.0,0.9149999618530273
3,1503424559,1730,1.0,0.9249999523162842
3,1503424559,1731,1.0,0.9300000071525574
3,1503424559,1732,1.0,0.9049999713897705
3,1503424559,1733,1.0,0.9149999618530273
3,1503424559,1734,1.0,0.9099999666213989
3,1503424559,1735,1.0,0.9449999928474426
3,1503424559,1736,1.0,0.9149999618530273
3,1503424559,1737,1.0,0.9049999713897705
3,1503424559,1738,1.0,0.9199999570846558
3,1503424559,1739,1.0,0.9149999618530273
3,1503424559,1740,1.0,0.9249999523162842
3,1503424559,1741,1.0,0.9350000023841858
3,1503424559,1742,1.0,0.9099999666213989
3,1503424559,1743,1.0,0.9149999618530273
3,1503424559,1744,1.0,0.9350000023841858
3,1503424559,1745,1.0,0.9249999523162842
3,1503424559,1746,1.0,0.9249999523162842
3,1503424559,1747,1.0,0.9149999618530273
3,1503424559,1748,1.0,0.9149999618530273
3,1503424559,1749,1.0,0.9199999570846558
3,1503424559,1750,1.0,0.9350000023841858
3,1503424559,1751,1.0,0.9350000023841858
3,1503424559,1752,1.0,0.9049999713897705
3,1503424559,1753,1.0,0.9249999523162842
3,1503424559,1754,1.0,0.9300000071525574
3,1503424559,1755,1.0,0.9099999666213989
3,1503424559,1756,1.0,0.9249999523162842
3,1503424559,1757,1.0,0.9099999666213989
3,1503424559,1758,1.0,0.9199999570846558
3,1503424559,1759,1.0,0.9350000023841858
3,1503424559,1760,1.0,0.9149999618530273
3,1503424559,1761,1.0,0.9149999618530273
3,1503424559,1762,1.0,0.9249999523162842
3,1503424559,1763,1.0,0.9199999570846558
3,1503424559,1764,1.0,0.9099999666213989
3,1503424559,1765,1.0,0.9249999523162842
3,1503424559,1766,1.0,0.9199999570846558
3,1503424559,1767,1.0,0.9099999666213989
3,1503424559,1768,1.0,0.9149999618530273
3,1503424559,1769,1.0,0.9049999713897705
3,1503424559,1770,1.0,0.9149999618530273
3,1503424559,1771,1.0,0.9599999785423279
3,1503424559,1772,1.0,0.9249999523162842
3,1503424559,1773,1.0,0.9149999618530273
3,1503424559,1774,1.0,0.8999999761581421
3,1503424559,1775,1.0,0.9350000023841858
3,1503424559,1776,1.0,0.9399999976158142
3,1503424559,1777,1.0,0.9399999976158142
3,1503424559,1778,1.0,0.9199999570846558
3,1503424559,1779,1.0,0.9099999666213989
3,1503424559,1780,1.0,0.9149999618530273
3,1503424559,1781,1.0,0.9300000071525574
3,1503424559,1782,1.0,0.9249999523162842
3,1503424559,1783,1.0,0.9149999618530273
3,1503424559,1784,1.0,0.9300000071525574
3,1503424559,1785,1.0,0.9249999523162842
3,1503424559,1786,1.0,0.9300000071525574
3,1503424559,1787,1.0,0.9149999618530273
3,1503424559,1788,1.0,0.9099999666213989
3,1503424559,1789,1.0,0.9249999523162842
3,1503424559,1790,1.0,0.9199999570846558
3,1503424559,1791,1.0,0.9300000071525574
3,1503424559,1792,1.0,0.9199999570846558
3,1503424559,1793,1.0,0.9149999618530273
3,1503424559,1794,1.0,0.9099999666213989
3,1503424559,1795,1.0,0.9350000023841858
3,1503424559,1796,1.0,0.9350000023841858
3,1503424559,1797,1.0,0.9149999618530273
3,1503424559,1798,1.0,0.9300000071525574
3,1503424559,1799,1.0,0.9399999976158142
3,1503424559,1800,1.0,0.9199999570846558
3,1503424559,1801,1.0,0.9149999618530273
3,1503424559,1802,1.0,0.9149999618530273
3,1503424559,1803,1.0,0.9399999976158142
3,1503424559,1804,1.0,0.9399999976158142
3,1503424559,1805,1.0,0.9149999618530273
3,1503424559,1806,1.0,0.9149999618530273
3,1503424559,1807,1.0,0.9399999976158142
3,1503424559,1808,1.0,0.9350000023841858
3,1503424559,1809,1.0,0.9300000071525574
3,1503424559,1810,1.0,0.9249999523162842
3,1503424559,1811,1.0,0.9199999570846558
3,1503424559,1812,1.0,0.9149999618530273
3,1503424559,1813,1.0,0.9249999523162842
3,1503424559,1814,1.0,0.9199999570846558
3,1503424559,1815,1.0,0.9350000023841858
3,1503424559,1816,1.0,0.9300000071525574
3,1503424559,1817,1.0,0.9300000071525574
3,1503424559,1818,1.0,0.9149999618530273
3,1503424559,1819,1.0,0.9350000023841858
3,1503424559,1820,1.0,0.9249999523162842
3,1503424559,1821,1.0,0.9199999570846558
3,1503424559,1822,1.0,0.9300000071525574
3,1503424559,1823,1.0,0.9300000071525574
3,1503424559,1824,1.0,0.9099999666213989
3,1503424559,1825,1.0,0.9199999570846558
3,1503424559,1826,1.0,0.9249999523162842
3,1503424559,1827,1.0,0.9449999928474426
3,1503424559,1828,1.0,0.9399999976158142
3,1503424559,1829,1.0,0.8999999761581421
3,1503424559,1830,1.0,0.9300000071525574
3,1503424559,1831,1.0,0.9350000023841858
3,1503424559,1832,1.0,0.9249999523162842
3,1503424559,1833,1.0,0.9149999618530273
3,1503424559,1834,1.0,0.9249999523162842
3,1503424559,1835,1.0,0.9249999523162842
3,1503424559,1836,1.0,0.9249999523162842
3,1503424559,1837,1.0,0.9300000071525574
3,1503424559,1838,1.0,0.9350000023841858
3,1503424559,1839,1.0,0.9099999666213989
3,1503424559,1840,1.0,0.949999988079071
3,1503424559,1841,1.0,0.9300000071525574
3,1503424559,1842,1.0,0.9099999666213989
3,1503424559,1843,1.0,0.9399999976158142
3,1503424559,1844,1.0,0.9249999523162842
3,1503424559,1845,1.0,0.9249999523162842
3,1503424559,1846,1.0,0.9300000071525574
3,1503424559,1847,1.0,0.9449999928474426
3,1503424559,1848,1.0,0.9099999666213989
3,1503424559,1849,1.0,0.9249999523162842
3,1503424559,1850,1.0,0.9249999523162842
3,1503424559,1851,1.0,0.9350000023841858
3,1503424559,1852,1.0,0.9350000023841858
3,1503424559,1853,1.0,0.9099999666213989
3,1503424559,1854,1.0,0.9149999618530273
3,1503424559,1855,1.0,0.9449999928474426
3,1503424559,1856,1.0,0.9300000071525574
3,1503424559,1857,1.0,0.9049999713897705
3,1503424559,1858,1.0,0.9199999570846558
3,1503424559,1859,1.0,0.9249999523162842
3,1503424559,1860,1.0,0.9350000023841858
3,1503424559,1861,1.0,0.9149999618530273
3,1503424559,1862,1.0,0.9350000023841858
3,1503424559,1863,1.0,0.9300000071525574
3,1503424559,1864,1.0,0.9449999928474426
3,1503424559,1865,1.0,0.9300000071525574
3,1503424559,1866,1.0,0.9449999928474426
3,1503424559,1867,1.0,0.9350000023841858
3,1503424559,1868,1.0,0.9350000023841858
3,1503424559,1869,1.0,0.9099999666213989
3,1503424559,1870,1.0,0.9300000071525574
3,1503424559,1871,1.0,0.9300000071525574
3,1503424559,1872,1.0,0.9350000023841858
3,1503424559,1873,1.0,0.9249999523162842
3,1503424559,1874,1.0,0.9249999523162842
3,1503424559,1875,1.0,0.9449999928474426
3,1503424559,1876,1.0,0.9249999523162842
3,1503424559,1877,1.0,0.9199999570846558
3,1503424559,1878,1.0,0.9249999523162842
3,1503424559,1879,1.0,0.9300000071525574
3,1503424559,1880,1.0,0.9350000023841858
3,1503424559,1881,1.0,0.9149999618530273
3,1503424559,1882,1.0,0.9249999523162842
3,1503424559,1883,1.0,0.9350000023841858
3,1503424559,1884,1.0,0.949999988079071
3,1503424559,1885,1.0,0.9199999570846558
3,1503424559,1886,1.0,0.9199999570846558
3,1503424559,1887,1.0,0.9399999976158142
3,1503424559,1888,1.0,0.9099999666213989
3,1503424559,1889,1.0,0.9300000071525574
3,1503424559,1890,1.0,0.9199999570846558
3,1503424559,1891,1.0,0.949999988079071
3,1503424559,1892,1.0,0.9399999976158142
3,1503424559,1893,1.0,0.8999999761581421
3,1503424559,1894,1.0,0.9149999618530273
3,1503424559,1895,1.0,0.9399999976158142
3,1503424559,1896,1.0,0.9399999976158142
3,1503424559,1897,1.0,0.9199999570846558
3,1503424559,1898,1.0,0.9199999570846558
3,1503424559,1899,1.0,0.9399999976158142
3,1503424559,1900,1.0,0.9300000071525574
3,1503424559,1901,1.0,0.9350000023841858
3,1503424559,1902,1.0,0.9249999523162842
3,1503424559,1903,1.0,0.9149999618530273
3,1503424559,1904,1.0,0.9199999570846558
3,1503424559,1905,1.0,0.9350000023841858
3,1503424559,1906,1.0,0.9149999618530273
3,1503424559,1907,1.0,0.9300000071525574
3,1503424559,1908,1.0,0.9350000023841858
3,1503424559,1909,1.0,0.9149999618530273
3,1503424559,1910,1.0,0.9300000071525574
3,1503424559,1911,1.0,0.9350000023841858
3,1503424559,1912,1.0,0.9300000071525574
3,1503424559,1913,1.0,0.9199999570846558
3,1503424559,1914,1.0,0.9350000023841858
3,1503424559,1915,1.0,0.9249999523162842
3,1503424559,1916,1.0,0.9399999976158142
3,1503424559,1917,1.0,0.9199999570846558
3,1503424559,1918,1.0,0.9249999523162842
3,1503424559,1919,1.0,0.9449999928474426
3,1503424559,1920,1.0,0.949999988079071
3,1503424559,1921,1.0,0.9199999570846558
3,1503424559,1922,1.0,0.9249999523162842
3,1503424559,1923,1.0,0.9249999523162842
3,1503424559,1924,1.0,0.9099999666213989
3,1503424559,1925,1.0,0.9300000071525574
3,1503424559,1926,1.0,0.9599999785423279
3,1503424559,1927,1.0,0.9249999523162842
3,1503424559,1928,1.0,0.949999988079071
3,1503424559,1929,1.0,0.9350000023841858
3,1503424559,1930,1.0,0.9350000023841858
3,1503424559,1931,1.0,0.9300000071525574
3,1503424559,1932,1.0,0.9249999523162842
3,1503424559,1933,1.0,0.9350000023841858
3,1503424559,1934,1.0,0.9300000071525574
3,1503424559,1935,1.0,0.949999988079071
3,1503424559,1936,1.0,0.9149999618530273
3,1503424559,1937,1.0,0.9300000071525574
3,1503424559,1938,1.0,0.9350000023841858
3,1503424559,1939,1.0,0.949999988079071
3,1503424559,1940,1.0,0.9300000071525574
3,1503424559,1941,1.0,0.9199999570846558
3,1503424559,1942,1.0,0.9249999523162842
3,1503424559,1943,1.0,0.9399999976158142
3,1503424559,1944,1.0,0.9449999928474426
3,1503424559,1945,1.0,0.9300000071525574
3,1503424559,1946,1.0,0.9599999785423279
3,1503424559,1947,1.0,0.9249999523162842
3,1503424559,1948,1.0,0.9300000071525574
3,1503424559,1949,1.0,0.9350000023841858
3,1503424559,1950,1.0,0.949999988079071
3,1503424559,1951,1.0,0.9399999976158142
3,1503424559,1952,1.0,0.9199999570846558
3,1503424559,1953,1.0,0.9449999928474426
3,1503424559,1954,1.0,0.9449999928474426
3,1503424559,1955,1.0,0.9449999928474426
3,1503424559,1956,1.0,0.9399999976158142
3,1503424559,1957,1.0,0.9300000071525574
3,1503424559,1958,1.0,0.9449999928474426
3,1503424559,1959,1.0,0.9300000071525574
3,1503424559,1960,1.0,0.9300000071525574
3,1503424559,1961,1.0,0.9300000071525574
3,1503424559,1962,1.0,0.9300000071525574
3,1503424559,1963,1.0,0.9549999833106995
3,1503424559,1964,1.0,0.9449999928474426
3,1503424559,1965,1.0,0.9399999976158142
3,1503424559,1966,1.0,0.9399999976158142
3,1503424559,1967,1.0,0.9399999976158142
3,1503424559,1968,1.0,0.9350000023841858
3,1503424559,1969,1.0,0.9350000023841858
3,1503424559,1970,1.0,0.9149999618530273
3,1503424559,1971,1.0,0.9350000023841858
3,1503424559,1972,1.0,0.9449999928474426
3,1503424559,1973,1.0,0.9350000023841858
3,1503424559,1974,1.0,0.9399999976158142
3,1503424559,1975,1.0,0.9350000023841858
3,1503424559,1976,1.0,0.9350000023841858
3,1503424559,1977,1.0,0.9350000023841858
3,1503424559,1978,1.0,0.9399999976158142
3,1503424559,1979,1.0,0.9549999833106995
3,1503424559,1980,1.0,0.9399999976158142
3,1503424559,1981,1.0,0.9449999928474426
3,1503424559,1982,1.0,0.9449999928474426
3,1503424559,1983,1.0,0.9549999833106995
3,1503424559,1984,1.0,0.9350000023841858
3,1503424559,1985,1.0,0.9149999618530273
3,1503424559,1986,1.0,0.9399999976158142
3,1503424559,1987,1.0,0.9599999785423279
3,1503424559,1988,1.0,0.9449999928474426
3,1503424559,1989,1.0,0.949999988079071
3,1503424559,1990,1.0,0.9399999976158142
3,1503424559,1991,1.0,0.9449999928474426
3,1503424559,1992,1.0,0.9399999976158142
3,1503424559,1993,1.0,0.9399999976158142
3,1503424559,1994,1.0,0.9549999833106995
3,1503424559,1995,1.0,0.9549999833106995
3,1503424559,1996,1.0,0.949999988079071
3,1503424559,1997,1.0,0.9300000071525574
3,1503424559,1998,1.0,0.9449999928474426
3,1503424559,1999,1.0,0.9199999570846558
3,1503424559,2000,1.0,0.9350000023841858
3,1503424559,2001,1.0,0.9449999928474426
3,1503424559,2002,1.0,0.9599999785423279
3,1503424559,2003,1.0,0.9350000023841858
3,1503424559,2004,1.0,0.9449999928474426
3,1503424559,2005,1.0,0.9449999928474426
3,1503424559,2006,1.0,0.9399999976158142
3,1503424559,2007,1.0,0.949999988079071
3,1503424559,2008,1.0,0.9549999833106995
3,1503424559,2009,1.0,0.949999988079071
3,1503424559,2010,1.0,0.9449999928474426
3,1503424559,2011,1.0,0.9350000023841858
3,1503424559,2012,1.0,0.9350000023841858
3,1503424559,2013,1.0,0.9549999833106995
3,1503424559,2014,1.0,0.9599999785423279
3,1503424559,2015,1.0,0.949999988079071
3,1503424559,2016,1.0,0.9449999928474426
3,1503424559,2017,1.0,0.9399999976158142
3,1503424559,2018,1.0,0.9099999666213989
3,1503424559,2019,1.0,0.949999988079071
3,1503424559,2020,1.0,0.9699999690055847
3,1503424559,2021,1.0,0.9649999737739563
3,1503424559,2022,1.0,0.9399999976158142
3,1503424559,2023,1.0,0.9300000071525574
3,1503424559,2024,1.0,0.9449999928474426
3,1503424559,2025,1.0,0.9649999737739563
3,1503424559,2026,1.0,0.9649999737739563
3,1503424559,2027,1.0,0.9350000023841858
3,1503424559,2028,1.0,0.9449999928474426
3,1503424559,2029,1.0,0.9449999928474426
3,1503424559,2030,1.0,0.949999988079071
3,1503424559,2031,1.0,0.9749999642372131
3,1503424559,2032,1.0,0.9549999833106995
3,1503424559,2033,1.0,0.9399999976158142
3,1503424559,2034,1.0,0.949999988079071
3,1503424559,2035,1.0,0.9449999928474426
3,1503424559,2036,1.0,0.9399999976158142
3,1503424559,2037,1.0,0.9649999737739563
3,1503424559,2038,1.0,0.9449999928474426
3,1503424559,2039,1.0,0.9449999928474426
3,1503424559,2040,1.0,0.9599999785423279
3,1503424559,2041,1.0,0.9549999833106995
3,1503424559,2042,1.0,0.9449999928474426
3,1503424559,2043,1.0,0.9399999976158142
3,1503424559,2044,1.0,0.9549999833106995
3,1503424559,2045,1.0,0.9599999785423279
3,1503424559,2046,1.0,0.9449999928474426
3,1503424559,2047,1.0,0.9399999976158142
3,1503424559,2048,1.0,0.9749999642372131
3,1503424559,2049,1.0,0.9449999928474426
3,1503424559,2050,1.0,0.9350000023841858
3,1503424559,2051,1.0,0.9399999976158142
3,1503424559,2052,1.0,0.9599999785423279
3,1503424559,2053,1.0,0.9549999833106995
3,1503424559,2054,1.0,0.9350000023841858
3,1503424559,2055,1.0,0.9350000023841858
3,1503424559,2056,1.0,0.9649999737739563
3,1503424559,2057,1.0,0.9449999928474426
3,1503424559,2058,1.0,0.9249999523162842
3,1503424559,2059,1.0,0.9300000071525574
3,1503424559,2060,1.0,0.9649999737739563
3,1503424559,2061,1.0,0.9749999642372131
3,1503424559,2062,1.0,0.949999988079071
3,1503424559,2063,1.0,0.9449999928474426
3,1503424559,2064,1.0,0.9549999833106995
3,1503424559,2065,1.0,0.9649999737739563
3,1503424559,2066,1.0,0.9449999928474426
3,1503424559,2067,1.0,0.9300000071525574
3,1503424559,2068,1.0,0.9399999976158142
3,1503424559,2069,1.0,0.9549999833106995
3,1503424559,2070,1.0,0.9549999833106995
3,1503424559,2071,1.0,0.949999988079071
3,1503424559,2072,1.0,0.9549999833106995
3,1503424559,2073,1.0,0.9449999928474426
3,1503424559,2074,1.0,0.9449999928474426
3,1503424559,2075,1.0,0.9599999785423279
3,1503424559,2076,1.0,0.949999988079071
3,1503424559,2077,1.0,0.9549999833106995
3,1503424559,2078,1.0,0.9399999976158142
3,1503424559,2079,1.0,0.9449999928474426
3,1503424559,2080,1.0,0.9599999785423279
3,1503424559,2081,1.0,0.949999988079071
3,1503424559,2082,1.0,0.9449999928474426
3,1503424559,2083,1.0,0.9300000071525574
3,1503424559,2084,1.0,0.9649999737739563
3,1503424559,2085,1.0,0.9549999833106995
3,1503424559,2086,1.0,0.9399999976158142
3,1503424559,2087,1.0,0.9350000023841858
3,1503424559,2088,1.0,0.949999988079071
3,1503424559,2089,1.0,0.9549999833106995
3,1503424559,2090,1.0,0.9599999785423279
3,1503424559,2091,1.0,0.9649999737739563
3,1503424559,2092,1.0,0.9549999833106995
3,1503424559,2093,1.0,0.949999988079071
3,1503424559,2094,1.0,0.9300000071525574
3,1503424559,2095,1.0,0.949999988079071
3,1503424559,2096,1.0,0.9599999785423279
3,1503424559,2097,1.0,0.9599999785423279
3,1503424559,2098,1.0,0.9549999833106995
3,1503424559,2099,1.0,0.9449999928474426
3,1503424559,2100,1.0,0.9449999928474426
3,1503424559,2101,1.0,0.9399999976158142
3,1503424559,2102,1.0,0.949999988079071
3,1503424559,2103,1.0,0.9399999976158142
3,1503424559,2104,1.0,0.9699999690055847
3,1503424559,2105,1.0,0.9649999737739563
3,1503424559,2106,1.0,0.9599999785423279
3,1503424559,2107,1.0,0.9300000071525574
3,1503424559,2108,1.0,0.949999988079071
3,1503424559,2109,1.0,0.9599999785423279
3,1503424559,2110,1.0,0.9649999737739563
3,1503424559,2111,1.0,0.9599999785423279
3,1503424559,2112,1.0,0.9449999928474426
3,1503424559,2113,1.0,0.9599999785423279
3,1503424559,2114,1.0,0.9599999785423279
3,1503424559,2115,1.0,0.9649999737739563
3,1503424559,2116,1.0,0.9549999833106995
3,1503424559,2117,1.0,0.9350000023841858
3,1503424559,2118,1.0,0.949999988079071
3,1503424559,2119,1.0,0.9649999737739563
3,1503424559,2120,1.0,0.9599999785423279
3,1503424559,2121,1.0,0.9649999737739563
3,1503424559,2122,1.0,0.9449999928474426
3,1503424559,2123,1.0,0.9350000023841858
3,1503424559,2124,1.0,0.9399999976158142
3,1503424559,2125,1.0,0.9749999642372131
3,1503424559,2126,1.0,0.9399999976158142
3,1503424559,2127,1.0,0.9449999928474426
3,1503424559,2128,1.0,0.9599999785423279
3,1503424559,2129,1.0,0.9699999690055847
3,1503424559,2130,1.0,0.949999988079071
3,1503424559,2131,1.0,0.9699999690055847
3,1503424559,2132,1.0,0.9549999833106995
3,1503424559,2133,1.0,0.9649999737739563
3,1503424559,2134,1.0,0.949999988079071
3,1503424559,2135,1.0,0.9549999833106995
3,1503424559,2136,1.0,0.949999988079071
3,1503424559,2137,1.0,0.9599999785423279
3,1503424559,2138,1.0,0.9549999833106995
3,1503424559,2139,1.0,0.949999988079071
3,1503424559,2140,1.0,0.9300000071525574
3,1503424559,2141,1.0,0.9749999642372131
3,1503424559,2142,1.0,0.9599999785423279
3,1503424559,2143,1.0,0.9599999785423279
3,1503424559,2144,1.0,0.9599999785423279
3,1503424559,2145,1.0,0.9649999737739563
3,1503424559,2146,1.0,0.9549999833106995
3,1503424559,2147,1.0,0.9300000071525574
3,1503424559,2148,1.0,0.9699999690055847
3,1503424559,2149,1.0,0.9549999833106995
3,1503424559,2150,1.0,0.9599999785423279
3,1503424559,2151,1.0,0.9649999737739563
3,1503424559,2152,1.0,0.949999988079071
3,1503424559,2153,1.0,0.9549999833106995
3,1503424559,2154,1.0,0.949999988079071
3,1503424559,2155,1.0,0.9549999833106995
3,1503424559,2156,1.0,0.9599999785423279
3,1503424559,2157,1.0,0.9549999833106995
3,1503424559,2158,1.0,0.9350000023841858
3,1503424559,2159,1.0,0.9399999976158142
3,1503424559,2160,1.0,0.9749999642372131
3,1503424559,2161,1.0,0.9699999690055847
3,1503424559,2162,1.0,0.9549999833106995
3,1503424559,2163,1.0,0.949999988079071
3,1503424559,2164,1.0,0.9399999976158142
3,1503424559,2165,1.0,0.9599999785423279
3,1503424559,2166,1.0,0.9649999737739563
3,1503424559,2167,1.0,0.949999988079071
3,1503424559,2168,1.0,0.9350000023841858
3,1503424559,2169,1.0,0.9549999833106995
3,1503424559,2170,1.0,0.949999988079071
3,1503424559,2171,1.0,0.9649999737739563
3,1503424559,2172,1.0,0.9799999594688416
3,1503424559,2173,1.0,0.9749999642372131
3,1503424559,2174,1.0,0.9449999928474426
3,1503424559,2175,1.0,0.9249999523162842
3,1503424559,2176,1.0,0.949999988079071
3,1503424559,2177,1.0,0.9599999785423279
3,1503424559,2178,1.0,0.9699999690055847
3,1503424559,2179,1.0,0.9699999690055847
3,1503424559,2180,1.0,0.9649999737739563
3,1503424559,2181,1.0,0.9649999737739563
3,1503424559,2182,1.0,0.9350000023841858
3,1503424559,2183,1.0,0.9549999833106995
3,1503424559,2184,1.0,0.9599999785423279
3,1503424559,2185,1.0,0.949999988079071
3,1503424559,2186,1.0,0.9399999976158142
3,1503424559,2187,1.0,0.9699999690055847
3,1503424559,2188,1.0,0.9649999737739563
3,1503424559,2189,1.0,0.9649999737739563
3,1503424559,2190,1.0,0.9699999690055847
3,1503424559,2191,1.0,0.9599999785423279
3,1503424559,2192,1.0,0.9599999785423279
3,1503424559,2193,1.0,0.9599999785423279
3,1503424559,2194,1.0,0.9699999690055847
3,1503424559,2195,1.0,0.9599999785423279
3,1503424559,2196,1.0,0.9599999785423279
3,1503424559,2197,1.0,0.9549999833106995
3,1503424559,2198,1.0,0.9699999690055847
3,1503424559,2199,1.0,0.9599999785423279
3,1503424559,2200,1.0,0.9549999833106995
3,1503424559,2201,1.0,0.9399999976158142
3,1503424559,2202,1.0,0.9699999690055847
3,1503424559,2203,1.0,0.9599999785423279
3,1503424559,2204,1.0,0.9649999737739563
3,1503424559,2205,1.0,0.9599999785423279
3,1503424559,2206,1.0,0.9649999737739563
3,1503424559,2207,1.0,0.949999988079071
3,1503424559,2208,1.0,0.9649999737739563
3,1503424559,2209,1.0,0.949999988079071
3,1503424559,2210,1.0,0.9599999785423279
3,1503424559,2211,1.0,0.9699999690055847
3,1503424559,2212,1.0,0.9649999737739563
3,1503424559,2213,1.0,0.9799999594688416
3,1503424559,2214,1.0,0.9699999690055847
3,1503424559,2215,1.0,0.9549999833106995
3,1503424559,2216,1.0,0.9699999690055847
3,1503424559,2217,1.0,0.9749999642372131
3,1503424559,2218,1.0,0.9449999928474426
3,1503424559,2219,1.0,0.9649999737739563
3,1503424559,2220,1.0,0.9549999833106995
3,1503424559,2221,1.0,0.9549999833106995
3,1503424559,2222,1.0,0.9699999690055847
3,1503424559,2223,1.0,0.9699999690055847
3,1503424559,2224,1.0,0.9699999690055847
3,1503424559,2225,1.0,0.9699999690055847
3,1503424559,2226,1.0,0.949999988079071
3,1503424559,2227,1.0,0.9549999833106995
3,1503424559,2228,1.0,0.9649999737739563
3,1503424559,2229,1.0,0.9749999642372131
3,1503424559,2230,1.0,0.949999988079071
3,1503424559,2231,1.0,0.9649999737739563
3,1503424559,2232,1.0,0.9599999785423279
3,1503424559,2233,1.0,0.9699999690055847
3,1503424559,2234,1.0,0.9699999690055847
3,1503424559,2235,1.0,0.9649999737739563
3,1503424559,2236,1.0,0.9699999690055847
3,1503424559,2237,1.0,0.9599999785423279
3,1503424559,2238,1.0,0.9599999785423279
3,1503424559,2239,1.0,0.949999988079071
3,1503424559,2240,1.0,0.9699999690055847
3,1503424559,2241,1.0,0.9599999785423279
3,1503424559,2242,1.0,0.949999988079071
3,1503424559,2243,1.0,0.9599999785423279
3,1503424559,2244,1.0,0.9549999833106995
3,1503424559,2245,1.0,0.9599999785423279
3,1503424559,2246,1.0,0.949999988079071
3,1503424559,2247,1.0,0.9599999785423279
3,1503424559,2248,1.0,0.9599999785423279
3,1503424559,2249,1.0,0.9799999594688416
3,1503424559,2250,1.0,0.949999988079071
3,1503424559,2251,1.0,0.9649999737739563
3,1503424559,2252,1.0,0.98499995470047
3,1503424559,2253,1.0,0.9649999737739563
3,1503424559,2254,1.0,0.9549999833106995
3,1503424559,2255,1.0,0.9549999833106995
3,1503424559,2256,1.0,0.949999988079071
3,1503424559,2257,1.0,0.9649999737739563
3,1503424559,2258,1.0,0.9749999642372131
3,1503424559,2259,1.0,0.9699999690055847
3,1503424559,2260,1.0,0.9449999928474426
3,1503424559,2261,1.0,0.9599999785423279
3,1503424559,2262,1.0,0.9599999785423279
3,1503424559,2263,1.0,0.9549999833106995
3,1503424559,2264,1.0,0.9749999642372131
3,1503424559,2265,1.0,0.98499995470047
3,1503424559,2266,1.0,0.9649999737739563
3,1503424559,2267,1.0,0.9449999928474426
3,1503424559,2268,1.0,0.9599999785423279
3,1503424559,2269,1.0,0.9799999594688416
3,1503424559,2270,1.0,0.9599999785423279
3,1503424559,2271,1.0,0.9649999737739563
3,1503424559,2272,1.0,0.9649999737739563
3,1503424559,2273,1.0,0.9549999833106995
3,1503424559,2274,1.0,0.9699999690055847
3,1503424559,2275,1.0,0.9599999785423279
3,1503424559,2276,1.0,0.9599999785423279
3,1503424559,2277,1.0,0.9699999690055847
3,1503424559,2278,1.0,0.9649999737739563
3,1503424559,2279,1.0,0.9649999737739563
3,1503424559,2280,1.0,0.9649999737739563
3,1503424559,2281,1.0,0.9599999785423279
3,1503424559,2282,1.0,0.9649999737739563
3,1503424559,2283,1.0,0.9549999833106995
3,1503424559,2284,1.0,0.9649999737739563
3,1503424559,2285,1.0,0.949999988079071
3,1503424559,2286,1.0,0.9599999785423279
3,1503424559,2287,1.0,0.9599999785423279
3,1503424559,2288,1.0,0.9699999690055847
3,1503424559,2289,1.0,0.9749999642372131
3,1503424559,2290,1.0,0.9699999690055847
3,1503424559,2291,1.0,0.9649999737739563
3,1503424559,2292,1.0,0.9649999737739563
3,1503424559,2293,1.0,0.9599999785423279
3,1503424559,2294,1.0,0.9699999690055847
3,1503424559,2295,1.0,0.9649999737739563
3,1503424559,2296,1.0,0.949999988079071
3,1503424559,2297,1.0,0.98499995470047
3,1503424559,2298,1.0,0.9699999690055847
3,1503424559,2299,1.0,0.9549999833106995
3,1503424559,2300,1.0,0.9449999928474426
3,1503424559,2301,1.0,0.9649999737739563
3,1503424559,2302,1.0,0.9699999690055847
3,1503424559,2303,1.0,0.9649999737739563
3,1503424559,2304,1.0,0.9799999594688416
3,1503424559,2305,1.0,0.9699999690055847
3,1503424559,2306,1.0,0.9599999785423279
3,1503424559,2307,1.0,0.9649999737739563
3,1503424559,2308,1.0,0.9749999642372131
3,1503424559,2309,1.0,0.9749999642372131
3,1503424559,2310,1.0,0.9599999785423279
3,1503424559,2311,1.0,0.9699999690055847
3,1503424559,2312,1.0,0.9649999737739563
3,1503424559,2313,1.0,0.9649999737739563
3,1503424559,2314,1.0,0.9699999690055847
3,1503424559,2315,1.0,0.9749999642372131
3,1503424559,2316,1.0,0.9699999690055847
3,1503424559,2317,1.0,0.949999988079071
3,1503424559,2318,1.0,0.9549999833106995
3,1503424559,2319,1.0,0.9749999642372131
3,1503424559,2320,1.0,0.9699999690055847
3,1503424559,2321,1.0,0.9649999737739563
3,1503424559,2322,1.0,0.9649999737739563
3,1503424559,2323,1.0,0.9649999737739563
3,1503424559,2324,1.0,0.9649999737739563
3,1503424559,2325,1.0,0.9799999594688416
3,1503424559,2326,1.0,0.9649999737739563
3,1503424559,2327,1.0,0.9599999785423279
3,1503424559,2328,1.0,0.9749999642372131
3,1503424559,2329,1.0,0.949999988079071
3,1503424559,2330,1.0,0.9549999833106995
3,1503424559,2331,1.0,0.9599999785423279
3,1503424559,2332,1.0,0.9799999594688416
3,1503424559,2333,1.0,0.9749999642372131
3,1503424559,2334,1.0,0.9749999642372131
3,1503424559,2335,1.0,0.9599999785423279
3,1503424559,2336,1.0,0.9599999785423279
3,1503424559,2337,1.0,0.9699999690055847
3,1503424559,2338,1.0,0.9799999594688416
3,1503424559,2339,1.0,0.9649999737739563
3,1503424559,2340,1.0,0.9649999737739563
3,1503424559,2341,1.0,0.9699999690055847
3,1503424559,2342,1.0,0.9649999737739563
3,1503424559,2343,1.0,0.9699999690055847
3,1503424559,2344,1.0,0.9599999785423279
3,1503424559,2345,1.0,0.9799999594688416
3,1503424559,2346,1.0,0.9699999690055847
3,1503424559,2347,1.0,0.949999988079071
3,1503424559,2348,1.0,0.9599999785423279
3,1503424559,2349,1.0,0.9649999737739563
3,1503424559,2350,1.0,0.9699999690055847
3,1503424559,2351,1.0,0.9699999690055847
3,1503424559,2352,1.0,0.9649999737739563
3,1503424559,2353,1.0,0.9549999833106995
3,1503424559,2354,1.0,0.9449999928474426
3,1503424559,2355,1.0,0.949999988079071
3,1503424559,2356,1.0,0.9649999737739563
3,1503424559,2357,1.0,0.9699999690055847
3,1503424559,2358,1.0,0.9749999642372131
3,1503424559,2359,1.0,0.9599999785423279
3,1503424559,2360,1.0,0.9399999976158142
3,1503424559,2361,1.0,0.9749999642372131
3,1503424559,2362,1.0,0.9549999833106995
3,1503424559,2363,1.0,0.9599999785423279
3,1503424559,2364,1.0,0.9649999737739563
3,1503424559,2365,1.0,0.949999988079071
3,1503424559,2366,1.0,0.9799999594688416
3,1503424559,2367,1.0,0.9699999690055847
3,1503424559,2368,1.0,0.9649999737739563
3,1503424559,2369,1.0,0.9749999642372131
3,1503424559,2370,1.0,0.9649999737739563
3,1503424559,2371,1.0,0.9599999785423279
3,1503424559,2372,1.0,0.9699999690055847
3,1503424559,2373,1.0,0.9649999737739563
3,1503424559,2374,1.0,0.9649999737739563
3,1503424559,2375,1.0,0.9699999690055847
3,1503424559,2376,1.0,0.9749999642372131
3,1503424559,2377,1.0,0.9699999690055847
3,1503424559,2378,1.0,0.9649999737739563
3,1503424559,2379,1.0,0.9649999737739563
3,1503424559,2380,1.0,0.9699999690055847
3,1503424559,2381,1.0,0.9699999690055847
3,1503424559,2382,1.0,0.9749999642372131
3,1503424559,2383,1.0,0.9649999737739563
3,1503424559,2384,1.0,0.9749999642372131
3,1503424559,2385,1.0,0.9699999690055847
3,1503424559,2386,1.0,0.9699999690055847
3,1503424559,2387,1.0,0.9549999833106995
3,1503424559,2388,1.0,0.9699999690055847
3,1503424559,2389,1.0,0.9699999690055847
3,1503424559,2390,1.0,0.9649999737739563
3,1503424559,2391,1.0,0.9699999690055847
3,1503424559,2392,1.0,0.9599999785423279
3,1503424559,2393,1.0,0.9749999642372131
3,1503424559,2394,1.0,0.9749999642372131
3,1503424559,2395,1.0,0.9599999785423279
3,1503424559,2396,1.0,0.9649999737739563
3,1503424559,2397,1.0,0.9699999690055847
3,1503424559,2398,1.0,0.9699999690055847
3,1503424559,2399,1.0,0.9649999737739563
3,1503424559,2400,1.0,0.9749999642372131
3,1503424559,2401,1.0,0.9599999785423279
3,1503424559,2402,1.0,0.9699999690055847
3,1503424559,2403,1.0,0.9699999690055847
3,1503424559,2404,1.0,0.9749999642372131
3,1503424559,2405,1.0,0.9699999690055847
3,1503424559,2406,1.0,0.9649999737739563
3,1503424559,2407,1.0,0.9599999785423279
3,1503424559,2408,1.0,0.9699999690055847
3,1503424559,2409,1.0,0.9799999594688416
3,1503424559,2410,1.0,0.9649999737739563
3,1503424559,2411,1.0,0.9699999690055847
3,1503424559,2412,1.0,0.9699999690055847
3,1503424559,2413,1.0,0.9749999642372131
3,1503424559,2414,1.0,0.9699999690055847
3,1503424559,2415,1.0,0.9799999594688416
3,1503424559,2416,1.0,0.9699999690055847
3,1503424559,2417,1.0,0.9649999737739563
3,1503424559,2418,1.0,0.9699999690055847
3,1503424559,2419,1.0,0.9649999737739563
3,1503424559,2420,1.0,0.9749999642372131
3,1503424559,2421,1.0,0.9899999499320984
3,1503424559,2422,1.0,0.9599999785423279
3,1503424559,2423,1.0,0.98499995470047
3,1503424559,2424,1.0,0.9749999642372131
3,1503424559,2425,1.0,0.9699999690055847
3,1503424559,2426,1.0,0.9749999642372131
3,1503424559,2427,1.0,0.9699999690055847
3,1503424559,2428,1.0,0.9699999690055847
3,1503424559,2429,1.0,0.9749999642372131
3,1503424559,2430,1.0,0.9699999690055847
3,1503424559,2431,1.0,0.9649999737739563
3,1503424559,2432,1.0,0.9699999690055847
3,1503424559,2433,1.0,0.9549999833106995
3,1503424559,2434,1.0,0.9649999737739563
3,1503424559,2435,1.0,0.9799999594688416
3,1503424559,2436,1.0,0.9699999690055847
3,1503424559,2437,1.0,0.98499995470047
3,1503424559,2438,1.0,0.9699999690055847
3,1503424559,2439,1.0,0.9699999690055847
3,1503424559,2440,1.0,0.9649999737739563
3,1503424559,2441,1.0,0.9699999690055847
3,1503424559,2442,1.0,0.9649999737739563
3,1503424559,2443,1.0,0.9549999833106995
3,1503424559,2444,1.0,0.9749999642372131
3,1503424559,2445,1.0,0.9799999594688416
3,1503424559,2446,1.0,0.9749999642372131
3,1503424559,2447,1.0,0.9699999690055847
3,1503424559,2448,1.0,0.9649999737739563
3,1503424559,2449,1.0,0.9749999642372131
3,1503424559,2450,1.0,0.9699999690055847
3,1503424559,2451,1.0,0.9699999690055847
3,1503424559,2452,1.0,0.9649999737739563
3,1503424559,2453,1.0,0.9749999642372131
3,1503424559,2454,1.0,0.9749999642372131
3,1503424559,2455,1.0,0.9799999594688416
3,1503424559,2456,1.0,0.9749999642372131
3,1503424559,2457,1.0,0.9649999737739563
3,1503424559,2458,1.0,0.9699999690055847
3,1503424559,2459,1.0,0.9749999642372131
3,1503424559,2460,1.0,0.98499995470047
3,1503424559,2461,1.0,0.9749999642372131
3,1503424559,2462,1.0,0.9699999690055847
3,1503424559,2463,1.0,0.9749999642372131
3,1503424559,2464,1.0,0.9699999690055847
3,1503424559,2465,1.0,0.9799999594688416
3,1503424559,2466,1.0,0.9749999642372131
3,1503424559,2467,1.0,0.9749999642372131
3,1503424559,2468,1.0,0.9749999642372131
3,1503424559,2469,1.0,0.9899999499320984
3,1503424559,2470,1.0,0.9799999594688416
3,1503424559,2471,1.0,0.9649999737739563
3,1503424559,2472,1.0,0.9649999737739563
3,1503424559,2473,1.0,0.9749999642372131
3,1503424559,2474,1.0,0.9699999690055847
3,1503424559,2475,1.0,0.9649999737739563
3,1503424559,2476,1.0,0.9649999737739563
3,1503424559,2477,1.0,0.9649999737739563
3,1503424559,2478,1.0,0.9699999690055847
3,1503424559,2479,1.0,0.9699999690055847
3,1503424559,2480,1.0,0.9749999642372131
3,1503424559,2481,1.0,0.9799999594688416
3,1503424559,2482,1.0,0.9799999594688416
3,1503424559,2483,1.0,0.9799999594688416
3,1503424559,2484,1.0,0.9749999642372131
3,1503424559,2485,1.0,0.9699999690055847
3,1503424559,2486,1.0,0.9649999737739563
3,1503424559,2487,1.0,0.9699999690055847
3,1503424559,2488,1.0,0.9699999690055847
3,1503424559,2489,1.0,0.9699999690055847
3,1503424559,2490,1.0,0.9699999690055847
3,1503424559,2491,1.0,0.9749999642372131
3,1503424559,2492,1.0,0.9649999737739563
3,1503424559,2493,1.0,0.9599999785423279
3,1503424559,2494,1.0,0.9599999785423279
3,1503424559,2495,1.0,0.9649999737739563
3,1503424559,2496,1.0,0.9699999690055847
3,1503424559,2497,1.0,0.9749999642372131
3,1503424559,2498,1.0,0.9699999690055847
3,1503424559,2499,1.0,0.9699999690055847
3,1503424559,2500,1.0,0.9699999690055847
3,1503424559,2501,1.0,0.9749999642372131
3,1503424559,2502,1.0,0.9749999642372131
3,1503424559,2503,1.0,0.9749999642372131
3,1503424559,2504,1.0,0.9649999737739563
3,1503424559,2505,1.0,0.9799999594688416
3,1503424559,2506,1.0,0.9649999737739563
3,1503424559,2507,1.0,0.9749999642372131
3,1503424559,2508,1.0,0.9799999594688416
3,1503424559,2509,1.0,0.9799999594688416
3,1503424559,2510,1.0,0.9699999690055847
3,1503424559,2511,1.0,0.9749999642372131
3,1503424559,2512,1.0,0.9699999690055847
3,1503424559,2513,1.0,0.9649999737739563
3,1503424559,2514,1.0,0.9749999642372131
3,1503424559,2515,1.0,0.9699999690055847
3,1503424559,2516,1.0,0.98499995470047
3,1503424559,2517,1.0,0.9699999690055847
3,1503424559,2518,1.0,0.9699999690055847
3,1503424559,2519,1.0,0.9599999785423279
3,1503424559,2520,1.0,0.9749999642372131
3,1503424559,2521,1.0,0.9749999642372131
3,1503424559,2522,1.0,0.9749999642372131
3,1503424559,2523,1.0,0.9599999785423279
3,1503424559,2524,1.0,0.9599999785423279
3,1503424559,2525,1.0,0.9749999642372131
3,1503424559,2526,1.0,0.9799999594688416
3,1503424559,2527,1.0,0.9699999690055847
3,1503424559,2528,1.0,0.9599999785423279
3,1503424559,2529,1.0,0.9649999737739563
3,1503424559,2530,1.0,0.9749999642372131
3,1503424559,2531,1.0,0.9749999642372131
3,1503424559,2532,1.0,0.9699999690055847
3,1503424559,2533,1.0,0.9649999737739563
3,1503424559,2534,1.0,0.9749999642372131
3,1503424559,2535,1.0,0.9749999642372131
3,1503424559,2536,1.0,0.9699999690055847
3,1503424559,2537,1.0,0.9749999642372131
3,1503424559,2538,1.0,0.9749999642372131
3,1503424559,2539,1.0,0.9749999642372131
3,1503424559,2540,1.0,0.9699999690055847
3,1503424559,2541,1.0,0.9649999737739563
3,1503424559,2542,1.0,0.9649999737739563
3,1503424559,2543,1.0,0.9649999737739563
3,1503424559,2544,1.0,0.9649999737739563
3,1503424559,2545,1.0,0.9699999690055847
3,1503424559,2546,1.0,0.9749999642372131
3,1503424559,2547,1.0,0.9649999737739563
3,1503424559,2548,1.0,0.9799999594688416
3,1503424559,2549,1.0,0.9699999690055847
3,1503424559,2550,1.0,0.9649999737739563
3,1503424559,2551,1.0,0.9699999690055847
3,1503424559,2552,1.0,0.9649999737739563
3,1503424559,2553,1.0,0.98499995470047
3,1503424559,2554,1.0,0.9799999594688416
3,1503424559,2555,1.0,0.9699999690055847
3,1503424559,2556,1.0,0.9699999690055847
3,1503424559,2557,1.0,0.9649999737739563
3,1503424559,2558,1.0,0.9749999642372131
3,1503424559,2559,1.0,0.9749999642372131
3,1503424559,2560,1.0,0.9599999785423279
3,1503424559,2561,1.0,0.9649999737739563
3,1503424559,2562,1.0,0.9749999642372131
3,1503424559,2563,1.0,0.9699999690055847
3,1503424559,2564,1.0,0.9699999690055847
3,1503424559,2565,1.0,0.9699999690055847
3,1503424559,2566,1.0,0.9749999642372131
3,1503424559,2567,1.0,0.9649999737739563
3,1503424559,2568,1.0,0.9699999690055847
3,1503424559,2569,1.0,0.9699999690055847
3,1503424559,2570,1.0,0.9699999690055847
3,1503424559,2571,1.0,0.9649999737739563
3,1503424559,2572,1.0,0.9649999737739563
3,1503424559,2573,1.0,0.949999988079071
3,1503424559,2574,1.0,0.9649999737739563
3,1503424559,2575,1.0,0.9699999690055847
3,1503424559,2576,1.0,0.9749999642372131
3,1503424559,2577,1.0,0.98499995470047
3,1503424559,2578,1.0,0.9799999594688416
3,1503424559,2579,1.0,0.9549999833106995
3,1503424559,2580,1.0,0.9649999737739563
3,1503424559,2581,1.0,0.9649999737739563
3,1503424559,2582,1.0,0.9799999594688416
3,1503424559,2583,1.0,0.9799999594688416
3,1503424559,2584,1.0,0.9749999642372131
3,1503424559,2585,1.0,0.9599999785423279
3,1503424559,2586,1.0,0.9749999642372131
3,1503424559,2587,1.0,0.9699999690055847
3,1503424559,2588,1.0,0.9599999785423279
3,1503424559,2589,1.0,0.9699999690055847
3,1503424559,2590,1.0,0.9749999642372131
3,1503424559,2591,1.0,0.9649999737739563
3,1503424559,2592,1.0,0.9749999642372131
3,1503424559,2593,1.0,0.9749999642372131
3,1503424559,2594,1.0,0.9699999690055847
3,1503424559,2595,1.0,0.9749999642372131
3,1503424559,2596,1.0,0.9699999690055847
3,1503424559,2597,1.0,0.9699999690055847
3,1503424559,2598,1.0,0.9699999690055847
3,1503424559,2599,1.0,0.9749999642372131
3,1503424559,2600,1.0,0.9649999737739563
3,1503424559,2601,1.0,0.9649999737739563
3,1503424559,2602,1.0,0.9749999642372131
3,1503424559,2603,1.0,0.9549999833106995
3,1503424559,2604,1.0,0.9699999690055847
3,1503424559,2605,1.0,0.9749999642372131
3,1503424559,2606,1.0,0.98499995470047
3,1503424559,2607,1.0,0.9749999642372131
3,1503424559,2608,1.0,0.9699999690055847
3,1503424559,2609,1.0,0.9599999785423279
3,1503424559,2610,1.0,0.9699999690055847
3,1503424559,2611,1.0,0.9649999737739563
3,1503424559,2612,1.0,0.9699999690055847
3,1503424559,2613,1.0,0.9649999737739563
3,1503424559,2614,1.0,0.9699999690055847
3,1503424559,2615,1.0,0.9799999594688416
3,1503424559,2616,1.0,0.9699999690055847
3,1503424559,2617,1.0,0.9649999737739563
3,1503424559,2618,1.0,0.9649999737739563
3,1503424559,2619,1.0,0.9749999642372131
3,1503424559,2620,1.0,0.9649999737739563
3,1503424559,2621,1.0,0.9749999642372131
3,1503424559,2622,1.0,0.9699999690055847
3,1503424559,2623,1.0,0.9699999690055847
3,1503424559,2624,1.0,0.9799999594688416
3,1503424559,2625,1.0,0.9699999690055847
3,1503424559,2626,1.0,0.9699999690055847
3,1503424559,2627,1.0,0.9549999833106995
3,1503424559,2628,1.0,0.9799999594688416
3,1503424559,2629,1.0,0.9649999737739563
3,1503424559,2630,1.0,0.9649999737739563
3,1503424559,2631,1.0,0.9699999690055847
3,1503424559,2632,1.0,0.9749999642372131
3,1503424559,2633,1.0,0.9749999642372131
3,1503424559,2634,1.0,0.9749999642372131
3,1503424559,2635,1.0,0.9649999737739563
3,1503424559,2636,1.0,0.9749999642372131
3,1503424559,2637,1.0,0.9749999642372131
3,1503424559,2638,1.0,0.9749999642372131
3,1503424559,2639,1.0,0.9649999737739563
3,1503424559,2640,1.0,0.9649999737739563
3,1503424559,2641,1.0,0.9699999690055847
3,1503424559,2642,1.0,0.9749999642372131
3,1503424559,2643,1.0,0.9699999690055847
3,1503424559,2644,1.0,0.98499995470047
3,1503424559,2645,1.0,0.9699999690055847
3,1503424559,2646,1.0,0.9699999690055847
3,1503424559,2647,1.0,0.9749999642372131
3,1503424559,2648,1.0,0.9699999690055847
3,1503424559,2649,1.0,0.9749999642372131
3,1503424559,2650,1.0,0.9699999690055847
3,1503424559,2651,1.0,0.9749999642372131
3,1503424559,2652,1.0,0.9749999642372131
3,1503424559,2653,1.0,0.9749999642372131
3,1503424559,2654,1.0,0.9799999594688416
3,1503424559,2655,1.0,0.9799999594688416
3,1503424559,2656,1.0,0.9649999737739563
3,1503424559,2657,1.0,0.9649999737739563
3,1503424559,2658,1.0,0.9749999642372131
3,1503424559,2659,1.0,0.9799999594688416
3,1503424559,2660,1.0,0.9699999690055847
3,1503424559,2661,1.0,0.9749999642372131
3,1503424559,2662,1.0,0.9699999690055847
3,1503424559,2663,1.0,0.9699999690055847
3,1503424559,2664,1.0,0.9749999642372131
3,1503424559,2665,1.0,0.9699999690055847
3,1503424559,2666,1.0,0.9749999642372131
3,1503424559,2667,1.0,0.9749999642372131
3,1503424559,2668,1.0,0.9799999594688416
3,1503424559,2669,1.0,0.9749999642372131
3,1503424559,2670,1.0,0.98499995470047
3,1503424559,2671,1.0,0.9799999594688416
3,1503424559,2672,1.0,0.9699999690055847
3,1503424559,2673,1.0,0.9699999690055847
3,1503424559,2674,1.0,0.9699999690055847
3,1503424559,2675,1.0,0.9749999642372131
3,1503424559,2676,1.0,0.9799999594688416
3,1503424559,2677,1.0,0.9699999690055847
3,1503424559,2678,1.0,0.9749999642372131
3,1503424559,2679,1.0,0.9749999642372131
3,1503424559,2680,1.0,0.9799999594688416
3,1503424559,2681,1.0,0.9699999690055847
3,1503424559,2682,1.0,0.9749999642372131
3,1503424559,2683,1.0,0.9749999642372131
3,1503424559,2684,1.0,0.9749999642372131
3,1503424559,2685,1.0,0.9649999737739563
3,1503424559,2686,1.0,0.9749999642372131
3,1503424559,2687,1.0,0.9699999690055847
3,1503424559,2688,1.0,0.9699999690055847
3,1503424559,2689,1.0,0.9699999690055847
3,1503424559,2690,1.0,0.9599999785423279
3,1503424559,2691,1.0,0.98499995470047
3,1503424559,2692,1.0,0.9749999642372131
3,1503424559,2693,1.0,0.9799999594688416
3,1503424559,2694,1.0,0.9799999594688416
3,1503424559,2695,1.0,0.9649999737739563
3,1503424559,2696,1.0,0.9699999690055847
3,1503424559,2697,1.0,0.9699999690055847
3,1503424559,2698,1.0,0.9749999642372131
3,1503424559,2699,1.0,0.9649999737739563
3,1503424559,2700,1.0,0.9699999690055847
3,1503424559,2701,1.0,0.9699999690055847
3,1503424559,2702,1.0,0.9699999690055847
3,1503424559,2703,1.0,0.9799999594688416
3,1503424559,2704,1.0,0.98499995470047
3,1503424559,2705,1.0,0.9749999642372131
3,1503424559,2706,1.0,0.9799999594688416
3,1503424559,2707,1.0,0.9699999690055847
3,1503424559,2708,1.0,0.9749999642372131
3,1503424559,2709,1.0,0.9749999642372131
3,1503424559,2710,1.0,0.9749999642372131
3,1503424559,2711,1.0,0.9699999690055847
3,1503424559,2712,1.0,0.9799999594688416
3,1503424559,2713,1.0,0.9799999594688416
3,1503424559,2714,1.0,0.9799999594688416
3,1503424559,2715,1.0,0.9699999690055847
3,1503424559,2716,1.0,0.9699999690055847
3,1503424559,2717,1.0,0.9749999642372131
3,1503424559,2718,1.0,0.9799999594688416
3,1503424559,2719,1.0,0.9749999642372131
3,1503424559,2720,1.0,0.98499995470047
3,1503424559,2721,1.0,0.9749999642372131
3,1503424559,2722,1.0,0.9649999737739563
3,1503424559,2723,1.0,0.9649999737739563
3,1503424559,2724,1.0,0.9749999642372131
3,1503424559,2725,1.0,0.9799999594688416
3,1503424559,2726,1.0,0.9899999499320984
3,1503424559,2727,1.0,0.9799999594688416
3,1503424559,2728,1.0,0.98499995470047
3,1503424559,2729,1.0,0.9749999642372131
3,1503424559,2730,1.0,0.9699999690055847
3,1503424559,2731,1.0,0.9699999690055847
3,1503424559,2732,1.0,0.98499995470047
3,1503424559,2733,1.0,0.98499995470047
3,1503424559,2734,1.0,0.9799999594688416
3,1503424559,2735,1.0,0.9749999642372131
3,1503424559,2736,1.0,0.98499995470047
3,1503424559,2737,1.0,0.9799999594688416
3,1503424559,2738,1.0,0.9799999594688416
3,1503424559,2739,1.0,0.9749999642372131
3,1503424559,2740,1.0,0.9749999642372131
3,1503424559,2741,1.0,0.9749999642372131
3,1503424559,2742,1.0,0.9799999594688416
3,1503424559,2743,1.0,0.9749999642372131
3,1503424559,2744,1.0,0.9799999594688416
3,1503424559,2745,1.0,0.9799999594688416
3,1503424559,2746,1.0,0.9749999642372131
3,1503424559,2747,1.0,0.9749999642372131
3,1503424559,2748,1.0,0.9899999499320984
3,1503424559,2749,1.0,0.98499995470047
3,1503424559,2750,1.0,0.9799999594688416
3,1503424559,2751,1.0,0.9649999737739563
3,1503424559,2752,1.0,0.9749999642372131
3,1503424559,2753,1.0,0.9699999690055847
3,1503424559,2754,1.0,0.9749999642372131
3,1503424559,2755,1.0,0.98499995470047
3,1503424559,2756,1.0,0.9749999642372131
3,1503424559,2757,1.0,0.9749999642372131
3,1503424559,2758,1.0,0.9749999642372131
3,1503424559,2759,1.0,0.9799999594688416
3,1503424559,2760,1.0,0.9799999594688416
3,1503424559,2761,1.0,0.98499995470047
3,1503424559,2762,1.0,0.9749999642372131
3,1503424559,2763,1.0,0.9699999690055847
3,1503424559,2764,1.0,0.9749999642372131
3,1503424559,2765,1.0,0.9799999594688416
3,1503424559,2766,1.0,0.9799999594688416
3,1503424559,2767,1.0,0.9799999594688416
3,1503424559,2768,1.0,0.9749999642372131
3,1503424559,2769,1.0,0.9799999594688416
3,1503424559,2770,1.0,0.9799999594688416
3,1503424559,2771,1.0,0.9699999690055847
3,1503424559,2772,1.0,0.98499995470047
3,1503424559,2773,1.0,0.9799999594688416
3,1503424559,2774,1.0,0.98499995470047
3,1503424559,2775,1.0,0.9749999642372131
3,1503424559,2776,1.0,0.9699999690055847
3,1503424559,2777,1.0,0.98499995470047
3,1503424559,2778,1.0,0.9799999594688416
3,1503424559,2779,1.0,0.9799999594688416
3,1503424559,2780,1.0,0.9799999594688416
3,1503424559,2781,1.0,0.9749999642372131
3,1503424559,2782,1.0,0.9699999690055847
3,1503424559,2783,1.0,0.9799999594688416
3,1503424559,2784,1.0,0.9699999690055847
3,1503424559,2785,1.0,0.9749999642372131
3,1503424559,2786,1.0,0.9799999594688416
3,1503424559,2787,1.0,0.9749999642372131
3,1503424559,2788,1.0,0.9799999594688416
3,1503424559,2789,1.0,0.9749999642372131
3,1503424559,2790,1.0,0.98499995470047
3,1503424559,2791,1.0,0.9899999499320984
3,1503424559,2792,1.0,0.9799999594688416
3,1503424559,2793,1.0,0.9749999642372131
3,1503424559,2794,1.0,0.9749999642372131
3,1503424559,2795,1.0,0.9749999642372131
3,1503424559,2796,1.0,0.9749999642372131
3,1503424559,2797,1.0,0.98499995470047
3,1503424559,2798,1.0,0.9799999594688416
3,1503424559,2799,1.0,0.9749999642372131
3,1503424559,2800,1.0,0.9749999642372131
3,1503424559,2801,1.0,0.9799999594688416
3,1503424559,2802,1.0,0.9749999642372131
3,1503424559,2803,1.0,0.9799999594688416
3,1503424559,2804,1.0,0.9799999594688416
3,1503424559,2805,1.0,0.9799999594688416
3,1503424559,2806,1.0,0.9799999594688416
3,1503424559,2807,1.0,0.9749999642372131
3,1503424559,2808,1.0,0.9899999499320984
3,1503424559,2809,1.0,0.9749999642372131
3,1503424559,2810,1.0,0.9699999690055847
3,1503424559,2811,1.0,0.9649999737739563
3,1503424559,2812,1.0,0.9799999594688416
3,1503424559,2813,1.0,0.9799999594688416
3,1503424559,2814,1.0,0.98499995470047
3,1503424559,2815,1.0,0.9749999642372131
3,1503424559,2816,1.0,0.9799999594688416
3,1503424559,2817,1.0,0.9799999594688416
3,1503424559,2818,1.0,0.9799999594688416
3,1503424559,2819,1.0,0.98499995470047
3,1503424559,2820,1.0,0.98499995470047
3,1503424559,2821,1.0,0.98499995470047
3,1503424559,2822,1.0,0.9699999690055847
3,1503424559,2823,1.0,0.9749999642372131
3,1503424559,2824,1.0,0.98499995470047
3,1503424559,2825,1.0,0.98499995470047
3,1503424559,2826,1.0,0.9799999594688416
3,1503424559,2827,1.0,0.98499995470047
3,1503424559,2828,1.0,0.9799999594688416
3,1503424559,2829,1.0,0.98499995470047
3,1503424559,2830,1.0,0.98499995470047
3,1503424559,2831,1.0,0.98499995470047
3,1503424559,2832,1.0,0.9799999594688416
3,1503424559,2833,1.0,0.9799999594688416
3,1503424559,2834,1.0,0.9799999594688416
3,1503424559,2835,1.0,0.9799999594688416
3,1503424559,2836,1.0,0.9799999594688416
3,1503424559,2837,1.0,0.98499995470047
3,1503424559,2838,1.0,0.9799999594688416
3,1503424559,2839,1.0,0.98499995470047
3,1503424559,2840,1.0,0.9749999642372131
3,1503424559,2841,1.0,0.9899999499320984
3,1503424559,2842,1.0,0.9799999594688416
3,1503424559,2843,1.0,0.9749999642372131
3,1503424559,2844,1.0,0.9749999642372131
3,1503424559,2845,1.0,0.9799999594688416
3,1503424559,2846,1.0,0.9799999594688416
3,1503424559,2847,1.0,0.9799999594688416
3,1503424559,2848,1.0,0.98499995470047
3,1503424559,2849,1.0,0.9699999690055847
3,1503424559,2850,1.0,0.9799999594688416
3,1503424559,2851,1.0,0.9749999642372131
3,1503424559,2852,1.0,0.9799999594688416
3,1503424559,2853,1.0,0.9799999594688416
3,1503424559,2854,1.0,0.9799999594688416
3,1503424559,2855,1.0,0.9799999594688416
3,1503424559,2856,1.0,0.98499995470047
3,1503424559,2857,1.0,0.9799999594688416
3,1503424559,2858,1.0,0.9749999642372131
3,1503424559,2859,1.0,0.9749999642372131
3,1503424559,2860,1.0,0.9799999594688416
3,1503424559,2861,1.0,0.9699999690055847
3,1503424559,2862,1.0,0.9699999690055847
3,1503424559,2863,1.0,0.9749999642372131
3,1503424559,2864,1.0,0.9799999594688416
3,1503424559,2865,1.0,0.98499995470047
3,1503424559,2866,1.0,0.98499995470047
3,1503424559,2867,1.0,0.9799999594688416
3,1503424559,2868,1.0,0.98499995470047
3,1503424559,2869,1.0,0.9799999594688416
3,1503424559,2870,1.0,0.9749999642372131
3,1503424559,2871,1.0,0.9799999594688416
3,1503424559,2872,1.0,0.9749999642372131
3,1503424559,2873,1.0,0.9749999642372131
3,1503424559,2874,1.0,0.9799999594688416
3,1503424559,2875,1.0,0.98499995470047
3,1503424559,2876,1.0,0.9799999594688416
3,1503424559,2877,1.0,0.9749999642372131
3,1503424559,2878,1.0,0.9749999642372131
3,1503424559,2879,1.0,0.9749999642372131
3,1503424559,2880,1.0,0.98499995470047
3,1503424559,2881,1.0,0.9799999594688416
3,1503424559,2882,1.0,0.9749999642372131
3,1503424559,2883,1.0,0.9799999594688416
3,1503424559,2884,1.0,0.9749999642372131
3,1503424559,2885,1.0,0.98499995470047
3,1503424559,2886,1.0,0.9799999594688416
3,1503424559,2887,1.0,0.9749999642372131
3,1503424559,2888,1.0,0.9749999642372131
3,1503424559,2889,1.0,0.98499995470047
3,1503424559,2890,1.0,0.9899999499320984
3,1503424559,2891,1.0,0.98499995470047
3,1503424559,2892,1.0,0.9799999594688416
3,1503424559,2893,1.0,0.98499995470047
3,1503424559,2894,1.0,0.9749999642372131
3,1503424559,2895,1.0,0.9799999594688416
3,1503424559,2896,1.0,0.9799999594688416
3,1503424559,2897,1.0,0.9899999499320984
3,1503424559,2898,1.0,0.9899999499320984
3,1503424559,2899,1.0,0.9899999499320984
3,1503424559,2900,1.0,0.9749999642372131
3,1503424559,2901,1.0,0.98499995470047
3,1503424559,2902,1.0,0.98499995470047
3,1503424559,2903,1.0,0.98499995470047
3,1503424559,2904,1.0,0.9799999594688416
3,1503424559,2905,1.0,0.9699999690055847
3,1503424559,2906,1.0,0.9749999642372131
3,1503424559,2907,1.0,0.98499995470047
3,1503424559,2908,1.0,0.9799999594688416
3,1503424559,2909,1.0,0.98499995470047
3,1503424559,2910,1.0,0.9799999594688416
3,1503424559,2911,1.0,0.9899999499320984
3,1503424559,2912,1.0,0.9799999594688416
3,1503424559,2913,1.0,0.98499995470047
3,1503424559,2914,1.0,0.9749999642372131
3,1503424559,2915,1.0,0.9799999594688416
3,1503424559,2916,1.0,0.9799999594688416
3,1503424559,2917,1.0,0.9799999594688416
3,1503424559,2918,1.0,0.9799999594688416
3,1503424559,2919,1.0,0.9749999642372131
3,1503424559,2920,1.0,0.9749999642372131
3,1503424559,2921,1.0,0.9699999690055847
3,1503424559,2922,1.0,0.9749999642372131
3,1503424559,2923,1.0,0.9950000047683716
3,1503424559,2924,1.0,0.9899999499320984
3,1503424559,2925,1.0,0.9799999594688416
3,1503424559,2926,1.0,0.98499995470047
3,1503424559,2927,1.0,0.9799999594688416
3,1503424559,2928,1.0,0.9749999642372131
3,1503424559,2929,1.0,0.9749999642372131
3,1503424559,2930,1.0,0.9699999690055847
3,1503424559,2931,1.0,0.9699999690055847
3,1503424559,2932,1.0,0.9699999690055847
3,1503424559,2933,1.0,0.9749999642372131
3,1503424559,2934,1.0,0.9649999737739563
3,1503424559,2935,1.0,0.9799999594688416
3,1503424559,2936,1.0,0.98499995470047
3,1503424559,2937,1.0,0.9799999594688416
3,1503424559,2938,1.0,0.9799999594688416
3,1503424559,2939,1.0,0.98499995470047
3,1503424559,2940,1.0,0.9799999594688416
3,1503424559,2941,1.0,0.98499995470047
3,1503424559,2942,1.0,0.9749999642372131
3,1503424559,2943,1.0,0.98499995470047
3,1503424559,2944,1.0,0.98499995470047
3,1503424559,2945,1.0,0.98499995470047
3,1503424559,2946,1.0,0.9749999642372131
3,1503424559,2947,1.0,0.98499995470047
3,1503424559,2948,1.0,0.98499995470047
3,1503424559,2949,1.0,0.9749999642372131
3,1503424559,2950,1.0,0.9799999594688416
3,1503424559,2951,1.0,0.9799999594688416
3,1503424559,2952,1.0,0.98499995470047
3,1503424559,2953,1.0,0.9749999642372131
3,1503424559,2954,1.0,0.9799999594688416
3,1503424559,2955,1.0,0.98499995470047
3,1503424559,2956,1.0,0.9799999594688416
3,1503424559,2957,1.0,0.9749999642372131
3,1503424559,2958,1.0,0.9799999594688416
3,1503424559,2959,1.0,0.98499995470047
3,1503424559,2960,1.0,0.9799999594688416
3,1503424559,2961,1.0,0.9799999594688416
3,1503424559,2962,1.0,0.9699999690055847
3,1503424559,2963,1.0,0.9799999594688416
3,1503424559,2964,1.0,0.9749999642372131
3,1503424559,2965,1.0,0.9749999642372131
3,1503424559,2966,1.0,0.98499995470047
3,1503424559,2967,1.0,0.9799999594688416
3,1503424559,2968,1.0,0.98499995470047
3,1503424559,2969,1.0,0.9749999642372131
3,1503424559,2970,1.0,0.9799999594688416
3,1503424559,2971,1.0,0.98499995470047
3,1503424559,2972,1.0,0.9799999594688416
3,1503424559,2973,1.0,0.9749999642372131
3,1503424559,2974,1.0,0.9749999642372131
3,1503424559,2975,1.0,0.9799999594688416
3,1503424559,2976,1.0,0.9749999642372131
3,1503424559,2977,1.0,0.9699999690055847
3,1503424559,2978,1.0,0.9749999642372131
3,1503424559,2979,1.0,0.9749999642372131
3,1503424559,2980,1.0,0.9699999690055847
3,1503424559,2981,1.0,0.9749999642372131
3,1503424559,2982,1.0,0.9799999594688416
3,1503424559,2983,1.0,0.98499995470047
3,1503424559,2984,1.0,0.9799999594688416
3,1503424559,2985,1.0,0.9799999594688416
3,1503424559,2986,1.0,0.98499995470047
3,1503424559,2987,1.0,0.98499995470047
3,1503424559,2988,1.0,0.9749999642372131
3,1503424559,2989,1.0,0.9749999642372131
3,1503424559,2990,1.0,0.9749999642372131
3,1503424559,2991,1.0,0.9799999594688416
3,1503424559,2992,1.0,0.9749999642372131
3,1503424559,2993,1.0,0.9749999642372131
3,1503424559,2994,1.0,0.9699999690055847
3,1503424559,2995,1.0,0.9799999594688416
3,1503424559,2996,1.0,0.9749999642372131
3,1503424559,2997,1.0,0.9799999594688416
3,1503424559,2998,1.0,0.9699999690055847
3,1503424559,2999,1.0,0.9799999594688416
3,1503424559,3000,1.0,0.9799999594688416
3,1503424559,3001,1.0,0.9749999642372131
3,1503424559,3002,1.0,0.9799999594688416
3,1503424559,3003,1.0,0.9749999642372131
3,1503424559,3004,1.0,0.9749999642372131
3,1503424559,3005,1.0,0.9799999594688416
3,1503424559,3006,1.0,0.9749999642372131
3,1503424559,3007,1.0,0.9799999594688416
3,1503424559,3008,1.0,0.9699999690055847
3,1503424559,3009,1.0,0.9749999642372131
3,1503424559,3010,1.0,0.9699999690055847
3,1503424559,3011,1.0,0.9749999642372131
3,1503424559,3012,1.0,0.9799999594688416
3,1503424559,3013,1.0,0.9749999642372131
3,1503424559,3014,1.0,0.9699999690055847
3,1503424559,3015,1.0,0.9749999642372131
3,1503424559,3016,1.0,0.9749999642372131
3,1503424559,3017,1.0,0.9749999642372131
3,1503424559,3018,1.0,0.9749999642372131
3,1503424559,3019,1.0,0.9899999499320984
3,1503424559,3020,1.0,0.98499995470047
3,1503424559,3021,1.0,0.9799999594688416
3,1503424559,3022,1.0,0.9749999642372131
3,1503424559,3023,1.0,0.9749999642372131
3,1503424559,3024,1.0,0.9799999594688416
3,1503424559,3025,1.0,0.98499995470047
3,1503424559,3026,1.0,0.98499995470047
3,1503424559,3027,1.0,0.9749999642372131
3,1503424559,3028,1.0,0.9749999642372131
3,1503424559,3029,1.0,0.9749999642372131
3,1503424559,3030,1.0,0.9699999690055847
3,1503424559,3031,1.0,0.9799999594688416
3,1503424559,3032,1.0,0.9749999642372131
3,1503424559,3033,1.0,0.9749999642372131
3,1503424559,3034,1.0,0.98499995470047
3,1503424559,3035,1.0,0.98499995470047
3,1503424559,3036,1.0,0.9749999642372131
3,1503424559,3037,1.0,0.9699999690055847
3,1503424559,3038,1.0,0.9749999642372131
3,1503424559,3039,1.0,0.9699999690055847
3,1503424559,3040,1.0,0.9749999642372131
3,1503424559,3041,1.0,0.98499995470047
3,1503424559,3042,1.0,0.9749999642372131
3,1503424559,3043,1.0,0.9799999594688416
3,1503424559,3044,1.0,0.9699999690055847
3,1503424559,3045,1.0,0.9799999594688416
3,1503424559,3046,1.0,0.9799999594688416
3,1503424559,3047,1.0,0.98499995470047
3,1503424559,3048,1.0,0.9749999642372131
3,1503424559,3049,1.0,0.9749999642372131
3,1503424559,3050,1.0,0.9699999690055847
3,1503424559,3051,1.0,0.9749999642372131
3,1503424559,3052,1.0,0.9799999594688416
3,1503424559,3053,1.0,0.9799999594688416
3,1503424559,3054,1.0,0.9749999642372131
3,1503424559,3055,1.0,0.9749999642372131
3,1503424559,3056,1.0,0.9749999642372131
3,1503424559,3057,1.0,0.9699999690055847
3,1503424559,3058,1.0,0.9799999594688416
3,1503424559,3059,1.0,0.9749999642372131
3,1503424559,3060,1.0,0.9749999642372131
3,1503424559,3061,1.0,0.9799999594688416
3,1503424559,3062,1.0,0.9749999642372131
3,1503424559,3063,1.0,0.9749999642372131
3,1503424559,3064,1.0,0.9749999642372131
3,1503424559,3065,1.0,0.9699999690055847
3,1503424559,3066,1.0,0.9749999642372131
3,1503424559,3067,1.0,0.9749999642372131
3,1503424559,3068,1.0,0.98499995470047
3,1503424559,3069,1.0,0.9749999642372131
3,1503424559,3070,1.0,0.9799999594688416
3,1503424559,3071,1.0,0.9799999594688416
3,1503424559,3072,1.0,0.9749999642372131
3,1503424559,3073,1.0,0.9699999690055847
3,1503424559,3074,1.0,0.9699999690055847
3,1503424559,3075,1.0,0.9749999642372131
3,1503424559,3076,1.0,0.9799999594688416
3,1503424559,3077,1.0,0.9749999642372131
3,1503424559,3078,1.0,0.9799999594688416
3,1503424559,3079,1.0,0.9799999594688416
3,1503424559,3080,1.0,0.9799999594688416
3,1503424559,3081,1.0,0.9799999594688416
3,1503424559,3082,1.0,0.9749999642372131
3,1503424559,3083,1.0,0.9699999690055847
3,1503424559,3084,1.0,0.9749999642372131
3,1503424559,3085,1.0,0.9749999642372131
3,1503424559,3086,1.0,0.9749999642372131
3,1503424559,3087,1.0,0.9749999642372131
3,1503424559,3088,1.0,0.9799999594688416
3,1503424559,3089,1.0,0.9799999594688416
3,1503424559,3090,1.0,0.9899999499320984
3,1503424559,3091,1.0,0.9799999594688416
3,1503424559,3092,1.0,0.9749999642372131
3,1503424559,3093,1.0,0.9749999642372131
3,1503424559,3094,1.0,0.9749999642372131
3,1503424559,3095,1.0,0.9799999594688416
3,1503424559,3096,1.0,0.9799999594688416
3,1503424559,3097,1.0,0.9749999642372131
3,1503424559,3098,1.0,0.9749999642372131
3,1503424559,3099,1.0,0.9749999642372131
3,1503424559,3100,1.0,0.9749999642372131
3,1503424559,3101,1.0,0.9799999594688416
3,1503424559,3102,1.0,0.9749999642372131
3,1503424559,3103,1.0,0.9649999737739563
3,1503424559,3104,1.0,0.9799999594688416
3,1503424559,3105,1.0,0.9749999642372131
3,1503424559,3106,1.0,0.9749999642372131
3,1503424559,3107,1.0,0.9799999594688416
3,1503424559,3108,1.0,0.9749999642372131
3,1503424559,3109,1.0,0.9799999594688416
3,1503424559,3110,1.0,0.9749999642372131
3,1503424559,3111,1.0,0.9799999594688416
3,1503424559,3112,1.0,0.9749999642372131
3,1503424559,3113,1.0,0.9749999642372131
3,1503424559,3114,1.0,0.9799999594688416
3,1503424559,3115,1.0,0.9799999594688416
3,1503424559,3116,1.0,0.9899999499320984
3,1503424559,3117,1.0,0.9799999594688416
3,1503424559,3118,1.0,0.98499995470047
3,1503424559,3119,1.0,0.9749999642372131
3,1503424559,3120,1.0,0.9749999642372131
3,1503424559,3121,1.0,0.9799999594688416
3,1503424559,3122,1.0,0.9749999642372131
3,1503424559,3123,1.0,0.9749999642372131
3,1503424559,3124,1.0,0.9799999594688416
3,1503424559,3125,1.0,0.9799999594688416
3,1503424559,3126,1.0,0.98499995470047
3,1503424559,3127,1.0,0.9749999642372131
3,1503424559,3128,1.0,0.9749999642372131
3,1503424559,3129,1.0,0.9799999594688416
3,1503424559,3130,1.0,0.9799999594688416
3,1503424559,3131,1.0,0.9749999642372131
3,1503424559,3132,1.0,0.9749999642372131
3,1503424559,3133,1.0,0.9799999594688416
3,1503424559,3134,1.0,0.9799999594688416
3,1503424559,3135,1.0,0.9799999594688416
3,1503424559,3136,1.0,0.9749999642372131
3,1503424559,3137,1.0,0.9699999690055847
3,1503424559,3138,1.0,0.9699999690055847
3,1503424559,3139,1.0,0.9699999690055847
3,1503424559,3140,1.0,0.9749999642372131
3,1503424559,3141,1.0,0.9899999499320984
3,1503424559,3142,1.0,0.98499995470047
3,1503424559,3143,1.0,0.9799999594688416
3,1503424559,3144,1.0,0.9749999642372131
3,1503424559,3145,1.0,0.9699999690055847
3,1503424559,3146,1.0,0.9749999642372131
3,1503424559,3147,1.0,0.9749999642372131
3,1503424559,3148,1.0,0.9749999642372131
3,1503424559,3149,1.0,0.9799999594688416
3,1503424559,3150,1.0,0.9749999642372131
3,1503424559,3151,1.0,0.9749999642372131
3,1503424559,3152,1.0,0.9749999642372131
3,1503424559,3153,1.0,0.9799999594688416
3,1503424559,3154,1.0,0.9899999499320984
3,1503424559,3155,1.0,0.98499995470047
3,1503424559,3156,1.0,0.9799999594688416
3,1503424559,3157,1.0,0.9699999690055847
3,1503424559,3158,1.0,0.9749999642372131
3,1503424559,3159,1.0,0.9749999642372131
3,1503424559,3160,1.0,0.9749999642372131
3,1503424559,3161,1.0,0.9799999594688416
3,1503424559,3162,1.0,0.9799999594688416
3,1503424559,3163,1.0,0.9799999594688416
3,1503424559,3164,1.0,0.9799999594688416
3,1503424559,3165,1.0,0.9799999594688416
3,1503424559,3166,1.0,0.9799999594688416
3,1503424559,3167,1.0,0.9749999642372131
3,1503424559,3168,1.0,0.9749999642372131
3,1503424559,3169,1.0,0.9749999642372131
3,1503424559,3170,1.0,0.98499995470047
3,1503424559,3171,1.0,0.9749999642372131
3,1503424559,3172,1.0,0.9749999642372131
3,1503424559,3173,1.0,0.9749999642372131
3,1503424559,3174,1.0,0.9799999594688416
3,1503424559,3175,1.0,0.9699999690055847
3,1503424559,3176,1.0,0.9799999594688416
3,1503424559,3177,1.0,0.9699999690055847
3,1503424559,3178,1.0,0.9799999594688416
3,1503424559,3179,1.0,0.9799999594688416
3,1503424559,3180,1.0,0.9899999499320984
3,1503424559,3181,1.0,0.98499995470047
3,1503424559,3182,1.0,0.98499995470047
3,1503424559,3183,1.0,0.9799999594688416
3,1503424559,3184,1.0,0.9699999690055847
3,1503424559,3185,1.0,0.9749999642372131
3,1503424559,3186,1.0,0.9749999642372131
3,1503424559,3187,1.0,0.9749999642372131
3,1503424559,3188,1.0,0.9749999642372131
3,1503424559,3189,1.0,0.98499995470047
3,1503424559,3190,1.0,0.98499995470047
3,1503424559,3191,1.0,0.9799999594688416
3,1503424559,3192,1.0,0.9749999642372131
3,1503424559,3193,1.0,0.9799999594688416
3,1503424559,3194,1.0,0.9749999642372131
3,1503424559,3195,1.0,0.9749999642372131
3,1503424559,3196,1.0,0.98499995470047
3,1503424559,3197,1.0,0.9799999594688416
3,1503424559,3198,1.0,0.98499995470047
3,1503424559,3199,1.0,0.98499995470047
3,1503424559,3200,1.0,0.9749999642372131
3,1503424559,3201,1.0,0.9699999690055847
3,1503424559,3202,1.0,0.9749999642372131
3,1503424559,3203,1.0,0.9799999594688416
3,1503424559,3204,1.0,0.9799999594688416
3,1503424559,3205,1.0,0.9699999690055847
3,1503424559,3206,1.0,0.9749999642372131
3,1503424559,3207,1.0,0.9749999642372131
3,1503424559,3208,1.0,0.9749999642372131
3,1503424559,3209,1.0,0.9699999690055847
3,1503424559,3210,1.0,0.9749999642372131
3,1503424559,3211,1.0,0.98499995470047
3,1503424559,3212,1.0,0.98499995470047
3,1503424559,3213,1.0,0.9749999642372131
3,1503424559,3214,1.0,0.9799999594688416
3,1503424559,3215,1.0,0.9699999690055847
3,1503424559,3216,1.0,0.9699999690055847
3,1503424559,3217,1.0,0.9749999642372131
3,1503424559,3218,1.0,0.9799999594688416
3,1503424559,3219,1.0,0.9749999642372131
3,1503424559,3220,1.0,0.9799999594688416
3,1503424559,3221,1.0,0.9899999499320984
3,1503424559,3222,1.0,0.9799999594688416
3,1503424559,3223,1.0,0.9749999642372131
3,1503424559,3224,1.0,0.9749999642372131
3,1503424559,3225,1.0,0.9799999594688416
3,1503424559,3226,1.0,0.9799999594688416
3,1503424559,3227,1.0,0.9749999642372131
3,1503424559,3228,1.0,0.9749999642372131
3,1503424559,3229,1.0,0.9749999642372131
3,1503424559,3230,1.0,0.9749999642372131
3,1503424559,3231,1.0,0.9749999642372131
3,1503424559,3232,1.0,0.9799999594688416
3,1503424559,3233,1.0,0.98499995470047
3,1503424559,3234,1.0,0.98499995470047
3,1503424559,3235,1.0,0.98499995470047
3,1503424559,3236,1.0,0.9799999594688416
3,1503424559,3237,1.0,0.9799999594688416
3,1503424559,3238,1.0,0.9799999594688416
3,1503424559,3239,1.0,0.9749999642372131
3,1503424559,3240,1.0,0.9749999642372131
3,1503424559,3241,1.0,0.9799999594688416
3,1503424559,3242,1.0,0.9799999594688416
3,1503424559,3243,1.0,0.9699999690055847
3,1503424559,3244,1.0,0.9749999642372131
3,1503424559,3245,1.0,0.9749999642372131
3,1503424559,3246,1.0,0.9699999690055847
3,1503424559,3247,1.0,0.9699999690055847
3,1503424559,3248,1.0,0.9749999642372131
3,1503424559,3249,1.0,0.9799999594688416
3,1503424559,3250,1.0,0.9799999594688416
3,1503424559,3251,1.0,0.9799999594688416
3,1503424559,3252,1.0,0.9749999642372131
3,1503424559,3253,1.0,0.9749999642372131
3,1503424559,3254,1.0,0.9749999642372131
3,1503424559,3255,1.0,0.9749999642372131
3,1503424559,3256,1.0,0.9699999690055847
3,1503424559,3257,1.0,0.9749999642372131
3,1503424559,3258,1.0,0.9799999594688416
3,1503424559,3259,1.0,0.9749999642372131
3,1503424559,3260,1.0,0.9699999690055847
3,1503424559,3261,1.0,0.9799999594688416
3,1503424559,3262,1.0,0.9749999642372131
3,1503424559,3263,1.0,0.9749999642372131
3,1503424559,3264,1.0,0.9699999690055847
3,1503424559,3265,1.0,0.9749999642372131
3,1503424559,3266,1.0,0.9749999642372131
3,1503424559,3267,1.0,0.9799999594688416
3,1503424559,3268,1.0,0.98499995470047
3,1503424559,3269,1.0,0.9749999642372131
3,1503424559,3270,1.0,0.9749999642372131
3,1503424559,3271,1.0,0.9749999642372131
3,1503424559,3272,1.0,0.9699999690055847
3,1503424559,3273,1.0,0.9699999690055847
3,1503424559,3274,1.0,0.98499995470047
3,1503424559,3275,1.0,0.9799999594688416
3,1503424559,3276,1.0,0.9799999594688416
3,1503424559,3277,1.0,0.9699999690055847
3,1503424559,3278,1.0,0.9749999642372131
3,1503424559,3279,1.0,0.9749999642372131
3,1503424559,3280,1.0,0.9699999690055847
3,1503424559,3281,1.0,0.9799999594688416
3,1503424559,3282,1.0,0.9799999594688416
3,1503424559,3283,1.0,0.9699999690055847
3,1503424559,3284,1.0,0.9749999642372131
3,1503424559,3285,1.0,0.98499995470047
3,1503424559,3286,1.0,0.9799999594688416
3,1503424559,3287,1.0,0.9749999642372131
3,1503424559,3288,1.0,0.9799999594688416
3,1503424559,3289,1.0,0.9749999642372131
3,1503424559,3290,1.0,0.9749999642372131
3,1503424559,3291,1.0,0.9749999642372131
3,1503424559,3292,1.0,0.9699999690055847
3,1503424559,3293,1.0,0.9749999642372131
3,1503424559,3294,1.0,0.9749999642372131
3,1503424559,3295,1.0,0.9749999642372131
3,1503424559,3296,1.0,0.9749999642372131
3,1503424559,3297,1.0,0.9749999642372131
3,1503424559,3298,1.0,0.9749999642372131
3,1503424559,3299,1.0,0.9749999642372131
3,1503424559,3300,1.0,0.98499995470047
3,1503424559,3301,1.0,0.9749999642372131
3,1503424559,3302,1.0,0.9749999642372131
3,1503424559,3303,1.0,0.9749999642372131
3,1503424559,3304,1.0,0.9699999690055847
3,1503424559,3305,1.0,0.9749999642372131
3,1503424559,3306,1.0,0.9749999642372131
3,1503424559,3307,1.0,0.98499995470047
3,1503424559,3308,1.0,0.98499995470047
3,1503424559,3309,1.0,0.98499995470047
3,1503424559,3310,1.0,0.98499995470047
3,1503424559,3311,1.0,0.9749999642372131
3,1503424559,3312,1.0,0.9699999690055847
3,1503424559,3313,1.0,0.9699999690055847
3,1503424559,3314,1.0,0.9699999690055847
3,1503424559,3315,1.0,0.9799999594688416
3,1503424559,3316,1.0,0.9799999594688416
3,1503424559,3317,1.0,0.9799999594688416
3,1503424559,3318,1.0,0.9799999594688416
3,1503424559,3319,1.0,0.9799999594688416
3,1503424559,3320,1.0,0.9749999642372131
3,1503424559,3321,1.0,0.9749999642372131
3,1503424559,3322,1.0,0.9749999642372131
3,1503424559,3323,1.0,0.9799999594688416
3,1503424559,3324,1.0,0.9749999642372131
3,1503424559,3325,1.0,0.9749999642372131
3,1503424559,3326,1.0,0.9749999642372131
3,1503424559,3327,1.0,0.9749999642372131
3,1503424559,3328,1.0,0.9749999642372131
3,1503424559,3329,1.0,0.9799999594688416
3,1503424559,3330,1.0,0.9749999642372131
3,1503424559,3331,1.0,0.9749999642372131
3,1503424559,3332,1.0,0.9749999642372131
3,1503424559,3333,1.0,0.9749999642372131
3,1503424559,3334,1.0,0.9749999642372131
3,1503424559,3335,1.0,0.9749999642372131
3,1503424559,3336,1.0,0.9699999690055847
3,1503424559,3337,1.0,0.9649999737739563
3,1503424559,3338,1.0,0.9799999594688416
3,1503424559,3339,1.0,0.98499995470047
3,1503424559,3340,1.0,0.98499995470047
3,1503424559,3341,1.0,0.98499995470047
3,1503424559,3342,1.0,0.9749999642372131
3,1503424559,3343,1.0,0.9749999642372131
3,1503424559,3344,1.0,0.9749999642372131
3,1503424559,3345,1.0,0.9699999690055847
3,1503424559,3346,1.0,0.9699999690055847
3,1503424559,3347,1.0,0.9749999642372131
3,1503424559,3348,1.0,0.98499995470047
3,1503424559,3349,1.0,0.9749999642372131
3,1503424559,3350,1.0,0.9749999642372131
3,1503424559,3351,1.0,0.9749999642372131
3,1503424559,3352,1.0,0.9749999642372131
3,1503424559,3353,1.0,0.9749999642372131
3,1503424559,3354,1.0,0.9799999594688416
3,1503424559,3355,1.0,0.9749999642372131
3,1503424559,3356,1.0,0.9749999642372131
3,1503424559,3357,1.0,0.9749999642372131
3,1503424559,3358,1.0,0.9699999690055847
3,1503424559,3359,1.0,0.9799999594688416
3,1503424559,3360,1.0,0.9799999594688416
3,1503424559,3361,1.0,0.9749999642372131
3,1503424559,3362,1.0,0.9749999642372131
3,1503424559,3363,1.0,0.9699999690055847
3,1503424559,3364,1.0,0.9749999642372131
3,1503424559,3365,1.0,0.9749999642372131
3,1503424559,3366,1.0,0.9749999642372131
3,1503424559,3367,1.0,0.9749999642372131
3,1503424559,3368,1.0,0.98499995470047
3,1503424559,3369,1.0,0.9799999594688416
3,1503424559,3370,1.0,0.9699999690055847
3,1503424559,3371,1.0,0.9699999690055847
3,1503424559,3372,1.0,0.9749999642372131
3,1503424559,3373,1.0,0.9749999642372131
3,1503424559,3374,1.0,0.9749999642372131
3,1503424559,3375,1.0,0.9699999690055847
3,1503424559,3376,1.0,0.9799999594688416
3,1503424559,3377,1.0,0.9799999594688416
3,1503424559,3378,1.0,0.98499995470047
3,1503424559,3379,1.0,0.9749999642372131
3,1503424559,3380,1.0,0.9749999642372131
3,1503424559,3381,1.0,0.9749999642372131
3,1503424559,3382,1.0,0.9699999690055847
3,1503424559,3383,1.0,0.9749999642372131
3,1503424559,3384,1.0,0.9799999594688416
3,1503424559,3385,1.0,0.9699999690055847
3,1503424559,3386,1.0,0.9749999642372131
3,1503424559,3387,1.0,0.9749999642372131
3,1503424559,3388,1.0,0.9799999594688416
3,1503424559,3389,1.0,0.9799999594688416
3,1503424559,3390,1.0,0.9799999594688416
3,1503424559,3391,1.0,0.9749999642372131
3,1503424559,3392,1.0,0.9749999642372131
3,1503424559,3393,1.0,0.9799999594688416
3,1503424559,3394,1.0,0.98499995470047
3,1503424559,3395,1.0,0.9799999594688416
3,1503424559,3396,1.0,0.9799999594688416
3,1503424559,3397,1.0,0.9799999594688416
3,1503424559,3398,1.0,0.9699999690055847
3,1503424559,3399,1.0,0.9749999642372131
3,1503424559,3400,1.0,0.9799999594688416
3,1503424559,3401,1.0,0.9799999594688416
3,1503424559,3402,1.0,0.9699999690055847
3,1503424559,3403,1.0,0.9749999642372131
3,1503424559,3404,1.0,0.9749999642372131
3,1503424559,3405,1.0,0.9749999642372131
3,1503424559,3406,1.0,0.9749999642372131
3,1503424559,3407,1.0,0.9749999642372131
3,1503424559,3408,1.0,0.9749999642372131
3,1503424559,3409,1.0,0.9749999642372131
3,1503424559,3410,1.0,0.9799999594688416
3,1503424559,3411,1.0,0.9799999594688416
3,1503424559,3412,1.0,0.9749999642372131
3,1503424559,3413,1.0,0.9749999642372131
3,1503424559,3414,1.0,0.9799999594688416
3,1503424559,3415,1.0,0.98499995470047
3,1503424559,3416,1.0,0.98499995470047
3,1503424559,3417,1.0,0.9749999642372131
3,1503424559,3418,1.0,0.9749999642372131
3,1503424559,3419,1.0,0.9749999642372131
3,1503424559,3420,1.0,0.9749999642372131
3,1503424559,3421,1.0,0.9749999642372131
3,1503424559,3422,1.0,0.9749999642372131
3,1503424559,3423,1.0,0.9799999594688416
3,1503424559,3424,1.0,0.98499995470047
3,1503424559,3425,1.0,0.9799999594688416
3,1503424559,3426,1.0,0.9799999594688416
3,1503424559,3427,1.0,0.9799999594688416
3,1503424559,3428,1.0,0.9799999594688416
3,1503424559,3429,1.0,0.9749999642372131
3,1503424559,3430,1.0,0.9749999642372131
3,1503424559,3431,1.0,0.9749999642372131
3,1503424559,3432,1.0,0.9799999594688416
3,1503424559,3433,1.0,0.9799999594688416
3,1503424559,3434,1.0,0.9749999642372131
3,1503424559,3435,1.0,0.9749999642372131
3,1503424559,3436,1.0,0.9799999594688416
3,1503424559,3437,1.0,0.9799999594688416
3,1503424559,3438,1.0,0.9799999594688416
3,1503424559,3439,1.0,0.9799999594688416
3,1503424559,3440,1.0,0.9749999642372131
3,1503424559,3441,1.0,0.9749999642372131
3,1503424559,3442,1.0,0.9749999642372131
3,1503424559,3443,1.0,0.9749999642372131
3,1503424559,3444,1.0,0.9749999642372131
3,1503424559,3445,1.0,0.9699999690055847
3,1503424559,3446,1.0,0.9749999642372131
3,1503424559,3447,1.0,0.9799999594688416
3,1503424559,3448,1.0,0.9799999594688416
3,1503424559,3449,1.0,0.9799999594688416
3,1503424559,3450,1.0,0.9799999594688416
3,1503424559,3451,1.0,0.9799999594688416
3,1503424559,3452,1.0,0.9699999690055847
3,1503424559,3453,1.0,0.9749999642372131
3,1503424559,3454,1.0,0.9749999642372131
3,1503424559,3455,1.0,0.9749999642372131
3,1503424559,3456,1.0,0.9749999642372131
3,1503424559,3457,1.0,0.9749999642372131
3,1503424559,3458,1.0,0.9799999594688416
3,1503424559,3459,1.0,0.98499995470047
3,1503424559,3460,1.0,0.98499995470047
3,1503424559,3461,1.0,0.98499995470047
3,1503424559,3462,1.0,0.9749999642372131
3,1503424559,3463,1.0,0.9799999594688416
3,1503424559,3464,1.0,0.9749999642372131
3,1503424559,3465,1.0,0.9749999642372131
3,1503424559,3466,1.0,0.9749999642372131
3,1503424559,3467,1.0,0.9749999642372131
3,1503424559,3468,1.0,0.9749999642372131
3,1503424559,3469,1.0,0.9749999642372131
3,1503424559,3470,1.0,0.9799999594688416
3,1503424559,3471,1.0,0.9799999594688416
3,1503424559,3472,1.0,0.9799999594688416
3,1503424559,3473,1.0,0.9749999642372131
3,1503424559,3474,1.0,0.9749999642372131
3,1503424559,3475,1.0,0.9799999594688416
3,1503424559,3476,1.0,0.9749999642372131
3,1503424559,3477,1.0,0.9749999642372131
3,1503424559,3478,1.0,0.9749999642372131
3,1503424559,3479,1.0,0.9749999642372131
3,1503424559,3480,1.0,0.9799999594688416
3,1503424559,3481,1.0,0.9799999594688416
3,1503424559,3482,1.0,0.9799999594688416
3,1503424559,3483,1.0,0.9799999594688416
3,1503424559,3484,1.0,0.9699999690055847
3,1503424559,3485,1.0,0.9699999690055847
3,1503424559,3486,1.0,0.9749999642372131
3,1503424559,3487,1.0,0.9799999594688416
3,1503424559,3488,1.0,0.98499995470047
3,1503424559,3489,1.0,0.9799999594688416
3,1503424559,3490,1.0,0.9799999594688416
3,1503424559,3491,1.0,0.9799999594688416
3,1503424559,3492,1.0,0.9749999642372131
3,1503424559,3493,1.0,0.9799999594688416
3,1503424559,3494,1.0,0.9749999642372131
3,1503424559,3495,1.0,0.9749999642372131
3,1503424559,3496,1.0,0.9749999642372131
3,1503424559,3497,1.0,0.9799999594688416
3,1503424559,3498,1.0,0.9799999594688416
3,1503424559,3499,1.0,0.9749999642372131
3,1503424559,3500,1.0,0.9799999594688416
3,1503424559,3501,1.0,0.9799999594688416
3,1503424559,3502,1.0,0.9799999594688416
3,1503424559,3503,1.0,0.9799999594688416
3,1503424559,3504,1.0,0.9799999594688416
3,1503424559,3505,1.0,0.9799999594688416
3,1503424559,3506,1.0,0.9799999594688416
3,1503424559,3507,1.0,0.9799999594688416
3,1503424559,3508,1.0,0.9749999642372131
3,1503424559,3509,1.0,0.9749999642372131
3,1503424559,3510,1.0,0.9749999642372131
3,1503424559,3511,1.0,0.9749999642372131
3,1503424559,3512,1.0,0.9749999642372131
3,1503424559,3513,1.0,0.9749999642372131
3,1503424559,3514,1.0,0.9749999642372131
3,1503424559,3515,1.0,0.9799999594688416
3,1503424559,3516,1.0,0.9749999642372131
3,1503424559,3517,1.0,0.9749999642372131
3,1503424559,3518,1.0,0.9799999594688416
3,1503424559,3519,1.0,0.9799999594688416
3,1503424559,3520,1.0,0.9749999642372131
3,1503424559,3521,1.0,0.9749999642372131
3,1503424559,3522,1.0,0.9799999594688416
3,1503424559,3523,1.0,0.9799999594688416
3,1503424559,3524,1.0,0.9799999594688416
3,1503424559,3525,1.0,0.9799999594688416
3,1503424559,3526,1.0,0.9799999594688416
3,1503424559,3527,1.0,0.9799999594688416
3,1503424559,3528,1.0,0.9799999594688416
3,1503424559,3529,1.0,0.9799999594688416
3,1503424559,3530,1.0,0.9749999642372131
3,1503424559,3531,1.0,0.9799999594688416
3,1503424559,3532,1.0,0.9749999642372131
3,1503424559,3533,1.0,0.9749999642372131
3,1503424559,3534,1.0,0.9799999594688416
3,1503424559,3535,1.0,0.9749999642372131
3,1503424559,3536,1.0,0.9749999642372131
3,1503424559,3537,1.0,0.9749999642372131
3,1503424559,3538,1.0,0.9799999594688416
3,1503424559,3539,1.0,0.9799999594688416
3,1503424559,3540,1.0,0.98499995470047
3,1503424559,3541,1.0,0.9799999594688416
3,1503424559,3542,1.0,0.9799999594688416
3,1503424559,3543,1.0,0.9799999594688416
3,1503424559,3544,1.0,0.98499995470047
3,1503424559,3545,1.0,0.98499995470047
3,1503424559,3546,1.0,0.9899999499320984
3,1503424559,3547,1.0,0.9799999594688416
3,1503424559,3548,1.0,0.9749999642372131
3,1503424559,3549,1.0,0.9749999642372131
3,1503424559,3550,1.0,0.9749999642372131
3,1503424559,3551,1.0,0.9749999642372131
3,1503424559,3552,1.0,0.9749999642372131
3,1503424559,3553,1.0,0.98499995470047
3,1503424559,3554,1.0,0.98499995470047
3,1503424559,3555,1.0,0.9799999594688416
3,1503424559,3556,1.0,0.9749999642372131
3,1503424559,3557,1.0,0.9799999594688416
3,1503424559,3558,1.0,0.9899999499320984
3,1503424559,3559,1.0,0.98499995470047
3,1503424559,3560,1.0,0.9799999594688416
3,1503424559,3561,1.0,0.98499995470047
3,1503424559,3562,1.0,0.9749999642372131
3,1503424559,3563,1.0,0.9749999642372131
3,1503424559,3564,1.0,0.9749999642372131
3,1503424559,3565,1.0,0.9799999594688416
3,1503424559,3566,1.0,0.9799999594688416
3,1503424559,3567,1.0,0.9799999594688416
3,1503424559,3568,1.0,0.98499995470047
3,1503424559,3569,1.0,0.9799999594688416
3,1503424559,3570,1.0,0.9799999594688416
3,1503424559,3571,1.0,0.9799999594688416
3,1503424559,3572,1.0,0.9749999642372131
3,1503424559,3573,1.0,0.98499995470047
3,1503424559,3574,1.0,0.9799999594688416
3,1503424559,3575,1.0,0.9799999594688416
3,1503424559,3576,1.0,0.9799999594688416
3,1503424559,3577,1.0,0.9799999594688416
3,1503424559,3578,1.0,0.9899999499320984
3,1503424559,3579,1.0,0.9899999499320984
3,1503424559,3580,1.0,0.9799999594688416
3,1503424559,3581,1.0,0.9749999642372131
3,1503424559,3582,1.0,0.9749999642372131
3,1503424559,3583,1.0,0.98499995470047
3,1503424559,3584,1.0,0.9799999594688416
3,1503424559,3585,1.0,0.9899999499320984
3,1503424559,3586,1.0,0.98499995470047
3,1503424559,3587,1.0,0.9799999594688416
3,1503424559,3588,1.0,0.9799999594688416
3,1503424559,3589,1.0,0.9799999594688416
3,1503424559,3590,1.0,0.9799999594688416
3,1503424559,3591,1.0,0.9749999642372131
3,1503424559,3592,1.0,0.9749999642372131
3,1503424559,3593,1.0,0.9749999642372131
3,1503424559,3594,1.0,0.9799999594688416
3,1503424559,3595,1.0,0.9799999594688416
3,1503424559,3596,1.0,0.9899999499320984
3,1503424559,3597,1.0,0.9899999499320984
3,1503424559,3598,1.0,0.9799999594688416
3,1503424559,3599,1.0,0.98499995470047
3,1503424559,3600,1.0,0.9799999594688416
3,1503424559,3601,1.0,0.9799999594688416
3,1503424559,3602,1.0,0.9749999642372131
3,1503424559,3603,1.0,0.9799999594688416
3,1503424559,3604,1.0,0.9799999594688416
3,1503424559,3605,1.0,0.9799999594688416
3,1503424559,3606,1.0,0.9799999594688416
3,1503424559,3607,1.0,0.9799999594688416
3,1503424559,3608,1.0,0.9799999594688416
3,1503424559,3609,1.0,0.9799999594688416
3,1503424559,3610,1.0,0.9749999642372131
3,1503424559,3611,1.0,0.9749999642372131
3,1503424559,3612,1.0,0.9799999594688416
3,1503424559,3613,1.0,0.9749999642372131
3,1503424559,3614,1.0,0.98499995470047
3,1503424559,3615,1.0,0.98499995470047
3,1503424559,3616,1.0,0.9799999594688416
3,1503424559,3617,1.0,0.9799999594688416
3,1503424559,3618,1.0,0.9899999499320984
3,1503424559,3619,1.0,0.9899999499320984
3,1503424559,3620,1.0,0.9799999594688416
3,1503424559,3621,1.0,0.9749999642372131
3,1503424559,3622,1.0,0.9749999642372131
3,1503424559,3623,1.0,0.98499995470047
3,1503424559,3624,1.0,0.9799999594688416
3,1503424559,3625,1.0,0.9749999642372131
3,1503424559,3626,1.0,0.9799999594688416
3,1503424559,3627,1.0,0.9799999594688416
3,1503424559,3628,1.0,0.9799999594688416
3,1503424559,3629,1.0,0.98499995470047
3,1503424559,3630,1.0,0.9799999594688416
3,1503424559,3631,1.0,0.98499995470047
3,1503424559,3632,1.0,0.9749999642372131
3,1503424559,3633,1.0,0.98499995470047
3,1503424559,3634,1.0,0.9799999594688416
3,1503424559,3635,1.0,0.9799999594688416
3,1503424559,3636,1.0,0.9749999642372131
3,1503424559,3637,1.0,0.9749999642372131
3,1503424559,3638,1.0,0.98499995470047
3,1503424559,3639,1.0,0.98499995470047
3,1503424559,3640,1.0,0.98499995470047
3,1503424559,3641,1.0,0.9799999594688416
3,1503424559,3642,1.0,0.9799999594688416
3,1503424559,3643,1.0,0.9799999594688416
3,1503424559,3644,1.0,0.98499995470047
3,1503424559,3645,1.0,0.9799999594688416
3,1503424559,3646,1.0,0.9749999642372131
3,1503424559,3647,1.0,0.9799999594688416
3,1503424559,3648,1.0,0.9799999594688416
3,1503424559,3649,1.0,0.9749999642372131
3,1503424559,3650,1.0,0.9749999642372131
3,1503424559,3651,1.0,0.9799999594688416
3,1503424559,3652,1.0,0.9799999594688416
3,1503424559,3653,1.0,0.9799999594688416
3,1503424559,3654,1.0,0.98499995470047
3,1503424559,3655,1.0,0.9749999642372131
3,1503424559,3656,1.0,0.9749999642372131
3,1503424559,3657,1.0,0.9749999642372131
3,1503424559,3658,1.0,0.9799999594688416
3,1503424559,3659,1.0,0.98499995470047
3,1503424559,3660,1.0,0.9699999690055847
3,1503424559,3661,1.0,0.9799999594688416
3,1503424559,3662,1.0,0.98499995470047
3,1503424559,3663,1.0,0.9799999594688416
3,1503424559,3664,1.0,0.9799999594688416
3,1503424559,3665,1.0,0.9799999594688416
3,1503424559,3666,1.0,0.9799999594688416
3,1503424559,3667,1.0,0.9749999642372131
3,1503424559,3668,1.0,0.9799999594688416
3,1503424559,3669,1.0,0.9799999594688416
3,1503424559,3670,1.0,0.9799999594688416
3,1503424559,3671,1.0,0.9799999594688416
3,1503424559,3672,1.0,0.98499995470047
3,1503424559,3673,1.0,0.9799999594688416
3,1503424559,3674,1.0,0.9799999594688416
3,1503424559,3675,1.0,0.9799999594688416
3,1503424559,3676,1.0,0.9799999594688416
3,1503424559,3677,1.0,0.9799999594688416
3,1503424559,3678,1.0,0.9799999594688416
3,1503424559,3679,1.0,0.9799999594688416
3,1503424559,3680,1.0,0.9799999594688416
3,1503424559,3681,1.0,0.9799999594688416
3,1503424559,3682,1.0,0.9799999594688416
3,1503424559,3683,1.0,0.9799999594688416
3,1503424559,3684,1.0,0.9799999594688416
3,1503424559,3685,1.0,0.9749999642372131
3,1503424559,3686,1.0,0.9749999642372131
3,1503424559,3687,1.0,0.9899999499320984
3,1503424559,3688,1.0,0.9799999594688416
3,1503424559,3689,1.0,0.9799999594688416
3,1503424559,3690,1.0,0.9799999594688416
3,1503424559,3691,1.0,0.9799999594688416
3,1503424559,3692,1.0,0.9749999642372131
3,1503424559,3693,1.0,0.9799999594688416
3,1503424559,3694,1.0,0.9799999594688416
3,1503424559,3695,1.0,0.9799999594688416
3,1503424559,3696,1.0,0.9749999642372131
3,1503424559,3697,1.0,0.9799999594688416
3,1503424559,3698,1.0,0.98499995470047
3,1503424559,3699,1.0,0.9799999594688416
3,1503424559,3700,1.0,0.9799999594688416
3,1503424559,3701,1.0,0.98499995470047
3,1503424559,3702,1.0,0.9799999594688416
3,1503424559,3703,1.0,0.9799999594688416
3,1503424559,3704,1.0,0.9799999594688416
3,1503424559,3705,1.0,0.9799999594688416
3,1503424559,3706,1.0,0.9799999594688416
3,1503424559,3707,1.0,0.9799999594688416
3,1503424559,3708,1.0,0.9799999594688416
3,1503424559,3709,1.0,0.9799999594688416
3,1503424559,3710,1.0,0.9799999594688416
3,1503424559,3711,1.0,0.9799999594688416
3,1503424559,3712,1.0,0.9799999594688416
3,1503424559,3713,1.0,0.9799999594688416
3,1503424559,3714,1.0,0.9799999594688416
3,1503424559,3715,1.0,0.9799999594688416
3,1503424559,3716,1.0,0.9799999594688416
3,1503424559,3717,1.0,0.9799999594688416
3,1503424559,3718,1.0,0.9799999594688416
3,1503424559,3719,1.0,0.9799999594688416
3,1503424559,3720,1.0,0.9799999594688416
3,1503424559,3721,1.0,0.9799999594688416
3,1503424559,3722,1.0,0.9749999642372131
3,1503424559,3723,1.0,0.9799999594688416
3,1503424559,3724,1.0,0.9799999594688416
3,1503424559,3725,1.0,0.9799999594688416
3,1503424559,3726,1.0,0.9799999594688416
3,1503424559,3727,1.0,0.98499995470047
3,1503424559,3728,1.0,0.9799999594688416
3,1503424559,3729,1.0,0.9799999594688416
3,1503424559,3730,1.0,0.9799999594688416
3,1503424559,3731,1.0,0.9799999594688416
3,1503424559,3732,1.0,0.9799999594688416
3,1503424559,3733,1.0,0.9799999594688416
3,1503424559,3734,1.0,0.9799999594688416
3,1503424559,3735,1.0,0.9799999594688416
3,1503424559,3736,1.0,0.9799999594688416
3,1503424559,3737,1.0,0.9799999594688416
3,1503424559,3738,1.0,0.9799999594688416
3,1503424559,3739,1.0,0.9799999594688416
3,1503424559,3740,1.0,0.9799999594688416
3,1503424559,3741,1.0,0.9799999594688416
3,1503424559,3742,1.0,0.98499995470047
3,1503424559,3743,1.0,0.9799999594688416
3,1503424559,3744,1.0,0.9799999594688416
3,1503424559,3745,1.0,0.9799999594688416
3,1503424559,3746,1.0,0.9799999594688416
3,1503424559,3747,1.0,0.9799999594688416
3,1503424559,3748,1.0,0.9799999594688416
3,1503424559,3749,1.0,0.9799999594688416
3,1503424559,3750,1.0,0.9749999642372131
3,1503424559,3751,1.0,0.9799999594688416
3,1503424559,3752,1.0,0.9799999594688416
3,1503424559,3753,1.0,0.9799999594688416
3,1503424559,3754,1.0,0.9799999594688416
3,1503424559,3755,1.0,0.9799999594688416
3,1503424559,3756,1.0,0.9799999594688416
3,1503424559,3757,1.0,0.9799999594688416
3,1503424559,3758,1.0,0.9799999594688416
3,1503424559,3759,1.0,0.98499995470047
3,1503424559,3760,1.0,0.98499995470047
3,1503424559,3761,1.0,0.9799999594688416
3,1503424559,3762,1.0,0.9799999594688416
3,1503424559,3763,1.0,0.9799999594688416
3,1503424559,3764,1.0,0.9749999642372131
3,1503424559,3765,1.0,0.9799999594688416
3,1503424559,3766,1.0,0.98499995470047
3,1503424559,3767,1.0,0.98499995470047
3,1503424559,3768,1.0,0.9799999594688416
3,1503424559,3769,1.0,0.9799999594688416
3,1503424559,3770,1.0,0.9799999594688416
3,1503424559,3771,1.0,0.9799999594688416
3,1503424559,3772,1.0,0.9799999594688416
3,1503424559,3773,1.0,0.9799999594688416
3,1503424559,3774,1.0,0.98499995470047
3,1503424559,3775,1.0,0.9799999594688416
3,1503424559,3776,1.0,0.9799999594688416
3,1503424559,3777,1.0,0.9799999594688416
3,1503424559,3778,1.0,0.9749999642372131
3,1503424559,3779,1.0,0.9749999642372131
3,1503424559,3780,1.0,0.9799999594688416
3,1503424559,3781,1.0,0.9799999594688416
3,1503424559,3782,1.0,0.9799999594688416
3,1503424559,3783,1.0,0.9799999594688416
3,1503424559,3784,1.0,0.9799999594688416
3,1503424559,3785,1.0,0.98499995470047
3,1503424559,3786,1.0,0.9799999594688416
3,1503424559,3787,1.0,0.98499995470047
3,1503424559,3788,1.0,0.9899999499320984
3,1503424559,3789,1.0,0.9799999594688416
3,1503424559,3790,1.0,0.9799999594688416
3,1503424559,3791,1.0,0.98499995470047
3,1503424559,3792,1.0,0.9799999594688416
3,1503424559,3793,1.0,0.9799999594688416
3,1503424559,3794,1.0,0.9799999594688416
3,1503424559,3795,1.0,0.9799999594688416
3,1503424559,3796,1.0,0.9799999594688416
3,1503424559,3797,1.0,0.9799999594688416
3,1503424559,3798,1.0,0.9799999594688416
3,1503424559,3799,1.0,0.9749999642372131
3,1503424559,3800,1.0,0.9749999642372131
3,1503424559,3801,1.0,0.9799999594688416
3,1503424559,3802,1.0,0.9749999642372131
3,1503424559,3803,1.0,0.9799999594688416
3,1503424559,3804,1.0,0.9799999594688416
3,1503424559,3805,1.0,0.98499995470047
3,1503424559,3806,1.0,0.9799999594688416
3,1503424559,3807,1.0,0.9899999499320984
3,1503424559,3808,1.0,0.9899999499320984
3,1503424559,3809,1.0,0.9799999594688416
3,1503424559,3810,1.0,0.9799999594688416
3,1503424559,3811,1.0,0.9799999594688416
3,1503424559,3812,1.0,0.9799999594688416
3,1503424559,3813,1.0,0.9799999594688416
3,1503424559,3814,1.0,0.9799999594688416
3,1503424559,3815,1.0,0.9799999594688416
3,1503424559,3816,1.0,0.9799999594688416
3,1503424559,3817,1.0,0.9799999594688416
3,1503424559,3818,1.0,0.9799999594688416
3,1503424559,3819,1.0,0.9799999594688416
3,1503424559,3820,1.0,0.9749999642372131
3,1503424559,3821,1.0,0.98499995470047
3,1503424559,3822,1.0,0.98499995470047
3,1503424559,3823,1.0,0.98499995470047
3,1503424559,3824,1.0,0.98499995470047
3,1503424559,3825,1.0,0.98499995470047
3,1503424559,3826,1.0,0.98499995470047
3,1503424559,3827,1.0,0.9799999594688416
3,1503424559,3828,1.0,0.9799999594688416
3,1503424559,3829,1.0,0.9799999594688416
3,1503424559,3830,1.0,0.9799999594688416
3,1503424559,3831,1.0,0.9799999594688416
3,1503424559,3832,1.0,0.98499995470047
3,1503424559,3833,1.0,0.98499995470047
3,1503424559,3834,1.0,0.98499995470047
3,1503424559,3835,1.0,0.98499995470047
3,1503424559,3836,1.0,0.9799999594688416
3,1503424559,3837,1.0,0.9799999594688416
3,1503424559,3838,1.0,0.9799999594688416
3,1503424559,3839,1.0,0.9749999642372131
3,1503424559,3840,1.0,0.98499995470047
3,1503424559,3841,1.0,0.98499995470047
3,1503424559,3842,1.0,0.98499995470047
3,1503424559,3843,1.0,0.98499995470047
3,1503424559,3844,1.0,0.98499995470047
3,1503424559,3845,1.0,0.9799999594688416
3,1503424559,3846,1.0,0.9799999594688416
3,1503424559,3847,1.0,0.98499995470047
3,1503424559,3848,1.0,0.9799999594688416
3,1503424559,3849,1.0,0.9799999594688416
3,1503424559,3850,1.0,0.98499995470047
3,1503424559,3851,1.0,0.9749999642372131
3,1503424559,3852,1.0,0.9799999594688416
3,1503424559,3853,1.0,0.9799999594688416
3,1503424559,3854,1.0,0.9799999594688416
3,1503424559,3855,1.0,0.9799999594688416
3,1503424559,3856,1.0,0.9799999594688416
3,1503424559,3857,1.0,0.98499995470047
3,1503424559,3858,1.0,0.98499995470047
3,1503424559,3859,1.0,0.98499995470047
3,1503424559,3860,1.0,0.98499995470047
3,1503424559,3861,1.0,0.98499995470047
3,1503424559,3862,1.0,0.98499995470047
3,1503424559,3863,1.0,0.98499995470047
3,1503424559,3864,1.0,0.98499995470047
3,1503424559,3865,1.0,0.9799999594688416
3,1503424559,3866,1.0,0.9749999642372131
3,1503424559,3867,1.0,0.9799999594688416
3,1503424559,3868,1.0,0.9799999594688416
3,1503424559,3869,1.0,0.98499995470047
3,1503424559,3870,1.0,0.9799999594688416
3,1503424559,3871,1.0,0.98499995470047
3,1503424559,3872,1.0,0.98499995470047
3,1503424559,3873,1.0,0.9799999594688416
3,1503424559,3874,1.0,0.98499995470047
3,1503424559,3875,1.0,0.98499995470047
3,1503424559,3876,1.0,0.98499995470047
3,1503424559,3877,1.0,0.98499995470047
3,1503424559,3878,1.0,0.98499995470047
3,1503424559,3879,1.0,0.98499995470047
3,1503424559,3880,1.0,0.98499995470047
3,1503424559,3881,1.0,0.9799999594688416
3,1503424559,3882,1.0,0.98499995470047
3,1503424559,3883,1.0,0.9799999594688416
3,1503424559,3884,1.0,0.9799999594688416
3,1503424559,3885,1.0,0.98499995470047
3,1503424559,3886,1.0,0.98499995470047
3,1503424559,3887,1.0,0.98499995470047
3,1503424559,3888,1.0,0.9749999642372131
3,1503424559,3889,1.0,0.9899999499320984
3,1503424559,3890,1.0,0.98499995470047
3,1503424559,3891,1.0,0.98499995470047
3,1503424559,3892,1.0,0.9799999594688416
3,1503424559,3893,1.0,0.98499995470047
3,1503424559,3894,1.0,0.98499995470047
3,1503424559,3895,1.0,0.98499995470047
3,1503424559,3896,1.0,0.98499995470047
3,1503424559,3897,1.0,0.98499995470047
3,1503424559,3898,1.0,0.98499995470047
3,1503424559,3899,1.0,0.98499995470047
3,1503424559,3900,1.0,0.98499995470047
3,1503424559,3901,1.0,0.98499995470047
3,1503424559,3902,1.0,0.98499995470047
3,1503424559,3903,1.0,0.9799999594688416
3,1503424559,3904,1.0,0.98499995470047
3,1503424559,3905,1.0,0.98499995470047
3,1503424559,3906,1.0,0.98499995470047
3,1503424559,3907,1.0,0.98499995470047
3,1503424559,3908,1.0,0.98499995470047
3,1503424559,3909,1.0,0.98499995470047
3,1503424559,3910,1.0,0.98499995470047
3,1503424559,3911,1.0,0.98499995470047
3,1503424559,3912,1.0,0.9799999594688416
3,1503424559,3913,1.0,0.9799999594688416
3,1503424559,3914,1.0,0.98499995470047
3,1503424559,3915,1.0,0.98499995470047
3,1503424559,3916,1.0,0.98499995470047
3,1503424559,3917,1.0,0.98499995470047
3,1503424559,3918,1.0,0.98499995470047
3,1503424559,3919,1.0,0.98499995470047
3,1503424559,3920,1.0,0.9799999594688416
3,1503424559,3921,1.0,0.98499995470047
3,1503424559,3922,1.0,0.98499995470047
3,1503424559,3923,1.0,0.98499995470047
3,1503424559,3924,1.0,0.98499995470047
3,1503424559,3925,1.0,0.98499995470047
3,1503424559,3926,1.0,0.98499995470047
3,1503424559,3927,1.0,0.98499995470047
3,1503424559,3928,1.0,0.98499995470047
3,1503424559,3929,1.0,0.98499995470047
3,1503424559,3930,1.0,0.98499995470047
3,1503424559,3931,1.0,0.98499995470047
3,1503424559,3932,1.0,0.9799999594688416
3,1503424559,3933,1.0,0.98499995470047
3,1503424559,3934,1.0,0.98499995470047
3,1503424559,3935,1.0,0.98499995470047
3,1503424559,3936,1.0,0.98499995470047
3,1503424559,3937,1.0,0.98499995470047
3,1503424559,3938,1.0,0.98499995470047
3,1503424559,3939,1.0,0.98499995470047
3,1503424559,3940,1.0,0.98499995470047
3,1503424559,3941,1.0,0.98499995470047
3,1503424559,3942,1.0,0.98499995470047
3,1503424559,3943,1.0,0.98499995470047
3,1503424559,3944,1.0,0.98499995470047
3,1503424559,3945,1.0,0.98499995470047
3,1503424559,3946,1.0,0.98499995470047
3,1503424559,3947,1.0,0.9749999642372131
3,1503424559,3948,1.0,0.9799999594688416
3,1503424559,3949,1.0,0.98499995470047
3,1503424559,3950,1.0,0.98499995470047
3,1503424559,3951,1.0,0.9799999594688416
3,1503424559,3952,1.0,0.9799999594688416
3,1503424559,3953,1.0,0.9799999594688416
3,1503424559,3954,1.0,0.98499995470047
3,1503424559,3955,1.0,0.98499995470047
3,1503424559,3956,1.0,0.98499995470047
3,1503424559,3957,1.0,0.98499995470047
3,1503424559,3958,1.0,0.98499995470047
3,1503424559,3959,1.0,0.98499995470047
3,1503424559,3960,1.0,0.9799999594688416
3,1503424559,3961,1.0,0.98499995470047
3,1503424559,3962,1.0,0.98499995470047
3,1503424559,3963,1.0,0.98499995470047
3,1503424559,3964,1.0,0.98499995470047
3,1503424559,3965,1.0,0.98499995470047
3,1503424559,3966,1.0,0.9799999594688416
3,1503424559,3967,1.0,0.9799999594688416
3,1503424559,3968,1.0,0.9799999594688416
3,1503424559,3969,1.0,0.98499995470047
3,1503424559,3970,1.0,0.98499995470047
3,1503424559,3971,1.0,0.98499995470047
3,1503424559,3972,1.0,0.98499995470047
3,1503424559,3973,1.0,0.98499995470047
3,1503424559,3974,1.0,0.98499995470047
3,1503424559,3975,1.0,0.9799999594688416
3,1503424559,3976,1.0,0.9799999594688416
3,1503424559,3977,1.0,0.9799999594688416
3,1503424559,3978,1.0,0.9799999594688416
3,1503424559,3979,1.0,0.98499995470047
3,1503424559,3980,1.0,0.98499995470047
3,1503424559,3981,1.0,0.98499995470047
3,1503424559,3982,1.0,0.98499995470047
3,1503424559,3983,1.0,0.9799999594688416
3,1503424559,3984,1.0,0.9799999594688416
3,1503424559,3985,1.0,0.98499995470047
3,1503424559,3986,1.0,0.98499995470047
3,1503424559,3987,1.0,0.9799999594688416
3,1503424559,3988,1.0,0.98499995470047
3,1503424559,3989,1.0,0.98499995470047
3,1503424559,3990,1.0,0.9799999594688416
3,1503424559,3991,1.0,0.9799999594688416
3,1503424559,3992,1.0,0.9799999594688416
3,1503424559,3993,1.0,0.9799999594688416
3,1503424559,3994,1.0,0.9799999594688416
3,1503424559,3995,1.0,0.9799999594688416
3,1503424559,3996,1.0,0.9799999594688416
3,1503424559,3997,1.0,0.98499995470047
3,1503424559,3998,1.0,0.98499995470047
3,1503424559,3999,1.0,0.98499995470047
3,1503424559,4000,1.0,0.9799999594688416
3,1503424559,4001,1.0,0.9799999594688416
3,1503424559,4002,1.0,0.9799999594688416
3,1503424559,4003,1.0,0.98499995470047
3,1503424559,4004,1.0,0.98499995470047
3,1503424559,4005,1.0,0.98499995470047
3,1503424559,4006,1.0,0.98499995470047
3,1503424559,4007,1.0,0.98499995470047
3,1503424559,4008,1.0,0.98499995470047
3,1503424559,4009,1.0,0.9799999594688416
3,1503424559,4010,1.0,0.9799999594688416
3,1503424559,4011,1.0,0.9799999594688416
3,1503424559,4012,1.0,0.98499995470047
3,1503424559,4013,1.0,0.98499995470047
3,1503424559,4014,1.0,0.98499995470047
3,1503424559,4015,1.0,0.9799999594688416
3,1503424559,4016,1.0,0.9799999594688416
3,1503424559,4017,1.0,0.9799999594688416
3,1503424559,4018,1.0,0.9799999594688416
3,1503424559,4019,1.0,0.98499995470047
3,1503424559,4020,1.0,0.98499995470047
3,1503424559,4021,1.0,0.9799999594688416
3,1503424559,4022,1.0,0.9799999594688416
3,1503424559,4023,1.0,0.9799999594688416
3,1503424559,4024,1.0,0.9799999594688416
3,1503424559,4025,1.0,0.9799999594688416
3,1503424559,4026,1.0,0.98499995470047
3,1503424559,4027,1.0,0.9799999594688416
3,1503424559,4028,1.0,0.9799999594688416
3,1503424559,4029,1.0,0.9799999594688416
3,1503424559,4030,1.0,0.98499995470047
3,1503424559,4031,1.0,0.98499995470047
3,1503424559,4032,1.0,0.98499995470047
3,1503424559,4033,1.0,0.98499995470047
3,1503424559,4034,1.0,0.98499995470047
3,1503424559,4035,1.0,0.98499995470047
3,1503424559,4036,1.0,0.9799999594688416
3,1503424559,4037,1.0,0.9799999594688416
3,1503424559,4038,1.0,0.9799999594688416
3,1503424559,4039,1.0,0.9799999594688416
3,1503424559,4040,1.0,0.9799999594688416
3,1503424559,4041,1.0,0.9799999594688416
3,1503424559,4042,1.0,0.98499995470047
3,1503424559,4043,1.0,0.98499995470047
3,1503424559,4044,1.0,0.98499995470047
3,1503424559,4045,1.0,0.9799999594688416
3,1503424559,4046,1.0,0.9799999594688416
3,1503424559,4047,1.0,0.98499995470047
3,1503424559,4048,1.0,0.98499995470047
3,1503424559,4049,1.0,0.98499995470047
3,1503424559,4050,1.0,0.9899999499320984
3,1503424559,4051,1.0,0.9899999499320984
3,1503424559,4052,1.0,0.9899999499320984
3,1503424559,4053,1.0,0.98499995470047
3,1503424559,4054,1.0,0.98499995470047
3,1503424559,4055,1.0,0.98499995470047
3,1503424559,4056,1.0,0.98499995470047
3,1503424559,4057,1.0,0.9799999594688416
3,1503424559,4058,1.0,0.9799999594688416
3,1503424559,4059,1.0,0.98499995470047
3,1503424559,4060,1.0,0.9799999594688416
3,1503424559,4061,1.0,0.9799999594688416
3,1503424559,4062,1.0,0.9799999594688416
3,1503424559,4063,1.0,0.9799999594688416
3,1503424559,4064,1.0,0.98499995470047
3,1503424559,4065,1.0,0.9799999594688416
3,1503424559,4066,1.0,0.98499995470047
3,1503424559,4067,1.0,0.98499995470047
3,1503424559,4068,1.0,0.98499995470047
3,1503424559,4069,1.0,0.9799999594688416
3,1503424559,4070,1.0,0.98499995470047
3,1503424559,4071,1.0,0.9799999594688416
3,1503424559,4072,1.0,0.98499995470047
3,1503424559,4073,1.0,0.9799999594688416
3,1503424559,4074,1.0,0.9799999594688416
3,1503424559,4075,1.0,0.9799999594688416
3,1503424559,4076,1.0,0.9799999594688416
3,1503424559,4077,1.0,0.98499995470047
3,1503424559,4078,1.0,0.9799999594688416
3,1503424559,4079,1.0,0.9799999594688416
3,1503424559,4080,1.0,0.9799999594688416
3,1503424559,4081,1.0,0.98499995470047
3,1503424559,4082,1.0,0.98499995470047
3,1503424559,4083,1.0,0.98499995470047
3,1503424559,4084,1.0,0.9799999594688416
3,1503424559,4085,1.0,0.9799999594688416
3,1503424559,4086,1.0,0.9799999594688416
3,1503424559,4087,1.0,0.9799999594688416
3,1503424559,4088,1.0,0.98499995470047
3,1503424559,4089,1.0,0.98499995470047
3,1503424559,4090,1.0,0.9799999594688416
3,1503424559,4091,1.0,0.9799999594688416
3,1503424559,4092,1.0,0.9799999594688416
3,1503424559,4093,1.0,0.9799999594688416
3,1503424559,4094,1.0,0.9799999594688416
3,1503424559,4095,1.0,0.98499995470047
3,1503424559,4096,1.0,0.98499995470047
3,1503424559,4097,1.0,0.98499995470047
3,1503424559,4098,1.0,0.98499995470047
3,1503424559,4099,1.0,0.9799999594688416
3,1503424559,4100,1.0,0.9799999594688416
3,1503424559,4101,1.0,0.9799999594688416
3,1503424559,4102,1.0,0.9799999594688416
3,1503424559,4103,1.0,0.9799999594688416
3,1503424559,4104,1.0,0.9799999594688416
3,1503424559,4105,1.0,0.9799999594688416
3,1503424559,4106,1.0,0.9799999594688416
3,1503424559,4107,1.0,0.9799999594688416
3,1503424559,4108,1.0,0.9799999594688416
3,1503424559,4109,1.0,0.9799999594688416
3,1503424559,4110,1.0,0.9799999594688416
3,1503424559,4111,1.0,0.9799999594688416
3,1503424559,4112,1.0,0.9799999594688416
3,1503424559,4113,1.0,0.9799999594688416
3,1503424559,4114,1.0,0.9799999594688416
3,1503424559,4115,1.0,0.9799999594688416
3,1503424559,4116,1.0,0.9799999594688416
3,1503424559,4117,1.0,0.98499995470047
3,1503424559,4118,1.0,0.98499995470047
3,1503424559,4119,1.0,0.98499995470047
3,1503424559,4120,1.0,0.9799999594688416
3,1503424559,4121,1.0,0.9799999594688416
3,1503424559,4122,1.0,0.9799999594688416
3,1503424559,4123,1.0,0.9799999594688416
3,1503424559,4124,1.0,0.9799999594688416
3,1503424559,4125,1.0,0.9799999594688416
3,1503424559,4126,1.0,0.9799999594688416
3,1503424559,4127,1.0,0.9799999594688416
3,1503424559,4128,1.0,0.9799999594688416
3,1503424559,4129,1.0,0.9799999594688416
3,1503424559,4130,1.0,0.98499995470047
3,1503424559,4131,1.0,0.98499995470047
3,1503424559,4132,1.0,0.9799999594688416
3,1503424559,4133,1.0,0.9799999594688416
3,1503424559,4134,1.0,0.9799999594688416
3,1503424559,4135,1.0,0.9799999594688416
3,1503424559,4136,1.0,0.9799999594688416
3,1503424559,4137,1.0,0.9799999594688416
3,1503424559,4138,1.0,0.9799999594688416
3,1503424559,4139,1.0,0.9799999594688416
3,1503424559,4140,1.0,0.9799999594688416
3,1503424559,4141,1.0,0.98499995470047
3,1503424559,4142,1.0,0.98499995470047
3,1503424559,4143,1.0,0.9799999594688416
3,1503424559,4144,1.0,0.9799999594688416
3,1503424559,4145,1.0,0.98499995470047
3,1503424559,4146,1.0,0.98499995470047
3,1503424559,4147,1.0,0.9799999594688416
3,1503424559,4148,1.0,0.9799999594688416
3,1503424559,4149,1.0,0.9799999594688416
3,1503424559,4150,1.0,0.9799999594688416
3,1503424559,4151,1.0,0.9799999594688416
3,1503424559,4152,1.0,0.98499995470047
3,1503424559,4153,1.0,0.9799999594688416
3,1503424559,4154,1.0,0.9799999594688416
3,1503424559,4155,1.0,0.9799999594688416
3,1503424559,4156,1.0,0.98499995470047
3,1503424559,4157,1.0,0.98499995470047
3,1503424559,4158,1.0,0.9799999594688416
3,1503424559,4159,1.0,0.9799999594688416
3,1503424559,4160,1.0,0.9799999594688416
3,1503424559,4161,1.0,0.9799999594688416
3,1503424559,4162,1.0,0.9799999594688416
3,1503424559,4163,1.0,0.9799999594688416
3,1503424559,4164,1.0,0.98499995470047
3,1503424559,4165,1.0,0.98499995470047
3,1503424559,4166,1.0,0.98499995470047
3,1503424559,4167,1.0,0.98499995470047
3,1503424559,4168,1.0,0.98499995470047
3,1503424559,4169,1.0,0.98499995470047
3,1503424559,4170,1.0,0.9799999594688416
3,1503424559,4171,1.0,0.98499995470047
3,1503424559,4172,1.0,0.9799999594688416
3,1503424559,4173,1.0,0.9799999594688416
3,1503424559,4174,1.0,0.9799999594688416
3,1503424559,4175,1.0,0.9799999594688416
3,1503424559,4176,1.0,0.98499995470047
3,1503424559,4177,1.0,0.98499995470047
3,1503424559,4178,1.0,0.9799999594688416
3,1503424559,4179,1.0,0.9799999594688416
3,1503424559,4180,1.0,0.9799999594688416
3,1503424559,4181,1.0,0.98499995470047
3,1503424559,4182,1.0,0.98499995470047
3,1503424559,4183,1.0,0.9799999594688416
3,1503424559,4184,1.0,0.98499995470047
3,1503424559,4185,1.0,0.9799999594688416
3,1503424559,4186,1.0,0.98499995470047
3,1503424559,4187,1.0,0.98499995470047
3,1503424559,4188,1.0,0.9799999594688416
3,1503424559,4189,1.0,0.9799999594688416
3,1503424559,4190,1.0,0.9799999594688416
3,1503424559,4191,1.0,0.9799999594688416
3,1503424559,4192,1.0,0.98499995470047
3,1503424559,4193,1.0,0.98499995470047
3,1503424559,4194,1.0,0.9799999594688416
3,1503424559,4195,1.0,0.9799999594688416
3,1503424559,4196,1.0,0.9799999594688416
3,1503424559,4197,1.0,0.9799999594688416
3,1503424559,4198,1.0,0.9799999594688416
3,1503424559,4199,1.0,0.9799999594688416
3,1503424559,4200,1.0,0.9799999594688416
3,1503424559,4201,1.0,0.9799999594688416
3,1503424559,4202,1.0,0.9799999594688416
3,1503424559,4203,1.0,0.9799999594688416
3,1503424559,4204,1.0,0.9799999594688416
3,1503424559,4205,1.0,0.98499995470047
3,1503424559,4206,1.0,0.9799999594688416
3,1503424559,4207,1.0,0.9799999594688416
3,1503424559,4208,1.0,0.98499995470047
3,1503424559,4209,1.0,0.9799999594688416
3,1503424559,4210,1.0,0.98499995470047
3,1503424559,4211,1.0,0.98499995470047
3,1503424559,4212,1.0,0.98499995470047
3,1503424559,4213,1.0,0.98499995470047
3,1503424559,4214,1.0,0.9799999594688416
3,1503424559,4215,1.0,0.9799999594688416
3,1503424559,4216,1.0,0.9799999594688416
3,1503424559,4217,1.0,0.9799999594688416
3,1503424559,4218,1.0,0.9799999594688416
3,1503424559,4219,1.0,0.9799999594688416
3,1503424559,4220,1.0,0.9799999594688416
3,1503424559,4221,1.0,0.9799999594688416
3,1503424559,4222,1.0,0.9799999594688416
3,1503424559,4223,1.0,0.98499995470047
3,1503424559,4224,1.0,0.9799999594688416
3,1503424559,4225,1.0,0.98499995470047
3,1503424559,4226,1.0,0.98499995470047
3,1503424559,4227,1.0,0.98499995470047
3,1503424559,4228,1.0,0.98499995470047
3,1503424559,4229,1.0,0.98499995470047
3,1503424559,4230,1.0,0.98499995470047
3,1503424559,4231,1.0,0.98499995470047
3,1503424559,4232,1.0,0.9799999594688416
3,1503424559,4233,1.0,0.9799999594688416
3,1503424559,4234,1.0,0.98499995470047
3,1503424559,4235,1.0,0.98499995470047
3,1503424559,4236,1.0,0.98499995470047
3,1503424559,4237,1.0,0.98499995470047
3,1503424559,4238,1.0,0.98499995470047
3,1503424559,4239,1.0,0.98499995470047
3,1503424559,4240,1.0,0.98499995470047
3,1503424559,4241,1.0,0.98499995470047
3,1503424559,4242,1.0,0.9799999594688416
3,1503424559,4243,1.0,0.9799999594688416
3,1503424559,4244,1.0,0.9799999594688416
3,1503424559,4245,1.0,0.98499995470047
3,1503424559,4246,1.0,0.98499995470047
3,1503424559,4247,1.0,0.98499995470047
3,1503424559,4248,1.0,0.98499995470047
3,1503424559,4249,1.0,0.98499995470047
3,1503424559,4250,1.0,0.98499995470047
3,1503424559,4251,1.0,0.98499995470047
3,1503424559,4252,1.0,0.98499995470047
3,1503424559,4253,1.0,0.98499995470047
3,1503424559,4254,1.0,0.9799999594688416
3,1503424559,4255,1.0,0.98499995470047
3,1503424559,4256,1.0,0.9799999594688416
3,1503424559,4257,1.0,0.9799999594688416
3,1503424559,4258,1.0,0.9799999594688416
3,1503424559,4259,1.0,0.9799999594688416
3,1503424559,4260,1.0,0.98499995470047
3,1503424559,4261,1.0,0.98499995470047
3,1503424559,4262,1.0,0.98499995470047
3,1503424559,4263,1.0,0.98499995470047
3,1503424559,4264,1.0,0.98499995470047
3,1503424559,4265,1.0,0.98499995470047
3,1503424559,4266,1.0,0.98499995470047
3,1503424559,4267,1.0,0.98499995470047
3,1503424559,4268,1.0,0.98499995470047
3,1503424559,4269,1.0,0.98499995470047
3,1503424559,4270,1.0,0.9799999594688416
3,1503424559,4271,1.0,0.98499995470047
3,1503424559,4272,1.0,0.98499995470047
3,1503424559,4273,1.0,0.98499995470047
3,1503424559,4274,1.0,0.98499995470047
3,1503424559,4275,1.0,0.9799999594688416
3,1503424559,4276,1.0,0.9799999594688416
3,1503424559,4277,1.0,0.98499995470047
3,1503424559,4278,1.0,0.98499995470047
3,1503424559,4279,1.0,0.98499995470047
3,1503424559,4280,1.0,0.98499995470047
3,1503424559,4281,1.0,0.9799999594688416
3,1503424559,4282,1.0,0.98499995470047
3,1503424559,4283,1.0,0.98499995470047
3,1503424559,4284,1.0,0.98499995470047
3,1503424559,4285,1.0,0.98499995470047
3,1503424559,4286,1.0,0.98499995470047
3,1503424559,4287,1.0,0.98499995470047
3,1503424559,4288,1.0,0.98499995470047
3,1503424559,4289,1.0,0.98499995470047
3,1503424559,4290,1.0,0.98499995470047
3,1503424559,4291,1.0,0.98499995470047
3,1503424559,4292,1.0,0.98499995470047
3,1503424559,4293,1.0,0.98499995470047
3,1503424559,4294,1.0,0.98499995470047
3,1503424559,4295,1.0,0.9799999594688416
3,1503424559,4296,1.0,0.9799999594688416
3,1503424559,4297,1.0,0.9799999594688416
3,1503424559,4298,1.0,0.98499995470047
3,1503424559,4299,1.0,0.98499995470047
3,1503424559,4300,1.0,0.98499995470047
3,1503424559,4301,1.0,0.98499995470047
3,1503424559,4302,1.0,0.98499995470047
3,1503424559,4303,1.0,0.98499995470047
3,1503424559,4304,1.0,0.9799999594688416
3,1503424559,4305,1.0,0.9799999594688416
3,1503424559,4306,1.0,0.9799999594688416
3,1503424559,4307,1.0,0.98499995470047
3,1503424559,4308,1.0,0.98499995470047
3,1503424559,4309,1.0,0.98499995470047
3,1503424559,4310,1.0,0.98499995470047
3,1503424559,4311,1.0,0.98499995470047
3,1503424559,4312,1.0,0.9799999594688416
3,1503424559,4313,1.0,0.98499995470047
3,1503424559,4314,1.0,0.98499995470047
3,1503424559,4315,1.0,0.98499995470047
3,1503424559,4316,1.0,0.98499995470047
3,1503424559,4317,1.0,0.98499995470047
3,1503424559,4318,1.0,0.98499995470047
3,1503424559,4319,1.0,0.9899999499320984
3,1503424559,4320,1.0,0.9899999499320984
3,1503424559,4321,1.0,0.98499995470047
3,1503424559,4322,1.0,0.98499995470047
3,1503424559,4323,1.0,0.98499995470047
3,1503424559,4324,1.0,0.98499995470047
3,1503424559,4325,1.0,0.9799999594688416
3,1503424559,4326,1.0,0.98499995470047
3,1503424559,4327,1.0,0.98499995470047
3,1503424559,4328,1.0,0.98499995470047
3,1503424559,4329,1.0,0.98499995470047
3,1503424559,4330,1.0,0.98499995470047
3,1503424559,4331,1.0,0.98499995470047
3,1503424559,4332,1.0,0.98499995470047
3,1503424559,4333,1.0,0.9799999594688416
3,1503424559,4334,1.0,0.9799999594688416
3,1503424559,4335,1.0,0.98499995470047
3,1503424559,4336,1.0,0.98499995470047
3,1503424559,4337,1.0,0.98499995470047
3,1503424559,4338,1.0,0.98499995470047
3,1503424559,4339,1.0,0.9799999594688416
3,1503424559,4340,1.0,0.98499995470047
3,1503424559,4341,1.0,0.98499995470047
3,1503424559,4342,1.0,0.98499995470047
3,1503424559,4343,1.0,0.98499995470047
3,1503424559,4344,1.0,0.98499995470047
3,1503424559,4345,1.0,0.98499995470047
3,1503424559,4346,1.0,0.98499995470047
3,1503424559,4347,1.0,0.98499995470047
3,1503424559,4348,1.0,0.98499995470047
3,1503424559,4349,1.0,0.9799999594688416
3,1503424559,4350,1.0,0.9799999594688416
3,1503424559,4351,1.0,0.9799999594688416
3,1503424559,4352,1.0,0.9799999594688416
3,1503424559,4353,1.0,0.9799999594688416
3,1503424559,4354,1.0,0.9799999594688416
3,1503424559,4355,1.0,0.98499995470047
3,1503424559,4356,1.0,0.98499995470047
3,1503424559,4357,1.0,0.98499995470047
3,1503424559,4358,1.0,0.98499995470047
3,1503424559,4359,1.0,0.98499995470047
3,1503424559,4360,1.0,0.98499995470047
3,1503424559,4361,1.0,0.98499995470047
3,1503424559,4362,1.0,0.98499995470047
3,1503424559,4363,1.0,0.9799999594688416
3,1503424559,4364,1.0,0.98499995470047
3,1503424559,4365,1.0,0.98499995470047
3,1503424559,4366,1.0,0.98499995470047
3,1503424559,4367,1.0,0.98499995470047
3,1503424559,4368,1.0,0.98499995470047
3,1503424559,4369,1.0,0.9799999594688416
3,1503424559,4370,1.0,0.98499995470047
3,1503424559,4371,1.0,0.98499995470047
3,1503424559,4372,1.0,0.98499995470047
3,1503424559,4373,1.0,0.98499995470047
3,1503424559,4374,1.0,0.98499995470047
3,1503424559,4375,1.0,0.9799999594688416
3,1503424559,4376,1.0,0.9799999594688416
3,1503424559,4377,1.0,0.98499995470047
3,1503424559,4378,1.0,0.98499995470047
3,1503424559,4379,1.0,0.98499995470047
3,1503424559,4380,1.0,0.98499995470047
3,1503424559,4381,1.0,0.98499995470047
3,1503424559,4382,1.0,0.98499995470047
3,1503424559,4383,1.0,0.98499995470047
3,1503424559,4384,1.0,0.98499995470047
3,1503424559,4385,1.0,0.9799999594688416
3,1503424559,4386,1.0,0.98499995470047
3,1503424559,4387,1.0,0.98499995470047
3,1503424559,4388,1.0,0.98499995470047
3,1503424559,4389,1.0,0.98499995470047
3,1503424559,4390,1.0,0.98499995470047
3,1503424559,4391,1.0,0.98499995470047
3,1503424559,4392,1.0,0.98499995470047
3,1503424559,4393,1.0,0.98499995470047
3,1503424559,4394,1.0,0.98499995470047
3,1503424559,4395,1.0,0.98499995470047
3,1503424559,4396,1.0,0.98499995470047
3,1503424559,4397,1.0,0.98499995470047
3,1503424559,4398,1.0,0.98499995470047
3,1503424559,4399,1.0,0.98499995470047
3,1503424559,4400,1.0,0.98499995470047
3,1503424559,4401,1.0,0.98499995470047
3,1503424559,4402,1.0,0.98499995470047
3,1503424559,4403,1.0,0.98499995470047
3,1503424559,4404,1.0,0.98499995470047
3,1503424559,4405,1.0,0.98499995470047
3,1503424559,4406,1.0,0.98499995470047
3,1503424559,4407,1.0,0.98499995470047
3,1503424559,4408,1.0,0.98499995470047
3,1503424559,4409,1.0,0.98499995470047
3,1503424559,4410,1.0,0.98499995470047
3,1503424559,4411,1.0,0.98499995470047
3,1503424559,4412,1.0,0.98499995470047
3,1503424559,4413,1.0,0.98499995470047
3,1503424559,4414,1.0,0.98499995470047
3,1503424559,4415,1.0,0.98499995470047
3,1503424559,4416,1.0,0.98499995470047
3,1503424559,4417,1.0,0.98499995470047
3,1503424559,4418,1.0,0.98499995470047
3,1503424559,4419,1.0,0.9799999594688416
3,1503424559,4420,1.0,0.98499995470047
3,1503424559,4421,1.0,0.98499995470047
3,1503424559,4422,1.0,0.98499995470047
3,1503424559,4423,1.0,0.98499995470047
3,1503424559,4424,1.0,0.98499995470047
3,1503424559,4425,1.0,0.98499995470047
3,1503424559,4426,1.0,0.98499995470047
3,1503424559,4427,1.0,0.98499995470047
3,1503424559,4428,1.0,0.98499995470047
3,1503424559,4429,1.0,0.9799999594688416
3,1503424559,4430,1.0,0.9799999594688416
3,1503424559,4431,1.0,0.9799999594688416
3,1503424559,4432,1.0,0.9799999594688416
3,1503424559,4433,1.0,0.9799999594688416
3,1503424559,4434,1.0,0.98499995470047
3,1503424559,4435,1.0,0.98499995470047
3,1503424559,4436,1.0,0.98499995470047
3,1503424559,4437,1.0,0.98499995470047
3,1503424559,4438,1.0,0.98499995470047
3,1503424559,4439,1.0,0.98499995470047
3,1503424559,4440,1.0,0.98499995470047
3,1503424559,4441,1.0,0.98499995470047
3,1503424559,4442,1.0,0.9799999594688416
3,1503424559,4443,1.0,0.9799999594688416
3,1503424559,4444,1.0,0.9799999594688416
3,1503424559,4445,1.0,0.98499995470047
3,1503424559,4446,1.0,0.98499995470047
3,1503424559,4447,1.0,0.98499995470047
3,1503424559,4448,1.0,0.98499995470047
3,1503424559,4449,1.0,0.98499995470047
3,1503424559,4450,1.0,0.98499995470047
3,1503424559,4451,1.0,0.98499995470047
3,1503424559,4452,1.0,0.98499995470047
3,1503424559,4453,1.0,0.98499995470047
3,1503424559,4454,1.0,0.98499995470047
3,1503424559,4455,1.0,0.9799999594688416
3,1503424559,4456,1.0,0.98499995470047
3,1503424559,4457,1.0,0.98499995470047
3,1503424559,4458,1.0,0.98499995470047
3,1503424559,4459,1.0,0.98499995470047
3,1503424559,4460,1.0,0.98499995470047
3,1503424559,4461,1.0,0.98499995470047
3,1503424559,4462,1.0,0.98499995470047
3,1503424559,4463,1.0,0.98499995470047
3,1503424559,4464,1.0,0.98499995470047
3,1503424559,4465,1.0,0.98499995470047
3,1503424559,4466,1.0,0.98499995470047
3,1503424559,4467,1.0,0.9799999594688416
3,1503424559,4468,1.0,0.98499995470047
3,1503424559,4469,1.0,0.98499995470047
3,1503424559,4470,1.0,0.98499995470047
3,1503424559,4471,1.0,0.98499995470047
3,1503424559,4472,1.0,0.98499995470047
3,1503424559,4473,1.0,0.98499995470047
3,1503424559,4474,1.0,0.98499995470047
3,1503424559,4475,1.0,0.98499995470047
3,1503424559,4476,1.0,0.98499995470047
3,1503424559,4477,1.0,0.98499995470047
3,1503424559,4478,1.0,0.98499995470047
3,1503424559,4479,1.0,0.98499995470047
3,1503424559,4480,1.0,0.98499995470047
3,1503424559,4481,1.0,0.98499995470047
3,1503424559,4482,1.0,0.98499995470047
3,1503424559,4483,1.0,0.98499995470047
3,1503424559,4484,1.0,0.9799999594688416
3,1503424559,4485,1.0,0.9799999594688416
3,1503424559,4486,1.0,0.98499995470047
3,1503424559,4487,1.0,0.98499995470047
3,1503424559,4488,1.0,0.98499995470047
3,1503424559,4489,1.0,0.98499995470047
3,1503424559,4490,1.0,0.98499995470047
3,1503424559,4491,1.0,0.98499995470047
3,1503424559,4492,1.0,0.98499995470047
3,1503424559,4493,1.0,0.98499995470047
3,1503424559,4494,1.0,0.98499995470047
3,1503424559,4495,1.0,0.98499995470047
3,1503424559,4496,1.0,0.98499995470047
3,1503424559,4497,1.0,0.98499995470047
3,1503424559,4498,1.0,0.98499995470047
3,1503424559,4499,1.0,0.98499995470047
3,1503424559,4500,1.0,0.98499995470047
3,1503424559,4501,1.0,0.98499995470047
3,1503424559,4502,1.0,0.98499995470047
3,1503424559,4503,1.0,0.98499995470047
3,1503424559,4504,1.0,0.98499995470047
3,1503424559,4505,1.0,0.9799999594688416
3,1503424559,4506,1.0,0.98499995470047
3,1503424559,4507,1.0,0.9799999594688416
3,1503424559,4508,1.0,0.98499995470047
3,1503424559,4509,1.0,0.98499995470047
3,1503424559,4510,1.0,0.98499995470047
3,1503424559,4511,1.0,0.98499995470047
3,1503424559,4512,1.0,0.98499995470047
3,1503424559,4513,1.0,0.98499995470047
3,1503424559,4514,1.0,0.98499995470047
3,1503424559,4515,1.0,0.98499995470047
3,1503424559,4516,1.0,0.98499995470047
3,1503424559,4517,1.0,0.98499995470047
3,1503424559,4518,1.0,0.98499995470047
3,1503424559,4519,1.0,0.98499995470047
3,1503424559,4520,1.0,0.98499995470047
3,1503424559,4521,1.0,0.98499995470047
3,1503424559,4522,1.0,0.98499995470047
3,1503424559,4523,1.0,0.9799999594688416
3,1503424559,4524,1.0,0.9799999594688416
3,1503424559,4525,1.0,0.9799999594688416
3,1503424559,4526,1.0,0.98499995470047
3,1503424559,4527,1.0,0.98499995470047
3,1503424559,4528,1.0,0.98499995470047
3,1503424559,4529,1.0,0.98499995470047
3,1503424559,4530,1.0,0.98499995470047
3,1503424559,4531,1.0,0.98499995470047
3,1503424559,4532,1.0,0.98499995470047
3,1503424559,4533,1.0,0.98499995470047
3,1503424559,4534,1.0,0.98499995470047
3,1503424559,4535,1.0,0.9799999594688416
3,1503424559,4536,1.0,0.98499995470047
3,1503424559,4537,1.0,0.98499995470047
3,1503424559,4538,1.0,0.98499995470047
3,1503424559,4539,1.0,0.98499995470047
3,1503424559,4540,1.0,0.98499995470047
3,1503424559,4541,1.0,0.98499995470047
3,1503424559,4542,1.0,0.9799999594688416
3,1503424559,4543,1.0,0.98499995470047
3,1503424559,4544,1.0,0.9799999594688416
3,1503424559,4545,1.0,0.9799999594688416
3,1503424559,4546,1.0,0.9799999594688416
3,1503424559,4547,1.0,0.9799999594688416
3,1503424559,4548,1.0,0.98499995470047
3,1503424559,4549,1.0,0.98499995470047
3,1503424559,4550,1.0,0.98499995470047
3,1503424559,4551,1.0,0.98499995470047
3,1503424559,4552,1.0,0.9799999594688416
3,1503424559,4553,1.0,0.9799999594688416
3,1503424559,4554,1.0,0.98499995470047
3,1503424559,4555,1.0,0.98499995470047
3,1503424559,4556,1.0,0.98499995470047
3,1503424559,4557,1.0,0.98499995470047
3,1503424559,4558,1.0,0.98499995470047
3,1503424559,4559,1.0,0.98499995470047
3,1503424559,4560,1.0,0.9799999594688416
3,1503424559,4561,1.0,0.98499995470047
3,1503424559,4562,1.0,0.98499995470047
3,1503424559,4563,1.0,0.98499995470047
3,1503424559,4564,1.0,0.98499995470047
3,1503424559,4565,1.0,0.98499995470047
3,1503424559,4566,1.0,0.98499995470047
3,1503424559,4567,1.0,0.98499995470047
3,1503424559,4568,1.0,0.98499995470047
3,1503424559,4569,1.0,0.98499995470047
3,1503424559,4570,1.0,0.98499995470047
3,1503424559,4571,1.0,0.98499995470047
3,1503424559,4572,1.0,0.98499995470047
3,1503424559,4573,1.0,0.98499995470047
3,1503424559,4574,1.0,0.98499995470047
3,1503424559,4575,1.0,0.98499995470047
3,1503424559,4576,1.0,0.98499995470047
3,1503424559,4577,1.0,0.98499995470047
3,1503424559,4578,1.0,0.98499995470047
3,1503424559,4579,1.0,0.98499995470047
3,1503424559,4580,1.0,0.98499995470047
3,1503424559,4581,1.0,0.98499995470047
3,1503424559,4582,1.0,0.9799999594688416
3,1503424559,4583,1.0,0.98499995470047
3,1503424559,4584,1.0,0.98499995470047
3,1503424559,4585,1.0,0.98499995470047
3,1503424559,4586,1.0,0.98499995470047
3,1503424559,4587,1.0,0.9799999594688416
3,1503424559,4588,1.0,0.98499995470047
3,1503424559,4589,1.0,0.98499995470047
3,1503424559,4590,1.0,0.98499995470047
3,1503424559,4591,1.0,0.98499995470047
3,1503424559,4592,1.0,0.9799999594688416
3,1503424559,4593,1.0,0.9799999594688416
3,1503424559,4594,1.0,0.9799999594688416
3,1503424559,4595,1.0,0.98499995470047
3,1503424559,4596,1.0,0.98499995470047
3,1503424559,4597,1.0,0.98499995470047
3,1503424559,4598,1.0,0.98499995470047
3,1503424559,4599,1.0,0.98499995470047
3,1503424559,4600,1.0,0.98499995470047
3,1503424559,4601,1.0,0.98499995470047
3,1503424559,4602,1.0,0.98499995470047
3,1503424559,4603,1.0,0.98499995470047
3,1503424559,4604,1.0,0.9799999594688416
3,1503424559,4605,1.0,0.9799999594688416
3,1503424559,4606,1.0,0.9799999594688416
3,1503424559,4607,1.0,0.98499995470047
3,1503424559,4608,1.0,0.98499995470047
3,1503424559,4609,1.0,0.98499995470047
3,1503424559,4610,1.0,0.9799999594688416
3,1503424559,4611,1.0,0.9799999594688416
3,1503424559,4612,1.0,0.9799999594688416
3,1503424559,4613,1.0,0.9799999594688416
3,1503424559,4614,1.0,0.98499995470047
3,1503424559,4615,1.0,0.9799999594688416
3,1503424559,4616,1.0,0.9799999594688416
3,1503424559,4617,1.0,0.98499995470047
3,1503424559,4618,1.0,0.98499995470047
3,1503424559,4619,1.0,0.98499995470047
3,1503424559,4620,1.0,0.98499995470047
3,1503424559,4621,1.0,0.98499995470047
3,1503424559,4622,1.0,0.98499995470047
3,1503424559,4623,1.0,0.98499995470047
3,1503424559,4624,1.0,0.98499995470047
3,1503424559,4625,1.0,0.9799999594688416
3,1503424559,4626,1.0,0.9799999594688416
3,1503424559,4627,1.0,0.9799999594688416
3,1503424559,4628,1.0,0.9799999594688416
3,1503424559,4629,1.0,0.98499995470047
3,1503424559,4630,1.0,0.98499995470047
3,1503424559,4631,1.0,0.98499995470047
3,1503424559,4632,1.0,0.98499995470047
3,1503424559,4633,1.0,0.98499995470047
3,1503424559,4634,1.0,0.98499995470047
3,1503424559,4635,1.0,0.98499995470047
3,1503424559,4636,1.0,0.98499995470047
3,1503424559,4637,1.0,0.98499995470047
3,1503424559,4638,1.0,0.98499995470047
3,1503424559,4639,1.0,0.98499995470047
3,1503424559,4640,1.0,0.98499995470047
3,1503424559,4641,1.0,0.98499995470047
3,1503424559,4642,1.0,0.98499995470047
3,1503424559,4643,1.0,0.98499995470047
3,1503424559,4644,1.0,0.9799999594688416
3,1503424559,4645,1.0,0.98499995470047
3,1503424559,4646,1.0,0.98499995470047
3,1503424559,4647,1.0,0.9799999594688416
3,1503424559,4648,1.0,0.9799999594688416
3,1503424559,4649,1.0,0.9799999594688416
3,1503424559,4650,1.0,0.9799999594688416
3,1503424559,4651,1.0,0.9799999594688416
3,1503424559,4652,1.0,0.9799999594688416
3,1503424559,4653,1.0,0.98499995470047
3,1503424559,4654,1.0,0.98499995470047
3,1503424559,4655,1.0,0.98499995470047
3,1503424559,4656,1.0,0.98499995470047
3,1503424559,4657,1.0,0.98499995470047
3,1503424559,4658,1.0,0.9799999594688416
3,1503424559,4659,1.0,0.98499995470047
3,1503424559,4660,1.0,0.98499995470047
3,1503424559,4661,1.0,0.98499995470047
3,1503424559,4662,1.0,0.98499995470047
3,1503424559,4663,1.0,0.98499995470047
3,1503424559,4664,1.0,0.98499995470047
3,1503424559,4665,1.0,0.98499995470047
3,1503424559,4666,1.0,0.9799999594688416
3,1503424559,4667,1.0,0.98499995470047
3,1503424559,4668,1.0,0.9799999594688416
3,1503424559,4669,1.0,0.98499995470047
3,1503424559,4670,1.0,0.98499995470047
3,1503424559,4671,1.0,0.98499995470047
3,1503424559,4672,1.0,0.98499995470047
3,1503424559,4673,1.0,0.98499995470047
3,1503424559,4674,1.0,0.98499995470047
3,1503424559,4675,1.0,0.98499995470047
3,1503424559,4676,1.0,0.98499995470047
3,1503424559,4677,1.0,0.98499995470047
3,1503424559,4678,1.0,0.9799999594688416
3,1503424559,4679,1.0,0.98499995470047
3,1503424559,4680,1.0,0.98499995470047
3,1503424559,4681,1.0,0.98499995470047
3,1503424559,4682,1.0,0.98499995470047
3,1503424559,4683,1.0,0.98499995470047
3,1503424559,4684,1.0,0.98499995470047
3,1503424559,4685,1.0,0.98499995470047
3,1503424559,4686,1.0,0.98499995470047
3,1503424559,4687,1.0,0.98499995470047
3,1503424559,4688,1.0,0.98499995470047
3,1503424559,4689,1.0,0.9799999594688416
3,1503424559,4690,1.0,0.9799999594688416
3,1503424559,4691,1.0,0.9799999594688416
3,1503424559,4692,1.0,0.98499995470047
3,1503424559,4693,1.0,0.98499995470047
3,1503424559,4694,1.0,0.98499995470047
3,1503424559,4695,1.0,0.98499995470047
3,1503424559,4696,1.0,0.98499995470047
3,1503424559,4697,1.0,0.98499995470047
3,1503424559,4698,1.0,0.98499995470047
3,1503424559,4699,1.0,0.98499995470047
3,1503424559,4700,1.0,0.98499995470047
3,1503424559,4701,1.0,0.9799999594688416
3,1503424559,4702,1.0,0.9799999594688416
3,1503424559,4703,1.0,0.98499995470047
3,1503424559,4704,1.0,0.98499995470047
3,1503424559,4705,1.0,0.9799999594688416
3,1503424559,4706,1.0,0.98499995470047
3,1503424559,4707,1.0,0.9799999594688416
3,1503424559,4708,1.0,0.98499995470047
3,1503424559,4709,1.0,0.98499995470047
3,1503424559,4710,1.0,0.9799999594688416
3,1503424559,4711,1.0,0.9799999594688416
3,1503424559,4712,1.0,0.98499995470047
3,1503424559,4713,1.0,0.98499995470047
3,1503424559,4714,1.0,0.98499995470047
3,1503424559,4715,1.0,0.98499995470047
3,1503424559,4716,1.0,0.98499995470047
3,1503424559,4717,1.0,0.98499995470047
3,1503424559,4718,1.0,0.98499995470047
3,1503424559,4719,1.0,0.98499995470047
3,1503424559,4720,1.0,0.98499995470047
3,1503424559,4721,1.0,0.9799999594688416
3,1503424559,4722,1.0,0.98499995470047
3,1503424559,4723,1.0,0.98499995470047
3,1503424559,4724,1.0,0.98499995470047
3,1503424559,4725,1.0,0.9799999594688416
3,1503424559,4726,1.0,0.9799999594688416
3,1503424559,4727,1.0,0.9799999594688416
3,1503424559,4728,1.0,0.9799999594688416
3,1503424559,4729,1.0,0.9799999594688416
3,1503424559,4730,1.0,0.9799999594688416
3,1503424559,4731,1.0,0.98499995470047
3,1503424559,4732,1.0,0.98499995470047
3,1503424559,4733,1.0,0.98499995470047
3,1503424559,4734,1.0,0.98499995470047
3,1503424559,4735,1.0,0.98499995470047
3,1503424559,4736,1.0,0.98499995470047
3,1503424559,4737,1.0,0.98499995470047
3,1503424559,4738,1.0,0.98499995470047
3,1503424559,4739,1.0,0.98499995470047
3,1503424559,4740,1.0,0.98499995470047
3,1503424559,4741,1.0,0.9799999594688416
3,1503424559,4742,1.0,0.9799999594688416
3,1503424559,4743,1.0,0.98499995470047
3,1503424559,4744,1.0,0.9799999594688416
3,1503424559,4745,1.0,0.9799999594688416
3,1503424559,4746,1.0,0.98499995470047
3,1503424559,4747,1.0,0.98499995470047
3,1503424559,4748,1.0,0.98499995470047
3,1503424559,4749,1.0,0.98499995470047
3,1503424559,4750,1.0,0.98499995470047
3,1503424559,4751,1.0,0.98499995470047
3,1503424559,4752,1.0,0.9799999594688416
3,1503424559,4753,1.0,0.9799999594688416
3,1503424559,4754,1.0,0.9799999594688416
3,1503424559,4755,1.0,0.98499995470047
3,1503424559,4756,1.0,0.98499995470047
3,1503424559,4757,1.0,0.98499995470047
3,1503424559,4758,1.0,0.98499995470047
3,1503424559,4759,1.0,0.98499995470047
3,1503424559,4760,1.0,0.9799999594688416
3,1503424559,4761,1.0,0.9799999594688416
3,1503424559,4762,1.0,0.9799999594688416
3,1503424559,4763,1.0,0.98499995470047
3,1503424559,4764,1.0,0.98499995470047
3,1503424559,4765,1.0,0.98499995470047
3,1503424559,4766,1.0,0.98499995470047
3,1503424559,4767,1.0,0.98499995470047
3,1503424559,4768,1.0,0.98499995470047
3,1503424559,4769,1.0,0.98499995470047
3,1503424559,4770,1.0,0.98499995470047
3,1503424559,4771,1.0,0.98499995470047
3,1503424559,4772,1.0,0.9799999594688416
3,1503424559,4773,1.0,0.98499995470047
3,1503424559,4774,1.0,0.9799999594688416
3,1503424559,4775,1.0,0.98499995470047
3,1503424559,4776,1.0,0.98499995470047
3,1503424559,4777,1.0,0.9799999594688416
3,1503424559,4778,1.0,0.9799999594688416
3,1503424559,4779,1.0,0.9799999594688416
3,1503424559,4780,1.0,0.9799999594688416
3,1503424559,4781,1.0,0.9799999594688416
3,1503424559,4782,1.0,0.98499995470047
3,1503424559,4783,1.0,0.98499995470047
3,1503424559,4784,1.0,0.98499995470047
3,1503424559,4785,1.0,0.98499995470047
3,1503424559,4786,1.0,0.98499995470047
3,1503424559,4787,1.0,0.98499995470047
3,1503424559,4788,1.0,0.9799999594688416
3,1503424559,4789,1.0,0.98499995470047
3,1503424559,4790,1.0,0.98499995470047
3,1503424559,4791,1.0,0.9799999594688416
3,1503424559,4792,1.0,0.9799999594688416
3,1503424559,4793,1.0,0.9799999594688416
3,1503424559,4794,1.0,0.98499995470047
3,1503424559,4795,1.0,0.98499995470047
3,1503424559,4796,1.0,0.98499995470047
3,1503424559,4797,1.0,0.98499995470047
3,1503424559,4798,1.0,0.98499995470047
3,1503424559,4799,1.0,0.98499995470047
3,1503424559,4800,1.0,0.98499995470047
3,1503424559,4801,1.0,0.98499995470047
3,1503424559,4802,1.0,0.98499995470047
3,1503424559,4803,1.0,0.98499995470047
3,1503424559,4804,1.0,0.98499995470047
3,1503424559,4805,1.0,0.98499995470047
3,1503424559,4806,1.0,0.98499995470047
3,1503424559,4807,1.0,0.98499995470047
3,1503424559,4808,1.0,0.98499995470047
3,1503424559,4809,1.0,0.98499995470047
3,1503424559,4810,1.0,0.98499995470047
3,1503424559,4811,1.0,0.98499995470047
3,1503424559,4812,1.0,0.98499995470047
3,1503424559,4813,1.0,0.98499995470047
3,1503424559,4814,1.0,0.98499995470047
3,1503424559,4815,1.0,0.98499995470047
3,1503424559,4816,1.0,0.98499995470047
3,1503424559,4817,1.0,0.98499995470047
3,1503424559,4818,1.0,0.98499995470047
3,1503424559,4819,1.0,0.98499995470047
3,1503424559,4820,1.0,0.98499995470047
3,1503424559,4821,1.0,0.98499995470047
3,1503424559,4822,1.0,0.98499995470047
3,1503424559,4823,1.0,0.98499995470047
3,1503424559,4824,1.0,0.98499995470047
3,1503424559,4825,1.0,0.98499995470047
3,1503424559,4826,1.0,0.98499995470047
3,1503424559,4827,1.0,0.98499995470047
3,1503424559,4828,1.0,0.98499995470047
3,1503424559,4829,1.0,0.98499995470047
3,1503424559,4830,1.0,0.98499995470047
3,1503424559,4831,1.0,0.98499995470047
3,1503424559,4832,1.0,0.98499995470047
3,1503424559,4833,1.0,0.98499995470047
3,1503424559,4834,1.0,0.98499995470047
3,1503424559,4835,1.0,0.98499995470047
3,1503424559,4836,1.0,0.98499995470047
3,1503424559,4837,1.0,0.98499995470047
3,1503424559,4838,1.0,0.98499995470047
3,1503424559,4839,1.0,0.98499995470047
3,1503424559,4840,1.0,0.98499995470047
3,1503424559,4841,1.0,0.98499995470047
3,1503424559,4842,1.0,0.98499995470047
3,1503424559,4843,1.0,0.98499995470047
3,1503424559,4844,1.0,0.9799999594688416
3,1503424559,4845,1.0,0.98499995470047
3,1503424559,4846,1.0,0.98499995470047
3,1503424559,4847,1.0,0.98499995470047
3,1503424559,4848,1.0,0.98499995470047
3,1503424559,4849,1.0,0.98499995470047
3,1503424559,4850,1.0,0.98499995470047
3,1503424559,4851,1.0,0.98499995470047
3,1503424559,4852,1.0,0.98499995470047
3,1503424559,4853,1.0,0.98499995470047
3,1503424559,4854,1.0,0.98499995470047
3,1503424559,4855,1.0,0.98499995470047
3,1503424559,4856,1.0,0.98499995470047
3,1503424559,4857,1.0,0.98499995470047
3,1503424559,4858,1.0,0.98499995470047
3,1503424559,4859,1.0,0.98499995470047
3,1503424559,4860,1.0,0.98499995470047
3,1503424559,4861,1.0,0.98499995470047
3,1503424559,4862,1.0,0.98499995470047
3,1503424559,4863,1.0,0.98499995470047
3,1503424559,4864,1.0,0.9799999594688416
3,1503424559,4865,1.0,0.98499995470047
3,1503424559,4866,1.0,0.9799999594688416
3,1503424559,4867,1.0,0.98499995470047
3,1503424559,4868,1.0,0.98499995470047
3,1503424559,4869,1.0,0.98499995470047
3,1503424559,4870,1.0,0.98499995470047
3,1503424559,4871,1.0,0.98499995470047
3,1503424559,4872,1.0,0.98499995470047
3,1503424559,4873,1.0,0.98499995470047
3,1503424559,4874,1.0,0.98499995470047
3,1503424559,4875,1.0,0.98499995470047
3,1503424559,4876,1.0,0.98499995470047
3,1503424559,4877,1.0,0.98499995470047
3,1503424559,4878,1.0,0.98499995470047
3,1503424559,4879,1.0,0.9799999594688416
3,1503424559,4880,1.0,0.98499995470047
3,1503424559,4881,1.0,0.98499995470047
3,1503424559,4882,1.0,0.98499995470047
3,1503424559,4883,1.0,0.98499995470047
3,1503424559,4884,1.0,0.98499995470047
3,1503424559,4885,1.0,0.98499995470047
3,1503424559,4886,1.0,0.98499995470047
3,1503424559,4887,1.0,0.98499995470047
3,1503424559,4888,1.0,0.98499995470047
3,1503424559,4889,1.0,0.98499995470047
3,1503424559,4890,1.0,0.98499995470047
3,1503424559,4891,1.0,0.98499995470047
3,1503424559,4892,1.0,0.98499995470047
3,1503424559,4893,1.0,0.98499995470047
3,1503424559,4894,1.0,0.98499995470047
3,1503424559,4895,1.0,0.98499995470047
3,1503424559,4896,1.0,0.98499995470047
3,1503424559,4897,1.0,0.98499995470047
3,1503424559,4898,1.0,0.98499995470047
3,1503424559,4899,1.0,0.98499995470047
3,1503424559,4900,1.0,0.98499995470047
3,1503424559,4901,1.0,0.98499995470047
3,1503424559,4902,1.0,0.98499995470047
3,1503424559,4903,1.0,0.98499995470047
3,1503424559,4904,1.0,0.98499995470047
3,1503424559,4905,1.0,0.98499995470047
3,1503424559,4906,1.0,0.98499995470047
3,1503424559,4907,1.0,0.98499995470047
3,1503424559,4908,1.0,0.98499995470047
3,1503424559,4909,1.0,0.98499995470047
3,1503424559,4910,1.0,0.98499995470047
3,1503424559,4911,1.0,0.98499995470047
3,1503424559,4912,1.0,0.98499995470047
3,1503424559,4913,1.0,0.98499995470047
3,1503424559,4914,1.0,0.98499995470047
3,1503424559,4915,1.0,0.98499995470047
3,1503424559,4916,1.0,0.9799999594688416
3,1503424559,4917,1.0,0.9799999594688416
3,1503424559,4918,1.0,0.98499995470047
3,1503424559,4919,1.0,0.9799999594688416
3,1503424559,4920,1.0,0.98499995470047
3,1503424559,4921,1.0,0.98499995470047
3,1503424559,4922,1.0,0.98499995470047
3,1503424559,4923,1.0,0.98499995470047
3,1503424559,4924,1.0,0.98499995470047
3,1503424559,4925,1.0,0.98499995470047
3,1503424559,4926,1.0,0.98499995470047
3,1503424559,4927,1.0,0.98499995470047
3,1503424559,4928,1.0,0.98499995470047
3,1503424559,4929,1.0,0.98499995470047
3,1503424559,4930,1.0,0.98499995470047
3,1503424559,4931,1.0,0.98499995470047
3,1503424559,4932,1.0,0.98499995470047
3,1503424559,4933,1.0,0.98499995470047
3,1503424559,4934,1.0,0.98499995470047
3,1503424559,4935,1.0,0.98499995470047
3,1503424559,4936,1.0,0.98499995470047
3,1503424559,4937,1.0,0.98499995470047
3,1503424559,4938,1.0,0.98499995470047
3,1503424559,4939,1.0,0.98499995470047
3,1503424559,4940,1.0,0.98499995470047
3,1503424559,4941,1.0,0.9799999594688416
3,1503424559,4942,1.0,0.98499995470047
3,1503424559,4943,1.0,0.98499995470047
3,1503424559,4944,1.0,0.98499995470047
3,1503424559,4945,1.0,0.98499995470047
3,1503424559,4946,1.0,0.98499995470047
3,1503424559,4947,1.0,0.98499995470047
3,1503424559,4948,1.0,0.98499995470047
3,1503424559,4949,1.0,0.98499995470047
3,1503424559,4950,1.0,0.9799999594688416
3,1503424559,4951,1.0,0.98499995470047
3,1503424559,4952,1.0,0.98499995470047
3,1503424559,4953,1.0,0.98499995470047
3,1503424559,4954,1.0,0.98499995470047
3,1503424559,4955,1.0,0.98499995470047
3,1503424559,4956,1.0,0.98499995470047
3,1503424559,4957,1.0,0.98499995470047
3,1503424559,4958,1.0,0.98499995470047
3,1503424559,4959,1.0,0.98499995470047
3,1503424559,4960,1.0,0.98499995470047
3,1503424559,4961,1.0,0.98499995470047
3,1503424559,4962,1.0,0.98499995470047
3,1503424559,4963,1.0,0.98499995470047
3,1503424559,4964,1.0,0.98499995470047
3,1503424559,4965,1.0,0.98499995470047
3,1503424559,4966,1.0,0.98499995470047
3,1503424559,4967,1.0,0.98499995470047
3,1503424559,4968,1.0,0.98499995470047
3,1503424559,4969,1.0,0.9799999594688416
3,1503424559,4970,1.0,0.98499995470047
3,1503424559,4971,1.0,0.9799999594688416
3,1503424559,4972,1.0,0.98499995470047
3,1503424559,4973,1.0,0.98499995470047
3,1503424559,4974,1.0,0.98499995470047
3,1503424559,4975,1.0,0.98499995470047
3,1503424559,4976,1.0,0.98499995470047
3,1503424559,4977,1.0,0.98499995470047
3,1503424559,4978,1.0,0.98499995470047
3,1503424559,4979,1.0,0.98499995470047
3,1503424559,4980,1.0,0.98499995470047
3,1503424559,4981,1.0,0.98499995470047
3,1503424559,4982,1.0,0.9799999594688416
3,1503424559,4983,1.0,0.98499995470047
3,1503424559,4984,1.0,0.98499995470047
3,1503424559,4985,1.0,0.98499995470047
3,1503424559,4986,1.0,0.98499995470047
3,1503424559,4987,1.0,0.98499995470047
3,1503424559,4988,1.0,0.98499995470047
3,1503424559,4989,1.0,0.98499995470047
3,1503424559,4990,1.0,0.98499995470047
3,1503424559,4991,1.0,0.98499995470047
3,1503424559,4992,1.0,0.98499995470047
3,1503424559,4993,1.0,0.9799999594688416
3,1503424559,4994,1.0,0.98499995470047
3,1503424559,4995,1.0,0.98499995470047
3,1503424559,4996,1.0,0.98499995470047
3,1503424559,4997,1.0,0.98499995470047
3,1503424559,4998,1.0,0.9799999594688416
3,1503424559,4999,1.0,0.9799999594688416
3,1503424559,5000,1.0,0.98499995470047
