run_index,seed,step,train_accuracy,test_accuracy
0,1926359045,0,0.4949999749660492,0.47999998927116394
0,1926359045,10,0.574999988079071,0.5299999713897705
0,1926359045,20,0.6100000143051147,0.5399999618530273
0,1926359045,30,0.6649999618530273,0.5299999713897705
0,1926359045,40,0.7049999833106995,0.5299999713897705
0,1926359045,50,0.7749999761581421,0.5299999713897705
0,1926359045,60,0.8299999833106995,0.5299999713897705
0,1926359045,70,0.8549999594688416,0.5349999666213989
0,1926359045,80,0.8849999904632568,0.5349999666213989
0,1926359045,90,0.9049999713897705,0.5349999666213989
0,1926359045,100,0.9199999570846558,0.5349999666213989
0,1926359045,110,0.9350000023841858,0.5349999666213989
0,1926359045,120,0.9649999737739563,0.5349999666213989
0,1926359045,130,0.9699999690055847,0.5299999713897705
0,1926359045,140,0.9799999594688416,0.5450000166893005
0,1926359045,150,0.98499995470047,0.550000011920929
0,1926359045,160,0.9950000047683716,0.5450000166893005
0,1926359045,170,0.9950000047683716,0.5399999618530273
0,1926359045,180,1.0,0.5399999618530273
0,1926359045,190,1.0,0.5450000166893005
0,1926359045,200,1.0,0.5399999618530273
0,1926359045,210,1.0,0.5450000166893005
0,1926359045,220,1.0,0.5450000166893005
0,1926359045,230,1.0,0.550000011920929
0,1926359045,240,1.0,0.5550000071525574
0,1926359045,250,1.0,0.5550000071525574
0,1926359045,260,1.0,0.550000011920929
0,1926359045,270,1.0,0.550000011920929
0,1926359045,280,1.0,0.5699999928474426
0,1926359045,290,1.0,0.5699999928474426
0,1926359045,300,1.0,0.574999988079071
0,1926359045,310,1.0,0.574999988079071
0,1926359045,320,1.0,0.5699999928474426
0,1926359045,330,1.0,0.5699999928474426
0,1926359045,340,1.0,0.5799999833106995
0,1926359045,350,1.0,0.5799999833106995
0,1926359045,360,1.0,0.5899999737739563
0,1926359045,370,1.0,0.5799999833106995
0,1926359045,380,1.0,0.5799999833106995
0,1926359045,390,1.0,0.5849999785423279
0,1926359045,400,1.0,0.574999988079071
0,1926359045,410,1.0,0.5899999737739563
0,1926359045,420,1.0,0.5949999690055847
0,1926359045,430,1.0,0.574999988079071
0,1926359045,440,1.0,0.5949999690055847
0,1926359045,450,1.0,0.5799999833106995
0,1926359045,460,1.0,0.5849999785423279
0,1926359045,470,1.0,0.5849999785423279
0,1926359045,480,1.0,0.6100000143051147
0,1926359045,490,1.0,0.5999999642372131
0,1926359045,500,1.0,0.5949999690055847
0,1926359045,510,1.0,0.6100000143051147
0,1926359045,520,1.0,0.5949999690055847
0,1926359045,530,1.0,0.6150000095367432
0,1926359045,540,1.0,0.5999999642372131
0,1926359045,550,1.0,0.6100000143051147
0,1926359045,560,1.0,0.6150000095367432
0,1926359045,570,1.0,0.6150000095367432
0,1926359045,580,1.0,0.625
0,1926359045,590,1.0,0.6299999952316284
0,1926359045,600,1.0,0.625
0,1926359045,610,1.0,0.625
0,1926359045,620,1.0,0.6299999952316284
0,1926359045,630,1.0,0.6299999952316284
0,1926359045,640,1.0,0.6349999904632568
0,1926359045,650,1.0,0.625
0,1926359045,660,1.0,0.6349999904632568
0,1926359045,670,1.0,0.6449999809265137
0,1926359045,680,1.0,0.6449999809265137
0,1926359045,690,1.0,0.6399999856948853
0,1926359045,700,1.0,0.6599999666213989
0,1926359045,710,1.0,0.6499999761581421
0,1926359045,720,1.0,0.6599999666213989
0,1926359045,730,1.0,0.6649999618530273
0,1926359045,740,1.0,0.6349999904632568
0,1926359045,750,1.0,0.6699999570846558
0,1926359045,760,1.0,0.6449999809265137
0,1926359045,770,1.0,0.6800000071525574
0,1926359045,780,1.0,0.6699999570846558
0,1926359045,790,1.0,0.6800000071525574
0,1926359045,800,1.0,0.699999988079071
0,1926359045,810,1.0,0.6850000023841858
0,1926359045,820,1.0,0.6649999618530273
0,1926359045,830,1.0,0.6850000023841858
0,1926359045,840,1.0,0.6899999976158142
0,1926359045,850,1.0,0.6800000071525574
0,1926359045,860,1.0,0.699999988079071
0,1926359045,870,1.0,0.6800000071525574
0,1926359045,880,1.0,0.7049999833106995
0,1926359045,890,1.0,0.7099999785423279
0,1926359045,900,1.0,0.6899999976158142
0,1926359045,910,1.0,0.699999988079071
0,1926359045,920,1.0,0.7049999833106995
0,1926359045,930,1.0,0.7199999690055847
0,1926359045,940,1.0,0.7099999785423279
0,1926359045,950,1.0,0.7249999642372131
0,1926359045,960,1.0,0.7149999737739563
0,1926359045,970,1.0,0.7199999690055847
0,1926359045,980,1.0,0.73499995470047
0,1926359045,990,1.0,0.7249999642372131
0,1926359045,1000,1.0,0.73499995470047
0,1926359045,1010,1.0,0.73499995470047
0,1926359045,1020,1.0,0.73499995470047
0,1926359045,1030,1.0,0.7400000095367432
0,1926359045,1040,1.0,0.7400000095367432
0,1926359045,1050,1.0,0.7450000047683716
0,1926359045,1060,1.0,0.7649999856948853
0,1926359045,1070,1.0,0.7450000047683716
0,1926359045,1080,1.0,0.75
0,1926359045,1090,1.0,0.7649999856948853
0,1926359045,1100,1.0,0.7599999904632568
0,1926359045,1110,1.0,0.7599999904632568
0,1926359045,1120,1.0,0.7699999809265137
0,1926359045,1130,1.0,0.7549999952316284
0,1926359045,1140,1.0,0.7899999618530273
0,1926359045,1150,1.0,0.7849999666213989
0,1926359045,1160,1.0,0.7799999713897705
0,1926359045,1170,1.0,0.7899999618530273
0,1926359045,1180,1.0,0.7949999570846558
0,1926359045,1190,1.0,0.7949999570846558
0,1926359045,1200,1.0,0.8199999928474426
0,1926359045,1210,1.0,0.8050000071525574
0,1926359045,1220,1.0,0.8100000023841858
0,1926359045,1230,1.0,0.8149999976158142
0,1926359045,1240,1.0,0.8050000071525574
0,1926359045,1250,1.0,0.8100000023841858
0,1926359045,1260,1.0,0.8199999928474426
0,1926359045,1270,1.0,0.8149999976158142
0,1926359045,1280,1.0,0.8149999976158142
0,1926359045,1290,1.0,0.8149999976158142
0,1926359045,1300,1.0,0.8100000023841858
0,1926359045,1310,1.0,0.8299999833106995
0,1926359045,1320,1.0,0.8299999833106995
0,1926359045,1330,1.0,0.824999988079071
0,1926359045,1340,1.0,0.8149999976158142
0,1926359045,1350,1.0,0.8299999833106995
0,1926359045,1360,1.0,0.824999988079071
0,1926359045,1370,1.0,0.8299999833106995
0,1926359045,1380,1.0,0.8349999785423279
0,1926359045,1390,1.0,0.8399999737739563
0,1926359045,1400,1.0,0.8449999690055847
0,1926359045,1410,1.0,0.8499999642372131
0,1926359045,1420,1.0,0.8650000095367432
0,1926359045,1430,1.0,0.8499999642372131
0,1926359045,1440,1.0,0.8499999642372131
0,1926359045,1450,1.0,0.85999995470047
0,1926359045,1460,1.0,0.8700000047683716
0,1926359045,1470,1.0,0.8700000047683716
0,1926359045,1480,1.0,0.8700000047683716
0,1926359045,1490,1.0,0.8849999904632568
0,1926359045,1500,1.0,0.8799999952316284
0,1926359045,1510,1.0,0.8849999904632568
0,1926359045,1520,1.0,0.8949999809265137
0,1926359045,1530,1.0,0.8949999809265137
0,1926359045,1540,1.0,0.8999999761581421
0,1926359045,1550,1.0,0.9099999666213989
0,1926359045,1560,1.0,0.8949999809265137
0,1926359045,1570,1.0,0.9199999570846558
0,1926359045,1580,1.0,0.9099999666213989
0,1926359045,1590,1.0,0.9399999976158142
0,1926359045,1600,1.0,0.9149999618530273
0,1926359045,1610,1.0,0.9300000071525574
0,1926359045,1620,1.0,0.9350000023841858
0,1926359045,1630,1.0,0.9399999976158142
0,1926359045,1640,1.0,0.9350000023841858
0,1926359045,1650,1.0,0.9350000023841858
0,1926359045,1660,1.0,0.9399999976158142
0,1926359045,1670,1.0,0.9449999928474426
0,1926359045,1680,1.0,0.9350000023841858
0,1926359045,1690,1.0,0.9449999928474426
0,1926359045,1700,1.0,0.9399999976158142
0,1926359045,1710,1.0,0.9449999928474426
0,1926359045,1720,1.0,0.9449999928474426
0,1926359045,1730,1.0,0.9449999928474426
0,1926359045,1740,1.0,0.9399999976158142
0,1926359045,1750,1.0,0.9449999928474426
0,1926359045,1760,1.0,0.949999988079071
0,1926359045,1770,1.0,0.9449999928474426
0,1926359045,1780,1.0,0.949999988079071
0,1926359045,1790,1.0,0.9549999833106995
0,1926359045,1800,1.0,0.949999988079071
0,1926359045,1810,1.0,0.949999988079071
0,1926359045,1820,1.0,0.9699999690055847
0,1926359045,1830,1.0,0.9599999785423279
0,1926359045,1840,1.0,0.9699999690055847
0,1926359045,1850,1.0,0.9699999690055847
0,1926359045,1860,1.0,0.9749999642372131
0,1926359045,1870,1.0,0.9699999690055847
0,1926359045,1880,1.0,0.9749999642372131
0,1926359045,1890,1.0,0.9749999642372131
0,1926359045,1900,1.0,0.9749999642372131
0,1926359045,1910,1.0,0.9749999642372131
0,1926359045,1920,1.0,0.9749999642372131
0,1926359045,1930,1.0,0.9749999642372131
0,1926359045,1940,1.0,0.9799999594688416
0,1926359045,1950,1.0,0.9899999499320984
0,1926359045,1960,1.0,0.98499995470047
0,1926359045,1970,1.0,0.98499995470047
0,1926359045,1980,1.0,0.98499995470047
0,1926359045,1990,1.0,0.98499995470047
0,1926359045,2000,1.0,0.98499995470047
0,1926359045,2010,1.0,0.98499995470047
0,1926359045,2020,1.0,0.98499995470047
0,1926359045,2030,1.0,0.98499995470047
0,1926359045,2040,1.0,0.98499995470047
0,1926359045,2050,1.0,0.9899999499320984
0,1926359045,2060,1.0,0.98499995470047
0,1926359045,2070,1.0,0.98499995470047
0,1926359045,2080,1.0,0.9950000047683716
0,1926359045,2090,1.0,0.98499995470047
0,1926359045,2100,1.0,0.98499995470047
0,1926359045,2110,1.0,0.9950000047683716
0,1926359045,2120,1.0,0.9899999499320984
0,1926359045,2130,1.0,0.9950000047683716
0,1926359045,2140,1.0,0.9950000047683716
0,1926359045,2150,1.0,0.9950000047683716
0,1926359045,2160,1.0,1.0
0,1926359045,2170,1.0,0.9950000047683716
0,1926359045,2180,1.0,1.0
0,1926359045,2190,1.0,1.0
0,1926359045,2200,1.0,1.0
0,1926359045,2210,1.0,1.0
0,1926359045,2220,1.0,1.0
0,1926359045,2230,1.0,1.0
0,1926359045,2240,1.0,1.0
0,1926359045,2250,1.0,1.0
0,1926359045,2260,1.0,1.0
0,1926359045,2270,1.0,1.0
0,1926359045,2280,1.0,1.0
0,1926359045,2290,1.0,1.0
0,1926359045,2300,1.0,1.0
0,1926359045,2310,1.0,1.0
0,1926359045,2320,1.0,1.0
0,1926359045,2330,1.0,1.0
0,1926359045,2340,1.0,1.0
0,1926359045,2350,1.0,1.0
0,1926359045,2360,1.0,1.0
0,1926359045,2370,1.0,1.0
0,1926359045,2380,1.0,1.0
0,1926359045,2390,1.0,1.0
0,1926359045,2400,1.0,1.0
0,1926359045,2410,1.0,1.0
0,1926359045,2420,1.0,1.0
0,1926359045,2430,1.0,1.0
0,1926359045,2440,1.0,1.0
0,1926359045,2450,1.0,1.0
0,1926359045,2460,1.0,1.0
0,1926359045,2470,1.0,1.0
0,1926359045,2480,1.0,1.0
0,1926359045,2490,1.0,1.0
0,1926359045,2500,1.0,1.0
0,1926359045,2510,1.0,1.0
0,1926359045,2520,1.0,1.0
0,1926359045,2530,1.0,1.0
0,1926359045,2540,1.0,1.0
0,1926359045,2550,1.0,1.0
0,1926359045,2560,1.0,1.0
0,1926359045,2570,1.0,1.0
0,1926359045,2580,1.0,1.0
0,1926359045,2590,1.0,1.0
0,1926359045,2600,1.0,1.0
0,1926359045,2610,1.0,1.0
0,1926359045,2620,1.0,1.0
0,1926359045,2630,1.0,1.0
0,1926359045,2640,1.0,1.0
0,1926359045,2650,1.0,1.0
0,1926359045,2660,1.0,1.0
0,1926359045,2670,1.0,1.0
0,1926359045,2680,1.0,1.0
0,1926359045,2690,1.0,1.0
0,1926359045,2700,1.0,1.0
0,1926359045,2710,1.0,1.0
0,1926359045,2720,1.0,1.0
0,1926359045,2730,1.0,1.0
0,1926359045,2740,1.0,1.0
0,1926359045,2750,1.0,1.0
0,1926359045,2760,1.0,1.0
0,1926359045,2770,1.0,1.0
0,1926359045,2780,1.0,1.0
0,1926359045,2790,1.0,1.0
0,1926359045,2800,1.0,1.0
0,1926359045,2810,1.0,1.0
0,1926359045,2820,1.0,1.0
0,1926359045,2830,1.0,1.0
0,1926359045,2840,1.0,1.0
0,1926359045,2850,1.0,1.0
0,1926359045,2860,1.0,1.0
0,1926359045,2870,1.0,1.0
0,1926359045,2880,1.0,1.0
0,1926359045,2890,1.0,1.0
0,1926359045,2900,1.0,1.0
0,1926359045,2910,1.0,1.0
0,1926359045,2920,1.0,1.0
0,1926359045,2930,1.0,1.0
0,1926359045,2940,1.0,1.0
0,1926359045,2950,1.0,1.0
0,1926359045,2960,1.0,1.0
0,1926359045,2970,1.0,1.0
0,1926359045,2980,1.0,1.0
0,1926359045,2990,1.0,1.0
0,1926359045,3000,1.0,1.0
0,1926359045,3010,1.0,1.0
0,1926359045,3020,1.0,1.0
0,1926359045,3030,1.0,1.0
0,1926359045,3040,1.0,1.0
0,1926359045,3050,1.0,1.0
0,1926359045,3060,1.0,1.0
0,1926359045,3070,1.0,1.0
0,1926359045,3080,1.0,1.0
0,1926359045,3090,1.0,1.0
0,1926359045,3100,1.0,1.0
0,1926359045,3110,1.0,1.0
0,1926359045,3120,1.0,1.0
0,1926359045,3130,1.0,1.0
0,1926359045,3140,1.0,1.0
0,1926359045,3150,1.0,1.0
0,1926359045,3160,1.0,1.0
0,1926359045,3170,1.0,1.0
0,1926359045,3180,1.0,1.0
0,1926359045,3190,1.0,1.0
0,1926359045,3200,1.0,1.0
0,1926359045,3210,1.0,1.0
0,1926359045,3220,1.0,1.0
0,1926359045,3230,1.0,1.0
0,1926359045,3240,1.0,1.0
0,1926359045,3250,1.0,1.0
0,1926359045,3260,1.0,1.0
0,1926359045,3270,1.0,1.0
0,1926359045,3280,1.0,1.0
0,1926359045,3290,1.0,1.0
0,1926359045,3300,1.0,1.0
0,1926359045,3310,1.0,1.0
0,1926359045,3320,1.0,1.0
0,1926359045,3330,1.0,1.0
0,1926359045,3340,1.0,1.0
0,1926359045,3350,1.0,1.0
0,1926359045,3360,1.0,1.0
0,1926359045,3370,1.0,1.0
0,1926359045,3380,1.0,1.0
0,1926359045,3390,1.0,1.0
0,1926359045,3400,1.0,1.0
0,1926359045,3410,1.0,1.0
0,1926359045,3420,1.0,1.0
0,1926359045,3430,1.0,1.0
0,1926359045,3440,1.0,1.0
0,1926359045,3450,1.0,1.0
0,1926359045,3460,1.0,1.0
0,1926359045,3470,1.0,1.0
0,1926359045,3480,1.0,1.0
0,1926359045,3490,1.0,1.0
0,1926359045,3500,1.0,1.0
0,1926359045,3510,1.0,1.0
0,1926359045,3520,1.0,1.0
0,1926359045,3530,1.0,1.0
0,1926359045,3540,1.0,1.0
0,1926359045,3550,1.0,1.0
0,1926359045,3560,1.0,1.0
0,1926359045,3570,1.0,1.0
0,1926359045,3580,1.0,1.0
0,1926359045,3590,1.0,1.0
0,1926359045,3600,1.0,1.0
0,1926359045,3610,1.0,1.0
0,1926359045,3620,1.0,1.0
0,1926359045,3630,1.0,1.0
0,1926359045,3640,1.0,1.0
0,1926359045,3650,1.0,1.0
0,1926359045,3660,1.0,1.0
0,1926359045,3670,1.0,1.0
0,1926359045,3680,1.0,1.0
0,1926359045,3690,1.0,1.0
0,1926359045,3700,1.0,1.0
0,1926359045,3710,1.0,1.0
0,1926359045,3720,1.0,1.0
0,1926359045,3730,1.0,1.0
0,1926359045,3740,1.0,1.0
0,1926359045,3750,1.0,1.0
0,1926359045,3760,1.0,1.0
0,1926359045,3770,1.0,1.0
0,1926359045,3780,1.0,1.0
0,1926359045,3790,1.0,1.0
0,1926359045,3800,1.0,1.0
0,1926359045,3810,1.0,1.0
0,1926359045,3820,0.9950000047683716,1.0
0,1926359045,3830,0.9950000047683716,1.0
0,1926359045,3840,0.9950000047683716,1.0
0,1926359045,3850,0.9899999499320984,1.0
0,1926359045,3860,0.9899999499320984,1.0
0,1926359045,3870,0.9799999594688416,1.0
0,1926359045,3880,0.9799999594688416,1.0
0,1926359045,3890,0.9799999594688416,1.0
0,1926359045,3900,0.9799999594688416,1.0
0,1926359045,3910,0.9799999594688416,1.0
0,1926359045,3920,0.9699999690055847,1.0
0,1926359045,3930,0.9649999737739563,1.0
0,1926359045,3940,0.9649999737739563,1.0
0,1926359045,3950,0.9649999737739563,1.0
0,1926359045,3960,0.9599999785423279,1.0
0,1926359045,3970,0.9599999785423279,1.0
0,1926359045,3980,0.9599999785423279,1.0
0,1926359045,3990,0.9599999785423279,1.0
0,1926359045,4000,0.9599999785423279,1.0
0,1926359045,4010,0.9549999833106995,1.0
0,1926359045,4020,0.9549999833106995,1.0
0,1926359045,4030,0.9549999833106995,1.0
0,1926359045,4040,0.9549999833106995,1.0
0,1926359045,4050,0.9549999833106995,1.0
0,1926359045,4060,0.9549999833106995,1.0
0,1926359045,4070,0.9549999833106995,1.0
0,1926359045,4080,0.9549999833106995,1.0
0,1926359045,4090,0.9549999833106995,1.0
0,1926359045,4100,0.9549999833106995,1.0
0,1926359045,4110,0.9649999737739563,1.0
0,1926359045,4120,0.9649999737739563,1.0
0,1926359045,4130,0.9649999737739563,1.0
0,1926359045,4140,0.9649999737739563,1.0
0,1926359045,4150,0.9699999690055847,1.0
0,1926359045,4160,0.9799999594688416,1.0
0,1926359045,4170,0.9799999594688416,1.0
0,1926359045,4180,0.9799999594688416,1.0
0,1926359045,4190,0.9799999594688416,1.0
0,1926359045,4200,0.9799999594688416,1.0
0,1926359045,4210,0.9799999594688416,1.0
0,1926359045,4220,0.98499995470047,1.0
0,1926359045,4230,0.98499995470047,1.0
0,1926359045,4240,0.98499995470047,1.0
0,1926359045,4250,0.98499995470047,1.0
0,1926359045,4260,0.98499995470047,1.0
0,1926359045,4270,0.98499995470047,1.0
0,1926359045,4280,0.9899999499320984,1.0
0,1926359045,4290,1.0,1.0
0,1926359045,4300,1.0,1.0
0,1926359045,4310,1.0,1.0
0,1926359045,4320,1.0,1.0
0,1926359045,4330,1.0,1.0
0,1926359045,4340,1.0,1.0
0,1926359045,4350,1.0,1.0
0,1926359045,4360,1.0,1.0
0,1926359045,4370,1.0,1.0
0,1926359045,4380,1.0,1.0
0,1926359045,4390,1.0,1.0
0,1926359045,4400,1.0,1.0
0,1926359045,4410,1.0,1.0
0,1926359045,4420,1.0,1.0
0,1926359045,4430,1.0,1.0
0,1926359045,4440,1.0,1.0
0,1926359045,4450,1.0,1.0
0,1926359045,4460,1.0,1.0
0,1926359045,4470,1.0,1.0
0,1926359045,4480,1.0,1.0
0,1926359045,4490,1.0,1.0
0,1926359045,4500,1.0,1.0
0,1926359045,4510,1.0,1.0
0,1926359045,4520,1.0,1.0
0,1926359045,4530,1.0,1.0
0,1926359045,4540,1.0,1.0
0,1926359045,4550,1.0,1.0
0,1926359045,4560,1.0,1.0
0,1926359045,4570,1.0,1.0
0,1926359045,4580,1.0,1.0
0,1926359045,4590,1.0,1.0
0,1926359045,4600,1.0,1.0
0,1926359045,4610,1.0,1.0
0,1926359045,4620,1.0,1.0
0,1926359045,4630,1.0,1.0
0,1926359045,4640,1.0,1.0
0,1926359045,4650,1.0,1.0
0,1926359045,4660,1.0,1.0
0,1926359045,4670,1.0,1.0
0,1926359045,4680,1.0,1.0
0,1926359045,4690,1.0,1.0
0,1926359045,4700,1.0,1.0
0,1926359045,4710,1.0,1.0
0,1926359045,4720,1.0,1.0
0,1926359045,4730,1.0,1.0
0,1926359045,4740,1.0,1.0
0,1926359045,4750,1.0,1.0
0,1926359045,4760,1.0,1.0
0,1926359045,4770,1.0,1.0
0,1926359045,4780,1.0,1.0
0,1926359045,4790,1.0,1.0
0,1926359045,4800,1.0,1.0
0,1926359045,4810,1.0,1.0
0,1926359045,4820,1.0,1.0
0,1926359045,4830,1.0,1.0
0,1926359045,4840,1.0,1.0
0,1926359045,4850,1.0,1.0
0,1926359045,4860,1.0,1.0
0,1926359045,4870,1.0,1.0
0,1926359045,4880,1.0,1.0
0,1926359045,4890,1.0,1.0
0,1926359045,4900,1.0,1.0
0,1926359045,4910,1.0,1.0
0,1926359045,4920,1.0,1.0
0,1926359045,4930,1.0,1.0
0,1926359045,4940,1.0,1.0
0,1926359045,4950,1.0,1.0
0,1926359045,4960,1.0,1.0
0,1926359045,4970,1.0,1.0
0,1926359045,4980,1.0,1.0
0,1926359045,4990,1.0,1.0
0,1926359045,5000,1.0,1.0
1,201323333,0,0.48499998450279236,0.5349999666213989
1,201323333,10,0.5399999618530273,0.5199999809265137
1,201323333,20,0.5799999833106995,0.5149999856948853
1,201323333,30,0.6549999713897705,0.5099999904632568
1,201323333,40,0.6899999976158142,0.5249999761581421
1,201323333,50,0.75,0.5349999666213989
1,201323333,60,0.7849999666213989,0.5349999666213989
1,201323333,70,0.8199999928474426,0.5299999713897705
1,201323333,80,0.8499999642372131,0.5299999713897705
1,201323333,90,0.8849999904632568,0.5299999713897705
1,201323333,100,0.9149999618530273,0.5299999713897705
1,201323333,110,0.9350000023841858,0.5399999618530273
1,201323333,120,0.9449999928474426,0.5249999761581421
1,201323333,130,0.9599999785423279,0.5399999618530273
1,201323333,140,0.9699999690055847,0.5450000166893005
1,201323333,150,0.9799999594688416,0.5399999618530273
1,201323333,160,0.9899999499320984,0.5349999666213989
1,201323333,170,0.9899999499320984,0.5450000166893005
1,201323333,180,0.9899999499320984,0.5450000166893005
1,201323333,190,0.9899999499320984,0.550000011920929
1,201323333,200,0.9950000047683716,0.5399999618530273
1,201323333,210,0.9950000047683716,0.5450000166893005
1,201323333,220,1.0,0.5450000166893005
1,201323333,230,1.0,0.5600000023841858
1,201323333,240,1.0,0.550000011920929
1,201323333,250,1.0,0.5550000071525574
1,201323333,260,1.0,0.5600000023841858
1,201323333,270,1.0,0.5649999976158142
1,201323333,280,1.0,0.5699999928474426
1,201323333,290,1.0,0.5600000023841858
1,201323333,300,1.0,0.5699999928474426
1,201323333,310,1.0,0.5550000071525574
1,201323333,320,1.0,0.5699999928474426
1,201323333,330,1.0,0.5799999833106995
1,201323333,340,1.0,0.5799999833106995
1,201323333,350,1.0,0.5649999976158142
1,201323333,360,1.0,0.5699999928474426
1,201323333,370,1.0,0.574999988079071
1,201323333,380,1.0,0.5799999833106995
1,201323333,390,1.0,0.5849999785423279
1,201323333,400,1.0,0.5899999737739563
1,201323333,410,1.0,0.5849999785423279
1,201323333,420,1.0,0.5949999690055847
1,201323333,430,1.0,0.5799999833106995
1,201323333,440,1.0,0.5799999833106995
1,201323333,450,1.0,0.5949999690055847
1,201323333,460,1.0,0.5899999737739563
1,201323333,470,1.0,0.5899999737739563
1,201323333,480,1.0,0.5999999642372131
1,201323333,490,1.0,0.5899999737739563
1,201323333,500,1.0,0.5949999690055847
1,201323333,510,1.0,0.6049999594688416
1,201323333,520,1.0,0.6049999594688416
1,201323333,530,1.0,0.6049999594688416
1,201323333,540,1.0,0.6100000143051147
1,201323333,550,1.0,0.6049999594688416
1,201323333,560,1.0,0.6299999952316284
1,201323333,570,1.0,0.6100000143051147
1,201323333,580,1.0,0.6100000143051147
1,201323333,590,1.0,0.6299999952316284
1,201323333,600,1.0,0.6200000047683716
1,201323333,610,1.0,0.6349999904632568
1,201323333,620,1.0,0.625
1,201323333,630,1.0,0.625
1,201323333,640,1.0,0.625
1,201323333,650,1.0,0.6349999904632568
1,201323333,660,1.0,0.6150000095367432
1,201323333,670,1.0,0.6299999952316284
1,201323333,680,1.0,0.6399999856948853
1,201323333,690,1.0,0.6349999904632568
1,201323333,700,1.0,0.6349999904632568
1,201323333,710,1.0,0.6349999904632568
1,201323333,720,1.0,0.6449999809265137
1,201323333,730,1.0,0.6399999856948853
1,201323333,740,1.0,0.6499999761581421
1,201323333,750,1.0,0.625
1,201323333,760,1.0,0.6349999904632568
1,201323333,770,1.0,0.6349999904632568
1,201323333,780,1.0,0.6399999856948853
1,201323333,790,1.0,0.6399999856948853
1,201323333,800,1.0,0.6499999761581421
1,201323333,810,1.0,0.6499999761581421
1,201323333,820,1.0,0.6349999904632568
1,201323333,830,1.0,0.6349999904632568
1,201323333,840,1.0,0.6449999809265137
1,201323333,850,1.0,0.6349999904632568
1,201323333,860,1.0,0.6549999713897705
1,201323333,870,1.0,0.6499999761581421
1,201323333,880,1.0,0.6599999666213989
1,201323333,890,1.0,0.6449999809265137
1,201323333,900,1.0,0.6699999570846558
1,201323333,910,1.0,0.6649999618530273
1,201323333,920,1.0,0.6599999666213989
1,201323333,930,1.0,0.675000011920929
1,201323333,940,1.0,0.6699999570846558
1,201323333,950,1.0,0.6599999666213989
1,201323333,960,1.0,0.6649999618530273
1,201323333,970,1.0,0.6800000071525574
1,201323333,980,1.0,0.6850000023841858
1,201323333,990,1.0,0.6949999928474426
1,201323333,1000,1.0,0.6899999976158142
1,201323333,1010,1.0,0.6899999976158142
1,201323333,1020,1.0,0.6949999928474426
1,201323333,1030,1.0,0.6850000023841858
1,201323333,1040,1.0,0.6899999976158142
1,201323333,1050,1.0,0.6850000023841858
1,201323333,1060,1.0,0.6949999928474426
1,201323333,1070,1.0,0.699999988079071
1,201323333,1080,1.0,0.6850000023841858
1,201323333,1090,1.0,0.699999988079071
1,201323333,1100,1.0,0.6949999928474426
1,201323333,1110,1.0,0.6899999976158142
1,201323333,1120,1.0,0.6949999928474426
1,201323333,1130,1.0,0.7049999833106995
1,201323333,1140,1.0,0.7099999785423279
1,201323333,1150,1.0,0.699999988079071
1,201323333,1160,1.0,0.7149999737739563
1,201323333,1170,1.0,0.7199999690055847
1,201323333,1180,1.0,0.7199999690055847
1,201323333,1190,1.0,0.699999988079071
1,201323333,1200,1.0,0.7049999833106995
1,201323333,1210,1.0,0.7099999785423279
1,201323333,1220,1.0,0.7099999785423279
1,201323333,1230,1.0,0.7149999737739563
1,201323333,1240,1.0,0.73499995470047
1,201323333,1250,1.0,0.7249999642372131
1,201323333,1260,1.0,0.7149999737739563
1,201323333,1270,1.0,0.7299999594688416
1,201323333,1280,1.0,0.7199999690055847
1,201323333,1290,1.0,0.7299999594688416
1,201323333,1300,1.0,0.7299999594688416
1,201323333,1310,1.0,0.7400000095367432
1,201323333,1320,1.0,0.73499995470047
1,201323333,1330,1.0,0.7249999642372131
1,201323333,1340,1.0,0.73499995470047
1,201323333,1350,1.0,0.7299999594688416
1,201323333,1360,1.0,0.7450000047683716
1,201323333,1370,1.0,0.7400000095367432
1,201323333,1380,1.0,0.7299999594688416
1,201323333,1390,1.0,0.7450000047683716
1,201323333,1400,1.0,0.7450000047683716
1,201323333,1410,1.0,0.7450000047683716
1,201323333,1420,1.0,0.75
1,201323333,1430,1.0,0.7400000095367432
1,201323333,1440,1.0,0.7549999952316284
1,201323333,1450,1.0,0.7450000047683716
1,201323333,1460,1.0,0.7549999952316284
1,201323333,1470,1.0,0.7549999952316284
1,201323333,1480,1.0,0.7549999952316284
1,201323333,1490,1.0,0.7549999952316284
1,201323333,1500,1.0,0.75
1,201323333,1510,1.0,0.7549999952316284
1,201323333,1520,1.0,0.7450000047683716
1,201323333,1530,1.0,0.7450000047683716
1,201323333,1540,1.0,0.7649999856948853
1,201323333,1550,1.0,0.75
1,201323333,1560,1.0,0.7599999904632568
1,201323333,1570,1.0,0.7549999952316284
1,201323333,1580,1.0,0.75
1,201323333,1590,1.0,0.7649999856948853
1,201323333,1600,1.0,0.7599999904632568
1,201323333,1610,1.0,0.7549999952316284
1,201323333,1620,1.0,0.7549999952316284
1,201323333,1630,1.0,0.7699999809265137
1,201323333,1640,1.0,0.7649999856948853
1,201323333,1650,1.0,0.7599999904632568
1,201323333,1660,1.0,0.7599999904632568
1,201323333,1670,1.0,0.7599999904632568
1,201323333,1680,1.0,0.7599999904632568
1,201323333,1690,1.0,0.7649999856948853
1,201323333,1700,1.0,0.7599999904632568
1,201323333,1710,1.0,0.7799999713897705
1,201323333,1720,1.0,0.7699999809265137
1,201323333,1730,1.0,0.7749999761581421
1,201323333,1740,1.0,0.7699999809265137
1,201323333,1750,1.0,0.7649999856948853
1,201323333,1760,1.0,0.7699999809265137
1,201323333,1770,1.0,0.7699999809265137
1,201323333,1780,1.0,0.7549999952316284
1,201323333,1790,1.0,0.7699999809265137
1,201323333,1800,1.0,0.7699999809265137
1,201323333,1810,1.0,0.7649999856948853
1,201323333,1820,1.0,0.7649999856948853
1,201323333,1830,1.0,0.7749999761581421
1,201323333,1840,1.0,0.7699999809265137
1,201323333,1850,1.0,0.7849999666213989
1,201323333,1860,1.0,0.7749999761581421
1,201323333,1870,1.0,0.7799999713897705
1,201323333,1880,1.0,0.7849999666213989
1,201323333,1890,1.0,0.7849999666213989
1,201323333,1900,1.0,0.7849999666213989
1,201323333,1910,1.0,0.7899999618530273
1,201323333,1920,1.0,0.7899999618530273
1,201323333,1930,1.0,0.7849999666213989
1,201323333,1940,1.0,0.7899999618530273
1,201323333,1950,1.0,0.7949999570846558
1,201323333,1960,1.0,0.7849999666213989
1,201323333,1970,1.0,0.7999999523162842
1,201323333,1980,1.0,0.7999999523162842
1,201323333,1990,1.0,0.7999999523162842
1,201323333,2000,1.0,0.7999999523162842
1,201323333,2010,1.0,0.8050000071525574
1,201323333,2020,1.0,0.8050000071525574
1,201323333,2030,1.0,0.8050000071525574
1,201323333,2040,1.0,0.7999999523162842
1,201323333,2050,1.0,0.7899999618530273
1,201323333,2060,1.0,0.7999999523162842
1,201323333,2070,1.0,0.7899999618530273
1,201323333,2080,1.0,0.8100000023841858
1,201323333,2090,1.0,0.7999999523162842
1,201323333,2100,1.0,0.8050000071525574
1,201323333,2110,1.0,0.8100000023841858
1,201323333,2120,1.0,0.8050000071525574
1,201323333,2130,1.0,0.7999999523162842
1,201323333,2140,1.0,0.8100000023841858
1,201323333,2150,1.0,0.7949999570846558
1,201323333,2160,1.0,0.7999999523162842
1,201323333,2170,1.0,0.8050000071525574
1,201323333,2180,1.0,0.8199999928474426
1,201323333,2190,1.0,0.8199999928474426
1,201323333,2200,1.0,0.8399999737739563
1,201323333,2210,1.0,0.8349999785423279
1,201323333,2220,1.0,0.8349999785423279
1,201323333,2230,1.0,0.8499999642372131
1,201323333,2240,1.0,0.8449999690055847
1,201323333,2250,1.0,0.8449999690055847
1,201323333,2260,1.0,0.8549999594688416
1,201323333,2270,1.0,0.85999995470047
1,201323333,2280,1.0,0.85999995470047
1,201323333,2290,1.0,0.85999995470047
1,201323333,2300,1.0,0.8650000095367432
1,201323333,2310,1.0,0.8650000095367432
1,201323333,2320,1.0,0.875
1,201323333,2330,1.0,0.8700000047683716
1,201323333,2340,1.0,0.8700000047683716
1,201323333,2350,1.0,0.8650000095367432
1,201323333,2360,1.0,0.8799999952316284
1,201323333,2370,1.0,0.875
1,201323333,2380,1.0,0.8849999904632568
1,201323333,2390,1.0,0.8899999856948853
1,201323333,2400,1.0,0.9049999713897705
1,201323333,2410,1.0,0.8999999761581421
1,201323333,2420,1.0,0.9099999666213989
1,201323333,2430,1.0,0.9249999523162842
1,201323333,2440,1.0,0.9199999570846558
1,201323333,2450,1.0,0.9199999570846558
1,201323333,2460,1.0,0.9300000071525574
1,201323333,2470,1.0,0.9399999976158142
1,201323333,2480,1.0,0.9399999976158142
1,201323333,2490,1.0,0.9449999928474426
1,201323333,2500,1.0,0.949999988079071
1,201323333,2510,1.0,0.9549999833106995
1,201323333,2520,1.0,0.949999988079071
1,201323333,2530,1.0,0.9599999785423279
1,201323333,2540,1.0,0.9549999833106995
1,201323333,2550,1.0,0.9599999785423279
1,201323333,2560,1.0,0.9649999737739563
1,201323333,2570,1.0,0.9699999690055847
1,201323333,2580,1.0,0.9699999690055847
1,201323333,2590,1.0,0.9649999737739563
1,201323333,2600,1.0,0.9699999690055847
1,201323333,2610,1.0,0.9699999690055847
1,201323333,2620,1.0,0.9749999642372131
1,201323333,2630,1.0,0.9699999690055847
1,201323333,2640,1.0,0.9749999642372131
1,201323333,2650,1.0,0.9799999594688416
1,201323333,2660,1.0,0.9749999642372131
1,201323333,2670,1.0,0.9799999594688416
1,201323333,2680,1.0,0.98499995470047
1,201323333,2690,1.0,0.9749999642372131
1,201323333,2700,1.0,0.98499995470047
1,201323333,2710,1.0,0.98499995470047
1,201323333,2720,1.0,0.98499995470047
1,201323333,2730,1.0,0.98499995470047
1,201323333,2740,1.0,0.98499995470047
1,201323333,2750,1.0,0.9899999499320984
1,201323333,2760,1.0,0.9899999499320984
1,201323333,2770,1.0,0.9899999499320984
1,201323333,2780,1.0,0.9950000047683716
1,201323333,2790,1.0,0.9950000047683716
1,201323333,2800,1.0,0.9950000047683716
1,201323333,2810,1.0,0.9950000047683716
1,201323333,2820,1.0,0.9950000047683716
1,201323333,2830,1.0,0.9950000047683716
1,201323333,2840,1.0,0.9950000047683716
1,201323333,2850,1.0,0.9950000047683716
1,201323333,2860,1.0,0.9950000047683716
1,201323333,2870,1.0,0.9950000047683716
1,201323333,2880,1.0,0.9950000047683716
1,201323333,2890,1.0,0.9950000047683716
1,201323333,2900,1.0,0.9950000047683716
1,201323333,2910,1.0,0.9950000047683716
1,201323333,2920,1.0,1.0
1,201323333,2930,1.0,1.0
1,201323333,2940,1.0,1.0
1,201323333,2950,1.0,1.0
1,201323333,2960,1.0,1.0
1,201323333,2970,1.0,1.0
1,201323333,2980,1.0,1.0
1,201323333,2990,1.0,1.0
1,201323333,3000,1.0,1.0
1,201323333,3010,1.0,1.0
1,201323333,3020,1.0,1.0
1,201323333,3030,1.0,1.0
1,201323333,3040,1.0,1.0
1,201323333,3050,1.0,1.0
1,201323333,3060,1.0,1.0
1,201323333,3070,1.0,1.0
1,201323333,3080,1.0,1.0
1,201323333,3090,1.0,1.0
1,201323333,3100,1.0,1.0
1,201323333,3110,1.0,1.0
1,201323333,3120,1.0,1.0
1,201323333,3130,1.0,1.0
1,201323333,3140,1.0,1.0
1,201323333,3150,1.0,1.0
1,201323333,3160,1.0,1.0
1,201323333,3170,1.0,1.0
1,201323333,3180,1.0,1.0
1,201323333,3190,1.0,1.0
1,201323333,3200,1.0,1.0
1,201323333,3210,1.0,1.0
1,201323333,3220,1.0,1.0
1,201323333,3230,1.0,1.0
1,201323333,3240,1.0,1.0
1,201323333,3250,1.0,1.0
1,201323333,3260,1.0,1.0
1,201323333,3270,1.0,1.0
1,201323333,3280,1.0,1.0
1,201323333,3290,1.0,1.0
1,201323333,3300,1.0,1.0
1,201323333,3310,1.0,1.0
1,201323333,3320,1.0,1.0
1,201323333,3330,1.0,1.0
1,201323333,3340,1.0,1.0
1,201323333,3350,1.0,1.0
1,201323333,3360,1.0,1.0
1,201323333,3370,1.0,1.0
1,201323333,3380,1.0,1.0
1,201323333,3390,1.0,1.0
1,201323333,3400,1.0,1.0
1,201323333,3410,1.0,1.0
1,201323333,3420,1.0,1.0
1,201323333,3430,1.0,1.0
1,201323333,3440,1.0,1.0
1,201323333,3450,1.0,1.0
1,201323333,3460,1.0,1.0
1,201323333,3470,1.0,1.0
1,201323333,3480,1.0,1.0
1,201323333,3490,1.0,1.0
1,201323333,3500,1.0,1.0
1,201323333,3510,1.0,1.0
1,201323333,3520,1.0,1.0
1,201323333,3530,1.0,1.0
1,201323333,3540,1.0,1.0
1,201323333,3550,1.0,1.0
1,201323333,3560,1.0,1.0
1,201323333,3570,1.0,1.0
1,201323333,3580,1.0,1.0
1,201323333,3590,1.0,1.0
1,201323333,3600,1.0,1.0
1,201323333,3610,1.0,1.0
1,201323333,3620,1.0,1.0
1,201323333,3630,1.0,1.0
1,201323333,3640,1.0,1.0
1,201323333,3650,1.0,1.0
1,201323333,3660,1.0,1.0
1,201323333,3670,1.0,1.0
1,201323333,3680,1.0,1.0
1,201323333,3690,1.0,1.0
1,201323333,3700,1.0,1.0
1,201323333,3710,1.0,1.0
1,201323333,3720,1.0,1.0
1,201323333,3730,1.0,1.0
1,201323333,3740,1.0,1.0
1,201323333,3750,0.9950000047683716,1.0
1,201323333,3760,0.9950000047683716,1.0
1,201323333,3770,0.9950000047683716,1.0
1,201323333,3780,0.9950000047683716,1.0
1,201323333,3790,0.9899999499320984,1.0
1,201323333,3800,0.9899999499320984,1.0
1,201323333,3810,0.9899999499320984,1.0
1,201323333,3820,0.9899999499320984,1.0
1,201323333,3830,0.98499995470047,1.0
1,201323333,3840,0.9799999594688416,1.0
1,201323333,3850,0.9749999642372131,1.0
1,201323333,3860,0.9749999642372131,1.0
1,201323333,3870,0.9749999642372131,1.0
1,201323333,3880,0.9749999642372131,1.0
1,201323333,3890,0.9749999642372131,1.0
1,201323333,3900,0.9749999642372131,1.0
1,201323333,3910,0.9749999642372131,1.0
1,201323333,3920,0.9749999642372131,1.0
1,201323333,3930,0.9749999642372131,1.0
1,201323333,3940,0.9749999642372131,1.0
1,201323333,3950,0.9749999642372131,1.0
1,201323333,3960,0.9749999642372131,1.0
1,201323333,3970,0.9749999642372131,1.0
1,201323333,3980,0.9749999642372131,1.0
1,201323333,3990,0.9749999642372131,1.0
1,201323333,4000,0.9749999642372131,1.0
1,201323333,4010,0.9749999642372131,1.0
1,201323333,4020,0.9749999642372131,1.0
1,201323333,4030,0.9749999642372131,1.0
1,201323333,4040,0.9749999642372131,1.0
1,201323333,4050,0.9749999642372131,1.0
1,201323333,4060,0.9749999642372131,1.0
1,201323333,4070,0.9749999642372131,1.0
1,201323333,4080,0.9749999642372131,1.0
1,201323333,4090,0.9749999642372131,1.0
1,201323333,4100,0.9749999642372131,1.0
1,201323333,4110,0.9749999642372131,1.0
1,201323333,4120,0.9749999642372131,1.0
1,201323333,4130,0.9749999642372131,1.0
1,201323333,4140,0.9749999642372131,1.0
1,201323333,4150,0.9749999642372131,1.0
1,201323333,4160,0.9749999642372131,1.0
1,201323333,4170,0.9749999642372131,1.0
1,201323333,4180,0.9749999642372131,1.0
1,201323333,4190,0.9749999642372131,1.0
1,201323333,4200,0.9749999642372131,1.0
1,201323333,4210,0.9749999642372131,1.0
1,201323333,4220,0.9749999642372131,1.0
1,201323333,4230,0.9749999642372131,1.0
1,201323333,4240,0.9749999642372131,1.0
1,201323333,4250,0.9749999642372131,1.0
1,201323333,4260,0.9749999642372131,1.0
1,201323333,4270,0.9749999642372131,1.0
1,201323333,4280,0.9749999642372131,1.0
1,201323333,4290,0.9749999642372131,1.0
1,201323333,4300,0.9749999642372131,1.0
1,201323333,4310,0.9749999642372131,1.0
1,201323333,4320,0.9749999642372131,1.0
1,201323333,4330,0.9749999642372131,1.0
1,201323333,4340,0.9749999642372131,1.0
1,201323333,4350,0.9799999594688416,1.0
1,201323333,4360,0.9799999594688416,1.0
1,201323333,4370,0.9799999594688416,1.0
1,201323333,4380,0.98499995470047,1.0
1,201323333,4390,0.98499995470047,1.0
1,201323333,4400,0.9899999499320984,1.0
1,201323333,4410,0.9899999499320984,1.0
1,201323333,4420,0.9899999499320984,1.0
1,201323333,4430,0.9950000047683716,1.0
1,201323333,4440,0.9950000047683716,1.0
1,201323333,4450,0.9950000047683716,1.0
1,201323333,4460,0.9950000047683716,1.0
1,201323333,4470,0.9950000047683716,1.0
1,201323333,4480,0.9950000047683716,1.0
1,201323333,4490,0.9950000047683716,1.0
1,201323333,4500,0.9950000047683716,1.0
1,201323333,4510,1.0,1.0
1,201323333,4520,1.0,1.0
1,201323333,4530,1.0,1.0
1,201323333,4540,1.0,1.0
1,201323333,4550,1.0,1.0
1,201323333,4560,1.0,1.0
1,201323333,4570,1.0,1.0
1,201323333,4580,1.0,1.0
1,201323333,4590,1.0,1.0
1,201323333,4600,1.0,1.0
1,201323333,4610,1.0,1.0
1,201323333,4620,1.0,1.0
1,201323333,4630,1.0,1.0
1,201323333,4640,1.0,1.0
1,201323333,4650,1.0,1.0
1,201323333,4660,1.0,1.0
1,201323333,4670,1.0,1.0
1,201323333,4680,1.0,1.0
1,201323333,4690,1.0,1.0
1,201323333,4700,1.0,1.0
1,201323333,4710,1.0,1.0
1,201323333,4720,1.0,1.0
1,201323333,4730,1.0,1.0
1,201323333,4740,1.0,1.0
1,201323333,4750,1.0,1.0
1,201323333,4760,1.0,1.0
1,201323333,4770,1.0,1.0
1,201323333,4780,1.0,1.0
1,201323333,4790,1.0,1.0
1,201323333,4800,1.0,1.0
1,201323333,4810,1.0,1.0
1,201323333,4820,1.0,1.0
1,201323333,4830,1.0,1.0
1,201323333,4840,1.0,1.0
1,201323333,4850,1.0,1.0
1,201323333,4860,1.0,1.0
1,201323333,4870,1.0,1.0
1,201323333,4880,1.0,1.0
1,201323333,4890,1.0,1.0
1,201323333,4900,1.0,1.0
1,201323333,4910,1.0,1.0
1,201323333,4920,1.0,1.0
1,201323333,4930,1.0,1.0
1,201323333,4940,1.0,1.0
1,201323333,4950,1.0,1.0
1,201323333,4960,1.0,1.0
1,201323333,4970,1.0,1.0
1,201323333,4980,1.0,1.0
1,201323333,4990,1.0,1.0
1,201323333,5000,1.0,1.0
2,1377352415,0,0.5,0.5149999856948853
2,1377352415,10,0.6049999594688416,0.47999998927116394
2,1377352415,20,0.6399999856948853,0.4650000035762787
2,1377352415,30,0.6850000023841858,0.4749999940395355
2,1377352415,40,0.7599999904632568,0.4749999940395355
2,1377352415,50,0.8100000023841858,0.48499998450279236
2,1377352415,60,0.8349999785423279,0.47999998927116394
2,1377352415,70,0.8849999904632568,0.48499998450279236
2,1377352415,80,0.9049999713897705,0.48499998450279236
2,1377352415,90,0.9149999618530273,0.4899999797344208
2,1377352415,100,0.9300000071525574,0.48499998450279236
2,1377352415,110,0.9549999833106995,0.48499998450279236
2,1377352415,120,0.9699999690055847,0.4949999749660492
2,1377352415,130,0.98499995470047,0.4949999749660492
2,1377352415,140,0.98499995470047,0.48499998450279236
2,1377352415,150,0.98499995470047,0.4899999797344208
2,1377352415,160,0.9899999499320984,0.4949999749660492
2,1377352415,170,0.9899999499320984,0.5
2,1377352415,180,0.9899999499320984,0.4949999749660492
2,1377352415,190,0.9899999499320984,0.4899999797344208
2,1377352415,200,0.9950000047683716,0.48499998450279236
2,1377352415,210,0.9950000047683716,0.5
2,1377352415,220,0.9950000047683716,0.4899999797344208
2,1377352415,230,1.0,0.4899999797344208
2,1377352415,240,1.0,0.4949999749660492
2,1377352415,250,1.0,0.5
2,1377352415,260,1.0,0.5049999952316284
2,1377352415,270,1.0,0.5
2,1377352415,280,1.0,0.5099999904632568
2,1377352415,290,1.0,0.5199999809265137
2,1377352415,300,1.0,0.5149999856948853
2,1377352415,310,1.0,0.5149999856948853
2,1377352415,320,1.0,0.5049999952316284
2,1377352415,330,1.0,0.5049999952316284
2,1377352415,340,1.0,0.5099999904632568
2,1377352415,350,1.0,0.5399999618530273
2,1377352415,360,1.0,0.5149999856948853
2,1377352415,370,1.0,0.5099999904632568
2,1377352415,380,1.0,0.5249999761581421
2,1377352415,390,1.0,0.5299999713897705
2,1377352415,400,1.0,0.5199999809265137
2,1377352415,410,1.0,0.5249999761581421
2,1377352415,420,1.0,0.5149999856948853
2,1377352415,430,1.0,0.5299999713897705
2,1377352415,440,1.0,0.5349999666213989
2,1377352415,450,1.0,0.5399999618530273
2,1377352415,460,1.0,0.5399999618530273
2,1377352415,470,1.0,0.5299999713897705
2,1377352415,480,1.0,0.5399999618530273
2,1377352415,490,1.0,0.5399999618530273
2,1377352415,500,1.0,0.5249999761581421
2,1377352415,510,1.0,0.5299999713897705
2,1377352415,520,1.0,0.5399999618530273
2,1377352415,530,1.0,0.5550000071525574
2,1377352415,540,1.0,0.5399999618530273
2,1377352415,550,1.0,0.5399999618530273
2,1377352415,560,1.0,0.5399999618530273
2,1377352415,570,1.0,0.5649999976158142
2,1377352415,580,1.0,0.5450000166893005
2,1377352415,590,1.0,0.550000011920929
2,1377352415,600,1.0,0.5550000071525574
2,1377352415,610,1.0,0.5649999976158142
2,1377352415,620,1.0,0.574999988079071
2,1377352415,630,1.0,0.5399999618530273
2,1377352415,640,1.0,0.5649999976158142
2,1377352415,650,1.0,0.5550000071525574
2,1377352415,660,1.0,0.5600000023841858
2,1377352415,670,1.0,0.5550000071525574
2,1377352415,680,1.0,0.5949999690055847
2,1377352415,690,1.0,0.5649999976158142
2,1377352415,700,1.0,0.5849999785423279
2,1377352415,710,1.0,0.5799999833106995
2,1377352415,720,1.0,0.574999988079071
2,1377352415,730,1.0,0.5849999785423279
2,1377352415,740,1.0,0.5999999642372131
2,1377352415,750,1.0,0.5949999690055847
2,1377352415,760,1.0,0.5949999690055847
2,1377352415,770,1.0,0.6049999594688416
2,1377352415,780,1.0,0.6049999594688416
2,1377352415,790,1.0,0.6299999952316284
2,1377352415,800,1.0,0.6100000143051147
2,1377352415,810,1.0,0.6200000047683716
2,1377352415,820,1.0,0.5999999642372131
2,1377352415,830,1.0,0.6150000095367432
2,1377352415,840,1.0,0.6299999952316284
2,1377352415,850,1.0,0.6200000047683716
2,1377352415,860,1.0,0.6399999856948853
2,1377352415,870,1.0,0.6499999761581421
2,1377352415,880,1.0,0.6349999904632568
2,1377352415,890,1.0,0.625
2,1377352415,900,1.0,0.6599999666213989
2,1377352415,910,1.0,0.6549999713897705
2,1377352415,920,1.0,0.6549999713897705
2,1377352415,930,1.0,0.675000011920929
2,1377352415,940,1.0,0.6649999618530273
2,1377352415,950,1.0,0.6699999570846558
2,1377352415,960,1.0,0.6850000023841858
2,1377352415,970,1.0,0.6800000071525574
2,1377352415,980,1.0,0.7049999833106995
2,1377352415,990,1.0,0.699999988079071
2,1377352415,1000,1.0,0.7049999833106995
2,1377352415,1010,1.0,0.7099999785423279
2,1377352415,1020,1.0,0.7149999737739563
2,1377352415,1030,1.0,0.7049999833106995
2,1377352415,1040,1.0,0.7099999785423279
2,1377352415,1050,1.0,0.7299999594688416
2,1377352415,1060,1.0,0.7299999594688416
2,1377352415,1070,1.0,0.7249999642372131
2,1377352415,1080,1.0,0.7299999594688416
2,1377352415,1090,1.0,0.73499995470047
2,1377352415,1100,1.0,0.73499995470047
2,1377352415,1110,1.0,0.75
2,1377352415,1120,1.0,0.7549999952316284
2,1377352415,1130,1.0,0.7599999904632568
2,1377352415,1140,1.0,0.7649999856948853
2,1377352415,1150,1.0,0.7649999856948853
2,1377352415,1160,1.0,0.7799999713897705
2,1377352415,1170,1.0,0.7899999618530273
2,1377352415,1180,1.0,0.7799999713897705
2,1377352415,1190,1.0,0.7899999618530273
2,1377352415,1200,1.0,0.7799999713897705
2,1377352415,1210,1.0,0.7899999618530273
2,1377352415,1220,1.0,0.7949999570846558
2,1377352415,1230,1.0,0.8100000023841858
2,1377352415,1240,1.0,0.7999999523162842
2,1377352415,1250,1.0,0.8100000023841858
2,1377352415,1260,1.0,0.8050000071525574
2,1377352415,1270,1.0,0.8100000023841858
2,1377352415,1280,1.0,0.8199999928474426
2,1377352415,1290,1.0,0.8149999976158142
2,1377352415,1300,1.0,0.8299999833106995
2,1377352415,1310,1.0,0.8349999785423279
2,1377352415,1320,1.0,0.8349999785423279
2,1377352415,1330,1.0,0.8499999642372131
2,1377352415,1340,1.0,0.8399999737739563
2,1377352415,1350,1.0,0.85999995470047
2,1377352415,1360,1.0,0.8549999594688416
2,1377352415,1370,1.0,0.875
2,1377352415,1380,1.0,0.85999995470047
2,1377352415,1390,1.0,0.8700000047683716
2,1377352415,1400,1.0,0.875
2,1377352415,1410,1.0,0.875
2,1377352415,1420,1.0,0.8899999856948853
2,1377352415,1430,1.0,0.8849999904632568
2,1377352415,1440,1.0,0.8949999809265137
2,1377352415,1450,1.0,0.9099999666213989
2,1377352415,1460,1.0,0.9149999618530273
2,1377352415,1470,1.0,0.8999999761581421
2,1377352415,1480,1.0,0.9249999523162842
2,1377352415,1490,1.0,0.9249999523162842
2,1377352415,1500,1.0,0.9199999570846558
2,1377352415,1510,1.0,0.9249999523162842
2,1377352415,1520,1.0,0.9350000023841858
2,1377352415,1530,1.0,0.9300000071525574
2,1377352415,1540,1.0,0.9350000023841858
2,1377352415,1550,1.0,0.9350000023841858
2,1377352415,1560,1.0,0.9399999976158142
2,1377352415,1570,1.0,0.9399999976158142
2,1377352415,1580,1.0,0.9399999976158142
2,1377352415,1590,1.0,0.9399999976158142
2,1377352415,1600,1.0,0.9399999976158142
2,1377352415,1610,1.0,0.9399999976158142
2,1377352415,1620,1.0,0.9449999928474426
2,1377352415,1630,1.0,0.949999988079071
2,1377352415,1640,1.0,0.949999988079071
2,1377352415,1650,1.0,0.9449999928474426
2,1377352415,1660,1.0,0.9449999928474426
2,1377352415,1670,1.0,0.9449999928474426
2,1377352415,1680,1.0,0.9549999833106995
2,1377352415,1690,1.0,0.9599999785423279
2,1377352415,1700,1.0,0.9549999833106995
2,1377352415,1710,1.0,0.9599999785423279
2,1377352415,1720,1.0,0.9699999690055847
2,1377352415,1730,1.0,0.9699999690055847
2,1377352415,1740,1.0,0.9699999690055847
2,1377352415,1750,1.0,0.9749999642372131
2,1377352415,1760,1.0,0.9699999690055847
2,1377352415,1770,1.0,0.9749999642372131
2,1377352415,1780,1.0,0.9799999594688416
2,1377352415,1790,1.0,0.9799999594688416
2,1377352415,1800,1.0,0.98499995470047
2,1377352415,1810,1.0,0.98499995470047
2,1377352415,1820,1.0,0.9799999594688416
2,1377352415,1830,1.0,0.98499995470047
2,1377352415,1840,1.0,0.98499995470047
2,1377352415,1850,1.0,0.98499995470047
2,1377352415,1860,1.0,0.98499995470047
2,1377352415,1870,1.0,0.9950000047683716
2,1377352415,1880,1.0,0.9899999499320984
2,1377352415,1890,1.0,0.9950000047683716
2,1377352415,1900,1.0,0.9950000047683716
2,1377352415,1910,1.0,0.9950000047683716
2,1377352415,1920,1.0,0.9899999499320984
2,1377352415,1930,1.0,0.9950000047683716
2,1377352415,1940,1.0,0.9950000047683716
2,1377352415,1950,1.0,0.9950000047683716
2,1377352415,1960,1.0,0.9950000047683716
2,1377352415,1970,1.0,0.9950000047683716
2,1377352415,1980,1.0,0.9950000047683716
2,1377352415,1990,1.0,0.9950000047683716
2,1377352415,2000,1.0,0.9950000047683716
2,1377352415,2010,1.0,0.9950000047683716
2,1377352415,2020,1.0,0.9950000047683716
2,1377352415,2030,1.0,0.9950000047683716
2,1377352415,2040,1.0,0.9950000047683716
2,1377352415,2050,1.0,0.9950000047683716
2,1377352415,2060,1.0,0.9950000047683716
2,1377352415,2070,1.0,0.9950000047683716
2,1377352415,2080,1.0,0.9950000047683716
2,1377352415,2090,1.0,0.9950000047683716
2,1377352415,2100,1.0,0.9950000047683716
2,1377352415,2110,1.0,0.9950000047683716
2,1377352415,2120,1.0,0.9950000047683716
2,1377352415,2130,1.0,0.9950000047683716
2,1377352415,2140,1.0,0.9950000047683716
2,1377352415,2150,1.0,0.9950000047683716
2,1377352415,2160,1.0,0.9950000047683716
2,1377352415,2170,1.0,0.9950000047683716
2,1377352415,2180,1.0,0.9950000047683716
2,1377352415,2190,1.0,0.9950000047683716
2,1377352415,2200,1.0,0.9950000047683716
2,1377352415,2210,1.0,0.9950000047683716
2,1377352415,2220,1.0,0.9950000047683716
2,1377352415,2230,1.0,0.9950000047683716
2,1377352415,2240,1.0,0.9950000047683716
2,1377352415,2250,1.0,1.0
2,1377352415,2260,1.0,0.9950000047683716
2,1377352415,2270,1.0,1.0
2,1377352415,2280,1.0,1.0
2,1377352415,2290,1.0,1.0
2,1377352415,2300,1.0,1.0
2,1377352415,2310,1.0,1.0
2,1377352415,2320,1.0,1.0
2,1377352415,2330,1.0,1.0
2,1377352415,2340,1.0,1.0
2,1377352415,2350,1.0,1.0
2,1377352415,2360,1.0,1.0
2,1377352415,2370,1.0,1.0
2,1377352415,2380,1.0,1.0
2,1377352415,2390,1.0,1.0
2,1377352415,2400,1.0,1.0
2,1377352415,2410,1.0,1.0
2,1377352415,2420,1.0,1.0
2,1377352415,2430,1.0,1.0
2,1377352415,2440,1.0,1.0
2,1377352415,2450,1.0,1.0
2,1377352415,2460,1.0,1.0
2,1377352415,2470,1.0,1.0
2,1377352415,2480,1.0,1.0
2,1377352415,2490,1.0,1.0
2,1377352415,2500,1.0,1.0
2,1377352415,2510,1.0,1.0
2,1377352415,2520,1.0,1.0
2,1377352415,2530,1.0,1.0
2,1377352415,2540,1.0,1.0
2,1377352415,2550,1.0,1.0
2,1377352415,2560,1.0,1.0
2,1377352415,2570,1.0,1.0
2,1377352415,2580,1.0,1.0
2,1377352415,2590,1.0,1.0
2,1377352415,2600,1.0,1.0
2,1377352415,2610,1.0,1.0
2,1377352415,2620,1.0,1.0
2,1377352415,2630,1.0,1.0
2,1377352415,2640,1.0,1.0
2,1377352415,2650,1.0,1.0
2,1377352415,2660,1.0,1.0
2,1377352415,2670,1.0,1.0
2,1377352415,2680,1.0,1.0
2,1377352415,2690,1.0,1.0
2,1377352415,2700,1.0,1.0
2,1377352415,2710,1.0,1.0
2,1377352415,2720,1.0,1.0
2,1377352415,2730,1.0,1.0
2,1377352415,2740,1.0,1.0
2,1377352415,2750,1.0,1.0
2,1377352415,2760,1.0,1.0
2,1377352415,2770,1.0,1.0
2,1377352415,2780,1.0,1.0
2,1377352415,2790,1.0,1.0
2,1377352415,2800,1.0,1.0
2,1377352415,2810,1.0,1.0
2,1377352415,2820,1.0,1.0
2,1377352415,2830,1.0,1.0
2,1377352415,2840,1.0,1.0
2,1377352415,2850,1.0,1.0
2,1377352415,2860,1.0,1.0
2,1377352415,2870,1.0,1.0
2,1377352415,2880,1.0,1.0
2,1377352415,2890,1.0,1.0
2,1377352415,2900,1.0,1.0
2,1377352415,2910,1.0,1.0
2,1377352415,2920,1.0,1.0
2,1377352415,2930,1.0,1.0
2,1377352415,2940,1.0,1.0
2,1377352415,2950,1.0,1.0
2,1377352415,2960,1.0,1.0
2,1377352415,2970,1.0,1.0
2,1377352415,2980,1.0,1.0
2,1377352415,2990,1.0,1.0
2,1377352415,3000,1.0,1.0
2,1377352415,3010,1.0,1.0
2,1377352415,3020,1.0,1.0
2,1377352415,3030,1.0,1.0
2,1377352415,3040,1.0,1.0
2,1377352415,3050,1.0,1.0
2,1377352415,3060,1.0,1.0
2,1377352415,3070,1.0,1.0
2,1377352415,3080,1.0,1.0
2,1377352415,3090,1.0,1.0
2,1377352415,3100,1.0,1.0
2,1377352415,3110,1.0,1.0
2,1377352415,3120,1.0,1.0
2,1377352415,3130,1.0,1.0
2,1377352415,3140,1.0,1.0
2,1377352415,3150,1.0,1.0
2,1377352415,3160,1.0,1.0
2,1377352415,3170,1.0,1.0
2,1377352415,3180,1.0,1.0
2,1377352415,3190,1.0,1.0
2,1377352415,3200,1.0,1.0
2,1377352415,3210,1.0,1.0
2,1377352415,3220,1.0,1.0
2,1377352415,3230,1.0,1.0
2,1377352415,3240,1.0,1.0
2,1377352415,3250,1.0,1.0
2,1377352415,3260,1.0,1.0
2,1377352415,3270,1.0,1.0
2,1377352415,3280,1.0,1.0
2,1377352415,3290,1.0,1.0
2,1377352415,3300,1.0,1.0
2,1377352415,3310,1.0,1.0
2,1377352415,3320,1.0,1.0
2,1377352415,3330,1.0,1.0
2,1377352415,3340,1.0,1.0
2,1377352415,3350,1.0,1.0
2,1377352415,3360,1.0,1.0
2,1377352415,3370,1.0,1.0
2,1377352415,3380,1.0,1.0
2,1377352415,3390,1.0,1.0
2,1377352415,3400,1.0,1.0
2,1377352415,3410,1.0,1.0
2,1377352415,3420,1.0,1.0
2,1377352415,3430,1.0,1.0
2,1377352415,3440,1.0,1.0
2,1377352415,3450,1.0,1.0
2,1377352415,3460,1.0,1.0
2,1377352415,3470,1.0,1.0
2,1377352415,3480,1.0,1.0
2,1377352415,3490,1.0,1.0
2,1377352415,3500,1.0,1.0
2,1377352415,3510,1.0,1.0
2,1377352415,3520,1.0,1.0
2,1377352415,3530,1.0,1.0
2,1377352415,3540,1.0,1.0
2,1377352415,3550,1.0,1.0
2,1377352415,3560,1.0,1.0
2,1377352415,3570,1.0,1.0
2,1377352415,3580,1.0,1.0
2,1377352415,3590,1.0,1.0
2,1377352415,3600,1.0,1.0
2,1377352415,3610,1.0,1.0
2,1377352415,3620,1.0,1.0
2,1377352415,3630,1.0,1.0
2,1377352415,3640,1.0,1.0
2,1377352415,3650,1.0,1.0
2,1377352415,3660,1.0,1.0
2,1377352415,3670,1.0,1.0
2,1377352415,3680,1.0,1.0
2,1377352415,3690,1.0,1.0
2,1377352415,3700,1.0,1.0
2,1377352415,3710,1.0,1.0
2,1377352415,3720,1.0,1.0
2,1377352415,3730,0.9950000047683716,1.0
2,1377352415,3740,0.9950000047683716,1.0
2,1377352415,3750,0.9950000047683716,1.0
2,1377352415,3760,0.9950000047683716,1.0
2,1377352415,3770,0.9950000047683716,1.0
2,1377352415,3780,0.9950000047683716,1.0
2,1377352415,3790,0.9950000047683716,1.0
2,1377352415,3800,0.9950000047683716,1.0
2,1377352415,3810,0.9950000047683716,1.0
2,1377352415,3820,0.9899999499320984,1.0
2,1377352415,3830,0.9899999499320984,1.0
2,1377352415,3840,0.98499995470047,1.0
2,1377352415,3850,0.98499995470047,1.0
2,1377352415,3860,0.9799999594688416,1.0
2,1377352415,3870,0.9799999594688416,1.0
2,1377352415,3880,0.9799999594688416,1.0
2,1377352415,3890,0.9799999594688416,1.0
2,1377352415,3900,0.9799999594688416,1.0
2,1377352415,3910,0.9799999594688416,1.0
2,1377352415,3920,0.9749999642372131,1.0
2,1377352415,3930,0.9749999642372131,1.0
2,1377352415,3940,0.9699999690055847,1.0
2,1377352415,3950,0.9649999737739563,1.0
2,1377352415,3960,0.9649999737739563,1.0
2,1377352415,3970,0.9599999785423279,1.0
2,1377352415,3980,0.9599999785423279,1.0
2,1377352415,3990,0.9599999785423279,1.0
2,1377352415,4000,0.9599999785423279,1.0
2,1377352415,4010,0.9599999785423279,1.0
2,1377352415,4020,0.9599999785423279,1.0
2,1377352415,4030,0.9599999785423279,1.0
2,1377352415,4040,0.9599999785423279,1.0
2,1377352415,4050,0.9599999785423279,1.0
2,1377352415,4060,0.9599999785423279,1.0
2,1377352415,4070,0.9599999785423279,1.0
2,1377352415,4080,0.9649999737739563,1.0
2,1377352415,4090,0.9649999737739563,1.0
2,1377352415,4100,0.9749999642372131,1.0
2,1377352415,4110,0.9749999642372131,1.0
2,1377352415,4120,0.9749999642372131,1.0
2,1377352415,4130,0.9799999594688416,1.0
2,1377352415,4140,0.9799999594688416,1.0
2,1377352415,4150,0.9799999594688416,1.0
2,1377352415,4160,0.9799999594688416,1.0
2,1377352415,4170,0.98499995470047,1.0
2,1377352415,4180,0.9899999499320984,1.0
2,1377352415,4190,0.9950000047683716,1.0
2,1377352415,4200,0.9950000047683716,1.0
2,1377352415,4210,0.9950000047683716,1.0
2,1377352415,4220,0.9950000047683716,1.0
2,1377352415,4230,0.9950000047683716,1.0
2,1377352415,4240,0.9950000047683716,1.0
2,1377352415,4250,0.9950000047683716,1.0
2,1377352415,4260,0.9950000047683716,1.0
2,1377352415,4270,0.9950000047683716,1.0
2,1377352415,4280,1.0,1.0
2,1377352415,4290,1.0,1.0
2,1377352415,4300,1.0,1.0
2,1377352415,4310,1.0,1.0
2,1377352415,4320,1.0,1.0
2,1377352415,4330,1.0,1.0
2,1377352415,4340,1.0,1.0
2,1377352415,4350,1.0,1.0
2,1377352415,4360,1.0,1.0
2,1377352415,4370,1.0,1.0
2,1377352415,4380,1.0,1.0
2,1377352415,4390,1.0,1.0
2,1377352415,4400,1.0,1.0
2,1377352415,4410,1.0,1.0
2,1377352415,4420,1.0,1.0
2,1377352415,4430,1.0,1.0
2,1377352415,4440,1.0,1.0
2,1377352415,4450,1.0,1.0
2,1377352415,4460,1.0,1.0
2,1377352415,4470,1.0,1.0
2,1377352415,4480,1.0,1.0
2,1377352415,4490,1.0,1.0
2,1377352415,4500,1.0,1.0
2,1377352415,4510,1.0,1.0
2,1377352415,4520,1.0,1.0
2,1377352415,4530,1.0,1.0
2,1377352415,4540,1.0,1.0
2,1377352415,4550,1.0,1.0
2,1377352415,4560,1.0,1.0
2,1377352415,4570,1.0,1.0
2,1377352415,4580,1.0,1.0
2,1377352415,4590,1.0,1.0
2,1377352415,4600,1.0,1.0
2,1377352415,4610,1.0,1.0
2,1377352415,4620,1.0,1.0
2,1377352415,4630,1.0,1.0
2,1377352415,4640,1.0,1.0
2,1377352415,4650,1.0,1.0
2,1377352415,4660,1.0,1.0
2,1377352415,4670,1.0,1.0
2,1377352415,4680,1.0,1.0
2,1377352415,4690,1.0,1.0
2,1377352415,4700,1.0,1.0
2,1377352415,4710,1.0,1.0
2,1377352415,4720,1.0,1.0
2,1377352415,4730,1.0,1.0
2,1377352415,4740,1.0,1.0
2,1377352415,4750,1.0,1.0
2,1377352415,4760,1.0,1.0
2,1377352415,4770,1.0,1.0
2,1377352415,4780,1.0,1.0
2,1377352415,4790,1.0,1.0
2,1377352415,4800,1.0,1.0
2,1377352415,4810,1.0,1.0
2,1377352415,4820,1.0,1.0
2,1377352415,4830,1.0,1.0
2,1377352415,4840,1.0,1.0
2,1377352415,4850,1.0,1.0
2,1377352415,4860,1.0,1.0
2,1377352415,4870,1.0,1.0
2,1377352415,4880,1.0,1.0
2,1377352415,4890,1.0,1.0
2,1377352415,4900,1.0,1.0
2,1377352415,4910,1.0,1.0
2,1377352415,4920,1.0,1.0
2,1377352415,4930,1.0,1.0
2,1377352415,4940,1.0,1.0
2,1377352415,4950,1.0,1.0
2,1377352415,4960,1.0,1.0
2,1377352415,4970,1.0,1.0
2,1377352415,4980,1.0,1.0
2,1377352415,4990,1.0,1.0
2,1377352415,5000,1.0,1.0
3,951763557,0,0.4899999797344208,0.4699999988079071
3,951763557,10,0.5799999833106995,0.4949999749660492
3,951763557,20,0.6349999904632568,0.5
3,951763557,30,0.6850000023841858,0.5049999952316284
3,951763557,40,0.7249999642372131,0.5049999952316284
3,951763557,50,0.7649999856948853,0.5
3,951763557,60,0.7899999618530273,0.5
3,951763557,70,0.8149999976158142,0.5
3,951763557,80,0.8499999642372131,0.5049999952316284
3,951763557,90,0.8650000095367432,0.5
3,951763557,100,0.8849999904632568,0.5
3,951763557,110,0.9049999713897705,0.5
3,951763557,120,0.9249999523162842,0.5049999952316284
3,951763557,130,0.9300000071525574,0.5049999952316284
3,951763557,140,0.9399999976158142,0.5099999904632568
3,951763557,150,0.9449999928474426,0.5099999904632568
3,951763557,160,0.9699999690055847,0.5199999809265137
3,951763557,170,0.9799999594688416,0.5199999809265137
3,951763557,180,0.9799999594688416,0.5149999856948853
3,951763557,190,0.98499995470047,0.5199999809265137
3,951763557,200,0.98499995470047,0.5199999809265137
3,951763557,210,0.9950000047683716,0.5149999856948853
3,951763557,220,0.9950000047683716,0.5199999809265137
3,951763557,230,0.9950000047683716,0.5249999761581421
3,951763557,240,1.0,0.5199999809265137
3,951763557,250,1.0,0.5349999666213989
3,951763557,260,1.0,0.5249999761581421
3,951763557,270,1.0,0.5349999666213989
3,951763557,280,1.0,0.5450000166893005
3,951763557,290,1.0,0.5399999618530273
3,951763557,300,1.0,0.5399999618530273
3,951763557,310,1.0,0.5349999666213989
3,951763557,320,1.0,0.5450000166893005
3,951763557,330,1.0,0.5399999618530273
3,951763557,340,1.0,0.5600000023841858
3,951763557,350,1.0,0.5399999618530273
3,951763557,360,1.0,0.550000011920929
3,951763557,370,1.0,0.5699999928474426
3,951763557,380,1.0,0.5450000166893005
3,951763557,390,1.0,0.5649999976158142
3,951763557,400,1.0,0.550000011920929
3,951763557,410,1.0,0.5600000023841858
3,951763557,420,1.0,0.574999988079071
3,951763557,430,1.0,0.5799999833106995
3,951763557,440,1.0,0.5699999928474426
3,951763557,450,1.0,0.574999988079071
3,951763557,460,1.0,0.5899999737739563
3,951763557,470,1.0,0.5899999737739563
3,951763557,480,1.0,0.574999988079071
3,951763557,490,1.0,0.6049999594688416
3,951763557,500,1.0,0.5949999690055847
3,951763557,510,1.0,0.5849999785423279
3,951763557,520,1.0,0.6049999594688416
3,951763557,530,1.0,0.5999999642372131
3,951763557,540,1.0,0.6150000095367432
3,951763557,550,1.0,0.6100000143051147
3,951763557,560,1.0,0.6100000143051147
3,951763557,570,1.0,0.6200000047683716
3,951763557,580,1.0,0.6200000047683716
3,951763557,590,1.0,0.625
3,951763557,600,1.0,0.6200000047683716
3,951763557,610,1.0,0.6499999761581421
3,951763557,620,1.0,0.6299999952316284
3,951763557,630,1.0,0.6349999904632568
3,951763557,640,1.0,0.6399999856948853
3,951763557,650,1.0,0.6449999809265137
3,951763557,660,1.0,0.6449999809265137
3,951763557,670,1.0,0.675000011920929
3,951763557,680,1.0,0.6449999809265137
3,951763557,690,1.0,0.6599999666213989
3,951763557,700,1.0,0.6699999570846558
3,951763557,710,1.0,0.6649999618530273
3,951763557,720,1.0,0.6699999570846558
3,951763557,730,1.0,0.6850000023841858
3,951763557,740,1.0,0.6899999976158142
3,951763557,750,1.0,0.6800000071525574
3,951763557,760,1.0,0.7049999833106995
3,951763557,770,1.0,0.6949999928474426
3,951763557,780,1.0,0.675000011920929
3,951763557,790,1.0,0.699999988079071
3,951763557,800,1.0,0.6949999928474426
3,951763557,810,1.0,0.6850000023841858
3,951763557,820,1.0,0.699999988079071
3,951763557,830,1.0,0.6949999928474426
3,951763557,840,1.0,0.7099999785423279
3,951763557,850,1.0,0.7049999833106995
3,951763557,860,1.0,0.699999988079071
3,951763557,870,1.0,0.6899999976158142
3,951763557,880,1.0,0.699999988079071
3,951763557,890,1.0,0.6850000023841858
3,951763557,900,1.0,0.7049999833106995
3,951763557,910,1.0,0.699999988079071
3,951763557,920,1.0,0.699999988079071
3,951763557,930,1.0,0.699999988079071
3,951763557,940,1.0,0.699999988079071
3,951763557,950,1.0,0.7149999737739563
3,951763557,960,1.0,0.7099999785423279
3,951763557,970,1.0,0.7149999737739563
3,951763557,980,1.0,0.7199999690055847
3,951763557,990,1.0,0.7099999785423279
3,951763557,1000,1.0,0.7099999785423279
3,951763557,1010,1.0,0.7099999785423279
3,951763557,1020,1.0,0.699999988079071
3,951763557,1030,1.0,0.7199999690055847
3,951763557,1040,1.0,0.7099999785423279
3,951763557,1050,1.0,0.7099999785423279
3,951763557,1060,1.0,0.7249999642372131
3,951763557,1070,1.0,0.7149999737739563
3,951763557,1080,1.0,0.7099999785423279
3,951763557,1090,1.0,0.7149999737739563
3,951763557,1100,1.0,0.7099999785423279
3,951763557,1110,1.0,0.7249999642372131
3,951763557,1120,1.0,0.7199999690055847
3,951763557,1130,1.0,0.7049999833106995
3,951763557,1140,1.0,0.7149999737739563
3,951763557,1150,1.0,0.7149999737739563
3,951763557,1160,1.0,0.7149999737739563
3,951763557,1170,1.0,0.7199999690055847
3,951763557,1180,1.0,0.7249999642372131
3,951763557,1190,1.0,0.7199999690055847
3,951763557,1200,1.0,0.73499995470047
3,951763557,1210,1.0,0.7249999642372131
3,951763557,1220,1.0,0.7249999642372131
3,951763557,1230,1.0,0.7249999642372131
3,951763557,1240,1.0,0.7400000095367432
3,951763557,1250,1.0,0.7249999642372131
3,951763557,1260,1.0,0.73499995470047
3,951763557,1270,1.0,0.7299999594688416
3,951763557,1280,1.0,0.7299999594688416
3,951763557,1290,1.0,0.73499995470047
3,951763557,1300,1.0,0.7400000095367432
3,951763557,1310,1.0,0.7299999594688416
3,951763557,1320,1.0,0.7450000047683716
3,951763557,1330,1.0,0.7400000095367432
3,951763557,1340,1.0,0.7450000047683716
3,951763557,1350,1.0,0.73499995470047
3,951763557,1360,1.0,0.7450000047683716
3,951763557,1370,1.0,0.7450000047683716
3,951763557,1380,1.0,0.7450000047683716
3,951763557,1390,1.0,0.75
3,951763557,1400,1.0,0.7549999952316284
3,951763557,1410,1.0,0.7599999904632568
3,951763557,1420,1.0,0.75
3,951763557,1430,1.0,0.7599999904632568
3,951763557,1440,1.0,0.7599999904632568
3,951763557,1450,1.0,0.7599999904632568
3,951763557,1460,1.0,0.7549999952316284
3,951763557,1470,1.0,0.7549999952316284
3,951763557,1480,1.0,0.7599999904632568
3,951763557,1490,1.0,0.7450000047683716
3,951763557,1500,1.0,0.7599999904632568
3,951763557,1510,1.0,0.7599999904632568
3,951763557,1520,1.0,0.7450000047683716
3,951763557,1530,1.0,0.7599999904632568
3,951763557,1540,1.0,0.75
3,951763557,1550,1.0,0.7599999904632568
3,951763557,1560,1.0,0.7599999904632568
3,951763557,1570,1.0,0.7450000047683716
3,951763557,1580,1.0,0.7699999809265137
3,951763557,1590,1.0,0.7549999952316284
3,951763557,1600,1.0,0.7599999904632568
3,951763557,1610,1.0,0.7599999904632568
3,951763557,1620,1.0,0.7599999904632568
3,951763557,1630,1.0,0.7649999856948853
3,951763557,1640,1.0,0.7649999856948853
3,951763557,1650,1.0,0.7549999952316284
3,951763557,1660,1.0,0.75
3,951763557,1670,1.0,0.7549999952316284
3,951763557,1680,1.0,0.7649999856948853
3,951763557,1690,1.0,0.7549999952316284
3,951763557,1700,1.0,0.7549999952316284
3,951763557,1710,1.0,0.7549999952316284
3,951763557,1720,1.0,0.7599999904632568
3,951763557,1730,1.0,0.7599999904632568
3,951763557,1740,1.0,0.7799999713897705
3,951763557,1750,1.0,0.7849999666213989
3,951763557,1760,1.0,0.7799999713897705
3,951763557,1770,1.0,0.7849999666213989
3,951763557,1780,1.0,0.7699999809265137
3,951763557,1790,1.0,0.7749999761581421
3,951763557,1800,1.0,0.7949999570846558
3,951763557,1810,1.0,0.7749999761581421
3,951763557,1820,1.0,0.7949999570846558
3,951763557,1830,1.0,0.7949999570846558
3,951763557,1840,1.0,0.7799999713897705
3,951763557,1850,1.0,0.7949999570846558
3,951763557,1860,1.0,0.8149999976158142
3,951763557,1870,1.0,0.8149999976158142
3,951763557,1880,1.0,0.8050000071525574
3,951763557,1890,1.0,0.8100000023841858
3,951763557,1900,1.0,0.8149999976158142
3,951763557,1910,1.0,0.8100000023841858
3,951763557,1920,1.0,0.8299999833106995
3,951763557,1930,1.0,0.8299999833106995
3,951763557,1940,1.0,0.8349999785423279
3,951763557,1950,1.0,0.8349999785423279
3,951763557,1960,1.0,0.8299999833106995
3,951763557,1970,1.0,0.8349999785423279
3,951763557,1980,1.0,0.8399999737739563
3,951763557,1990,1.0,0.8449999690055847
3,951763557,2000,1.0,0.8449999690055847
3,951763557,2010,1.0,0.8499999642372131
3,951763557,2020,1.0,0.8399999737739563
3,951763557,2030,1.0,0.8549999594688416
3,951763557,2040,1.0,0.8399999737739563
3,951763557,2050,1.0,0.8499999642372131
3,951763557,2060,1.0,0.8700000047683716
3,951763557,2070,1.0,0.8499999642372131
3,951763557,2080,1.0,0.8650000095367432
3,951763557,2090,1.0,0.85999995470047
3,951763557,2100,1.0,0.875
3,951763557,2110,1.0,0.85999995470047
3,951763557,2120,1.0,0.8700000047683716
3,951763557,2130,1.0,0.8799999952316284
3,951763557,2140,1.0,0.875
3,951763557,2150,1.0,0.8849999904632568
3,951763557,2160,1.0,0.8949999809265137
3,951763557,2170,1.0,0.8849999904632568
3,951763557,2180,1.0,0.8899999856948853
3,951763557,2190,1.0,0.8899999856948853
3,951763557,2200,1.0,0.8899999856948853
3,951763557,2210,1.0,0.8949999809265137
3,951763557,2220,1.0,0.8899999856948853
3,951763557,2230,1.0,0.9049999713897705
3,951763557,2240,1.0,0.8999999761581421
3,951763557,2250,1.0,0.9099999666213989
3,951763557,2260,1.0,0.9099999666213989
3,951763557,2270,1.0,0.9099999666213989
3,951763557,2280,1.0,0.9099999666213989
3,951763557,2290,1.0,0.9099999666213989
3,951763557,2300,1.0,0.9099999666213989
3,951763557,2310,1.0,0.9099999666213989
3,951763557,2320,1.0,0.9099999666213989
3,951763557,2330,1.0,0.9099999666213989
3,951763557,2340,1.0,0.9149999618530273
3,951763557,2350,1.0,0.9199999570846558
3,951763557,2360,1.0,0.9199999570846558
3,951763557,2370,1.0,0.9199999570846558
3,951763557,2380,1.0,0.9199999570846558
3,951763557,2390,1.0,0.9199999570846558
3,951763557,2400,1.0,0.9249999523162842
3,951763557,2410,1.0,0.9249999523162842
3,951763557,2420,1.0,0.9399999976158142
3,951763557,2430,1.0,0.9350000023841858
3,951763557,2440,1.0,0.9449999928474426
3,951763557,2450,1.0,0.9399999976158142
3,951763557,2460,1.0,0.9449999928474426
3,951763557,2470,1.0,0.9549999833106995
3,951763557,2480,1.0,0.9549999833106995
3,951763557,2490,1.0,0.9549999833106995
3,951763557,2500,1.0,0.9549999833106995
3,951763557,2510,1.0,0.949999988079071
3,951763557,2520,1.0,0.9549999833106995
3,951763557,2530,1.0,0.9749999642372131
3,951763557,2540,1.0,0.9749999642372131
3,951763557,2550,1.0,0.9699999690055847
3,951763557,2560,1.0,0.9749999642372131
3,951763557,2570,1.0,0.9799999594688416
3,951763557,2580,1.0,0.98499995470047
3,951763557,2590,1.0,0.9899999499320984
3,951763557,2600,1.0,0.98499995470047
3,951763557,2610,1.0,0.9899999499320984
3,951763557,2620,1.0,0.9899999499320984
3,951763557,2630,1.0,0.9899999499320984
3,951763557,2640,1.0,0.9899999499320984
3,951763557,2650,1.0,0.9899999499320984
3,951763557,2660,1.0,0.9899999499320984
3,951763557,2670,1.0,0.9899999499320984
3,951763557,2680,1.0,0.9950000047683716
3,951763557,2690,1.0,0.9950000047683716
3,951763557,2700,1.0,0.9950000047683716
3,951763557,2710,1.0,0.9950000047683716
3,951763557,2720,1.0,1.0
3,951763557,2730,1.0,1.0
3,951763557,2740,1.0,1.0
3,951763557,2750,1.0,1.0
3,951763557,2760,1.0,1.0
3,951763557,2770,1.0,1.0
3,951763557,2780,1.0,1.0
3,951763557,2790,1.0,1.0
3,951763557,2800,1.0,1.0
3,951763557,2810,1.0,1.0
3,951763557,2820,1.0,1.0
3,951763557,2830,1.0,1.0
3,951763557,2840,1.0,1.0
3,951763557,2850,1.0,1.0
3,951763557,2860,1.0,1.0
3,951763557,2870,1.0,1.0
3,951763557,2880,1.0,1.0
3,951763557,2890,1.0,1.0
3,951763557,2900,1.0,1.0
3,951763557,2910,1.0,1.0
3,951763557,2920,1.0,1.0
3,951763557,2930,1.0,1.0
3,951763557,2940,1.0,1.0
3,951763557,2950,1.0,1.0
3,951763557,2960,1.0,1.0
3,951763557,2970,1.0,1.0
3,951763557,2980,1.0,1.0
3,951763557,2990,1.0,1.0
3,951763557,3000,1.0,1.0
3,951763557,3010,1.0,1.0
3,951763557,3020,1.0,1.0
3,951763557,3030,1.0,1.0
3,951763557,3040,1.0,1.0
3,951763557,3050,1.0,1.0
3,951763557,3060,1.0,1.0
3,951763557,3070,1.0,1.0
3,951763557,3080,1.0,1.0
3,951763557,3090,1.0,1.0
3,951763557,3100,1.0,1.0
3,951763557,3110,1.0,1.0
3,951763557,3120,1.0,1.0
3,951763557,3130,1.0,1.0
3,951763557,3140,1.0,1.0
3,951763557,3150,1.0,1.0
3,951763557,3160,1.0,1.0
3,951763557,3170,1.0,1.0
3,951763557,3180,1.0,1.0
3,951763557,3190,1.0,1.0
3,951763557,3200,1.0,1.0
3,951763557,3210,1.0,1.0
3,951763557,3220,1.0,1.0
3,951763557,3230,1.0,1.0
3,951763557,3240,1.0,1.0
3,951763557,3250,1.0,1.0
3,951763557,3260,1.0,1.0
3,951763557,3270,1.0,1.0
3,951763557,3280,1.0,1.0
3,951763557,3290,1.0,1.0
3,951763557,3300,1.0,1.0
3,951763557,3310,1.0,1.0
3,951763557,3320,1.0,1.0
3,951763557,3330,1.0,1.0
3,951763557,3340,1.0,1.0
3,951763557,3350,1.0,1.0
3,951763557,3360,1.0,1.0
3,951763557,3370,1.0,1.0
3,951763557,3380,1.0,1.0
3,951763557,3390,1.0,1.0
3,951763557,3400,1.0,1.0
3,951763557,3410,1.0,1.0
3,951763557,3420,1.0,1.0
3,951763557,3430,1.0,1.0
3,951763557,3440,1.0,1.0
3,951763557,3450,1.0,1.0
3,951763557,3460,1.0,1.0
3,951763557,3470,1.0,1.0
3,951763557,3480,1.0,1.0
3,951763557,3490,1.0,1.0
3,951763557,3500,1.0,1.0
3,951763557,3510,1.0,1.0
3,951763557,3520,1.0,1.0
3,951763557,3530,1.0,1.0
3,951763557,3540,1.0,1.0
3,951763557,3550,1.0,1.0
3,951763557,3560,1.0,1.0
3,951763557,3570,1.0,1.0
3,951763557,3580,1.0,1.0
3,951763557,3590,1.0,1.0
3,951763557,3600,0.9950000047683716,1.0
3,951763557,3610,0.9899999499320984,1.0
3,951763557,3620,0.9899999499320984,1.0
3,951763557,3630,0.9899999499320984,1.0
3,951763557,3640,0.98499995470047,1.0
3,951763557,3650,0.98499995470047,1.0
3,951763557,3660,0.98499995470047,1.0
3,951763557,3670,0.98499995470047,1.0
3,951763557,3680,0.98499995470047,1.0
3,951763557,3690,0.98499995470047,1.0
3,951763557,3700,0.98499995470047,1.0
3,951763557,3710,0.98499995470047,1.0
3,951763557,3720,0.98499995470047,1.0
3,951763557,3730,0.98499995470047,1.0
3,951763557,3740,0.98499995470047,1.0
3,951763557,3750,0.98499995470047,1.0
3,951763557,3760,0.98499995470047,1.0
3,951763557,3770,0.98499995470047,1.0
3,951763557,3780,0.98499995470047,1.0
3,951763557,3790,0.98499995470047,1.0
3,951763557,3800,0.98499995470047,1.0
3,951763557,3810,0.98499995470047,1.0
3,951763557,3820,0.98499995470047,1.0
3,951763557,3830,0.98499995470047,1.0
3,951763557,3840,0.98499995470047,1.0
3,951763557,3850,0.98499995470047,1.0
3,951763557,3860,0.98499995470047,1.0
3,951763557,3870,0.98499995470047,1.0
3,951763557,3880,0.98499995470047,1.0
3,951763557,3890,0.98499995470047,1.0
3,951763557,3900,0.98499995470047,1.0
3,951763557,3910,0.98499995470047,1.0
3,951763557,3920,0.98499995470047,1.0
3,951763557,3930,0.98499995470047,1.0
3,951763557,3940,0.98499995470047,1.0
3,951763557,3950,0.98499995470047,1.0
3,951763557,3960,0.98499995470047,1.0
3,951763557,3970,0.98499995470047,1.0
3,951763557,3980,0.98499995470047,1.0
3,951763557,3990,0.98499995470047,1.0
3,951763557,4000,0.98499995470047,1.0
3,951763557,4010,0.98499995470047,1.0
3,951763557,4020,0.98499995470047,1.0
3,951763557,4030,0.98499995470047,1.0
3,951763557,4040,0.98499995470047,1.0
3,951763557,4050,0.98499995470047,1.0
3,951763557,4060,0.98499995470047,1.0
3,951763557,4070,0.98499995470047,1.0
3,951763557,4080,0.98499995470047,1.0
3,951763557,4090,0.98499995470047,1.0
3,951763557,4100,0.98499995470047,1.0
3,951763557,4110,0.98499995470047,1.0
3,951763557,4120,0.98499995470047,1.0
3,951763557,4130,0.98499995470047,1.0
3,951763557,4140,0.98499995470047,1.0
3,951763557,4150,0.98499995470047,1.0
3,951763557,4160,0.98499995470047,1.0
3,951763557,4170,0.98499995470047,1.0
3,951763557,4180,0.98499995470047,1.0
3,951763557,4190,0.98499995470047,1.0
3,951763557,4200,0.98499995470047,1.0
3,951763557,4210,0.98499995470047,1.0
3,951763557,4220,0.98499995470047,1.0
3,951763557,4230,0.98499995470047,1.0
3,951763557,4240,0.98499995470047,1.0
3,951763557,4250,0.98499995470047,1.0
3,951763557,4260,0.98499995470047,1.0
3,951763557,4270,0.98499995470047,1.0
3,951763557,4280,0.98499995470047,1.0
3,951763557,4290,0.98499995470047,1.0
3,951763557,4300,0.98499995470047,1.0
3,951763557,4310,0.98499995470047,1.0
3,951763557,4320,0.98499995470047,1.0
3,951763557,4330,0.98499995470047,1.0
3,951763557,4340,0.98499995470047,1.0
3,951763557,4350,0.98499995470047,1.0
3,951763557,4360,0.98499995470047,1.0
3,951763557,4370,0.9899999499320984,1.0
3,951763557,4380,0.9899999499320984,1.0
3,951763557,4390,0.9950000047683716,1.0
3,951763557,4400,1.0,1.0
3,951763557,4410,1.0,1.0
3,951763557,4420,1.0,1.0
3,951763557,4430,1.0,1.0
3,951763557,4440,1.0,1.0
3,951763557,4450,1.0,1.0
3,951763557,4460,1.0,1.0
3,951763557,4470,1.0,1.0
3,951763557,4480,1.0,1.0
3,951763557,4490,1.0,1.0
3,951763557,4500,1.0,1.0
3,951763557,4510,1.0,1.0
3,951763557,4520,1.0,1.0
3,951763557,4530,1.0,1.0
3,951763557,4540,1.0,1.0
3,951763557,4550,1.0,1.0
3,951763557,4560,1.0,1.0
3,951763557,4570,1.0,1.0
3,951763557,4580,1.0,1.0
3,951763557,4590,1.0,1.0
3,951763557,4600,1.0,1.0
3,951763557,4610,1.0,1.0
3,951763557,4620,1.0,1.0
3,951763557,4630,1.0,1.0
3,951763557,4640,1.0,1.0
3,951763557,4650,1.0,1.0
3,951763557,4660,1.0,1.0
3,951763557,4670,1.0,1.0
3,951763557,4680,1.0,1.0
3,951763557,4690,1.0,1.0
3,951763557,4700,1.0,1.0
3,951763557,4710,1.0,1.0
3,951763557,4720,1.0,1.0
3,951763557,4730,1.0,1.0
3,951763557,4740,1.0,1.0
3,951763557,4750,1.0,1.0
3,951763557,4760,1.0,1.0
3,951763557,4770,1.0,1.0
3,951763557,4780,1.0,1.0
3,951763557,4790,1.0,1.0
3,951763557,4800,1.0,1.0
3,951763557,4810,1.0,1.0
3,951763557,4820,1.0,1.0
3,951763557,4830,1.0,1.0
3,951763557,4840,1.0,1.0
3,951763557,4850,1.0,1.0
3,951763557,4860,1.0,1.0
3,951763557,4870,1.0,1.0
3,951763557,4880,1.0,1.0
3,951763557,4890,1.0,1.0
3,951763557,4900,1.0,1.0
3,951763557,4910,1.0,1.0
3,951763557,4920,1.0,1.0
3,951763557,4930,1.0,1.0
3,951763557,4940,1.0,1.0
3,951763557,4950,1.0,1.0
3,951763557,4960,1.0,1.0
3,951763557,4970,1.0,1.0
3,951763557,4980,1.0,1.0
3,951763557,4990,1.0,1.0
3,951763557,5000,1.0,1.0
4,150521844,0,0.4749999940395355,0.5349999666213989
4,150521844,10,0.5249999761581421,0.5199999809265137
4,150521844,20,0.5949999690055847,0.5149999856948853
4,150521844,30,0.6449999809265137,0.5199999809265137
4,150521844,40,0.7099999785423279,0.5149999856948853
4,150521844,50,0.7899999618530273,0.5249999761581421
4,150521844,60,0.8549999594688416,0.5299999713897705
4,150521844,70,0.8949999809265137,0.5199999809265137
4,150521844,80,0.9149999618530273,0.5299999713897705
4,150521844,90,0.9399999976158142,0.5299999713897705
4,150521844,100,0.9449999928474426,0.5349999666213989
4,150521844,110,0.949999988079071,0.5299999713897705
4,150521844,120,0.9549999833106995,0.5399999618530273
4,150521844,130,0.9699999690055847,0.5399999618530273
4,150521844,140,0.98499995470047,0.5399999618530273
4,150521844,150,0.98499995470047,0.5450000166893005
4,150521844,160,0.9899999499320984,0.5399999618530273
4,150521844,170,0.9899999499320984,0.5450000166893005
4,150521844,180,0.9899999499320984,0.550000011920929
4,150521844,190,0.9899999499320984,0.5450000166893005
4,150521844,200,0.9950000047683716,0.5450000166893005
4,150521844,210,1.0,0.5450000166893005
4,150521844,220,1.0,0.550000011920929
4,150521844,230,1.0,0.5399999618530273
4,150521844,240,1.0,0.550000011920929
4,150521844,250,1.0,0.5600000023841858
4,150521844,260,1.0,0.5600000023841858
4,150521844,270,1.0,0.5649999976158142
4,150521844,280,1.0,0.5649999976158142
4,150521844,290,1.0,0.5649999976158142
4,150521844,300,1.0,0.5550000071525574
4,150521844,310,1.0,0.5649999976158142
4,150521844,320,1.0,0.5699999928474426
4,150521844,330,1.0,0.5550000071525574
4,150521844,340,1.0,0.5649999976158142
4,150521844,350,1.0,0.5699999928474426
4,150521844,360,1.0,0.574999988079071
4,150521844,370,1.0,0.5699999928474426
4,150521844,380,1.0,0.5649999976158142
4,150521844,390,1.0,0.5600000023841858
4,150521844,400,1.0,0.5799999833106995
4,150521844,410,1.0,0.5699999928474426
4,150521844,420,1.0,0.5600000023841858
4,150521844,430,1.0,0.5699999928474426
4,150521844,440,1.0,0.574999988079071
4,150521844,450,1.0,0.5649999976158142
4,150521844,460,1.0,0.5550000071525574
4,150521844,470,1.0,0.574999988079071
4,150521844,480,1.0,0.5600000023841858
4,150521844,490,1.0,0.574999988079071
4,150521844,500,1.0,0.5799999833106995
4,150521844,510,1.0,0.5849999785423279
4,150521844,520,1.0,0.5799999833106995
4,150521844,530,1.0,0.5849999785423279
4,150521844,540,1.0,0.574999988079071
4,150521844,550,1.0,0.5849999785423279
4,150521844,560,1.0,0.5949999690055847
4,150521844,570,1.0,0.5899999737739563
4,150521844,580,1.0,0.574999988079071
4,150521844,590,1.0,0.5949999690055847
4,150521844,600,1.0,0.5949999690055847
4,150521844,610,1.0,0.5799999833106995
4,150521844,620,1.0,0.6049999594688416
4,150521844,630,1.0,0.5899999737739563
4,150521844,640,1.0,0.5899999737739563
4,150521844,650,1.0,0.5899999737739563
4,150521844,660,1.0,0.5849999785423279
4,150521844,670,1.0,0.5899999737739563
4,150521844,680,1.0,0.5999999642372131
4,150521844,690,1.0,0.6049999594688416
4,150521844,700,1.0,0.6299999952316284
4,150521844,710,1.0,0.6200000047683716
4,150521844,720,1.0,0.6049999594688416
4,150521844,730,1.0,0.6349999904632568
4,150521844,740,1.0,0.6200000047683716
4,150521844,750,1.0,0.6049999594688416
4,150521844,760,1.0,0.6049999594688416
4,150521844,770,1.0,0.6049999594688416
4,150521844,780,1.0,0.6049999594688416
4,150521844,790,1.0,0.6349999904632568
4,150521844,800,1.0,0.6049999594688416
4,150521844,810,1.0,0.6150000095367432
4,150521844,820,1.0,0.6150000095367432
4,150521844,830,1.0,0.6399999856948853
4,150521844,840,1.0,0.625
4,150521844,850,1.0,0.6349999904632568
4,150521844,860,1.0,0.6499999761581421
4,150521844,870,1.0,0.6399999856948853
4,150521844,880,1.0,0.6599999666213989
4,150521844,890,1.0,0.6599999666213989
4,150521844,900,1.0,0.675000011920929
4,150521844,910,1.0,0.6100000143051147
4,150521844,920,1.0,0.6549999713897705
4,150521844,930,1.0,0.6800000071525574
4,150521844,940,1.0,0.6449999809265137
4,150521844,950,1.0,0.675000011920929
4,150521844,960,1.0,0.6850000023841858
4,150521844,970,1.0,0.6850000023841858
4,150521844,980,1.0,0.6699999570846558
4,150521844,990,1.0,0.6850000023841858
4,150521844,1000,1.0,0.6699999570846558
4,150521844,1010,1.0,0.7049999833106995
4,150521844,1020,1.0,0.7199999690055847
4,150521844,1030,1.0,0.6949999928474426
4,150521844,1040,1.0,0.7149999737739563
4,150521844,1050,1.0,0.699999988079071
4,150521844,1060,1.0,0.699999988079071
4,150521844,1070,1.0,0.7099999785423279
4,150521844,1080,1.0,0.699999988079071
4,150521844,1090,1.0,0.7049999833106995
4,150521844,1100,1.0,0.7299999594688416
4,150521844,1110,1.0,0.7199999690055847
4,150521844,1120,1.0,0.7099999785423279
4,150521844,1130,1.0,0.7299999594688416
4,150521844,1140,1.0,0.7199999690055847
4,150521844,1150,1.0,0.7149999737739563
4,150521844,1160,1.0,0.7299999594688416
4,150521844,1170,1.0,0.7400000095367432
4,150521844,1180,1.0,0.7299999594688416
4,150521844,1190,1.0,0.73499995470047
4,150521844,1200,1.0,0.75
4,150521844,1210,1.0,0.7549999952316284
4,150521844,1220,1.0,0.7450000047683716
4,150521844,1230,1.0,0.7400000095367432
4,150521844,1240,1.0,0.75
4,150521844,1250,1.0,0.7450000047683716
4,150521844,1260,1.0,0.7450000047683716
4,150521844,1270,1.0,0.7649999856948853
4,150521844,1280,1.0,0.7599999904632568
4,150521844,1290,1.0,0.7599999904632568
4,150521844,1300,1.0,0.7699999809265137
4,150521844,1310,1.0,0.7699999809265137
4,150521844,1320,1.0,0.7699999809265137
4,150521844,1330,1.0,0.7799999713897705
4,150521844,1340,1.0,0.7799999713897705
4,150521844,1350,1.0,0.7899999618530273
4,150521844,1360,1.0,0.7999999523162842
4,150521844,1370,1.0,0.7999999523162842
4,150521844,1380,1.0,0.8050000071525574
4,150521844,1390,1.0,0.8050000071525574
4,150521844,1400,1.0,0.8100000023841858
4,150521844,1410,1.0,0.8149999976158142
4,150521844,1420,1.0,0.8199999928474426
4,150521844,1430,1.0,0.8349999785423279
4,150521844,1440,1.0,0.8399999737739563
4,150521844,1450,1.0,0.8349999785423279
4,150521844,1460,1.0,0.8399999737739563
4,150521844,1470,1.0,0.8449999690055847
4,150521844,1480,1.0,0.85999995470047
4,150521844,1490,1.0,0.8399999737739563
4,150521844,1500,1.0,0.8549999594688416
4,150521844,1510,1.0,0.85999995470047
4,150521844,1520,1.0,0.8650000095367432
4,150521844,1530,1.0,0.8499999642372131
4,150521844,1540,1.0,0.8650000095367432
4,150521844,1550,1.0,0.8650000095367432
4,150521844,1560,1.0,0.8650000095367432
4,150521844,1570,1.0,0.875
4,150521844,1580,1.0,0.8650000095367432
4,150521844,1590,1.0,0.8899999856948853
4,150521844,1600,1.0,0.8700000047683716
4,150521844,1610,1.0,0.8799999952316284
4,150521844,1620,1.0,0.8799999952316284
4,150521844,1630,1.0,0.8799999952316284
4,150521844,1640,1.0,0.8799999952316284
4,150521844,1650,1.0,0.8799999952316284
4,150521844,1660,1.0,0.8799999952316284
4,150521844,1670,1.0,0.8849999904632568
4,150521844,1680,1.0,0.875
4,150521844,1690,1.0,0.8899999856948853
4,150521844,1700,1.0,0.8849999904632568
4,150521844,1710,1.0,0.8849999904632568
4,150521844,1720,1.0,0.8949999809265137
4,150521844,1730,1.0,0.8899999856948853
4,150521844,1740,1.0,0.9049999713897705
4,150521844,1750,1.0,0.9049999713897705
4,150521844,1760,1.0,0.9099999666213989
4,150521844,1770,1.0,0.9149999618530273
4,150521844,1780,1.0,0.9099999666213989
4,150521844,1790,1.0,0.9199999570846558
4,150521844,1800,1.0,0.9199999570846558
4,150521844,1810,1.0,0.9149999618530273
4,150521844,1820,1.0,0.9149999618530273
4,150521844,1830,1.0,0.9149999618530273
4,150521844,1840,1.0,0.9300000071525574
4,150521844,1850,1.0,0.9300000071525574
4,150521844,1860,1.0,0.9249999523162842
4,150521844,1870,1.0,0.9249999523162842
4,150521844,1880,1.0,0.9300000071525574
4,150521844,1890,1.0,0.9350000023841858
4,150521844,1900,1.0,0.9350000023841858
4,150521844,1910,1.0,0.9300000071525574
4,150521844,1920,1.0,0.9350000023841858
4,150521844,1930,1.0,0.9350000023841858
4,150521844,1940,1.0,0.9350000023841858
4,150521844,1950,1.0,0.9350000023841858
4,150521844,1960,1.0,0.9350000023841858
4,150521844,1970,1.0,0.9350000023841858
4,150521844,1980,1.0,0.9350000023841858
4,150521844,1990,1.0,0.9350000023841858
4,150521844,2000,1.0,0.9399999976158142
4,150521844,2010,1.0,0.9399999976158142
4,150521844,2020,1.0,0.9399999976158142
4,150521844,2030,1.0,0.9399999976158142
4,150521844,2040,1.0,0.9449999928474426
4,150521844,2050,1.0,0.9599999785423279
4,150521844,2060,1.0,0.9399999976158142
4,150521844,2070,1.0,0.949999988079071
4,150521844,2080,1.0,0.9549999833106995
4,150521844,2090,1.0,0.9599999785423279
4,150521844,2100,1.0,0.9599999785423279
4,150521844,2110,1.0,0.9549999833106995
4,150521844,2120,1.0,0.9649999737739563
4,150521844,2130,1.0,0.9649999737739563
4,150521844,2140,1.0,0.9699999690055847
4,150521844,2150,1.0,0.9699999690055847
4,150521844,2160,1.0,0.9749999642372131
4,150521844,2170,1.0,0.9799999594688416
4,150521844,2180,1.0,0.98499995470047
4,150521844,2190,1.0,0.9799999594688416
4,150521844,2200,1.0,0.9749999642372131
4,150521844,2210,1.0,0.98499995470047
4,150521844,2220,1.0,0.98499995470047
4,150521844,2230,1.0,0.98499995470047
4,150521844,2240,1.0,0.98499995470047
4,150521844,2250,1.0,0.98499995470047
4,150521844,2260,1.0,0.98499995470047
4,150521844,2270,1.0,0.98499995470047
4,150521844,2280,1.0,0.98499995470047
4,150521844,2290,1.0,0.98499995470047
4,150521844,2300,1.0,0.98499995470047
4,150521844,2310,1.0,0.98499995470047
4,150521844,2320,1.0,0.98499995470047
4,150521844,2330,1.0,0.98499995470047
4,150521844,2340,1.0,0.98499995470047
4,150521844,2350,1.0,0.98499995470047
4,150521844,2360,1.0,0.98499995470047
4,150521844,2370,1.0,0.9899999499320984
4,150521844,2380,1.0,0.9950000047683716
4,150521844,2390,1.0,0.9899999499320984
4,150521844,2400,1.0,0.9899999499320984
4,150521844,2410,1.0,0.9950000047683716
4,150521844,2420,1.0,0.9899999499320984
4,150521844,2430,1.0,0.9950000047683716
4,150521844,2440,1.0,0.9899999499320984
4,150521844,2450,1.0,0.9899999499320984
4,150521844,2460,1.0,0.9950000047683716
4,150521844,2470,1.0,0.9899999499320984
4,150521844,2480,1.0,0.9899999499320984
4,150521844,2490,1.0,1.0
4,150521844,2500,1.0,1.0
4,150521844,2510,1.0,1.0
4,150521844,2520,1.0,1.0
4,150521844,2530,1.0,1.0
4,150521844,2540,1.0,1.0
4,150521844,2550,1.0,1.0
4,150521844,2560,1.0,1.0
4,150521844,2570,1.0,1.0
4,150521844,2580,1.0,1.0
4,150521844,2590,1.0,1.0
4,150521844,2600,1.0,1.0
4,150521844,2610,1.0,1.0
4,150521844,2620,1.0,1.0
4,150521844,2630,1.0,1.0
4,150521844,2640,1.0,1.0
4,150521844,2650,1.0,1.0
4,150521844,2660,1.0,1.0
4,150521844,2670,1.0,1.0
4,150521844,2680,1.0,1.0
4,150521844,2690,1.0,1.0
4,150521844,2700,1.0,1.0
4,150521844,2710,1.0,1.0
4,150521844,2720,1.0,1.0
4,150521844,2730,1.0,1.0
4,150521844,2740,1.0,1.0
4,150521844,2750,1.0,1.0
4,150521844,2760,1.0,1.0
4,150521844,2770,1.0,1.0
4,150521844,2780,1.0,1.0
4,150521844,2790,1.0,1.0
4,150521844,2800,1.0,1.0
4,150521844,2810,1.0,1.0
4,150521844,2820,1.0,1.0
4,150521844,2830,1.0,1.0
4,150521844,2840,1.0,1.0
4,150521844,2850,1.0,1.0
4,150521844,2860,1.0,1.0
4,150521844,2870,1.0,1.0
4,150521844,2880,1.0,1.0
4,150521844,2890,1.0,1.0
4,150521844,2900,1.0,1.0
4,150521844,2910,1.0,1.0
4,150521844,2920,1.0,1.0
4,150521844,2930,1.0,1.0
4,150521844,2940,1.0,1.0
4,150521844,2950,1.0,1.0
4,150521844,2960,1.0,1.0
4,150521844,2970,1.0,1.0
4,150521844,2980,1.0,1.0
4,150521844,2990,1.0,1.0
4,150521844,3000,1.0,1.0
4,150521844,3010,1.0,1.0
4,150521844,3020,1.0,1.0
4,150521844,3030,1.0,1.0
4,150521844,3040,1.0,1.0
4,150521844,3050,1.0,1.0
4,150521844,3060,1.0,1.0
4,150521844,3070,1.0,1.0
4,150521844,3080,1.0,1.0
4,150521844,3090,1.0,1.0
4,150521844,3100,1.0,1.0
4,150521844,3110,1.0,1.0
4,150521844,3120,1.0,1.0
4,150521844,3130,1.0,1.0
4,150521844,3140,1.0,1.0
4,150521844,3150,1.0,1.0
4,150521844,3160,1.0,1.0
4,150521844,3170,1.0,1.0
4,150521844,3180,1.0,1.0
4,150521844,3190,1.0,1.0
4,150521844,3200,1.0,1.0
4,150521844,3210,1.0,1.0
4,150521844,3220,1.0,1.0
4,150521844,3230,1.0,1.0
4,150521844,3240,1.0,1.0
4,150521844,3250,1.0,1.0
4,150521844,3260,1.0,1.0
4,150521844,3270,1.0,1.0
4,150521844,3280,1.0,1.0
4,150521844,3290,1.0,1.0
4,150521844,3300,1.0,1.0
4,150521844,3310,1.0,1.0
4,150521844,3320,1.0,1.0
4,150521844,3330,1.0,1.0
4,150521844,3340,1.0,1.0
4,150521844,3350,1.0,1.0
4,150521844,3360,1.0,1.0
4,150521844,3370,1.0,1.0
4,150521844,3380,1.0,1.0
4,150521844,3390,1.0,1.0
4,150521844,3400,1.0,1.0
4,150521844,3410,1.0,1.0
4,150521844,3420,1.0,1.0
4,150521844,3430,1.0,1.0
4,150521844,3440,1.0,1.0
4,150521844,3450,1.0,1.0
4,150521844,3460,1.0,1.0
4,150521844,3470,1.0,1.0
4,150521844,3480,1.0,1.0
4,150521844,3490,1.0,1.0
4,150521844,3500,1.0,1.0
4,150521844,3510,1.0,1.0
4,150521844,3520,1.0,1.0
4,150521844,3530,1.0,1.0
4,150521844,3540,1.0,1.0
4,150521844,3550,1.0,1.0
4,150521844,3560,1.0,1.0
4,150521844,3570,1.0,1.0
4,150521844,3580,1.0,1.0
4,150521844,3590,1.0,1.0
4,150521844,3600,1.0,1.0
4,150521844,3610,1.0,1.0
4,150521844,3620,1.0,1.0
4,150521844,3630,1.0,1.0
4,150521844,3640,1.0,1.0
4,150521844,3650,1.0,1.0
4,150521844,3660,1.0,1.0
4,150521844,3670,1.0,1.0
4,150521844,3680,1.0,1.0
4,150521844,3690,1.0,1.0
4,150521844,3700,1.0,1.0
4,150521844,3710,1.0,1.0
4,150521844,3720,1.0,1.0
4,150521844,3730,1.0,1.0
4,150521844,3740,1.0,1.0
4,150521844,3750,1.0,1.0
4,150521844,3760,1.0,1.0
4,150521844,3770,0.9950000047683716,1.0
4,150521844,3780,0.9950000047683716,1.0
4,150521844,3790,0.9899999499320984,1.0
4,150521844,3800,0.9899999499320984,1.0
4,150521844,3810,0.9899999499320984,1.0
4,150521844,3820,0.9899999499320984,1.0
4,150521844,3830,0.9899999499320984,1.0
4,150521844,3840,0.9899999499320984,1.0
4,150521844,3850,0.9899999499320984,1.0
4,150521844,3860,0.9899999499320984,1.0
4,150521844,3870,0.9899999499320984,1.0
4,150521844,3880,0.9899999499320984,1.0
4,150521844,3890,0.9899999499320984,1.0
4,150521844,3900,0.9899999499320984,1.0
4,150521844,3910,0.9899999499320984,1.0
4,150521844,3920,0.9899999499320984,1.0
4,150521844,3930,0.98499995470047,1.0
4,150521844,3940,0.98499995470047,1.0
4,150521844,3950,0.98499995470047,1.0
4,150521844,3960,0.98499995470047,1.0
4,150521844,3970,0.98499995470047,1.0
4,150521844,3980,0.98499995470047,1.0
4,150521844,3990,0.98499995470047,1.0
4,150521844,4000,0.98499995470047,1.0
4,150521844,4010,0.98499995470047,1.0
4,150521844,4020,0.98499995470047,1.0
4,150521844,4030,0.98499995470047,1.0
4,150521844,4040,0.98499995470047,1.0
4,150521844,4050,0.98499995470047,1.0
4,150521844,4060,0.98499995470047,1.0
4,150521844,4070,0.98499995470047,1.0
4,150521844,4080,0.98499995470047,1.0
4,150521844,4090,0.98499995470047,1.0
4,150521844,4100,0.98499995470047,1.0
4,150521844,4110,0.98499995470047,1.0
4,150521844,4120,0.98499995470047,1.0
4,150521844,4130,0.98499995470047,1.0
4,150521844,4140,0.98499995470047,1.0
4,150521844,4150,0.98499995470047,1.0
4,150521844,4160,0.98499995470047,1.0
4,150521844,4170,0.98499995470047,1.0
4,150521844,4180,0.98499995470047,1.0
4,150521844,4190,0.98499995470047,1.0
4,150521844,4200,0.98499995470047,1.0
4,150521844,4210,0.98499995470047,1.0
4,150521844,4220,0.98499995470047,1.0
4,150521844,4230,0.98499995470047,1.0
4,150521844,4240,0.98499995470047,1.0
4,150521844,4250,0.98499995470047,1.0
4,150521844,4260,0.98499995470047,1.0
4,150521844,4270,0.9899999499320984,1.0
4,150521844,4280,0.9899999499320984,1.0
4,150521844,4290,0.9899999499320984,1.0
4,150521844,4300,0.9899999499320984,1.0
4,150521844,4310,0.9950000047683716,1.0
4,150521844,4320,0.9950000047683716,1.0
4,150521844,4330,1.0,1.0
4,150521844,4340,1.0,1.0
4,150521844,4350,1.0,1.0
4,150521844,4360,1.0,1.0
4,150521844,4370,1.0,1.0
4,150521844,4380,1.0,1.0
4,150521844,4390,1.0,1.0
4,150521844,4400,1.0,1.0
4,150521844,4410,1.0,1.0
4,150521844,4420,1.0,1.0
4,150521844,4430,1.0,1.0
4,150521844,4440,1.0,1.0
4,150521844,4450,1.0,1.0
4,150521844,4460,1.0,1.0
4,150521844,4470,1.0,1.0
4,150521844,4480,1.0,1.0
4,150521844,4490,1.0,1.0
4,150521844,4500,1.0,1.0
4,150521844,4510,1.0,1.0
4,150521844,4520,1.0,1.0
4,150521844,4530,1.0,1.0
4,150521844,4540,1.0,1.0
4,150521844,4550,1.0,1.0
4,150521844,4560,1.0,1.0
4,150521844,4570,1.0,1.0
4,150521844,4580,1.0,1.0
4,150521844,4590,1.0,1.0
4,150521844,4600,1.0,1.0
4,150521844,4610,1.0,1.0
4,150521844,4620,1.0,1.0
4,150521844,4630,1.0,1.0
4,150521844,4640,1.0,1.0
4,150521844,4650,1.0,1.0
4,150521844,4660,1.0,1.0
4,150521844,4670,1.0,1.0
4,150521844,4680,1.0,1.0
4,150521844,4690,1.0,1.0
4,150521844,4700,1.0,1.0
4,150521844,4710,1.0,1.0
4,150521844,4720,1.0,1.0
4,150521844,4730,1.0,1.0
4,150521844,4740,1.0,1.0
4,150521844,4750,1.0,1.0
4,150521844,4760,1.0,1.0
4,150521844,4770,1.0,1.0
4,150521844,4780,1.0,1.0
4,150521844,4790,1.0,1.0
4,150521844,4800,1.0,1.0
4,150521844,4810,1.0,1.0
4,150521844,4820,1.0,1.0
4,150521844,4830,1.0,1.0
4,150521844,4840,1.0,1.0
4,150521844,4850,1.0,1.0
4,150521844,4860,1.0,1.0
4,150521844,4870,1.0,1.0
4,150521844,4880,1.0,1.0
4,150521844,4890,1.0,1.0
4,150521844,4900,1.0,1.0
4,150521844,4910,1.0,1.0
4,150521844,4920,1.0,1.0
4,150521844,4930,1.0,1.0
4,150521844,4940,1.0,1.0
4,150521844,4950,1.0,1.0
4,150521844,4960,1.0,1.0
4,150521844,4970,1.0,1.0
4,150521844,4980,1.0,1.0
4,150521844,4990,1.0,1.0
4,150521844,5000,1.0,1.0
5,1602275767,0,0.5199999809265137,0.5049999952316284
5,1602275767,10,0.6100000143051147,0.5199999809265137
5,1602275767,20,0.6499999761581421,0.5249999761581421
5,1602275767,30,0.6899999976158142,0.5099999904632568
5,1602275767,40,0.7249999642372131,0.5099999904632568
5,1602275767,50,0.7749999761581421,0.5149999856948853
5,1602275767,60,0.7999999523162842,0.5199999809265137
5,1602275767,70,0.8349999785423279,0.5249999761581421
5,1602275767,80,0.8650000095367432,0.5149999856948853
5,1602275767,90,0.8849999904632568,0.5249999761581421
5,1602275767,100,0.9249999523162842,0.5299999713897705
5,1602275767,110,0.9449999928474426,0.5249999761581421
5,1602275767,120,0.9549999833106995,0.5249999761581421
5,1602275767,130,0.9699999690055847,0.5299999713897705
5,1602275767,140,0.9749999642372131,0.5249999761581421
5,1602275767,150,0.98499995470047,0.5349999666213989
5,1602275767,160,0.9950000047683716,0.5349999666213989
5,1602275767,170,0.9950000047683716,0.5349999666213989
5,1602275767,180,0.9950000047683716,0.5349999666213989
5,1602275767,190,0.9950000047683716,0.5450000166893005
5,1602275767,200,0.9950000047683716,0.5450000166893005
5,1602275767,210,0.9950000047683716,0.5399999618530273
5,1602275767,220,0.9950000047683716,0.5450000166893005
5,1602275767,230,1.0,0.5399999618530273
5,1602275767,240,1.0,0.5399999618530273
5,1602275767,250,1.0,0.5299999713897705
5,1602275767,260,1.0,0.550000011920929
5,1602275767,270,1.0,0.5399999618530273
5,1602275767,280,1.0,0.5450000166893005
5,1602275767,290,1.0,0.5450000166893005
5,1602275767,300,1.0,0.5649999976158142
5,1602275767,310,1.0,0.5649999976158142
5,1602275767,320,1.0,0.5550000071525574
5,1602275767,330,1.0,0.5600000023841858
5,1602275767,340,1.0,0.5799999833106995
5,1602275767,350,1.0,0.574999988079071
5,1602275767,360,1.0,0.5699999928474426
5,1602275767,370,1.0,0.5699999928474426
5,1602275767,380,1.0,0.5699999928474426
5,1602275767,390,1.0,0.5600000023841858
5,1602275767,400,1.0,0.5849999785423279
5,1602275767,410,1.0,0.5699999928474426
5,1602275767,420,1.0,0.5649999976158142
5,1602275767,430,1.0,0.5600000023841858
5,1602275767,440,1.0,0.5600000023841858
5,1602275767,450,1.0,0.5600000023841858
5,1602275767,460,1.0,0.550000011920929
5,1602275767,470,1.0,0.550000011920929
5,1602275767,480,1.0,0.5550000071525574
5,1602275767,490,1.0,0.5600000023841858
5,1602275767,500,1.0,0.5649999976158142
5,1602275767,510,1.0,0.5450000166893005
5,1602275767,520,1.0,0.5600000023841858
5,1602275767,530,1.0,0.574999988079071
5,1602275767,540,1.0,0.574999988079071
5,1602275767,550,1.0,0.5699999928474426
5,1602275767,560,1.0,0.5649999976158142
5,1602275767,570,1.0,0.574999988079071
5,1602275767,580,1.0,0.574999988079071
5,1602275767,590,1.0,0.5699999928474426
5,1602275767,600,1.0,0.574999988079071
5,1602275767,610,1.0,0.5799999833106995
5,1602275767,620,1.0,0.5849999785423279
5,1602275767,630,1.0,0.5849999785423279
5,1602275767,640,1.0,0.5899999737739563
5,1602275767,650,1.0,0.5899999737739563
5,1602275767,660,1.0,0.5949999690055847
5,1602275767,670,1.0,0.5999999642372131
5,1602275767,680,1.0,0.5899999737739563
5,1602275767,690,1.0,0.5949999690055847
5,1602275767,700,1.0,0.5899999737739563
5,1602275767,710,1.0,0.5899999737739563
5,1602275767,720,1.0,0.5849999785423279
5,1602275767,730,1.0,0.5899999737739563
5,1602275767,740,1.0,0.5999999642372131
5,1602275767,750,1.0,0.5999999642372131
5,1602275767,760,1.0,0.5999999642372131
5,1602275767,770,1.0,0.5949999690055847
5,1602275767,780,1.0,0.5949999690055847
5,1602275767,790,1.0,0.5949999690055847
5,1602275767,800,1.0,0.5899999737739563
5,1602275767,810,1.0,0.5899999737739563
5,1602275767,820,1.0,0.5899999737739563
5,1602275767,830,1.0,0.6049999594688416
5,1602275767,840,1.0,0.5899999737739563
5,1602275767,850,1.0,0.6150000095367432
5,1602275767,860,1.0,0.5899999737739563
5,1602275767,870,1.0,0.5949999690055847
5,1602275767,880,1.0,0.5999999642372131
5,1602275767,890,1.0,0.5899999737739563
5,1602275767,900,1.0,0.5999999642372131
5,1602275767,910,1.0,0.6200000047683716
5,1602275767,920,1.0,0.6049999594688416
5,1602275767,930,1.0,0.6100000143051147
5,1602275767,940,1.0,0.6150000095367432
5,1602275767,950,1.0,0.6100000143051147
5,1602275767,960,1.0,0.6049999594688416
5,1602275767,970,1.0,0.625
5,1602275767,980,1.0,0.6100000143051147
5,1602275767,990,1.0,0.5949999690055847
5,1602275767,1000,1.0,0.6049999594688416
5,1602275767,1010,1.0,0.6100000143051147
5,1602275767,1020,1.0,0.6049999594688416
5,1602275767,1030,1.0,0.6150000095367432
5,1602275767,1040,1.0,0.5999999642372131
5,1602275767,1050,1.0,0.6150000095367432
5,1602275767,1060,1.0,0.6049999594688416
5,1602275767,1070,1.0,0.5999999642372131
5,1602275767,1080,1.0,0.6100000143051147
5,1602275767,1090,1.0,0.6200000047683716
5,1602275767,1100,1.0,0.6150000095367432
5,1602275767,1110,1.0,0.6150000095367432
5,1602275767,1120,1.0,0.6200000047683716
5,1602275767,1130,1.0,0.6049999594688416
5,1602275767,1140,1.0,0.6299999952316284
5,1602275767,1150,1.0,0.6150000095367432
5,1602275767,1160,1.0,0.6200000047683716
5,1602275767,1170,1.0,0.625
5,1602275767,1180,1.0,0.6299999952316284
5,1602275767,1190,1.0,0.625
5,1602275767,1200,1.0,0.6299999952316284
5,1602275767,1210,1.0,0.6299999952316284
5,1602275767,1220,1.0,0.6349999904632568
5,1602275767,1230,1.0,0.6349999904632568
5,1602275767,1240,1.0,0.6449999809265137
5,1602275767,1250,1.0,0.6349999904632568
5,1602275767,1260,1.0,0.6549999713897705
5,1602275767,1270,1.0,0.6349999904632568
5,1602275767,1280,1.0,0.6499999761581421
5,1602275767,1290,1.0,0.6599999666213989
5,1602275767,1300,1.0,0.6549999713897705
5,1602275767,1310,1.0,0.6449999809265137
5,1602275767,1320,1.0,0.6499999761581421
5,1602275767,1330,1.0,0.6649999618530273
5,1602275767,1340,1.0,0.675000011920929
5,1602275767,1350,1.0,0.6549999713897705
5,1602275767,1360,1.0,0.6699999570846558
5,1602275767,1370,1.0,0.6699999570846558
5,1602275767,1380,1.0,0.675000011920929
5,1602275767,1390,1.0,0.6899999976158142
5,1602275767,1400,1.0,0.6850000023841858
5,1602275767,1410,1.0,0.6800000071525574
5,1602275767,1420,1.0,0.6800000071525574
5,1602275767,1430,1.0,0.6899999976158142
5,1602275767,1440,1.0,0.7049999833106995
5,1602275767,1450,1.0,0.6949999928474426
5,1602275767,1460,1.0,0.6949999928474426
5,1602275767,1470,1.0,0.6949999928474426
5,1602275767,1480,1.0,0.7049999833106995
5,1602275767,1490,1.0,0.7099999785423279
5,1602275767,1500,1.0,0.699999988079071
5,1602275767,1510,1.0,0.7099999785423279
5,1602275767,1520,1.0,0.7149999737739563
5,1602275767,1530,1.0,0.7149999737739563
5,1602275767,1540,1.0,0.7199999690055847
5,1602275767,1550,1.0,0.7099999785423279
5,1602275767,1560,1.0,0.7149999737739563
5,1602275767,1570,1.0,0.7099999785423279
5,1602275767,1580,1.0,0.7099999785423279
5,1602275767,1590,1.0,0.7199999690055847
5,1602275767,1600,1.0,0.7149999737739563
5,1602275767,1610,1.0,0.7249999642372131
5,1602275767,1620,1.0,0.7199999690055847
5,1602275767,1630,1.0,0.73499995470047
5,1602275767,1640,1.0,0.7299999594688416
5,1602275767,1650,1.0,0.7400000095367432
5,1602275767,1660,1.0,0.7450000047683716
5,1602275767,1670,1.0,0.7549999952316284
5,1602275767,1680,1.0,0.7450000047683716
5,1602275767,1690,1.0,0.7599999904632568
5,1602275767,1700,1.0,0.7599999904632568
5,1602275767,1710,1.0,0.7599999904632568
5,1602275767,1720,1.0,0.7649999856948853
5,1602275767,1730,1.0,0.7649999856948853
5,1602275767,1740,1.0,0.7849999666213989
5,1602275767,1750,1.0,0.7699999809265137
5,1602275767,1760,1.0,0.7949999570846558
5,1602275767,1770,1.0,0.7849999666213989
5,1602275767,1780,1.0,0.7949999570846558
5,1602275767,1790,1.0,0.7849999666213989
5,1602275767,1800,1.0,0.7899999618530273
5,1602275767,1810,1.0,0.7899999618530273
5,1602275767,1820,1.0,0.7949999570846558
5,1602275767,1830,1.0,0.7949999570846558
5,1602275767,1840,1.0,0.7949999570846558
5,1602275767,1850,1.0,0.7999999523162842
5,1602275767,1860,1.0,0.8149999976158142
5,1602275767,1870,1.0,0.8050000071525574
5,1602275767,1880,1.0,0.8100000023841858
5,1602275767,1890,1.0,0.7999999523162842
5,1602275767,1900,1.0,0.8299999833106995
5,1602275767,1910,1.0,0.7949999570846558
5,1602275767,1920,1.0,0.8149999976158142
5,1602275767,1930,1.0,0.8399999737739563
5,1602275767,1940,1.0,0.8299999833106995
5,1602275767,1950,1.0,0.8399999737739563
5,1602275767,1960,1.0,0.824999988079071
5,1602275767,1970,1.0,0.8399999737739563
5,1602275767,1980,1.0,0.8449999690055847
5,1602275767,1990,1.0,0.8499999642372131
5,1602275767,2000,1.0,0.8499999642372131
5,1602275767,2010,1.0,0.85999995470047
5,1602275767,2020,1.0,0.8549999594688416
5,1602275767,2030,1.0,0.8650000095367432
5,1602275767,2040,1.0,0.8700000047683716
5,1602275767,2050,1.0,0.875
5,1602275767,2060,1.0,0.8999999761581421
5,1602275767,2070,1.0,0.8849999904632568
5,1602275767,2080,1.0,0.8999999761581421
5,1602275767,2090,1.0,0.8949999809265137
5,1602275767,2100,1.0,0.9049999713897705
5,1602275767,2110,1.0,0.9049999713897705
5,1602275767,2120,1.0,0.9149999618530273
5,1602275767,2130,1.0,0.9149999618530273
5,1602275767,2140,1.0,0.9199999570846558
5,1602275767,2150,1.0,0.9399999976158142
5,1602275767,2160,1.0,0.9300000071525574
5,1602275767,2170,1.0,0.9399999976158142
5,1602275767,2180,1.0,0.9399999976158142
5,1602275767,2190,1.0,0.9350000023841858
5,1602275767,2200,1.0,0.9449999928474426
5,1602275767,2210,1.0,0.9399999976158142
5,1602275767,2220,1.0,0.9399999976158142
5,1602275767,2230,1.0,0.9399999976158142
5,1602275767,2240,1.0,0.9399999976158142
5,1602275767,2250,1.0,0.9449999928474426
5,1602275767,2260,1.0,0.949999988079071
5,1602275767,2270,1.0,0.9599999785423279
5,1602275767,2280,1.0,0.9699999690055847
5,1602275767,2290,1.0,0.9649999737739563
5,1602275767,2300,1.0,0.9649999737739563
5,1602275767,2310,1.0,0.9699999690055847
5,1602275767,2320,1.0,0.9799999594688416
5,1602275767,2330,1.0,0.98499995470047
5,1602275767,2340,1.0,0.9749999642372131
5,1602275767,2350,1.0,0.98499995470047
5,1602275767,2360,1.0,0.98499995470047
5,1602275767,2370,1.0,0.98499995470047
5,1602275767,2380,1.0,0.98499995470047
5,1602275767,2390,1.0,0.9799999594688416
5,1602275767,2400,1.0,0.9899999499320984
5,1602275767,2410,1.0,0.9899999499320984
5,1602275767,2420,1.0,0.9899999499320984
5,1602275767,2430,1.0,0.9950000047683716
5,1602275767,2440,1.0,0.9950000047683716
5,1602275767,2450,1.0,0.9899999499320984
5,1602275767,2460,1.0,0.9899999499320984
5,1602275767,2470,1.0,0.9950000047683716
5,1602275767,2480,1.0,0.9899999499320984
5,1602275767,2490,1.0,0.9950000047683716
5,1602275767,2500,1.0,0.9950000047683716
5,1602275767,2510,1.0,0.9950000047683716
5,1602275767,2520,1.0,0.9950000047683716
5,1602275767,2530,1.0,0.9950000047683716
5,1602275767,2540,1.0,0.9950000047683716
5,1602275767,2550,1.0,0.9950000047683716
5,1602275767,2560,1.0,0.9950000047683716
5,1602275767,2570,1.0,0.9950000047683716
5,1602275767,2580,1.0,0.9950000047683716
5,1602275767,2590,1.0,0.9950000047683716
5,1602275767,2600,1.0,0.9950000047683716
5,1602275767,2610,1.0,0.9950000047683716
5,1602275767,2620,1.0,0.9950000047683716
5,1602275767,2630,1.0,0.9950000047683716
5,1602275767,2640,1.0,0.9950000047683716
5,1602275767,2650,1.0,0.9950000047683716
5,1602275767,2660,1.0,0.9950000047683716
5,1602275767,2670,1.0,0.9950000047683716
5,1602275767,2680,1.0,0.9950000047683716
5,1602275767,2690,1.0,0.9950000047683716
5,1602275767,2700,1.0,0.9950000047683716
5,1602275767,2710,1.0,0.9950000047683716
5,1602275767,2720,1.0,0.9950000047683716
5,1602275767,2730,1.0,0.9950000047683716
5,1602275767,2740,1.0,1.0
5,1602275767,2750,1.0,1.0
5,1602275767,2760,1.0,1.0
5,1602275767,2770,1.0,1.0
5,1602275767,2780,1.0,1.0
5,1602275767,2790,1.0,1.0
5,1602275767,2800,1.0,1.0
5,1602275767,2810,1.0,1.0
5,1602275767,2820,1.0,1.0
5,1602275767,2830,1.0,1.0
5,1602275767,2840,1.0,1.0
5,1602275767,2850,1.0,1.0
5,1602275767,2860,1.0,1.0
5,1602275767,2870,1.0,1.0
5,1602275767,2880,1.0,1.0
5,1602275767,2890,1.0,1.0
5,1602275767,2900,1.0,1.0
5,1602275767,2910,1.0,1.0
5,1602275767,2920,1.0,1.0
5,1602275767,2930,1.0,1.0
5,1602275767,2940,1.0,1.0
5,1602275767,2950,1.0,1.0
5,1602275767,2960,1.0,1.0
5,1602275767,2970,1.0,1.0
5,1602275767,2980,1.0,1.0
5,1602275767,2990,1.0,1.0
5,1602275767,3000,1.0,1.0
5,1602275767,3010,1.0,1.0
5,1602275767,3020,1.0,1.0
5,1602275767,3030,1.0,1.0
5,1602275767,3040,1.0,1.0
5,1602275767,3050,1.0,1.0
5,1602275767,3060,1.0,1.0
5,1602275767,3070,1.0,1.0
5,1602275767,3080,1.0,1.0
5,1602275767,3090,1.0,1.0
5,1602275767,3100,1.0,1.0
5,1602275767,3110,1.0,1.0
5,1602275767,3120,1.0,1.0
5,1602275767,3130,1.0,1.0
5,1602275767,3140,1.0,1.0
5,1602275767,3150,1.0,1.0
5,1602275767,3160,1.0,1.0
5,1602275767,3170,1.0,1.0
5,1602275767,3180,1.0,1.0
5,1602275767,3190,1.0,1.0
5,1602275767,3200,1.0,1.0
5,1602275767,3210,1.0,1.0
5,1602275767,3220,1.0,1.0
5,1602275767,3230,1.0,1.0
5,1602275767,3240,1.0,1.0
5,1602275767,3250,1.0,1.0
5,1602275767,3260,1.0,1.0
5,1602275767,3270,1.0,1.0
5,1602275767,3280,1.0,1.0
5,1602275767,3290,1.0,1.0
5,1602275767,3300,1.0,1.0
5,1602275767,3310,1.0,1.0
5,1602275767,3320,1.0,1.0
5,1602275767,3330,1.0,1.0
5,1602275767,3340,1.0,1.0
5,1602275767,3350,1.0,1.0
5,1602275767,3360,1.0,1.0
5,1602275767,3370,1.0,1.0
5,1602275767,3380,1.0,1.0
5,1602275767,3390,1.0,1.0
5,1602275767,3400,1.0,1.0
5,1602275767,3410,1.0,1.0
5,1602275767,3420,1.0,1.0
5,1602275767,3430,1.0,1.0
5,1602275767,3440,1.0,1.0
5,1602275767,3450,1.0,1.0
5,1602275767,3460,1.0,1.0
5,1602275767,3470,1.0,1.0
5,1602275767,3480,1.0,1.0
5,1602275767,3490,1.0,1.0
5,1602275767,3500,1.0,1.0
5,1602275767,3510,1.0,1.0
5,1602275767,3520,1.0,1.0
5,1602275767,3530,1.0,1.0
5,1602275767,3540,1.0,1.0
5,1602275767,3550,1.0,1.0
5,1602275767,3560,1.0,1.0
5,1602275767,3570,1.0,1.0
5,1602275767,3580,1.0,1.0
5,1602275767,3590,1.0,1.0
5,1602275767,3600,1.0,1.0
5,1602275767,3610,1.0,1.0
5,1602275767,3620,1.0,1.0
5,1602275767,3630,1.0,1.0
5,1602275767,3640,1.0,1.0
5,1602275767,3650,0.9950000047683716,1.0
5,1602275767,3660,0.9950000047683716,1.0
5,1602275767,3670,0.9950000047683716,1.0
5,1602275767,3680,0.9950000047683716,1.0
5,1602275767,3690,0.98499995470047,1.0
5,1602275767,3700,0.98499995470047,1.0
5,1602275767,3710,0.98499995470047,1.0
5,1602275767,3720,0.98499995470047,1.0
5,1602275767,3730,0.98499995470047,1.0
5,1602275767,3740,0.9799999594688416,1.0
5,1602275767,3750,0.9799999594688416,1.0
5,1602275767,3760,0.9799999594688416,1.0
5,1602275767,3770,0.9799999594688416,1.0
5,1602275767,3780,0.9799999594688416,1.0
5,1602275767,3790,0.9799999594688416,1.0
5,1602275767,3800,0.9799999594688416,1.0
5,1602275767,3810,0.9799999594688416,1.0
5,1602275767,3820,0.9799999594688416,1.0
5,1602275767,3830,0.9799999594688416,1.0
5,1602275767,3840,0.9749999642372131,1.0
5,1602275767,3850,0.9749999642372131,1.0
5,1602275767,3860,0.9749999642372131,1.0
5,1602275767,3870,0.9749999642372131,1.0
5,1602275767,3880,0.9699999690055847,1.0
5,1602275767,3890,0.9699999690055847,1.0
5,1602275767,3900,0.9649999737739563,1.0
5,1602275767,3910,0.9649999737739563,1.0
5,1602275767,3920,0.9599999785423279,1.0
5,1602275767,3930,0.9599999785423279,1.0
5,1602275767,3940,0.9599999785423279,1.0
5,1602275767,3950,0.9599999785423279,1.0
5,1602275767,3960,0.9599999785423279,1.0
5,1602275767,3970,0.9599999785423279,1.0
5,1602275767,3980,0.9599999785423279,1.0
5,1602275767,3990,0.9599999785423279,1.0
5,1602275767,4000,0.9599999785423279,1.0
5,1602275767,4010,0.9599999785423279,1.0
5,1602275767,4020,0.9599999785423279,1.0
5,1602275767,4030,0.9599999785423279,1.0
5,1602275767,4040,0.9599999785423279,1.0
5,1602275767,4050,0.9599999785423279,1.0
5,1602275767,4060,0.9599999785423279,1.0
5,1602275767,4070,0.9599999785423279,1.0
5,1602275767,4080,0.9599999785423279,1.0
5,1602275767,4090,0.9599999785423279,1.0
5,1602275767,4100,0.9599999785423279,1.0
5,1602275767,4110,0.9599999785423279,1.0
5,1602275767,4120,0.9599999785423279,1.0
5,1602275767,4130,0.9649999737739563,1.0
5,1602275767,4140,0.9649999737739563,1.0
5,1602275767,4150,0.9649999737739563,1.0
5,1602275767,4160,0.9649999737739563,1.0
5,1602275767,4170,0.9649999737739563,1.0
5,1602275767,4180,0.9649999737739563,1.0
5,1602275767,4190,0.9699999690055847,1.0
5,1602275767,4200,0.9699999690055847,1.0
5,1602275767,4210,0.9799999594688416,1.0
5,1602275767,4220,0.9799999594688416,1.0
5,1602275767,4230,0.98499995470047,1.0
5,1602275767,4240,0.98499995470047,1.0
5,1602275767,4250,0.98499995470047,1.0
5,1602275767,4260,0.98499995470047,1.0
5,1602275767,4270,0.98499995470047,1.0
5,1602275767,4280,0.98499995470047,1.0
5,1602275767,4290,0.98499995470047,1.0
5,1602275767,4300,0.98499995470047,1.0
5,1602275767,4310,0.98499995470047,1.0
5,1602275767,4320,0.98499995470047,1.0
5,1602275767,4330,0.98499995470047,1.0
5,1602275767,4340,0.9899999499320984,1.0
5,1602275767,4350,0.9899999499320984,1.0
5,1602275767,4360,0.9899999499320984,1.0
5,1602275767,4370,0.9899999499320984,1.0
5,1602275767,4380,0.9899999499320984,1.0
5,1602275767,4390,1.0,1.0
5,1602275767,4400,1.0,1.0
5,1602275767,4410,1.0,1.0
5,1602275767,4420,1.0,1.0
5,1602275767,4430,1.0,1.0
5,1602275767,4440,1.0,1.0
5,1602275767,4450,1.0,1.0
5,1602275767,4460,1.0,1.0
5,1602275767,4470,1.0,1.0
5,1602275767,4480,1.0,1.0
5,1602275767,4490,1.0,1.0
5,1602275767,4500,1.0,1.0
5,1602275767,4510,1.0,1.0
5,1602275767,4520,1.0,1.0
5,1602275767,4530,1.0,1.0
5,1602275767,4540,1.0,1.0
5,1602275767,4550,1.0,1.0
5,1602275767,4560,1.0,1.0
5,1602275767,4570,1.0,1.0
5,1602275767,4580,1.0,1.0
5,1602275767,4590,1.0,1.0
5,1602275767,4600,1.0,1.0
5,1602275767,4610,1.0,1.0
5,1602275767,4620,1.0,1.0
5,1602275767,4630,1.0,1.0
5,1602275767,4640,1.0,1.0
5,1602275767,4650,1.0,1.0
5,1602275767,4660,1.0,1.0
5,1602275767,4670,1.0,1.0
5,1602275767,4680,1.0,1.0
5,1602275767,4690,1.0,1.0
5,1602275767,4700,1.0,1.0
5,1602275767,4710,1.0,1.0
5,1602275767,4720,1.0,1.0
5,1602275767,4730,1.0,1.0
5,1602275767,4740,1.0,1.0
5,1602275767,4750,1.0,1.0
5,1602275767,4760,1.0,1.0
5,1602275767,4770,1.0,1.0
5,1602275767,4780,1.0,1.0
5,1602275767,4790,1.0,1.0
5,1602275767,4800,1.0,1.0
5,1602275767,4810,1.0,1.0
5,1602275767,4820,1.0,1.0
5,1602275767,4830,1.0,1.0
5,1602275767,4840,1.0,1.0
5,1602275767,4850,1.0,1.0
5,1602275767,4860,1.0,1.0
5,1602275767,4870,1.0,1.0
5,1602275767,4880,1.0,1.0
5,1602275767,4890,1.0,1.0
5,1602275767,4900,1.0,1.0
5,1602275767,4910,1.0,1.0
5,1602275767,4920,1.0,1.0
5,1602275767,4930,1.0,1.0
5,1602275767,4940,1.0,1.0
5,1602275767,4950,1.0,1.0
5,1602275767,4960,1.0,1.0
5,1602275767,4970,1.0,1.0
5,1602275767,4980,1.0,1.0
5,1602275767,4990,1.0,1.0
5,1602275767,5000,1.0,1.0
6,1332738052,0,0.4599999785423279,0.4899999797344208
6,1332738052,10,0.5450000166893005,0.48499998450279236
6,1332738052,20,0.6049999594688416,0.48499998450279236
6,1332738052,30,0.6699999570846558,0.4949999749660492
6,1332738052,40,0.7199999690055847,0.4949999749660492
6,1332738052,50,0.7699999809265137,0.4949999749660492
6,1332738052,60,0.8299999833106995,0.4949999749660492
6,1332738052,70,0.8700000047683716,0.4949999749660492
6,1332738052,80,0.8949999809265137,0.4949999749660492
6,1332738052,90,0.9350000023841858,0.4949999749660492
6,1332738052,100,0.9449999928474426,0.4949999749660492
6,1332738052,110,0.949999988079071,0.4949999749660492
6,1332738052,120,0.9699999690055847,0.5049999952316284
6,1332738052,130,0.9749999642372131,0.4949999749660492
6,1332738052,140,0.9799999594688416,0.5
6,1332738052,150,0.9899999499320984,0.5
6,1332738052,160,1.0,0.5
6,1332738052,170,1.0,0.4949999749660492
6,1332738052,180,1.0,0.5
6,1332738052,190,1.0,0.5049999952316284
6,1332738052,200,1.0,0.5099999904632568
6,1332738052,210,1.0,0.5049999952316284
6,1332738052,220,1.0,0.5149999856948853
6,1332738052,230,1.0,0.5
6,1332738052,240,1.0,0.5
6,1332738052,250,1.0,0.5099999904632568
6,1332738052,260,1.0,0.5099999904632568
6,1332738052,270,1.0,0.5149999856948853
6,1332738052,280,1.0,0.5149999856948853
6,1332738052,290,1.0,0.5149999856948853
6,1332738052,300,1.0,0.5049999952316284
6,1332738052,310,1.0,0.5149999856948853
6,1332738052,320,1.0,0.5199999809265137
6,1332738052,330,1.0,0.5149999856948853
6,1332738052,340,1.0,0.5199999809265137
6,1332738052,350,1.0,0.5199999809265137
6,1332738052,360,1.0,0.5049999952316284
6,1332738052,370,1.0,0.5299999713897705
6,1332738052,380,1.0,0.5349999666213989
6,1332738052,390,1.0,0.5249999761581421
6,1332738052,400,1.0,0.5349999666213989
6,1332738052,410,1.0,0.5349999666213989
6,1332738052,420,1.0,0.5299999713897705
6,1332738052,430,1.0,0.5399999618530273
6,1332738052,440,1.0,0.5349999666213989
6,1332738052,450,1.0,0.5249999761581421
6,1332738052,460,1.0,0.5249999761581421
6,1332738052,470,1.0,0.5450000166893005
6,1332738052,480,1.0,0.5399999618530273
6,1332738052,490,1.0,0.5349999666213989
6,1332738052,500,1.0,0.550000011920929
6,1332738052,510,1.0,0.5299999713897705
6,1332738052,520,1.0,0.5399999618530273
6,1332738052,530,1.0,0.5550000071525574
6,1332738052,540,1.0,0.5550000071525574
6,1332738052,550,1.0,0.550000011920929
6,1332738052,560,1.0,0.5450000166893005
6,1332738052,570,1.0,0.5550000071525574
6,1332738052,580,1.0,0.5600000023841858
6,1332738052,590,1.0,0.5550000071525574
6,1332738052,600,1.0,0.574999988079071
6,1332738052,610,1.0,0.5649999976158142
6,1332738052,620,1.0,0.5899999737739563
6,1332738052,630,1.0,0.5699999928474426
6,1332738052,640,1.0,0.5699999928474426
6,1332738052,650,1.0,0.5899999737739563
6,1332738052,660,1.0,0.5699999928474426
6,1332738052,670,1.0,0.5699999928474426
6,1332738052,680,1.0,0.5799999833106995
6,1332738052,690,1.0,0.5649999976158142
6,1332738052,700,1.0,0.5949999690055847
6,1332738052,710,1.0,0.6049999594688416
6,1332738052,720,1.0,0.5999999642372131
6,1332738052,730,1.0,0.5949999690055847
6,1332738052,740,1.0,0.5949999690055847
6,1332738052,750,1.0,0.6100000143051147
6,1332738052,760,1.0,0.5899999737739563
6,1332738052,770,1.0,0.6100000143051147
6,1332738052,780,1.0,0.6100000143051147
6,1332738052,790,1.0,0.6100000143051147
6,1332738052,800,1.0,0.6200000047683716
6,1332738052,810,1.0,0.6299999952316284
6,1332738052,820,1.0,0.6049999594688416
6,1332738052,830,1.0,0.6399999856948853
6,1332738052,840,1.0,0.6150000095367432
6,1332738052,850,1.0,0.6449999809265137
6,1332738052,860,1.0,0.6200000047683716
6,1332738052,870,1.0,0.6499999761581421
6,1332738052,880,1.0,0.6349999904632568
6,1332738052,890,1.0,0.6549999713897705
6,1332738052,900,1.0,0.6499999761581421
6,1332738052,910,1.0,0.6699999570846558
6,1332738052,920,1.0,0.675000011920929
6,1332738052,930,1.0,0.6599999666213989
6,1332738052,940,1.0,0.6899999976158142
6,1332738052,950,1.0,0.675000011920929
6,1332738052,960,1.0,0.6800000071525574
6,1332738052,970,1.0,0.6899999976158142
6,1332738052,980,1.0,0.6949999928474426
6,1332738052,990,1.0,0.6949999928474426
6,1332738052,1000,1.0,0.675000011920929
6,1332738052,1010,1.0,0.699999988079071
6,1332738052,1020,1.0,0.7149999737739563
6,1332738052,1030,1.0,0.7299999594688416
6,1332738052,1040,1.0,0.7199999690055847
6,1332738052,1050,1.0,0.7249999642372131
6,1332738052,1060,1.0,0.7299999594688416
6,1332738052,1070,1.0,0.7450000047683716
6,1332738052,1080,1.0,0.73499995470047
6,1332738052,1090,1.0,0.7599999904632568
6,1332738052,1100,1.0,0.73499995470047
6,1332738052,1110,1.0,0.7599999904632568
6,1332738052,1120,1.0,0.7649999856948853
6,1332738052,1130,1.0,0.7649999856948853
6,1332738052,1140,1.0,0.7749999761581421
6,1332738052,1150,1.0,0.7699999809265137
6,1332738052,1160,1.0,0.7599999904632568
6,1332738052,1170,1.0,0.7699999809265137
6,1332738052,1180,1.0,0.7699999809265137
6,1332738052,1190,1.0,0.7749999761581421
6,1332738052,1200,1.0,0.7949999570846558
6,1332738052,1210,1.0,0.7849999666213989
6,1332738052,1220,1.0,0.7799999713897705
6,1332738052,1230,1.0,0.7899999618530273
6,1332738052,1240,1.0,0.7949999570846558
6,1332738052,1250,1.0,0.7899999618530273
6,1332738052,1260,1.0,0.7899999618530273
6,1332738052,1270,1.0,0.8199999928474426
6,1332738052,1280,1.0,0.8199999928474426
6,1332738052,1290,1.0,0.8299999833106995
6,1332738052,1300,1.0,0.8149999976158142
6,1332738052,1310,1.0,0.8199999928474426
6,1332738052,1320,1.0,0.8299999833106995
6,1332738052,1330,1.0,0.8299999833106995
6,1332738052,1340,1.0,0.8100000023841858
6,1332738052,1350,1.0,0.8149999976158142
6,1332738052,1360,1.0,0.8349999785423279
6,1332738052,1370,1.0,0.8349999785423279
6,1332738052,1380,1.0,0.8399999737739563
6,1332738052,1390,1.0,0.8399999737739563
6,1332738052,1400,1.0,0.8449999690055847
6,1332738052,1410,1.0,0.8399999737739563
6,1332738052,1420,1.0,0.8399999737739563
6,1332738052,1430,1.0,0.85999995470047
6,1332738052,1440,1.0,0.8499999642372131
6,1332738052,1450,1.0,0.8549999594688416
6,1332738052,1460,1.0,0.8499999642372131
6,1332738052,1470,1.0,0.8549999594688416
6,1332738052,1480,1.0,0.8499999642372131
6,1332738052,1490,1.0,0.8549999594688416
6,1332738052,1500,1.0,0.8549999594688416
6,1332738052,1510,1.0,0.875
6,1332738052,1520,1.0,0.8650000095367432
6,1332738052,1530,1.0,0.8700000047683716
6,1332738052,1540,1.0,0.8849999904632568
6,1332738052,1550,1.0,0.8849999904632568
6,1332738052,1560,1.0,0.8849999904632568
6,1332738052,1570,1.0,0.8949999809265137
6,1332738052,1580,1.0,0.9049999713897705
6,1332738052,1590,1.0,0.8949999809265137
6,1332738052,1600,1.0,0.8999999761581421
6,1332738052,1610,1.0,0.9099999666213989
6,1332738052,1620,1.0,0.8999999761581421
6,1332738052,1630,1.0,0.9099999666213989
6,1332738052,1640,1.0,0.9149999618530273
6,1332738052,1650,1.0,0.9199999570846558
6,1332738052,1660,1.0,0.9199999570846558
6,1332738052,1670,1.0,0.9249999523162842
6,1332738052,1680,1.0,0.9300000071525574
6,1332738052,1690,1.0,0.9350000023841858
6,1332738052,1700,1.0,0.9300000071525574
6,1332738052,1710,1.0,0.9300000071525574
6,1332738052,1720,1.0,0.9399999976158142
6,1332738052,1730,1.0,0.9449999928474426
6,1332738052,1740,1.0,0.9399999976158142
6,1332738052,1750,1.0,0.9449999928474426
6,1332738052,1760,1.0,0.9549999833106995
6,1332738052,1770,1.0,0.9549999833106995
6,1332738052,1780,1.0,0.949999988079071
6,1332738052,1790,1.0,0.9649999737739563
6,1332738052,1800,1.0,0.9649999737739563
6,1332738052,1810,1.0,0.9649999737739563
6,1332738052,1820,1.0,0.9699999690055847
6,1332738052,1830,1.0,0.9749999642372131
6,1332738052,1840,1.0,0.9749999642372131
6,1332738052,1850,1.0,0.98499995470047
6,1332738052,1860,1.0,0.9799999594688416
6,1332738052,1870,1.0,0.98499995470047
6,1332738052,1880,1.0,0.98499995470047
6,1332738052,1890,1.0,0.98499995470047
6,1332738052,1900,1.0,0.98499995470047
6,1332738052,1910,1.0,0.98499995470047
6,1332738052,1920,1.0,0.98499995470047
6,1332738052,1930,1.0,0.9899999499320984
6,1332738052,1940,1.0,0.98499995470047
6,1332738052,1950,1.0,0.98499995470047
6,1332738052,1960,1.0,0.9899999499320984
6,1332738052,1970,1.0,0.98499995470047
6,1332738052,1980,1.0,0.9899999499320984
6,1332738052,1990,1.0,0.9899999499320984
6,1332738052,2000,1.0,0.9899999499320984
6,1332738052,2010,1.0,0.9899999499320984
6,1332738052,2020,1.0,0.9899999499320984
6,1332738052,2030,1.0,0.9899999499320984
6,1332738052,2040,1.0,0.9950000047683716
6,1332738052,2050,1.0,0.9950000047683716
6,1332738052,2060,1.0,1.0
6,1332738052,2070,1.0,0.9950000047683716
6,1332738052,2080,1.0,1.0
6,1332738052,2090,1.0,1.0
6,1332738052,2100,1.0,1.0
6,1332738052,2110,1.0,1.0
6,1332738052,2120,1.0,1.0
6,1332738052,2130,1.0,1.0
6,1332738052,2140,1.0,1.0
6,1332738052,2150,1.0,1.0
6,1332738052,2160,1.0,1.0
6,1332738052,2170,1.0,1.0
6,1332738052,2180,1.0,1.0
6,1332738052,2190,1.0,1.0
6,1332738052,2200,1.0,1.0
6,1332738052,2210,1.0,1.0
6,1332738052,2220,1.0,1.0
6,1332738052,2230,1.0,1.0
6,1332738052,2240,1.0,1.0
6,1332738052,2250,1.0,1.0
6,1332738052,2260,1.0,1.0
6,1332738052,2270,1.0,1.0
6,1332738052,2280,1.0,1.0
6,1332738052,2290,1.0,1.0
6,1332738052,2300,1.0,1.0
6,1332738052,2310,1.0,1.0
6,1332738052,2320,1.0,1.0
6,1332738052,2330,1.0,1.0
6,1332738052,2340,1.0,1.0
6,1332738052,2350,1.0,1.0
6,1332738052,2360,1.0,1.0
6,1332738052,2370,1.0,1.0
6,1332738052,2380,1.0,1.0
6,1332738052,2390,1.0,1.0
6,1332738052,2400,1.0,1.0
6,1332738052,2410,1.0,1.0
6,1332738052,2420,1.0,1.0
6,1332738052,2430,1.0,1.0
6,1332738052,2440,1.0,1.0
6,1332738052,2450,1.0,1.0
6,1332738052,2460,1.0,1.0
6,1332738052,2470,1.0,1.0
6,1332738052,2480,1.0,1.0
6,1332738052,2490,1.0,1.0
6,1332738052,2500,1.0,1.0
6,1332738052,2510,1.0,1.0
6,1332738052,2520,1.0,1.0
6,1332738052,2530,1.0,1.0
6,1332738052,2540,1.0,1.0
6,1332738052,2550,1.0,1.0
6,1332738052,2560,1.0,1.0
6,1332738052,2570,1.0,1.0
6,1332738052,2580,1.0,1.0
6,1332738052,2590,1.0,1.0
6,1332738052,2600,1.0,1.0
6,1332738052,2610,1.0,1.0
6,1332738052,2620,1.0,1.0
6,1332738052,2630,1.0,1.0
6,1332738052,2640,1.0,1.0
6,1332738052,2650,1.0,1.0
6,1332738052,2660,1.0,1.0
6,1332738052,2670,1.0,1.0
6,1332738052,2680,1.0,1.0
6,1332738052,2690,1.0,1.0
6,1332738052,2700,1.0,1.0
6,1332738052,2710,1.0,1.0
6,1332738052,2720,1.0,1.0
6,1332738052,2730,1.0,1.0
6,1332738052,2740,1.0,1.0
6,1332738052,2750,1.0,1.0
6,1332738052,2760,1.0,1.0
6,1332738052,2770,1.0,1.0
6,1332738052,2780,1.0,1.0
6,1332738052,2790,1.0,1.0
6,1332738052,2800,1.0,1.0
6,1332738052,2810,1.0,1.0
6,1332738052,2820,1.0,1.0
6,1332738052,2830,1.0,1.0
6,1332738052,2840,1.0,1.0
6,1332738052,2850,1.0,1.0
6,1332738052,2860,1.0,1.0
6,1332738052,2870,1.0,1.0
6,1332738052,2880,1.0,1.0
6,1332738052,2890,1.0,1.0
6,1332738052,2900,1.0,1.0
6,1332738052,2910,1.0,1.0
6,1332738052,2920,1.0,1.0
6,1332738052,2930,1.0,1.0
6,1332738052,2940,1.0,1.0
6,1332738052,2950,1.0,1.0
6,1332738052,2960,1.0,1.0
6,1332738052,2970,1.0,1.0
6,1332738052,2980,1.0,1.0
6,1332738052,2990,1.0,1.0
6,1332738052,3000,1.0,1.0
6,1332738052,3010,1.0,1.0
6,1332738052,3020,1.0,1.0
6,1332738052,3030,1.0,1.0
6,1332738052,3040,1.0,1.0
6,1332738052,3050,1.0,1.0
6,1332738052,3060,1.0,1.0
6,1332738052,3070,1.0,1.0
6,1332738052,3080,1.0,1.0
6,1332738052,3090,1.0,1.0
6,1332738052,3100,1.0,1.0
6,1332738052,3110,1.0,1.0
6,1332738052,3120,1.0,1.0
6,1332738052,3130,1.0,1.0
6,1332738052,3140,1.0,1.0
6,1332738052,3150,1.0,1.0
6,1332738052,3160,1.0,1.0
6,1332738052,3170,1.0,1.0
6,1332738052,3180,1.0,1.0
6,1332738052,3190,1.0,1.0
6,1332738052,3200,1.0,1.0
6,1332738052,3210,1.0,1.0
6,1332738052,3220,1.0,1.0
6,1332738052,3230,1.0,1.0
6,1332738052,3240,1.0,1.0
6,1332738052,3250,1.0,1.0
6,1332738052,3260,1.0,1.0
6,1332738052,3270,1.0,1.0
6,1332738052,3280,1.0,1.0
6,1332738052,3290,1.0,1.0
6,1332738052,3300,1.0,1.0
6,1332738052,3310,1.0,1.0
6,1332738052,3320,1.0,1.0
6,1332738052,3330,1.0,1.0
6,1332738052,3340,1.0,1.0
6,1332738052,3350,1.0,1.0
6,1332738052,3360,1.0,1.0
6,1332738052,3370,1.0,1.0
6,1332738052,3380,1.0,1.0
6,1332738052,3390,1.0,1.0
6,1332738052,3400,1.0,1.0
6,1332738052,3410,1.0,1.0
6,1332738052,3420,1.0,1.0
6,1332738052,3430,1.0,1.0
6,1332738052,3440,1.0,1.0
6,1332738052,3450,1.0,1.0
6,1332738052,3460,1.0,1.0
6,1332738052,3470,1.0,1.0
6,1332738052,3480,1.0,1.0
6,1332738052,3490,1.0,1.0
6,1332738052,3500,1.0,1.0
6,1332738052,3510,1.0,1.0
6,1332738052,3520,1.0,1.0
6,1332738052,3530,1.0,1.0
6,1332738052,3540,1.0,1.0
6,1332738052,3550,1.0,1.0
6,1332738052,3560,1.0,1.0
6,1332738052,3570,1.0,1.0
6,1332738052,3580,1.0,1.0
6,1332738052,3590,1.0,1.0
6,1332738052,3600,1.0,1.0
6,1332738052,3610,1.0,1.0
6,1332738052,3620,1.0,1.0
6,1332738052,3630,1.0,1.0
6,1332738052,3640,1.0,1.0
6,1332738052,3650,1.0,1.0
6,1332738052,3660,1.0,1.0
6,1332738052,3670,1.0,1.0
6,1332738052,3680,0.9950000047683716,1.0
6,1332738052,3690,0.9899999499320984,1.0
6,1332738052,3700,0.9899999499320984,1.0
6,1332738052,3710,0.9899999499320984,1.0
6,1332738052,3720,0.9899999499320984,1.0
6,1332738052,3730,0.9899999499320984,1.0
6,1332738052,3740,0.9899999499320984,1.0
6,1332738052,3750,0.9899999499320984,1.0
6,1332738052,3760,0.9899999499320984,1.0
6,1332738052,3770,0.9899999499320984,1.0
6,1332738052,3780,0.98499995470047,1.0
6,1332738052,3790,0.9799999594688416,1.0
6,1332738052,3800,0.9799999594688416,1.0
6,1332738052,3810,0.9799999594688416,1.0
6,1332738052,3820,0.9799999594688416,1.0
6,1332738052,3830,0.9799999594688416,1.0
6,1332738052,3840,0.9799999594688416,1.0
6,1332738052,3850,0.9799999594688416,1.0
6,1332738052,3860,0.9799999594688416,1.0
6,1332738052,3870,0.9799999594688416,1.0
6,1332738052,3880,0.9799999594688416,1.0
6,1332738052,3890,0.9799999594688416,1.0
6,1332738052,3900,0.9799999594688416,1.0
6,1332738052,3910,0.9749999642372131,1.0
6,1332738052,3920,0.9699999690055847,1.0
6,1332738052,3930,0.9699999690055847,1.0
6,1332738052,3940,0.9699999690055847,1.0
6,1332738052,3950,0.9699999690055847,1.0
6,1332738052,3960,0.9699999690055847,1.0
6,1332738052,3970,0.9699999690055847,1.0
6,1332738052,3980,0.9699999690055847,1.0
6,1332738052,3990,0.9699999690055847,1.0
6,1332738052,4000,0.9749999642372131,1.0
6,1332738052,4010,0.9749999642372131,1.0
6,1332738052,4020,0.9749999642372131,1.0
6,1332738052,4030,0.9749999642372131,1.0
6,1332738052,4040,0.9749999642372131,1.0
6,1332738052,4050,0.9799999594688416,1.0
6,1332738052,4060,0.9799999594688416,1.0
6,1332738052,4070,0.9799999594688416,1.0
6,1332738052,4080,0.9799999594688416,1.0
6,1332738052,4090,0.9799999594688416,1.0
6,1332738052,4100,0.9799999594688416,1.0
6,1332738052,4110,0.9799999594688416,1.0
6,1332738052,4120,0.9799999594688416,1.0
6,1332738052,4130,0.9799999594688416,1.0
6,1332738052,4140,0.98499995470047,1.0
6,1332738052,4150,0.98499995470047,1.0
6,1332738052,4160,0.98499995470047,1.0
6,1332738052,4170,0.98499995470047,1.0
6,1332738052,4180,0.98499995470047,1.0
6,1332738052,4190,0.98499995470047,1.0
6,1332738052,4200,0.98499995470047,1.0
6,1332738052,4210,0.98499995470047,1.0
6,1332738052,4220,0.9950000047683716,1.0
6,1332738052,4230,1.0,1.0
6,1332738052,4240,1.0,1.0
6,1332738052,4250,1.0,1.0
6,1332738052,4260,1.0,1.0
6,1332738052,4270,1.0,1.0
6,1332738052,4280,1.0,1.0
6,1332738052,4290,1.0,1.0
6,1332738052,4300,1.0,1.0
6,1332738052,4310,1.0,1.0
6,1332738052,4320,1.0,1.0
6,1332738052,4330,1.0,1.0
6,1332738052,4340,1.0,1.0
6,1332738052,4350,1.0,1.0
6,1332738052,4360,1.0,1.0
6,1332738052,4370,1.0,1.0
6,1332738052,4380,1.0,1.0
6,1332738052,4390,1.0,1.0
6,1332738052,4400,1.0,1.0
6,1332738052,4410,1.0,1.0
6,1332738052,4420,1.0,1.0
6,1332738052,4430,1.0,1.0
6,1332738052,4440,1.0,1.0
6,1332738052,4450,1.0,1.0
6,1332738052,4460,1.0,1.0
6,1332738052,4470,1.0,1.0
6,1332738052,4480,1.0,1.0
6,1332738052,4490,1.0,1.0
6,1332738052,4500,1.0,1.0
6,1332738052,4510,1.0,1.0
6,1332738052,4520,1.0,1.0
6,1332738052,4530,1.0,1.0
6,1332738052,4540,1.0,1.0
6,1332738052,4550,1.0,1.0
6,1332738052,4560,1.0,1.0
6,1332738052,4570,1.0,1.0
6,1332738052,4580,1.0,1.0
6,1332738052,4590,1.0,1.0
6,1332738052,4600,1.0,1.0
6,1332738052,4610,1.0,1.0
6,1332738052,4620,1.0,1.0
6,1332738052,4630,1.0,1.0
6,1332738052,4640,1.0,1.0
6,1332738052,4650,1.0,1.0
6,1332738052,4660,1.0,1.0
6,1332738052,4670,1.0,1.0
6,1332738052,4680,1.0,1.0
6,1332738052,4690,1.0,1.0
6,1332738052,4700,1.0,1.0
6,1332738052,4710,1.0,1.0
6,1332738052,4720,1.0,1.0
6,1332738052,4730,1.0,1.0
6,1332738052,4740,1.0,1.0
6,1332738052,4750,1.0,1.0
6,1332738052,4760,1.0,1.0
6,1332738052,4770,1.0,1.0
6,1332738052,4780,1.0,1.0
6,1332738052,4790,1.0,1.0
6,1332738052,4800,1.0,1.0
6,1332738052,4810,1.0,1.0
6,1332738052,4820,1.0,1.0
6,1332738052,4830,1.0,1.0
6,1332738052,4840,1.0,1.0
6,1332738052,4850,1.0,1.0
6,1332738052,4860,1.0,1.0
6,1332738052,4870,1.0,1.0
6,1332738052,4880,1.0,1.0
6,1332738052,4890,1.0,1.0
6,1332738052,4900,1.0,1.0
6,1332738052,4910,1.0,1.0
6,1332738052,4920,1.0,1.0
6,1332738052,4930,1.0,1.0
6,1332738052,4940,1.0,1.0
6,1332738052,4950,1.0,1.0
6,1332738052,4960,1.0,1.0
6,1332738052,4970,1.0,1.0
6,1332738052,4980,1.0,1.0
6,1332738052,4990,1.0,1.0
6,1332738052,5000,1.0,1.0
7,1574067317,0,0.5699999928474426,0.5049999952316284
7,1574067317,10,0.5799999833106995,0.5049999952316284
7,1574067317,20,0.6449999809265137,0.5
7,1574067317,30,0.6850000023841858,0.5
7,1574067317,40,0.75,0.4949999749660492
7,1574067317,50,0.7799999713897705,0.5
7,1574067317,60,0.824999988079071,0.5099999904632568
7,1574067317,70,0.8650000095367432,0.5049999952316284
7,1574067317,80,0.8799999952316284,0.5149999856948853
7,1574067317,90,0.8949999809265137,0.5249999761581421
7,1574067317,100,0.8999999761581421,0.5199999809265137
7,1574067317,110,0.9300000071525574,0.5199999809265137
7,1574067317,120,0.9399999976158142,0.5249999761581421
7,1574067317,130,0.9649999737739563,0.5249999761581421
7,1574067317,140,0.9749999642372131,0.5399999618530273
7,1574067317,150,0.98499995470047,0.5349999666213989
7,1574067317,160,0.9899999499320984,0.5349999666213989
7,1574067317,170,0.9899999499320984,0.5399999618530273
7,1574067317,180,0.9899999499320984,0.5399999618530273
7,1574067317,190,0.9950000047683716,0.5399999618530273
7,1574067317,200,1.0,0.5600000023841858
7,1574067317,210,1.0,0.5450000166893005
7,1574067317,220,1.0,0.5550000071525574
7,1574067317,230,1.0,0.5649999976158142
7,1574067317,240,1.0,0.550000011920929
7,1574067317,250,1.0,0.5550000071525574
7,1574067317,260,1.0,0.5600000023841858
7,1574067317,270,1.0,0.5600000023841858
7,1574067317,280,1.0,0.5799999833106995
7,1574067317,290,1.0,0.574999988079071
7,1574067317,300,1.0,0.574999988079071
7,1574067317,310,1.0,0.5649999976158142
7,1574067317,320,1.0,0.5949999690055847
7,1574067317,330,1.0,0.5649999976158142
7,1574067317,340,1.0,0.5799999833106995
7,1574067317,350,1.0,0.5849999785423279
7,1574067317,360,1.0,0.5849999785423279
7,1574067317,370,1.0,0.5849999785423279
7,1574067317,380,1.0,0.5949999690055847
7,1574067317,390,1.0,0.6049999594688416
7,1574067317,400,1.0,0.5949999690055847
7,1574067317,410,1.0,0.6100000143051147
7,1574067317,420,1.0,0.6150000095367432
7,1574067317,430,1.0,0.5949999690055847
7,1574067317,440,1.0,0.6150000095367432
7,1574067317,450,1.0,0.5999999642372131
7,1574067317,460,1.0,0.5999999642372131
7,1574067317,470,1.0,0.6200000047683716
7,1574067317,480,1.0,0.5999999642372131
7,1574067317,490,1.0,0.6200000047683716
7,1574067317,500,1.0,0.6150000095367432
7,1574067317,510,1.0,0.625
7,1574067317,520,1.0,0.625
7,1574067317,530,1.0,0.6100000143051147
7,1574067317,540,1.0,0.6200000047683716
7,1574067317,550,1.0,0.6100000143051147
7,1574067317,560,1.0,0.6200000047683716
7,1574067317,570,1.0,0.6049999594688416
7,1574067317,580,1.0,0.6200000047683716
7,1574067317,590,1.0,0.625
7,1574067317,600,1.0,0.6349999904632568
7,1574067317,610,1.0,0.6299999952316284
7,1574067317,620,1.0,0.625
7,1574067317,630,1.0,0.6150000095367432
7,1574067317,640,1.0,0.625
7,1574067317,650,1.0,0.6150000095367432
7,1574067317,660,1.0,0.6349999904632568
7,1574067317,670,1.0,0.625
7,1574067317,680,1.0,0.6399999856948853
7,1574067317,690,1.0,0.6349999904632568
7,1574067317,700,1.0,0.6399999856948853
7,1574067317,710,1.0,0.6449999809265137
7,1574067317,720,1.0,0.6349999904632568
7,1574067317,730,1.0,0.6549999713897705
7,1574067317,740,1.0,0.6549999713897705
7,1574067317,750,1.0,0.6449999809265137
7,1574067317,760,1.0,0.6399999856948853
7,1574067317,770,1.0,0.6499999761581421
7,1574067317,780,1.0,0.6449999809265137
7,1574067317,790,1.0,0.6549999713897705
7,1574067317,800,1.0,0.6449999809265137
7,1574067317,810,1.0,0.6649999618530273
7,1574067317,820,1.0,0.6449999809265137
7,1574067317,830,1.0,0.6699999570846558
7,1574067317,840,1.0,0.6599999666213989
7,1574067317,850,1.0,0.6649999618530273
7,1574067317,860,1.0,0.675000011920929
7,1574067317,870,1.0,0.6599999666213989
7,1574067317,880,1.0,0.6699999570846558
7,1574067317,890,1.0,0.6800000071525574
7,1574067317,900,1.0,0.6800000071525574
7,1574067317,910,1.0,0.7049999833106995
7,1574067317,920,1.0,0.6949999928474426
7,1574067317,930,1.0,0.7099999785423279
7,1574067317,940,1.0,0.6899999976158142
7,1574067317,950,1.0,0.7099999785423279
7,1574067317,960,1.0,0.6699999570846558
7,1574067317,970,1.0,0.7049999833106995
7,1574067317,980,1.0,0.7049999833106995
7,1574067317,990,1.0,0.7049999833106995
7,1574067317,1000,1.0,0.7099999785423279
7,1574067317,1010,1.0,0.7049999833106995
7,1574067317,1020,1.0,0.7049999833106995
7,1574067317,1030,1.0,0.7400000095367432
7,1574067317,1040,1.0,0.73499995470047
7,1574067317,1050,1.0,0.7450000047683716
7,1574067317,1060,1.0,0.7249999642372131
7,1574067317,1070,1.0,0.75
7,1574067317,1080,1.0,0.75
7,1574067317,1090,1.0,0.7549999952316284
7,1574067317,1100,1.0,0.7549999952316284
7,1574067317,1110,1.0,0.7749999761581421
7,1574067317,1120,1.0,0.7599999904632568
7,1574067317,1130,1.0,0.7799999713897705
7,1574067317,1140,1.0,0.7849999666213989
7,1574067317,1150,1.0,0.7799999713897705
7,1574067317,1160,1.0,0.7549999952316284
7,1574067317,1170,1.0,0.7749999761581421
7,1574067317,1180,1.0,0.7849999666213989
7,1574067317,1190,1.0,0.7849999666213989
7,1574067317,1200,1.0,0.8100000023841858
7,1574067317,1210,1.0,0.7999999523162842
7,1574067317,1220,1.0,0.8050000071525574
7,1574067317,1230,1.0,0.8050000071525574
7,1574067317,1240,1.0,0.8100000023841858
7,1574067317,1250,1.0,0.8050000071525574
7,1574067317,1260,1.0,0.8050000071525574
7,1574067317,1270,1.0,0.8100000023841858
7,1574067317,1280,1.0,0.8100000023841858
7,1574067317,1290,1.0,0.8050000071525574
7,1574067317,1300,1.0,0.824999988079071
7,1574067317,1310,1.0,0.8149999976158142
7,1574067317,1320,1.0,0.8299999833106995
7,1574067317,1330,1.0,0.824999988079071
7,1574067317,1340,1.0,0.8299999833106995
7,1574067317,1350,1.0,0.8349999785423279
7,1574067317,1360,1.0,0.8349999785423279
7,1574067317,1370,1.0,0.8399999737739563
7,1574067317,1380,1.0,0.8399999737739563
7,1574067317,1390,1.0,0.8449999690055847
7,1574067317,1400,1.0,0.8399999737739563
7,1574067317,1410,1.0,0.8549999594688416
7,1574067317,1420,1.0,0.8499999642372131
7,1574067317,1430,1.0,0.8549999594688416
7,1574067317,1440,1.0,0.8650000095367432
7,1574067317,1450,1.0,0.8650000095367432
7,1574067317,1460,1.0,0.8549999594688416
7,1574067317,1470,1.0,0.85999995470047
7,1574067317,1480,1.0,0.875
7,1574067317,1490,1.0,0.875
7,1574067317,1500,1.0,0.8650000095367432
7,1574067317,1510,1.0,0.8849999904632568
7,1574067317,1520,1.0,0.8799999952316284
7,1574067317,1530,1.0,0.8899999856948853
7,1574067317,1540,1.0,0.8899999856948853
7,1574067317,1550,1.0,0.8899999856948853
7,1574067317,1560,1.0,0.8799999952316284
7,1574067317,1570,1.0,0.875
7,1574067317,1580,1.0,0.8799999952316284
7,1574067317,1590,1.0,0.8799999952316284
7,1574067317,1600,1.0,0.8799999952316284
7,1574067317,1610,1.0,0.8650000095367432
7,1574067317,1620,1.0,0.8799999952316284
7,1574067317,1630,1.0,0.8849999904632568
7,1574067317,1640,1.0,0.8899999856948853
7,1574067317,1650,1.0,0.8849999904632568
7,1574067317,1660,1.0,0.8849999904632568
7,1574067317,1670,1.0,0.8849999904632568
7,1574067317,1680,1.0,0.8849999904632568
7,1574067317,1690,1.0,0.8899999856948853
7,1574067317,1700,1.0,0.8799999952316284
7,1574067317,1710,1.0,0.8899999856948853
7,1574067317,1720,1.0,0.8799999952316284
7,1574067317,1730,1.0,0.8899999856948853
7,1574067317,1740,1.0,0.8999999761581421
7,1574067317,1750,1.0,0.8899999856948853
7,1574067317,1760,1.0,0.8899999856948853
7,1574067317,1770,1.0,0.8949999809265137
7,1574067317,1780,1.0,0.8949999809265137
7,1574067317,1790,1.0,0.9049999713897705
7,1574067317,1800,1.0,0.9049999713897705
7,1574067317,1810,1.0,0.8999999761581421
7,1574067317,1820,1.0,0.8949999809265137
7,1574067317,1830,1.0,0.8999999761581421
7,1574067317,1840,1.0,0.9049999713897705
7,1574067317,1850,1.0,0.8999999761581421
7,1574067317,1860,1.0,0.8949999809265137
7,1574067317,1870,1.0,0.9099999666213989
7,1574067317,1880,1.0,0.8999999761581421
7,1574067317,1890,1.0,0.9099999666213989
7,1574067317,1900,1.0,0.9099999666213989
7,1574067317,1910,1.0,0.9199999570846558
7,1574067317,1920,1.0,0.9249999523162842
7,1574067317,1930,1.0,0.9199999570846558
7,1574067317,1940,1.0,0.9350000023841858
7,1574067317,1950,1.0,0.9199999570846558
7,1574067317,1960,1.0,0.9300000071525574
7,1574067317,1970,1.0,0.9249999523162842
7,1574067317,1980,1.0,0.9399999976158142
7,1574067317,1990,1.0,0.9399999976158142
7,1574067317,2000,1.0,0.9449999928474426
7,1574067317,2010,1.0,0.949999988079071
7,1574067317,2020,1.0,0.9399999976158142
7,1574067317,2030,1.0,0.9449999928474426
7,1574067317,2040,1.0,0.9449999928474426
7,1574067317,2050,1.0,0.9399999976158142
7,1574067317,2060,1.0,0.949999988079071
7,1574067317,2070,1.0,0.9549999833106995
7,1574067317,2080,1.0,0.9549999833106995
7,1574067317,2090,1.0,0.9699999690055847
7,1574067317,2100,1.0,0.9699999690055847
7,1574067317,2110,1.0,0.9699999690055847
7,1574067317,2120,1.0,0.9699999690055847
7,1574067317,2130,1.0,0.9699999690055847
7,1574067317,2140,1.0,0.9699999690055847
7,1574067317,2150,1.0,0.9699999690055847
7,1574067317,2160,1.0,0.9699999690055847
7,1574067317,2170,1.0,0.9699999690055847
7,1574067317,2180,1.0,0.9699999690055847
7,1574067317,2190,1.0,0.9699999690055847
7,1574067317,2200,1.0,0.9699999690055847
7,1574067317,2210,1.0,0.9699999690055847
7,1574067317,2220,1.0,0.9749999642372131
7,1574067317,2230,1.0,0.9749999642372131
7,1574067317,2240,1.0,0.9799999594688416
7,1574067317,2250,1.0,0.9799999594688416
7,1574067317,2260,1.0,0.9799999594688416
7,1574067317,2270,1.0,0.98499995470047
7,1574067317,2280,1.0,0.98499995470047
7,1574067317,2290,1.0,0.9899999499320984
7,1574067317,2300,1.0,0.9899999499320984
7,1574067317,2310,1.0,0.9950000047683716
7,1574067317,2320,1.0,0.9950000047683716
7,1574067317,2330,1.0,0.9950000047683716
7,1574067317,2340,1.0,0.9950000047683716
7,1574067317,2350,1.0,0.9899999499320984
7,1574067317,2360,1.0,0.9899999499320984
7,1574067317,2370,1.0,0.9950000047683716
7,1574067317,2380,1.0,0.9950000047683716
7,1574067317,2390,1.0,0.9950000047683716
7,1574067317,2400,1.0,0.9950000047683716
7,1574067317,2410,1.0,0.9950000047683716
7,1574067317,2420,1.0,0.9950000047683716
7,1574067317,2430,1.0,0.9950000047683716
7,1574067317,2440,1.0,0.9950000047683716
7,1574067317,2450,1.0,0.9950000047683716
7,1574067317,2460,1.0,0.9950000047683716
7,1574067317,2470,1.0,0.9950000047683716
7,1574067317,2480,1.0,0.9950000047683716
7,1574067317,2490,1.0,0.9950000047683716
7,1574067317,2500,1.0,0.9950000047683716
7,1574067317,2510,1.0,0.9950000047683716
7,1574067317,2520,1.0,0.9950000047683716
7,1574067317,2530,1.0,0.9950000047683716
7,1574067317,2540,1.0,0.9950000047683716
7,1574067317,2550,1.0,0.9950000047683716
7,1574067317,2560,1.0,0.9950000047683716
7,1574067317,2570,1.0,0.9950000047683716
7,1574067317,2580,1.0,0.9950000047683716
7,1574067317,2590,1.0,0.9950000047683716
7,1574067317,2600,1.0,0.9950000047683716
7,1574067317,2610,1.0,0.9950000047683716
7,1574067317,2620,1.0,0.9950000047683716
7,1574067317,2630,1.0,0.9950000047683716
7,1574067317,2640,1.0,0.9950000047683716
7,1574067317,2650,1.0,0.9950000047683716
7,1574067317,2660,1.0,0.9950000047683716
7,1574067317,2670,1.0,0.9950000047683716
7,1574067317,2680,1.0,0.9950000047683716
7,1574067317,2690,1.0,0.9950000047683716
7,1574067317,2700,1.0,0.9950000047683716
7,1574067317,2710,1.0,0.9950000047683716
7,1574067317,2720,1.0,0.9950000047683716
7,1574067317,2730,1.0,1.0
7,1574067317,2740,1.0,0.9950000047683716
7,1574067317,2750,1.0,1.0
7,1574067317,2760,1.0,1.0
7,1574067317,2770,1.0,1.0
7,1574067317,2780,1.0,1.0
7,1574067317,2790,1.0,1.0
7,1574067317,2800,1.0,1.0
7,1574067317,2810,1.0,1.0
7,1574067317,2820,1.0,1.0
7,1574067317,2830,1.0,1.0
7,1574067317,2840,1.0,1.0
7,1574067317,2850,1.0,1.0
7,1574067317,2860,1.0,1.0
7,1574067317,2870,1.0,1.0
7,1574067317,2880,1.0,1.0
7,1574067317,2890,1.0,1.0
7,1574067317,2900,1.0,1.0
7,1574067317,2910,1.0,1.0
7,1574067317,2920,1.0,1.0
7,1574067317,2930,1.0,1.0
7,1574067317,2940,1.0,1.0
7,1574067317,2950,1.0,1.0
7,1574067317,2960,1.0,1.0
7,1574067317,2970,1.0,1.0
7,1574067317,2980,1.0,1.0
7,1574067317,2990,1.0,1.0
7,1574067317,3000,1.0,1.0
7,1574067317,3010,1.0,1.0
7,1574067317,3020,1.0,1.0
7,1574067317,3030,1.0,1.0
7,1574067317,3040,1.0,1.0
7,1574067317,3050,1.0,1.0
7,1574067317,3060,1.0,1.0
7,1574067317,3070,1.0,1.0
7,1574067317,3080,1.0,1.0
7,1574067317,3090,1.0,1.0
7,1574067317,3100,1.0,1.0
7,1574067317,3110,1.0,1.0
7,1574067317,3120,1.0,1.0
7,1574067317,3130,1.0,1.0
7,1574067317,3140,1.0,1.0
7,1574067317,3150,1.0,1.0
7,1574067317,3160,1.0,1.0
7,1574067317,3170,1.0,1.0
7,1574067317,3180,1.0,1.0
7,1574067317,3190,1.0,1.0
7,1574067317,3200,1.0,1.0
7,1574067317,3210,1.0,1.0
7,1574067317,3220,1.0,1.0
7,1574067317,3230,1.0,1.0
7,1574067317,3240,1.0,1.0
7,1574067317,3250,1.0,1.0
7,1574067317,3260,1.0,1.0
7,1574067317,3270,1.0,1.0
7,1574067317,3280,1.0,1.0
7,1574067317,3290,1.0,1.0
7,1574067317,3300,1.0,1.0
7,1574067317,3310,1.0,1.0
7,1574067317,3320,1.0,1.0
7,1574067317,3330,1.0,1.0
7,1574067317,3340,1.0,1.0
7,1574067317,3350,1.0,1.0
7,1574067317,3360,1.0,1.0
7,1574067317,3370,1.0,1.0
7,1574067317,3380,1.0,1.0
7,1574067317,3390,1.0,1.0
7,1574067317,3400,1.0,1.0
7,1574067317,3410,1.0,1.0
7,1574067317,3420,1.0,1.0
7,1574067317,3430,1.0,1.0
7,1574067317,3440,1.0,1.0
7,1574067317,3450,1.0,1.0
7,1574067317,3460,1.0,1.0
7,1574067317,3470,1.0,1.0
7,1574067317,3480,1.0,1.0
7,1574067317,3490,1.0,1.0
7,1574067317,3500,1.0,1.0
7,1574067317,3510,1.0,1.0
7,1574067317,3520,1.0,1.0
7,1574067317,3530,1.0,1.0
7,1574067317,3540,1.0,1.0
7,1574067317,3550,1.0,1.0
7,1574067317,3560,1.0,1.0
7,1574067317,3570,1.0,1.0
7,1574067317,3580,1.0,1.0
7,1574067317,3590,1.0,1.0
7,1574067317,3600,1.0,1.0
7,1574067317,3610,1.0,1.0
7,1574067317,3620,1.0,1.0
7,1574067317,3630,1.0,1.0
7,1574067317,3640,1.0,1.0
7,1574067317,3650,1.0,1.0
7,1574067317,3660,1.0,1.0
7,1574067317,3670,1.0,1.0
7,1574067317,3680,1.0,1.0
7,1574067317,3690,0.9950000047683716,1.0
7,1574067317,3700,0.9950000047683716,1.0
7,1574067317,3710,0.9950000047683716,1.0
7,1574067317,3720,0.9950000047683716,1.0
7,1574067317,3730,0.9950000047683716,1.0
7,1574067317,3740,0.9950000047683716,1.0
7,1574067317,3750,0.9899999499320984,1.0
7,1574067317,3760,0.9899999499320984,1.0
7,1574067317,3770,0.9899999499320984,1.0
7,1574067317,3780,0.9899999499320984,1.0
7,1574067317,3790,0.9899999499320984,1.0
7,1574067317,3800,0.9899999499320984,1.0
7,1574067317,3810,0.9799999594688416,1.0
7,1574067317,3820,0.9799999594688416,1.0
7,1574067317,3830,0.9749999642372131,1.0
7,1574067317,3840,0.9749999642372131,1.0
7,1574067317,3850,0.9749999642372131,1.0
7,1574067317,3860,0.9749999642372131,1.0
7,1574067317,3870,0.9749999642372131,1.0
7,1574067317,3880,0.9749999642372131,1.0
7,1574067317,3890,0.9749999642372131,1.0
7,1574067317,3900,0.9749999642372131,1.0
7,1574067317,3910,0.9749999642372131,1.0
7,1574067317,3920,0.9749999642372131,1.0
7,1574067317,3930,0.9749999642372131,1.0
7,1574067317,3940,0.9749999642372131,1.0
7,1574067317,3950,0.9749999642372131,1.0
7,1574067317,3960,0.9749999642372131,1.0
7,1574067317,3970,0.9749999642372131,1.0
7,1574067317,3980,0.9749999642372131,1.0
7,1574067317,3990,0.9749999642372131,1.0
7,1574067317,4000,0.9749999642372131,1.0
7,1574067317,4010,0.9749999642372131,1.0
7,1574067317,4020,0.9749999642372131,1.0
7,1574067317,4030,0.9749999642372131,1.0
7,1574067317,4040,0.9749999642372131,1.0
7,1574067317,4050,0.9749999642372131,1.0
7,1574067317,4060,0.9749999642372131,1.0
7,1574067317,4070,0.9749999642372131,1.0
7,1574067317,4080,0.9749999642372131,1.0
7,1574067317,4090,0.9749999642372131,1.0
7,1574067317,4100,0.9749999642372131,1.0
7,1574067317,4110,0.9749999642372131,1.0
7,1574067317,4120,0.9749999642372131,1.0
7,1574067317,4130,0.9749999642372131,1.0
7,1574067317,4140,0.9749999642372131,1.0
7,1574067317,4150,0.9749999642372131,1.0
7,1574067317,4160,0.9749999642372131,1.0
7,1574067317,4170,0.9749999642372131,1.0
7,1574067317,4180,0.9749999642372131,1.0
7,1574067317,4190,0.9749999642372131,1.0
7,1574067317,4200,0.9749999642372131,1.0
7,1574067317,4210,0.9749999642372131,1.0
7,1574067317,4220,0.9749999642372131,1.0
7,1574067317,4230,0.9799999594688416,1.0
7,1574067317,4240,0.98499995470047,1.0
7,1574067317,4250,0.9899999499320984,1.0
7,1574067317,4260,0.9899999499320984,1.0
7,1574067317,4270,0.9899999499320984,1.0
7,1574067317,4280,0.9899999499320984,1.0
7,1574067317,4290,0.9899999499320984,1.0
7,1574067317,4300,0.9899999499320984,1.0
7,1574067317,4310,0.9899999499320984,1.0
7,1574067317,4320,0.9899999499320984,1.0
7,1574067317,4330,0.9899999499320984,1.0
7,1574067317,4340,0.9899999499320984,1.0
7,1574067317,4350,0.9899999499320984,1.0
7,1574067317,4360,0.9899999499320984,1.0
7,1574067317,4370,0.9899999499320984,1.0
7,1574067317,4380,0.9950000047683716,1.0
7,1574067317,4390,0.9950000047683716,1.0
7,1574067317,4400,0.9950000047683716,1.0
7,1574067317,4410,0.9950000047683716,1.0
7,1574067317,4420,0.9950000047683716,1.0
7,1574067317,4430,0.9950000047683716,1.0
7,1574067317,4440,0.9950000047683716,1.0
7,1574067317,4450,0.9950000047683716,1.0
7,1574067317,4460,0.9950000047683716,1.0
7,1574067317,4470,0.9950000047683716,1.0
7,1574067317,4480,0.9950000047683716,1.0
7,1574067317,4490,0.9950000047683716,1.0
7,1574067317,4500,0.9950000047683716,1.0
7,1574067317,4510,1.0,1.0
7,1574067317,4520,1.0,1.0
7,1574067317,4530,1.0,1.0
7,1574067317,4540,1.0,1.0
7,1574067317,4550,1.0,1.0
7,1574067317,4560,1.0,1.0
7,1574067317,4570,1.0,1.0
7,1574067317,4580,1.0,1.0
7,1574067317,4590,1.0,1.0
7,1574067317,4600,1.0,1.0
7,1574067317,4610,1.0,1.0
7,1574067317,4620,1.0,1.0
7,1574067317,4630,1.0,1.0
7,1574067317,4640,1.0,1.0
7,1574067317,4650,1.0,1.0
7,1574067317,4660,1.0,1.0
7,1574067317,4670,1.0,1.0
7,1574067317,4680,1.0,1.0
7,1574067317,4690,1.0,1.0
7,1574067317,4700,1.0,1.0
7,1574067317,4710,1.0,1.0
7,1574067317,4720,1.0,1.0
7,1574067317,4730,1.0,1.0
7,1574067317,4740,1.0,1.0
7,1574067317,4750,1.0,1.0
7,1574067317,4760,1.0,1.0
7,1574067317,4770,1.0,1.0
7,1574067317,4780,1.0,1.0
7,1574067317,4790,1.0,1.0
7,1574067317,4800,1.0,1.0
7,1574067317,4810,1.0,1.0
7,1574067317,4820,1.0,1.0
7,1574067317,4830,1.0,1.0
7,1574067317,4840,1.0,1.0
7,1574067317,4850,1.0,1.0
7,1574067317,4860,1.0,1.0
7,1574067317,4870,1.0,1.0
7,1574067317,4880,1.0,1.0
7,1574067317,4890,1.0,1.0
7,1574067317,4900,1.0,1.0
7,1574067317,4910,1.0,1.0
7,1574067317,4920,1.0,1.0
7,1574067317,4930,1.0,1.0
7,1574067317,4940,1.0,1.0
7,1574067317,4950,1.0,1.0
7,1574067317,4960,1.0,1.0
7,1574067317,4970,1.0,1.0
7,1574067317,4980,1.0,1.0
7,1574067317,4990,1.0,1.0
7,1574067317,5000,1.0,1.0
8,472781290,0,0.550000011920929,0.47999998927116394
8,472781290,10,0.5349999666213989,0.5349999666213989
8,472781290,20,0.5849999785423279,0.5450000166893005
8,472781290,30,0.6299999952316284,0.5349999666213989
8,472781290,40,0.6800000071525574,0.5299999713897705
8,472781290,50,0.7149999737739563,0.5349999666213989
8,472781290,60,0.75,0.5299999713897705
8,472781290,70,0.7899999618530273,0.5399999618530273
8,472781290,80,0.8349999785423279,0.5349999666213989
8,472781290,90,0.875,0.5299999713897705
8,472781290,100,0.9199999570846558,0.5450000166893005
8,472781290,110,0.9549999833106995,0.5349999666213989
8,472781290,120,0.9599999785423279,0.5349999666213989
8,472781290,130,0.9749999642372131,0.5450000166893005
8,472781290,140,0.9799999594688416,0.5399999618530273
8,472781290,150,0.9950000047683716,0.5399999618530273
8,472781290,160,0.9950000047683716,0.550000011920929
8,472781290,170,0.9950000047683716,0.550000011920929
8,472781290,180,0.9950000047683716,0.5450000166893005
8,472781290,190,0.9950000047683716,0.5450000166893005
8,472781290,200,0.9950000047683716,0.5349999666213989
8,472781290,210,0.9950000047683716,0.5450000166893005
8,472781290,220,1.0,0.5450000166893005
8,472781290,230,1.0,0.5450000166893005
8,472781290,240,1.0,0.5450000166893005
8,472781290,250,1.0,0.550000011920929
8,472781290,260,1.0,0.5450000166893005
8,472781290,270,1.0,0.550000011920929
8,472781290,280,1.0,0.5550000071525574
8,472781290,290,1.0,0.5450000166893005
8,472781290,300,1.0,0.5550000071525574
8,472781290,310,1.0,0.5550000071525574
8,472781290,320,1.0,0.5649999976158142
8,472781290,330,1.0,0.5649999976158142
8,472781290,340,1.0,0.5550000071525574
8,472781290,350,1.0,0.5649999976158142
8,472781290,360,1.0,0.5550000071525574
8,472781290,370,1.0,0.5649999976158142
8,472781290,380,1.0,0.574999988079071
8,472781290,390,1.0,0.574999988079071
8,472781290,400,1.0,0.574999988079071
8,472781290,410,1.0,0.6049999594688416
8,472781290,420,1.0,0.5699999928474426
8,472781290,430,1.0,0.5799999833106995
8,472781290,440,1.0,0.5949999690055847
8,472781290,450,1.0,0.574999988079071
8,472781290,460,1.0,0.5949999690055847
8,472781290,470,1.0,0.5899999737739563
8,472781290,480,1.0,0.6150000095367432
8,472781290,490,1.0,0.5999999642372131
8,472781290,500,1.0,0.6049999594688416
8,472781290,510,1.0,0.5949999690055847
8,472781290,520,1.0,0.6100000143051147
8,472781290,530,1.0,0.6100000143051147
8,472781290,540,1.0,0.5949999690055847
8,472781290,550,1.0,0.6049999594688416
8,472781290,560,1.0,0.5999999642372131
8,472781290,570,1.0,0.6150000095367432
8,472781290,580,1.0,0.6200000047683716
8,472781290,590,1.0,0.6150000095367432
8,472781290,600,1.0,0.6150000095367432
8,472781290,610,1.0,0.6200000047683716
8,472781290,620,1.0,0.6349999904632568
8,472781290,630,1.0,0.6299999952316284
8,472781290,640,1.0,0.6449999809265137
8,472781290,650,1.0,0.6150000095367432
8,472781290,660,1.0,0.6449999809265137
8,472781290,670,1.0,0.6299999952316284
8,472781290,680,1.0,0.6200000047683716
8,472781290,690,1.0,0.6399999856948853
8,472781290,700,1.0,0.6299999952316284
8,472781290,710,1.0,0.6499999761581421
8,472781290,720,1.0,0.6349999904632568
8,472781290,730,1.0,0.6449999809265137
8,472781290,740,1.0,0.6399999856948853
8,472781290,750,1.0,0.6499999761581421
8,472781290,760,1.0,0.625
8,472781290,770,1.0,0.6399999856948853
8,472781290,780,1.0,0.6499999761581421
8,472781290,790,1.0,0.6399999856948853
8,472781290,800,1.0,0.6549999713897705
8,472781290,810,1.0,0.6499999761581421
8,472781290,820,1.0,0.6549999713897705
8,472781290,830,1.0,0.675000011920929
8,472781290,840,1.0,0.6549999713897705
8,472781290,850,1.0,0.6699999570846558
8,472781290,860,1.0,0.6599999666213989
8,472781290,870,1.0,0.6699999570846558
8,472781290,880,1.0,0.6599999666213989
8,472781290,890,1.0,0.6449999809265137
8,472781290,900,1.0,0.6649999618530273
8,472781290,910,1.0,0.6699999570846558
8,472781290,920,1.0,0.6649999618530273
8,472781290,930,1.0,0.6649999618530273
8,472781290,940,1.0,0.6599999666213989
8,472781290,950,1.0,0.6699999570846558
8,472781290,960,1.0,0.6649999618530273
8,472781290,970,1.0,0.6649999618530273
8,472781290,980,1.0,0.6699999570846558
8,472781290,990,1.0,0.6850000023841858
8,472781290,1000,1.0,0.6549999713897705
8,472781290,1010,1.0,0.6699999570846558
8,472781290,1020,1.0,0.675000011920929
8,472781290,1030,1.0,0.6800000071525574
8,472781290,1040,1.0,0.6800000071525574
8,472781290,1050,1.0,0.6850000023841858
8,472781290,1060,1.0,0.6850000023841858
8,472781290,1070,1.0,0.6850000023841858
8,472781290,1080,1.0,0.699999988079071
8,472781290,1090,1.0,0.6899999976158142
8,472781290,1100,1.0,0.6850000023841858
8,472781290,1110,1.0,0.699999988079071
8,472781290,1120,1.0,0.7249999642372131
8,472781290,1130,1.0,0.699999988079071
8,472781290,1140,1.0,0.7299999594688416
8,472781290,1150,1.0,0.7199999690055847
8,472781290,1160,1.0,0.7199999690055847
8,472781290,1170,1.0,0.7299999594688416
8,472781290,1180,1.0,0.7400000095367432
8,472781290,1190,1.0,0.7400000095367432
8,472781290,1200,1.0,0.7549999952316284
8,472781290,1210,1.0,0.7599999904632568
8,472781290,1220,1.0,0.7450000047683716
8,472781290,1230,1.0,0.7649999856948853
8,472781290,1240,1.0,0.7649999856948853
8,472781290,1250,1.0,0.7649999856948853
8,472781290,1260,1.0,0.7999999523162842
8,472781290,1270,1.0,0.7649999856948853
8,472781290,1280,1.0,0.7649999856948853
8,472781290,1290,1.0,0.7799999713897705
8,472781290,1300,1.0,0.7799999713897705
8,472781290,1310,1.0,0.7749999761581421
8,472781290,1320,1.0,0.7799999713897705
8,472781290,1330,1.0,0.7899999618530273
8,472781290,1340,1.0,0.8050000071525574
8,472781290,1350,1.0,0.8149999976158142
8,472781290,1360,1.0,0.8149999976158142
8,472781290,1370,1.0,0.7899999618530273
8,472781290,1380,1.0,0.8050000071525574
8,472781290,1390,1.0,0.8199999928474426
8,472781290,1400,1.0,0.824999988079071
8,472781290,1410,1.0,0.7999999523162842
8,472781290,1420,1.0,0.8299999833106995
8,472781290,1430,1.0,0.8149999976158142
8,472781290,1440,1.0,0.8399999737739563
8,472781290,1450,1.0,0.8449999690055847
8,472781290,1460,1.0,0.8449999690055847
8,472781290,1470,1.0,0.8349999785423279
8,472781290,1480,1.0,0.8499999642372131
8,472781290,1490,1.0,0.8449999690055847
8,472781290,1500,1.0,0.8399999737739563
8,472781290,1510,1.0,0.85999995470047
8,472781290,1520,1.0,0.8549999594688416
8,472781290,1530,1.0,0.8650000095367432
8,472781290,1540,1.0,0.8650000095367432
8,472781290,1550,1.0,0.875
8,472781290,1560,1.0,0.8549999594688416
8,472781290,1570,1.0,0.8700000047683716
8,472781290,1580,1.0,0.8799999952316284
8,472781290,1590,1.0,0.875
8,472781290,1600,1.0,0.8849999904632568
8,472781290,1610,1.0,0.875
8,472781290,1620,1.0,0.8899999856948853
8,472781290,1630,1.0,0.8949999809265137
8,472781290,1640,1.0,0.8949999809265137
8,472781290,1650,1.0,0.8899999856948853
8,472781290,1660,1.0,0.8999999761581421
8,472781290,1670,1.0,0.8949999809265137
8,472781290,1680,1.0,0.8999999761581421
8,472781290,1690,1.0,0.9049999713897705
8,472781290,1700,1.0,0.8999999761581421
8,472781290,1710,1.0,0.8999999761581421
8,472781290,1720,1.0,0.8799999952316284
8,472781290,1730,1.0,0.9149999618530273
8,472781290,1740,1.0,0.9149999618530273
8,472781290,1750,1.0,0.9149999618530273
8,472781290,1760,1.0,0.9199999570846558
8,472781290,1770,1.0,0.9199999570846558
8,472781290,1780,1.0,0.9199999570846558
8,472781290,1790,1.0,0.9149999618530273
8,472781290,1800,1.0,0.9249999523162842
8,472781290,1810,1.0,0.9199999570846558
8,472781290,1820,1.0,0.9350000023841858
8,472781290,1830,1.0,0.9399999976158142
8,472781290,1840,1.0,0.9449999928474426
8,472781290,1850,1.0,0.9350000023841858
8,472781290,1860,1.0,0.9399999976158142
8,472781290,1870,1.0,0.9449999928474426
8,472781290,1880,1.0,0.949999988079071
8,472781290,1890,1.0,0.949999988079071
8,472781290,1900,1.0,0.949999988079071
8,472781290,1910,1.0,0.9449999928474426
8,472781290,1920,1.0,0.9449999928474426
8,472781290,1930,1.0,0.9549999833106995
8,472781290,1940,1.0,0.9549999833106995
8,472781290,1950,1.0,0.949999988079071
8,472781290,1960,1.0,0.949999988079071
8,472781290,1970,1.0,0.949999988079071
8,472781290,1980,1.0,0.949999988079071
8,472781290,1990,1.0,0.949999988079071
8,472781290,2000,1.0,0.949999988079071
8,472781290,2010,1.0,0.9549999833106995
8,472781290,2020,1.0,0.9549999833106995
8,472781290,2030,1.0,0.9549999833106995
8,472781290,2040,1.0,0.9599999785423279
8,472781290,2050,1.0,0.9649999737739563
8,472781290,2060,1.0,0.9649999737739563
8,472781290,2070,1.0,0.9649999737739563
8,472781290,2080,1.0,0.9699999690055847
8,472781290,2090,1.0,0.9699999690055847
8,472781290,2100,1.0,0.9699999690055847
8,472781290,2110,1.0,0.9699999690055847
8,472781290,2120,1.0,0.9699999690055847
8,472781290,2130,1.0,0.9699999690055847
8,472781290,2140,1.0,0.9699999690055847
8,472781290,2150,1.0,0.9699999690055847
8,472781290,2160,1.0,0.9749999642372131
8,472781290,2170,1.0,0.9749999642372131
8,472781290,2180,1.0,0.9699999690055847
8,472781290,2190,1.0,0.9799999594688416
8,472781290,2200,1.0,0.9799999594688416
8,472781290,2210,1.0,0.9799999594688416
8,472781290,2220,1.0,0.9799999594688416
8,472781290,2230,1.0,0.9799999594688416
8,472781290,2240,1.0,0.9799999594688416
8,472781290,2250,1.0,0.9799999594688416
8,472781290,2260,1.0,0.9799999594688416
8,472781290,2270,1.0,0.9799999594688416
8,472781290,2280,1.0,0.9799999594688416
8,472781290,2290,1.0,0.9799999594688416
8,472781290,2300,1.0,0.9799999594688416
8,472781290,2310,1.0,0.9799999594688416
8,472781290,2320,1.0,0.9799999594688416
8,472781290,2330,1.0,0.9799999594688416
8,472781290,2340,1.0,0.9799999594688416
8,472781290,2350,1.0,0.9799999594688416
8,472781290,2360,1.0,0.9799999594688416
8,472781290,2370,1.0,0.9799999594688416
8,472781290,2380,1.0,0.9799999594688416
8,472781290,2390,1.0,0.9799999594688416
8,472781290,2400,1.0,0.9799999594688416
8,472781290,2410,1.0,0.9799999594688416
8,472781290,2420,1.0,0.9799999594688416
8,472781290,2430,1.0,0.98499995470047
8,472781290,2440,1.0,0.9799999594688416
8,472781290,2450,1.0,0.98499995470047
8,472781290,2460,1.0,0.98499995470047
8,472781290,2470,1.0,0.9899999499320984
8,472781290,2480,1.0,0.9899999499320984
8,472781290,2490,1.0,0.9950000047683716
8,472781290,2500,1.0,0.9950000047683716
8,472781290,2510,1.0,0.9899999499320984
8,472781290,2520,1.0,0.9950000047683716
8,472781290,2530,1.0,0.9950000047683716
8,472781290,2540,1.0,0.9950000047683716
8,472781290,2550,1.0,0.9950000047683716
8,472781290,2560,1.0,0.9950000047683716
8,472781290,2570,1.0,0.9950000047683716
8,472781290,2580,1.0,0.9950000047683716
8,472781290,2590,1.0,0.9950000047683716
8,472781290,2600,1.0,0.9950000047683716
8,472781290,2610,1.0,0.9950000047683716
8,472781290,2620,1.0,0.9950000047683716
8,472781290,2630,1.0,0.9950000047683716
8,472781290,2640,1.0,0.9950000047683716
8,472781290,2650,1.0,0.9950000047683716
8,472781290,2660,1.0,0.9950000047683716
8,472781290,2670,1.0,0.9950000047683716
8,472781290,2680,1.0,1.0
8,472781290,2690,1.0,1.0
8,472781290,2700,1.0,1.0
8,472781290,2710,1.0,1.0
8,472781290,2720,1.0,1.0
8,472781290,2730,1.0,1.0
8,472781290,2740,1.0,1.0
8,472781290,2750,1.0,1.0
8,472781290,2760,1.0,1.0
8,472781290,2770,1.0,1.0
8,472781290,2780,1.0,1.0
8,472781290,2790,1.0,1.0
8,472781290,2800,1.0,1.0
8,472781290,2810,1.0,1.0
8,472781290,2820,1.0,1.0
8,472781290,2830,1.0,1.0
8,472781290,2840,1.0,1.0
8,472781290,2850,1.0,1.0
8,472781290,2860,1.0,1.0
8,472781290,2870,1.0,1.0
8,472781290,2880,1.0,1.0
8,472781290,2890,1.0,1.0
8,472781290,2900,1.0,1.0
8,472781290,2910,1.0,1.0
8,472781290,2920,1.0,1.0
8,472781290,2930,1.0,1.0
8,472781290,2940,1.0,1.0
8,472781290,2950,1.0,1.0
8,472781290,2960,1.0,1.0
8,472781290,2970,1.0,1.0
8,472781290,2980,1.0,1.0
8,472781290,2990,1.0,1.0
8,472781290,3000,1.0,1.0
8,472781290,3010,1.0,1.0
8,472781290,3020,1.0,1.0
8,472781290,3030,1.0,1.0
8,472781290,3040,1.0,1.0
8,472781290,3050,1.0,1.0
8,472781290,3060,1.0,1.0
8,472781290,3070,1.0,1.0
8,472781290,3080,1.0,1.0
8,472781290,3090,1.0,1.0
8,472781290,3100,1.0,1.0
8,472781290,3110,1.0,1.0
8,472781290,3120,1.0,1.0
8,472781290,3130,1.0,1.0
8,472781290,3140,1.0,1.0
8,472781290,3150,1.0,1.0
8,472781290,3160,1.0,1.0
8,472781290,3170,1.0,1.0
8,472781290,3180,1.0,1.0
8,472781290,3190,1.0,1.0
8,472781290,3200,1.0,1.0
8,472781290,3210,1.0,1.0
8,472781290,3220,1.0,1.0
8,472781290,3230,1.0,1.0
8,472781290,3240,1.0,1.0
8,472781290,3250,1.0,1.0
8,472781290,3260,1.0,1.0
8,472781290,3270,1.0,1.0
8,472781290,3280,1.0,1.0
8,472781290,3290,1.0,1.0
8,472781290,3300,1.0,1.0
8,472781290,3310,1.0,1.0
8,472781290,3320,1.0,1.0
8,472781290,3330,1.0,1.0
8,472781290,3340,1.0,1.0
8,472781290,3350,1.0,1.0
8,472781290,3360,1.0,1.0
8,472781290,3370,1.0,1.0
8,472781290,3380,1.0,1.0
8,472781290,3390,1.0,1.0
8,472781290,3400,1.0,1.0
8,472781290,3410,1.0,1.0
8,472781290,3420,1.0,1.0
8,472781290,3430,1.0,1.0
8,472781290,3440,1.0,1.0
8,472781290,3450,1.0,1.0
8,472781290,3460,1.0,1.0
8,472781290,3470,1.0,1.0
8,472781290,3480,1.0,1.0
8,472781290,3490,1.0,1.0
8,472781290,3500,1.0,1.0
8,472781290,3510,1.0,1.0
8,472781290,3520,1.0,1.0
8,472781290,3530,1.0,1.0
8,472781290,3540,1.0,1.0
8,472781290,3550,1.0,1.0
8,472781290,3560,1.0,1.0
8,472781290,3570,0.9950000047683716,1.0
8,472781290,3580,0.9950000047683716,1.0
8,472781290,3590,0.9950000047683716,1.0
8,472781290,3600,0.9950000047683716,1.0
8,472781290,3610,0.9950000047683716,1.0
8,472781290,3620,0.9950000047683716,1.0
8,472781290,3630,0.9950000047683716,1.0
8,472781290,3640,0.9950000047683716,1.0
8,472781290,3650,0.9950000047683716,1.0
8,472781290,3660,0.9950000047683716,1.0
8,472781290,3670,0.9950000047683716,1.0
8,472781290,3680,0.9950000047683716,1.0
8,472781290,3690,0.9950000047683716,1.0
8,472781290,3700,0.9950000047683716,1.0
8,472781290,3710,0.9950000047683716,1.0
8,472781290,3720,0.9950000047683716,1.0
8,472781290,3730,0.9950000047683716,1.0
8,472781290,3740,0.9950000047683716,1.0
8,472781290,3750,0.9950000047683716,1.0
8,472781290,3760,0.9899999499320984,1.0
8,472781290,3770,0.9899999499320984,1.0
8,472781290,3780,0.9899999499320984,1.0
8,472781290,3790,0.9899999499320984,1.0
8,472781290,3800,0.9899999499320984,1.0
8,472781290,3810,0.9899999499320984,1.0
8,472781290,3820,0.9899999499320984,1.0
8,472781290,3830,0.9899999499320984,1.0
8,472781290,3840,0.9899999499320984,1.0
8,472781290,3850,0.9899999499320984,1.0
8,472781290,3860,0.9899999499320984,1.0
8,472781290,3870,0.9899999499320984,1.0
8,472781290,3880,0.98499995470047,1.0
8,472781290,3890,0.98499995470047,1.0
8,472781290,3900,0.98499995470047,1.0
8,472781290,3910,0.98499995470047,1.0
8,472781290,3920,0.98499995470047,1.0
8,472781290,3930,0.98499995470047,1.0
8,472781290,3940,0.98499995470047,1.0
8,472781290,3950,0.98499995470047,1.0
8,472781290,3960,0.98499995470047,1.0
8,472781290,3970,0.98499995470047,1.0
8,472781290,3980,0.98499995470047,1.0
8,472781290,3990,0.98499995470047,1.0
8,472781290,4000,0.98499995470047,1.0
8,472781290,4010,0.98499995470047,1.0
8,472781290,4020,0.98499995470047,1.0
8,472781290,4030,0.98499995470047,1.0
8,472781290,4040,0.9899999499320984,1.0
8,472781290,4050,0.9899999499320984,1.0
8,472781290,4060,0.9899999499320984,1.0
8,472781290,4070,0.9899999499320984,1.0
8,472781290,4080,0.9899999499320984,1.0
8,472781290,4090,0.9899999499320984,1.0
8,472781290,4100,0.9899999499320984,1.0
8,472781290,4110,0.9899999499320984,1.0
8,472781290,4120,0.9899999499320984,1.0
8,472781290,4130,0.9899999499320984,1.0
8,472781290,4140,0.9899999499320984,1.0
8,472781290,4150,0.9899999499320984,1.0
8,472781290,4160,0.9950000047683716,1.0
8,472781290,4170,0.9950000047683716,1.0
8,472781290,4180,0.9950000047683716,1.0
8,472781290,4190,0.9950000047683716,1.0
8,472781290,4200,0.9950000047683716,1.0
8,472781290,4210,0.9950000047683716,1.0
8,472781290,4220,0.9950000047683716,1.0
8,472781290,4230,0.9950000047683716,1.0
8,472781290,4240,0.9950000047683716,1.0
8,472781290,4250,0.9950000047683716,1.0
8,472781290,4260,0.9950000047683716,1.0
8,472781290,4270,0.9950000047683716,1.0
8,472781290,4280,0.9950000047683716,1.0
8,472781290,4290,0.9950000047683716,1.0
8,472781290,4300,0.9950000047683716,1.0
8,472781290,4310,0.9950000047683716,1.0
8,472781290,4320,0.9950000047683716,1.0
8,472781290,4330,0.9950000047683716,1.0
8,472781290,4340,0.9950000047683716,1.0
8,472781290,4350,0.9950000047683716,1.0
8,472781290,4360,0.9950000047683716,1.0
8,472781290,4370,0.9950000047683716,1.0
8,472781290,4380,0.9950000047683716,1.0
8,472781290,4390,1.0,1.0
8,472781290,4400,1.0,1.0
8,472781290,4410,1.0,1.0
8,472781290,4420,1.0,1.0
8,472781290,4430,1.0,1.0
8,472781290,4440,1.0,1.0
8,472781290,4450,1.0,1.0
8,472781290,4460,1.0,1.0
8,472781290,4470,1.0,1.0
8,472781290,4480,1.0,1.0
8,472781290,4490,1.0,1.0
8,472781290,4500,1.0,1.0
8,472781290,4510,1.0,1.0
8,472781290,4520,1.0,1.0
8,472781290,4530,1.0,1.0
8,472781290,4540,1.0,1.0
8,472781290,4550,1.0,1.0
8,472781290,4560,1.0,1.0
8,472781290,4570,1.0,1.0
8,472781290,4580,1.0,1.0
8,472781290,4590,1.0,1.0
8,472781290,4600,1.0,1.0
8,472781290,4610,1.0,1.0
8,472781290,4620,1.0,1.0
8,472781290,4630,1.0,1.0
8,472781290,4640,1.0,1.0
8,472781290,4650,1.0,1.0
8,472781290,4660,1.0,1.0
8,472781290,4670,1.0,1.0
8,472781290,4680,1.0,1.0
8,472781290,4690,1.0,1.0
8,472781290,4700,1.0,1.0
8,472781290,4710,1.0,1.0
8,472781290,4720,1.0,1.0
8,472781290,4730,1.0,1.0
8,472781290,4740,1.0,1.0
8,472781290,4750,1.0,1.0
8,472781290,4760,1.0,1.0
8,472781290,4770,1.0,1.0
8,472781290,4780,1.0,1.0
8,472781290,4790,1.0,1.0
8,472781290,4800,1.0,1.0
8,472781290,4810,1.0,1.0
8,472781290,4820,1.0,1.0
8,472781290,4830,1.0,1.0
8,472781290,4840,1.0,1.0
8,472781290,4850,1.0,1.0
8,472781290,4860,1.0,1.0
8,472781290,4870,1.0,1.0
8,472781290,4880,1.0,1.0
8,472781290,4890,1.0,1.0
8,472781290,4900,1.0,1.0
8,472781290,4910,1.0,1.0
8,472781290,4920,1.0,1.0
8,472781290,4930,1.0,1.0
8,472781290,4940,1.0,1.0
8,472781290,4950,1.0,1.0
8,472781290,4960,1.0,1.0
8,472781290,4970,1.0,1.0
8,472781290,4980,1.0,1.0
8,472781290,4990,1.0,1.0
8,472781290,5000,1.0,1.0
9,2133691443,0,0.5199999809265137,0.5149999856948853
9,2133691443,10,0.6200000047683716,0.5199999809265137
9,2133691443,20,0.6699999570846558,0.5149999856948853
9,2133691443,30,0.7099999785423279,0.5199999809265137
9,2133691443,40,0.7649999856948853,0.5199999809265137
9,2133691443,50,0.824999988079071,0.5199999809265137
9,2133691443,60,0.8549999594688416,0.5199999809265137
9,2133691443,70,0.8700000047683716,0.5249999761581421
9,2133691443,80,0.8899999856948853,0.5249999761581421
9,2133691443,90,0.8999999761581421,0.5199999809265137
9,2133691443,100,0.9099999666213989,0.5199999809265137
9,2133691443,110,0.9199999570846558,0.5249999761581421
9,2133691443,120,0.9449999928474426,0.5349999666213989
9,2133691443,130,0.949999988079071,0.5299999713897705
9,2133691443,140,0.9599999785423279,0.5249999761581421
9,2133691443,150,0.9699999690055847,0.5249999761581421
9,2133691443,160,0.9699999690055847,0.5299999713897705
9,2133691443,170,0.98499995470047,0.5349999666213989
9,2133691443,180,0.9899999499320984,0.5349999666213989
9,2133691443,190,0.9950000047683716,0.5299999713897705
9,2133691443,200,0.9950000047683716,0.5450000166893005
9,2133691443,210,1.0,0.5349999666213989
9,2133691443,220,1.0,0.5399999618530273
9,2133691443,230,1.0,0.5399999618530273
9,2133691443,240,1.0,0.5299999713897705
9,2133691443,250,1.0,0.5450000166893005
9,2133691443,260,1.0,0.5600000023841858
9,2133691443,270,1.0,0.5600000023841858
9,2133691443,280,1.0,0.5600000023841858
9,2133691443,290,1.0,0.5649999976158142
9,2133691443,300,1.0,0.5600000023841858
9,2133691443,310,1.0,0.574999988079071
9,2133691443,320,1.0,0.5649999976158142
9,2133691443,330,1.0,0.574999988079071
9,2133691443,340,1.0,0.574999988079071
9,2133691443,350,1.0,0.574999988079071
9,2133691443,360,1.0,0.574999988079071
9,2133691443,370,1.0,0.5849999785423279
9,2133691443,380,1.0,0.5649999976158142
9,2133691443,390,1.0,0.5799999833106995
9,2133691443,400,1.0,0.5699999928474426
9,2133691443,410,1.0,0.574999988079071
9,2133691443,420,1.0,0.5799999833106995
9,2133691443,430,1.0,0.5799999833106995
9,2133691443,440,1.0,0.5849999785423279
9,2133691443,450,1.0,0.5949999690055847
9,2133691443,460,1.0,0.5899999737739563
9,2133691443,470,1.0,0.5849999785423279
9,2133691443,480,1.0,0.5899999737739563
9,2133691443,490,1.0,0.5949999690055847
9,2133691443,500,1.0,0.5999999642372131
9,2133691443,510,1.0,0.6100000143051147
9,2133691443,520,1.0,0.5999999642372131
9,2133691443,530,1.0,0.5899999737739563
9,2133691443,540,1.0,0.5999999642372131
9,2133691443,550,1.0,0.5949999690055847
9,2133691443,560,1.0,0.5899999737739563
9,2133691443,570,1.0,0.6100000143051147
9,2133691443,580,1.0,0.5949999690055847
9,2133691443,590,1.0,0.5849999785423279
9,2133691443,600,1.0,0.6100000143051147
9,2133691443,610,1.0,0.5949999690055847
9,2133691443,620,1.0,0.6100000143051147
9,2133691443,630,1.0,0.6049999594688416
9,2133691443,640,1.0,0.6100000143051147
9,2133691443,650,1.0,0.625
9,2133691443,660,1.0,0.625
9,2133691443,670,1.0,0.6150000095367432
9,2133691443,680,1.0,0.625
9,2133691443,690,1.0,0.6100000143051147
9,2133691443,700,1.0,0.625
9,2133691443,710,1.0,0.6299999952316284
9,2133691443,720,1.0,0.625
9,2133691443,730,1.0,0.6299999952316284
9,2133691443,740,1.0,0.625
9,2133691443,750,1.0,0.6299999952316284
9,2133691443,760,1.0,0.6349999904632568
9,2133691443,770,1.0,0.6299999952316284
9,2133691443,780,1.0,0.6449999809265137
9,2133691443,790,1.0,0.6449999809265137
9,2133691443,800,1.0,0.6449999809265137
9,2133691443,810,1.0,0.6399999856948853
9,2133691443,820,1.0,0.6499999761581421
9,2133691443,830,1.0,0.6399999856948853
9,2133691443,840,1.0,0.6499999761581421
9,2133691443,850,1.0,0.6649999618530273
9,2133691443,860,1.0,0.6399999856948853
9,2133691443,870,1.0,0.6649999618530273
9,2133691443,880,1.0,0.6549999713897705
9,2133691443,890,1.0,0.6800000071525574
9,2133691443,900,1.0,0.6800000071525574
9,2133691443,910,1.0,0.675000011920929
9,2133691443,920,1.0,0.6850000023841858
9,2133691443,930,1.0,0.6800000071525574
9,2133691443,940,1.0,0.6649999618530273
9,2133691443,950,1.0,0.6899999976158142
9,2133691443,960,1.0,0.6800000071525574
9,2133691443,970,1.0,0.699999988079071
9,2133691443,980,1.0,0.6850000023841858
9,2133691443,990,1.0,0.7149999737739563
9,2133691443,1000,1.0,0.7049999833106995
9,2133691443,1010,1.0,0.7099999785423279
9,2133691443,1020,1.0,0.7049999833106995
9,2133691443,1030,1.0,0.7049999833106995
9,2133691443,1040,1.0,0.7049999833106995
9,2133691443,1050,1.0,0.7049999833106995
9,2133691443,1060,1.0,0.7149999737739563
9,2133691443,1070,1.0,0.7199999690055847
9,2133691443,1080,1.0,0.7249999642372131
9,2133691443,1090,1.0,0.7199999690055847
9,2133691443,1100,1.0,0.73499995470047
9,2133691443,1110,1.0,0.7249999642372131
9,2133691443,1120,1.0,0.7450000047683716
9,2133691443,1130,1.0,0.7400000095367432
9,2133691443,1140,1.0,0.7450000047683716
9,2133691443,1150,1.0,0.75
9,2133691443,1160,1.0,0.7649999856948853
9,2133691443,1170,1.0,0.7599999904632568
9,2133691443,1180,1.0,0.7599999904632568
9,2133691443,1190,1.0,0.7649999856948853
9,2133691443,1200,1.0,0.7699999809265137
9,2133691443,1210,1.0,0.7599999904632568
9,2133691443,1220,1.0,0.7799999713897705
9,2133691443,1230,1.0,0.7849999666213989
9,2133691443,1240,1.0,0.7699999809265137
9,2133691443,1250,1.0,0.7899999618530273
9,2133691443,1260,1.0,0.7949999570846558
9,2133691443,1270,1.0,0.7949999570846558
9,2133691443,1280,1.0,0.7999999523162842
9,2133691443,1290,1.0,0.8100000023841858
9,2133691443,1300,1.0,0.8050000071525574
9,2133691443,1310,1.0,0.8149999976158142
9,2133691443,1320,1.0,0.7999999523162842
9,2133691443,1330,1.0,0.8100000023841858
9,2133691443,1340,1.0,0.8149999976158142
9,2133691443,1350,1.0,0.8199999928474426
9,2133691443,1360,1.0,0.8100000023841858
9,2133691443,1370,1.0,0.8299999833106995
9,2133691443,1380,1.0,0.8399999737739563
9,2133691443,1390,1.0,0.8349999785423279
9,2133691443,1400,1.0,0.8399999737739563
9,2133691443,1410,1.0,0.8399999737739563
9,2133691443,1420,1.0,0.8399999737739563
9,2133691443,1430,1.0,0.8399999737739563
9,2133691443,1440,1.0,0.8549999594688416
9,2133691443,1450,1.0,0.85999995470047
9,2133691443,1460,1.0,0.85999995470047
9,2133691443,1470,1.0,0.8799999952316284
9,2133691443,1480,1.0,0.8650000095367432
9,2133691443,1490,1.0,0.875
9,2133691443,1500,1.0,0.875
9,2133691443,1510,1.0,0.875
9,2133691443,1520,1.0,0.8799999952316284
9,2133691443,1530,1.0,0.8949999809265137
9,2133691443,1540,1.0,0.8799999952316284
9,2133691443,1550,1.0,0.9149999618530273
9,2133691443,1560,1.0,0.8949999809265137
9,2133691443,1570,1.0,0.9049999713897705
9,2133691443,1580,1.0,0.9049999713897705
9,2133691443,1590,1.0,0.9149999618530273
9,2133691443,1600,1.0,0.9199999570846558
9,2133691443,1610,1.0,0.9350000023841858
9,2133691443,1620,1.0,0.9149999618530273
9,2133691443,1630,1.0,0.9149999618530273
9,2133691443,1640,1.0,0.9249999523162842
9,2133691443,1650,1.0,0.9249999523162842
9,2133691443,1660,1.0,0.9300000071525574
9,2133691443,1670,1.0,0.9300000071525574
9,2133691443,1680,1.0,0.9399999976158142
9,2133691443,1690,1.0,0.9350000023841858
9,2133691443,1700,1.0,0.9300000071525574
9,2133691443,1710,1.0,0.9399999976158142
9,2133691443,1720,1.0,0.9449999928474426
9,2133691443,1730,1.0,0.9449999928474426
9,2133691443,1740,1.0,0.9350000023841858
9,2133691443,1750,1.0,0.9449999928474426
9,2133691443,1760,1.0,0.949999988079071
9,2133691443,1770,1.0,0.949999988079071
9,2133691443,1780,1.0,0.9449999928474426
9,2133691443,1790,1.0,0.9599999785423279
9,2133691443,1800,1.0,0.9599999785423279
9,2133691443,1810,1.0,0.9649999737739563
9,2133691443,1820,1.0,0.9699999690055847
9,2133691443,1830,1.0,0.9649999737739563
9,2133691443,1840,1.0,0.9699999690055847
9,2133691443,1850,1.0,0.9799999594688416
9,2133691443,1860,1.0,0.9799999594688416
9,2133691443,1870,1.0,0.9799999594688416
9,2133691443,1880,1.0,0.9799999594688416
9,2133691443,1890,1.0,0.9799999594688416
9,2133691443,1900,1.0,0.9799999594688416
9,2133691443,1910,1.0,0.9799999594688416
9,2133691443,1920,1.0,0.9799999594688416
9,2133691443,1930,1.0,0.98499995470047
9,2133691443,1940,1.0,0.98499995470047
9,2133691443,1950,1.0,0.9799999594688416
9,2133691443,1960,1.0,0.98499995470047
9,2133691443,1970,1.0,0.98499995470047
9,2133691443,1980,1.0,0.98499995470047
9,2133691443,1990,1.0,0.98499995470047
9,2133691443,2000,1.0,0.98499995470047
9,2133691443,2010,1.0,0.98499995470047
9,2133691443,2020,1.0,0.98499995470047
9,2133691443,2030,1.0,0.9899999499320984
9,2133691443,2040,1.0,0.9899999499320984
9,2133691443,2050,1.0,0.9899999499320984
9,2133691443,2060,1.0,0.9950000047683716
9,2133691443,2070,1.0,0.9899999499320984
9,2133691443,2080,1.0,0.9950000047683716
9,2133691443,2090,1.0,0.9950000047683716
9,2133691443,2100,1.0,0.9950000047683716
9,2133691443,2110,1.0,0.9950000047683716
9,2133691443,2120,1.0,0.9950000047683716
9,2133691443,2130,1.0,0.9950000047683716
9,2133691443,2140,1.0,0.9950000047683716
9,2133691443,2150,1.0,0.9950000047683716
9,2133691443,2160,1.0,0.9950000047683716
9,2133691443,2170,1.0,0.9950000047683716
9,2133691443,2180,1.0,0.9950000047683716
9,2133691443,2190,1.0,0.9950000047683716
9,2133691443,2200,1.0,1.0
9,2133691443,2210,1.0,1.0
9,2133691443,2220,1.0,0.9950000047683716
9,2133691443,2230,1.0,0.9950000047683716
9,2133691443,2240,1.0,1.0
9,2133691443,2250,1.0,1.0
9,2133691443,2260,1.0,1.0
9,2133691443,2270,1.0,1.0
9,2133691443,2280,1.0,1.0
9,2133691443,2290,1.0,1.0
9,2133691443,2300,1.0,1.0
9,2133691443,2310,1.0,1.0
9,2133691443,2320,1.0,1.0
9,2133691443,2330,1.0,1.0
9,2133691443,2340,1.0,1.0
9,2133691443,2350,1.0,1.0
9,2133691443,2360,1.0,1.0
9,2133691443,2370,1.0,1.0
9,2133691443,2380,1.0,1.0
9,2133691443,2390,1.0,1.0
9,2133691443,2400,1.0,1.0
9,2133691443,2410,1.0,1.0
9,2133691443,2420,1.0,1.0
9,2133691443,2430,1.0,1.0
9,2133691443,2440,1.0,1.0
9,2133691443,2450,1.0,1.0
9,2133691443,2460,1.0,1.0
9,2133691443,2470,1.0,1.0
9,2133691443,2480,1.0,1.0
9,2133691443,2490,1.0,1.0
9,2133691443,2500,1.0,1.0
9,2133691443,2510,1.0,1.0
9,2133691443,2520,1.0,1.0
9,2133691443,2530,1.0,1.0
9,2133691443,2540,1.0,1.0
9,2133691443,2550,1.0,1.0
9,2133691443,2560,1.0,1.0
9,2133691443,2570,1.0,1.0
9,2133691443,2580,1.0,1.0
9,2133691443,2590,1.0,1.0
9,2133691443,2600,1.0,1.0
9,2133691443,2610,1.0,1.0
9,2133691443,2620,1.0,1.0
9,2133691443,2630,1.0,1.0
9,2133691443,2640,1.0,1.0
9,2133691443,2650,1.0,1.0
9,2133691443,2660,1.0,1.0
9,2133691443,2670,1.0,1.0
9,2133691443,2680,1.0,1.0
9,2133691443,2690,1.0,1.0
9,2133691443,2700,1.0,1.0
9,2133691443,2710,1.0,1.0
9,2133691443,2720,1.0,1.0
9,2133691443,2730,1.0,1.0
9,2133691443,2740,1.0,1.0
9,2133691443,2750,1.0,1.0
9,2133691443,2760,1.0,1.0
9,2133691443,2770,1.0,1.0
9,2133691443,2780,1.0,1.0
9,2133691443,2790,1.0,1.0
9,2133691443,2800,1.0,1.0
9,2133691443,2810,1.0,1.0
9,2133691443,2820,1.0,1.0
9,2133691443,2830,1.0,1.0
9,2133691443,2840,1.0,1.0
9,2133691443,2850,1.0,1.0
9,2133691443,2860,1.0,1.0
9,2133691443,2870,1.0,1.0
9,2133691443,2880,1.0,1.0
9,2133691443,2890,1.0,1.0
9,2133691443,2900,1.0,1.0
9,2133691443,2910,1.0,1.0
9,2133691443,2920,1.0,1.0
9,2133691443,2930,1.0,1.0
9,2133691443,2940,1.0,1.0
9,2133691443,2950,1.0,1.0
9,2133691443,2960,1.0,1.0
9,2133691443,2970,1.0,1.0
9,2133691443,2980,1.0,1.0
9,2133691443,2990,1.0,1.0
9,2133691443,3000,1.0,1.0
9,2133691443,3010,1.0,1.0
9,2133691443,3020,1.0,1.0
9,2133691443,3030,1.0,1.0
9,2133691443,3040,1.0,1.0
9,2133691443,3050,1.0,1.0
9,2133691443,3060,1.0,1.0
9,2133691443,3070,1.0,1.0
9,2133691443,3080,1.0,1.0
9,2133691443,3090,1.0,1.0
9,2133691443,3100,1.0,1.0
9,2133691443,3110,1.0,1.0
9,2133691443,3120,1.0,1.0
9,2133691443,3130,1.0,1.0
9,2133691443,3140,1.0,1.0
9,2133691443,3150,1.0,1.0
9,2133691443,3160,1.0,1.0
9,2133691443,3170,1.0,1.0
9,2133691443,3180,1.0,1.0
9,2133691443,3190,1.0,1.0
9,2133691443,3200,1.0,1.0
9,2133691443,3210,1.0,1.0
9,2133691443,3220,1.0,1.0
9,2133691443,3230,1.0,1.0
9,2133691443,3240,1.0,1.0
9,2133691443,3250,1.0,1.0
9,2133691443,3260,1.0,1.0
9,2133691443,3270,1.0,1.0
9,2133691443,3280,1.0,1.0
9,2133691443,3290,1.0,1.0
9,2133691443,3300,1.0,1.0
9,2133691443,3310,1.0,1.0
9,2133691443,3320,1.0,1.0
9,2133691443,3330,1.0,1.0
9,2133691443,3340,1.0,1.0
9,2133691443,3350,1.0,1.0
9,2133691443,3360,1.0,1.0
9,2133691443,3370,1.0,1.0
9,2133691443,3380,1.0,1.0
9,2133691443,3390,1.0,1.0
9,2133691443,3400,1.0,1.0
9,2133691443,3410,1.0,1.0
9,2133691443,3420,1.0,1.0
9,2133691443,3430,1.0,1.0
9,2133691443,3440,1.0,1.0
9,2133691443,3450,1.0,1.0
9,2133691443,3460,1.0,1.0
9,2133691443,3470,1.0,1.0
9,2133691443,3480,1.0,1.0
9,2133691443,3490,1.0,1.0
9,2133691443,3500,1.0,1.0
9,2133691443,3510,1.0,1.0
9,2133691443,3520,1.0,1.0
9,2133691443,3530,1.0,1.0
9,2133691443,3540,1.0,1.0
9,2133691443,3550,1.0,1.0
9,2133691443,3560,1.0,1.0
9,2133691443,3570,1.0,1.0
9,2133691443,3580,1.0,1.0
9,2133691443,3590,1.0,1.0
9,2133691443,3600,1.0,1.0
9,2133691443,3610,1.0,1.0
9,2133691443,3620,1.0,1.0
9,2133691443,3630,1.0,1.0
9,2133691443,3640,1.0,1.0
9,2133691443,3650,1.0,1.0
9,2133691443,3660,1.0,1.0
9,2133691443,3670,1.0,1.0
9,2133691443,3680,0.9950000047683716,1.0
9,2133691443,3690,0.9950000047683716,1.0
9,2133691443,3700,0.9950000047683716,1.0
9,2133691443,3710,0.9950000047683716,1.0
9,2133691443,3720,0.9950000047683716,1.0
9,2133691443,3730,0.9950000047683716,1.0
9,2133691443,3740,0.9950000047683716,1.0
9,2133691443,3750,0.9950000047683716,1.0
9,2133691443,3760,0.9950000047683716,1.0
9,2133691443,3770,0.9950000047683716,1.0
9,2133691443,3780,0.9950000047683716,1.0
9,2133691443,3790,0.9950000047683716,1.0
9,2133691443,3800,0.9899999499320984,1.0
9,2133691443,3810,0.9899999499320984,1.0
9,2133691443,3820,0.98499995470047,1.0
9,2133691443,3830,0.98499995470047,1.0
9,2133691443,3840,0.98499995470047,1.0
9,2133691443,3850,0.9749999642372131,1.0
9,2133691443,3860,0.9749999642372131,1.0
9,2133691443,3870,0.9749999642372131,1.0
9,2133691443,3880,0.9749999642372131,1.0
9,2133691443,3890,0.9699999690055847,1.0
9,2133691443,3900,0.9699999690055847,1.0
9,2133691443,3910,0.9649999737739563,1.0
9,2133691443,3920,0.9649999737739563,1.0
9,2133691443,3930,0.9649999737739563,1.0
9,2133691443,3940,0.9649999737739563,1.0
9,2133691443,3950,0.9649999737739563,1.0
9,2133691443,3960,0.9649999737739563,1.0
9,2133691443,3970,0.9649999737739563,1.0
9,2133691443,3980,0.9649999737739563,1.0
9,2133691443,3990,0.9649999737739563,1.0
9,2133691443,4000,0.9649999737739563,1.0
9,2133691443,4010,0.9649999737739563,1.0
9,2133691443,4020,0.9699999690055847,1.0
9,2133691443,4030,0.9699999690055847,1.0
9,2133691443,4040,0.9699999690055847,1.0
9,2133691443,4050,0.9699999690055847,1.0
9,2133691443,4060,0.9749999642372131,1.0
9,2133691443,4070,0.9749999642372131,1.0
9,2133691443,4080,0.9749999642372131,1.0
9,2133691443,4090,0.9749999642372131,1.0
9,2133691443,4100,0.9749999642372131,1.0
9,2133691443,4110,0.9749999642372131,1.0
9,2133691443,4120,0.9799999594688416,1.0
9,2133691443,4130,0.9799999594688416,1.0
9,2133691443,4140,0.9799999594688416,1.0
9,2133691443,4150,0.9799999594688416,1.0
9,2133691443,4160,0.98499995470047,1.0
9,2133691443,4170,0.98499995470047,1.0
9,2133691443,4180,0.98499995470047,1.0
9,2133691443,4190,0.98499995470047,1.0
9,2133691443,4200,0.9899999499320984,1.0
9,2133691443,4210,0.9899999499320984,1.0
9,2133691443,4220,0.9899999499320984,1.0
9,2133691443,4230,0.9950000047683716,1.0
9,2133691443,4240,1.0,1.0
9,2133691443,4250,1.0,1.0
9,2133691443,4260,1.0,1.0
9,2133691443,4270,1.0,1.0
9,2133691443,4280,1.0,1.0
9,2133691443,4290,1.0,1.0
9,2133691443,4300,1.0,1.0
9,2133691443,4310,1.0,1.0
9,2133691443,4320,1.0,1.0
9,2133691443,4330,1.0,1.0
9,2133691443,4340,1.0,1.0
9,2133691443,4350,1.0,1.0
9,2133691443,4360,1.0,1.0
9,2133691443,4370,1.0,1.0
9,2133691443,4380,1.0,1.0
9,2133691443,4390,1.0,1.0
9,2133691443,4400,1.0,1.0
9,2133691443,4410,1.0,1.0
9,2133691443,4420,1.0,1.0
9,2133691443,4430,1.0,1.0
9,2133691443,4440,1.0,1.0
9,2133691443,4450,1.0,1.0
9,2133691443,4460,1.0,1.0
9,2133691443,4470,1.0,1.0
9,2133691443,4480,1.0,1.0
9,2133691443,4490,1.0,1.0
9,2133691443,4500,1.0,1.0
9,2133691443,4510,1.0,1.0
9,2133691443,4520,1.0,1.0
9,2133691443,4530,1.0,1.0
9,2133691443,4540,1.0,1.0
9,2133691443,4550,1.0,1.0
9,2133691443,4560,1.0,1.0
9,2133691443,4570,1.0,1.0
9,2133691443,4580,1.0,1.0
9,2133691443,4590,1.0,1.0
9,2133691443,4600,1.0,1.0
9,2133691443,4610,1.0,1.0
9,2133691443,4620,1.0,1.0
9,2133691443,4630,1.0,1.0
9,2133691443,4640,1.0,1.0
9,2133691443,4650,1.0,1.0
9,2133691443,4660,1.0,1.0
9,2133691443,4670,1.0,1.0
9,2133691443,4680,1.0,1.0
9,2133691443,4690,1.0,1.0
9,2133691443,4700,1.0,1.0
9,2133691443,4710,1.0,1.0
9,2133691443,4720,1.0,1.0
9,2133691443,4730,1.0,1.0
9,2133691443,4740,1.0,1.0
9,2133691443,4750,1.0,1.0
9,2133691443,4760,1.0,1.0
9,2133691443,4770,1.0,1.0
9,2133691443,4780,1.0,1.0
9,2133691443,4790,1.0,1.0
9,2133691443,4800,1.0,1.0
9,2133691443,4810,1.0,1.0
9,2133691443,4820,1.0,1.0
9,2133691443,4830,1.0,1.0
9,2133691443,4840,1.0,1.0
9,2133691443,4850,1.0,1.0
9,2133691443,4860,1.0,1.0
9,2133691443,4870,1.0,1.0
9,2133691443,4880,1.0,1.0
9,2133691443,4890,1.0,1.0
9,2133691443,4900,1.0,1.0
9,2133691443,4910,1.0,1.0
9,2133691443,4920,1.0,1.0
9,2133691443,4930,1.0,1.0
9,2133691443,4940,1.0,1.0
9,2133691443,4950,1.0,1.0
9,2133691443,4960,1.0,1.0
9,2133691443,4970,1.0,1.0
9,2133691443,4980,1.0,1.0
9,2133691443,4990,1.0,1.0
9,2133691443,5000,1.0,1.0
10,713223379,0,0.47999998927116394,0.550000011920929
10,713223379,10,0.574999988079071,0.5049999952316284
10,713223379,20,0.625,0.5049999952316284
10,713223379,30,0.6850000023841858,0.5049999952316284
10,713223379,40,0.7049999833106995,0.5099999904632568
10,713223379,50,0.73499995470047,0.5199999809265137
10,713223379,60,0.7699999809265137,0.5199999809265137
10,713223379,70,0.8100000023841858,0.5249999761581421
10,713223379,80,0.8499999642372131,0.5249999761581421
10,713223379,90,0.8799999952316284,0.5199999809265137
10,713223379,100,0.8899999856948853,0.5249999761581421
10,713223379,110,0.9199999570846558,0.5149999856948853
10,713223379,120,0.9249999523162842,0.5199999809265137
10,713223379,130,0.9449999928474426,0.5149999856948853
10,713223379,140,0.9699999690055847,0.5199999809265137
10,713223379,150,0.9799999594688416,0.5199999809265137
10,713223379,160,0.98499995470047,0.5299999713897705
10,713223379,170,0.9899999499320984,0.5249999761581421
10,713223379,180,0.9899999499320984,0.5349999666213989
10,713223379,190,0.9950000047683716,0.5249999761581421
10,713223379,200,1.0,0.5299999713897705
10,713223379,210,1.0,0.5349999666213989
10,713223379,220,1.0,0.5349999666213989
10,713223379,230,1.0,0.5349999666213989
10,713223379,240,1.0,0.550000011920929
10,713223379,250,1.0,0.5249999761581421
10,713223379,260,1.0,0.5399999618530273
10,713223379,270,1.0,0.550000011920929
10,713223379,280,1.0,0.5249999761581421
10,713223379,290,1.0,0.5299999713897705
10,713223379,300,1.0,0.5399999618530273
10,713223379,310,1.0,0.5450000166893005
10,713223379,320,1.0,0.550000011920929
10,713223379,330,1.0,0.5450000166893005
10,713223379,340,1.0,0.5550000071525574
10,713223379,350,1.0,0.550000011920929
10,713223379,360,1.0,0.5450000166893005
10,713223379,370,1.0,0.5299999713897705
10,713223379,380,1.0,0.550000011920929
10,713223379,390,1.0,0.5649999976158142
10,713223379,400,1.0,0.5550000071525574
10,713223379,410,1.0,0.5699999928474426
10,713223379,420,1.0,0.5649999976158142
10,713223379,430,1.0,0.5649999976158142
10,713223379,440,1.0,0.5600000023841858
10,713223379,450,1.0,0.5550000071525574
10,713223379,460,1.0,0.550000011920929
10,713223379,470,1.0,0.5799999833106995
10,713223379,480,1.0,0.5699999928474426
10,713223379,490,1.0,0.5849999785423279
10,713223379,500,1.0,0.5699999928474426
10,713223379,510,1.0,0.5649999976158142
10,713223379,520,1.0,0.5600000023841858
10,713223379,530,1.0,0.5699999928474426
10,713223379,540,1.0,0.574999988079071
10,713223379,550,1.0,0.574999988079071
10,713223379,560,1.0,0.574999988079071
10,713223379,570,1.0,0.5799999833106995
10,713223379,580,1.0,0.5899999737739563
10,713223379,590,1.0,0.5949999690055847
10,713223379,600,1.0,0.5899999737739563
10,713223379,610,1.0,0.5999999642372131
10,713223379,620,1.0,0.5899999737739563
10,713223379,630,1.0,0.6100000143051147
10,713223379,640,1.0,0.5899999737739563
10,713223379,650,1.0,0.5999999642372131
10,713223379,660,1.0,0.6049999594688416
10,713223379,670,1.0,0.6200000047683716
10,713223379,680,1.0,0.6100000143051147
10,713223379,690,1.0,0.625
10,713223379,700,1.0,0.6150000095367432
10,713223379,710,1.0,0.6200000047683716
10,713223379,720,1.0,0.6299999952316284
10,713223379,730,1.0,0.625
10,713223379,740,1.0,0.6200000047683716
10,713223379,750,1.0,0.6200000047683716
10,713223379,760,1.0,0.6299999952316284
10,713223379,770,1.0,0.6399999856948853
10,713223379,780,1.0,0.6299999952316284
10,713223379,790,1.0,0.6299999952316284
10,713223379,800,1.0,0.6349999904632568
10,713223379,810,1.0,0.625
10,713223379,820,1.0,0.6549999713897705
10,713223379,830,1.0,0.6399999856948853
10,713223379,840,1.0,0.6549999713897705
10,713223379,850,1.0,0.6499999761581421
10,713223379,860,1.0,0.6599999666213989
10,713223379,870,1.0,0.6449999809265137
10,713223379,880,1.0,0.6499999761581421
10,713223379,890,1.0,0.6599999666213989
10,713223379,900,1.0,0.6800000071525574
10,713223379,910,1.0,0.6800000071525574
10,713223379,920,1.0,0.6800000071525574
10,713223379,930,1.0,0.6850000023841858
10,713223379,940,1.0,0.675000011920929
10,713223379,950,1.0,0.699999988079071
10,713223379,960,1.0,0.6949999928474426
10,713223379,970,1.0,0.6949999928474426
10,713223379,980,1.0,0.699999988079071
10,713223379,990,1.0,0.7099999785423279
10,713223379,1000,1.0,0.699999988079071
10,713223379,1010,1.0,0.7049999833106995
10,713223379,1020,1.0,0.6949999928474426
10,713223379,1030,1.0,0.7049999833106995
10,713223379,1040,1.0,0.7199999690055847
10,713223379,1050,1.0,0.7099999785423279
10,713223379,1060,1.0,0.699999988079071
10,713223379,1070,1.0,0.7049999833106995
10,713223379,1080,1.0,0.7299999594688416
10,713223379,1090,1.0,0.7149999737739563
10,713223379,1100,1.0,0.7299999594688416
10,713223379,1110,1.0,0.7299999594688416
10,713223379,1120,1.0,0.7199999690055847
10,713223379,1130,1.0,0.73499995470047
10,713223379,1140,1.0,0.75
10,713223379,1150,1.0,0.7249999642372131
10,713223379,1160,1.0,0.7549999952316284
10,713223379,1170,1.0,0.7699999809265137
10,713223379,1180,1.0,0.7699999809265137
10,713223379,1190,1.0,0.7599999904632568
10,713223379,1200,1.0,0.7649999856948853
10,713223379,1210,1.0,0.7749999761581421
10,713223379,1220,1.0,0.7849999666213989
10,713223379,1230,1.0,0.7599999904632568
10,713223379,1240,1.0,0.7899999618530273
10,713223379,1250,1.0,0.8050000071525574
10,713223379,1260,1.0,0.8199999928474426
10,713223379,1270,1.0,0.7799999713897705
10,713223379,1280,1.0,0.8050000071525574
10,713223379,1290,1.0,0.7999999523162842
10,713223379,1300,1.0,0.8050000071525574
10,713223379,1310,1.0,0.8050000071525574
10,713223379,1320,1.0,0.824999988079071
10,713223379,1330,1.0,0.824999988079071
10,713223379,1340,1.0,0.8349999785423279
10,713223379,1350,1.0,0.8549999594688416
10,713223379,1360,1.0,0.8199999928474426
10,713223379,1370,1.0,0.8199999928474426
10,713223379,1380,1.0,0.8399999737739563
10,713223379,1390,1.0,0.8399999737739563
10,713223379,1400,1.0,0.8449999690055847
10,713223379,1410,1.0,0.8349999785423279
10,713223379,1420,1.0,0.8499999642372131
10,713223379,1430,1.0,0.824999988079071
10,713223379,1440,1.0,0.85999995470047
10,713223379,1450,1.0,0.85999995470047
10,713223379,1460,1.0,0.8499999642372131
10,713223379,1470,1.0,0.8650000095367432
10,713223379,1480,1.0,0.8499999642372131
10,713223379,1490,1.0,0.8449999690055847
10,713223379,1500,1.0,0.8549999594688416
10,713223379,1510,1.0,0.8549999594688416
10,713223379,1520,1.0,0.8799999952316284
10,713223379,1530,1.0,0.8849999904632568
10,713223379,1540,1.0,0.8799999952316284
10,713223379,1550,1.0,0.8849999904632568
10,713223379,1560,1.0,0.8999999761581421
10,713223379,1570,1.0,0.8949999809265137
10,713223379,1580,1.0,0.8899999856948853
10,713223379,1590,1.0,0.8999999761581421
10,713223379,1600,1.0,0.8849999904632568
10,713223379,1610,1.0,0.8949999809265137
10,713223379,1620,1.0,0.9149999618530273
10,713223379,1630,1.0,0.9249999523162842
10,713223379,1640,1.0,0.9449999928474426
10,713223379,1650,1.0,0.9199999570846558
10,713223379,1660,1.0,0.9399999976158142
10,713223379,1670,1.0,0.9350000023841858
10,713223379,1680,1.0,0.9549999833106995
10,713223379,1690,1.0,0.9699999690055847
10,713223379,1700,1.0,0.9799999594688416
10,713223379,1710,1.0,0.9649999737739563
10,713223379,1720,1.0,0.9699999690055847
10,713223379,1730,1.0,0.9749999642372131
10,713223379,1740,1.0,0.9649999737739563
10,713223379,1750,1.0,0.9799999594688416
10,713223379,1760,1.0,0.98499995470047
10,713223379,1770,1.0,0.98499995470047
10,713223379,1780,1.0,0.9799999594688416
10,713223379,1790,1.0,0.98499995470047
10,713223379,1800,1.0,0.98499995470047
10,713223379,1810,1.0,0.9799999594688416
10,713223379,1820,1.0,0.98499995470047
10,713223379,1830,1.0,0.9899999499320984
10,713223379,1840,1.0,0.9899999499320984
10,713223379,1850,1.0,0.9950000047683716
10,713223379,1860,1.0,0.9899999499320984
10,713223379,1870,1.0,0.9950000047683716
10,713223379,1880,1.0,0.9950000047683716
10,713223379,1890,1.0,0.9950000047683716
10,713223379,1900,1.0,0.9950000047683716
10,713223379,1910,1.0,0.9950000047683716
10,713223379,1920,1.0,0.9950000047683716
10,713223379,1930,1.0,0.9950000047683716
10,713223379,1940,1.0,0.9899999499320984
10,713223379,1950,1.0,0.9950000047683716
10,713223379,1960,1.0,0.9950000047683716
10,713223379,1970,1.0,0.9950000047683716
10,713223379,1980,1.0,0.9950000047683716
10,713223379,1990,1.0,0.9950000047683716
10,713223379,2000,1.0,0.9950000047683716
10,713223379,2010,1.0,0.9950000047683716
10,713223379,2020,1.0,0.9950000047683716
10,713223379,2030,1.0,0.9950000047683716
10,713223379,2040,1.0,1.0
10,713223379,2050,1.0,0.9950000047683716
10,713223379,2060,1.0,1.0
10,713223379,2070,1.0,1.0
10,713223379,2080,1.0,1.0
10,713223379,2090,1.0,1.0
10,713223379,2100,1.0,1.0
10,713223379,2110,1.0,1.0
10,713223379,2120,1.0,1.0
10,713223379,2130,1.0,1.0
10,713223379,2140,1.0,1.0
10,713223379,2150,1.0,1.0
10,713223379,2160,1.0,1.0
10,713223379,2170,1.0,1.0
10,713223379,2180,1.0,1.0
10,713223379,2190,1.0,1.0
10,713223379,2200,1.0,1.0
10,713223379,2210,1.0,1.0
10,713223379,2220,1.0,1.0
10,713223379,2230,1.0,1.0
10,713223379,2240,1.0,1.0
10,713223379,2250,1.0,1.0
10,713223379,2260,1.0,1.0
10,713223379,2270,1.0,1.0
10,713223379,2280,1.0,1.0
10,713223379,2290,1.0,1.0
10,713223379,2300,1.0,1.0
10,713223379,2310,1.0,1.0
10,713223379,2320,1.0,1.0
10,713223379,2330,1.0,1.0
10,713223379,2340,1.0,1.0
10,713223379,2350,1.0,1.0
10,713223379,2360,1.0,1.0
10,713223379,2370,1.0,1.0
10,713223379,2380,1.0,1.0
10,713223379,2390,1.0,1.0
10,713223379,2400,1.0,1.0
10,713223379,2410,1.0,1.0
10,713223379,2420,1.0,1.0
10,713223379,2430,1.0,1.0
10,713223379,2440,1.0,1.0
10,713223379,2450,1.0,1.0
10,713223379,2460,1.0,1.0
10,713223379,2470,1.0,1.0
10,713223379,2480,1.0,1.0
10,713223379,2490,1.0,1.0
10,713223379,2500,1.0,1.0
10,713223379,2510,1.0,1.0
10,713223379,2520,1.0,1.0
10,713223379,2530,1.0,1.0
10,713223379,2540,1.0,1.0
10,713223379,2550,1.0,1.0
10,713223379,2560,1.0,1.0
10,713223379,2570,1.0,1.0
10,713223379,2580,1.0,1.0
10,713223379,2590,1.0,1.0
10,713223379,2600,1.0,1.0
10,713223379,2610,1.0,1.0
10,713223379,2620,1.0,1.0
10,713223379,2630,1.0,1.0
10,713223379,2640,1.0,1.0
10,713223379,2650,1.0,1.0
10,713223379,2660,1.0,1.0
10,713223379,2670,1.0,1.0
10,713223379,2680,1.0,1.0
10,713223379,2690,1.0,1.0
10,713223379,2700,1.0,1.0
10,713223379,2710,1.0,1.0
10,713223379,2720,1.0,1.0
10,713223379,2730,1.0,1.0
10,713223379,2740,1.0,1.0
10,713223379,2750,1.0,1.0
10,713223379,2760,1.0,1.0
10,713223379,2770,1.0,1.0
10,713223379,2780,1.0,1.0
10,713223379,2790,1.0,1.0
10,713223379,2800,1.0,1.0
10,713223379,2810,1.0,1.0
10,713223379,2820,1.0,1.0
10,713223379,2830,1.0,1.0
10,713223379,2840,1.0,1.0
10,713223379,2850,1.0,1.0
10,713223379,2860,1.0,1.0
10,713223379,2870,1.0,1.0
10,713223379,2880,1.0,1.0
10,713223379,2890,1.0,1.0
10,713223379,2900,1.0,1.0
10,713223379,2910,1.0,1.0
10,713223379,2920,1.0,1.0
10,713223379,2930,1.0,1.0
10,713223379,2940,1.0,1.0
10,713223379,2950,1.0,1.0
10,713223379,2960,1.0,1.0
10,713223379,2970,1.0,1.0
10,713223379,2980,1.0,1.0
10,713223379,2990,1.0,1.0
10,713223379,3000,1.0,1.0
10,713223379,3010,1.0,1.0
10,713223379,3020,1.0,1.0
10,713223379,3030,1.0,1.0
10,713223379,3040,1.0,1.0
10,713223379,3050,1.0,1.0
10,713223379,3060,1.0,1.0
10,713223379,3070,1.0,1.0
10,713223379,3080,1.0,1.0
10,713223379,3090,1.0,1.0
10,713223379,3100,1.0,1.0
10,713223379,3110,1.0,1.0
10,713223379,3120,1.0,1.0
10,713223379,3130,1.0,1.0
10,713223379,3140,1.0,1.0
10,713223379,3150,1.0,1.0
10,713223379,3160,1.0,1.0
10,713223379,3170,1.0,1.0
10,713223379,3180,1.0,1.0
10,713223379,3190,1.0,1.0
10,713223379,3200,1.0,1.0
10,713223379,3210,1.0,1.0
10,713223379,3220,1.0,1.0
10,713223379,3230,1.0,1.0
10,713223379,3240,1.0,1.0
10,713223379,3250,1.0,1.0
10,713223379,3260,1.0,1.0
10,713223379,3270,1.0,1.0
10,713223379,3280,1.0,1.0
10,713223379,3290,1.0,1.0
10,713223379,3300,1.0,1.0
10,713223379,3310,1.0,1.0
10,713223379,3320,1.0,1.0
10,713223379,3330,1.0,1.0
10,713223379,3340,1.0,1.0
10,713223379,3350,1.0,1.0
10,713223379,3360,1.0,1.0
10,713223379,3370,1.0,1.0
10,713223379,3380,1.0,1.0
10,713223379,3390,1.0,1.0
10,713223379,3400,1.0,1.0
10,713223379,3410,1.0,1.0
10,713223379,3420,1.0,1.0
10,713223379,3430,1.0,1.0
10,713223379,3440,1.0,1.0
10,713223379,3450,1.0,1.0
10,713223379,3460,1.0,1.0
10,713223379,3470,1.0,1.0
10,713223379,3480,1.0,1.0
10,713223379,3490,1.0,1.0
10,713223379,3500,1.0,1.0
10,713223379,3510,1.0,1.0
10,713223379,3520,1.0,1.0
10,713223379,3530,1.0,1.0
10,713223379,3540,1.0,1.0
10,713223379,3550,1.0,1.0
10,713223379,3560,1.0,1.0
10,713223379,3570,1.0,1.0
10,713223379,3580,1.0,1.0
10,713223379,3590,1.0,1.0
10,713223379,3600,1.0,1.0
10,713223379,3610,1.0,1.0
10,713223379,3620,1.0,1.0
10,713223379,3630,1.0,1.0
10,713223379,3640,1.0,1.0
10,713223379,3650,1.0,1.0
10,713223379,3660,1.0,1.0
10,713223379,3670,1.0,1.0
10,713223379,3680,1.0,1.0
10,713223379,3690,1.0,1.0
10,713223379,3700,1.0,1.0
10,713223379,3710,1.0,1.0
10,713223379,3720,0.9950000047683716,1.0
10,713223379,3730,0.9950000047683716,1.0
10,713223379,3740,0.9950000047683716,1.0
10,713223379,3750,0.9950000047683716,1.0
10,713223379,3760,0.9899999499320984,1.0
10,713223379,3770,0.9899999499320984,1.0
10,713223379,3780,0.9899999499320984,1.0
10,713223379,3790,0.9899999499320984,1.0
10,713223379,3800,0.9899999499320984,1.0
10,713223379,3810,0.9899999499320984,1.0
10,713223379,3820,0.9899999499320984,1.0
10,713223379,3830,0.98499995470047,1.0
10,713223379,3840,0.9799999594688416,1.0
10,713223379,3850,0.9799999594688416,1.0
10,713223379,3860,0.9799999594688416,1.0
10,713223379,3870,0.9799999594688416,1.0
10,713223379,3880,0.9799999594688416,1.0
10,713223379,3890,0.9749999642372131,1.0
10,713223379,3900,0.9749999642372131,1.0
10,713223379,3910,0.9749999642372131,1.0
10,713223379,3920,0.9699999690055847,1.0
10,713223379,3930,0.9699999690055847,1.0
10,713223379,3940,0.9699999690055847,1.0
10,713223379,3950,0.9699999690055847,1.0
10,713223379,3960,0.9699999690055847,1.0
10,713223379,3970,0.9699999690055847,1.0
10,713223379,3980,0.9699999690055847,1.0
10,713223379,3990,0.9699999690055847,1.0
10,713223379,4000,0.9699999690055847,1.0
10,713223379,4010,0.9699999690055847,1.0
10,713223379,4020,0.9699999690055847,1.0
10,713223379,4030,0.9699999690055847,1.0
10,713223379,4040,0.9699999690055847,1.0
10,713223379,4050,0.9699999690055847,1.0
10,713223379,4060,0.9699999690055847,1.0
10,713223379,4070,0.9699999690055847,1.0
10,713223379,4080,0.9699999690055847,1.0
10,713223379,4090,0.9699999690055847,1.0
10,713223379,4100,0.9749999642372131,1.0
10,713223379,4110,0.9799999594688416,1.0
10,713223379,4120,0.9799999594688416,1.0
10,713223379,4130,0.98499995470047,1.0
10,713223379,4140,0.9899999499320984,1.0
10,713223379,4150,0.9950000047683716,1.0
10,713223379,4160,0.9950000047683716,1.0
10,713223379,4170,1.0,1.0
10,713223379,4180,1.0,1.0
10,713223379,4190,1.0,1.0
10,713223379,4200,1.0,1.0
10,713223379,4210,1.0,1.0
10,713223379,4220,1.0,1.0
10,713223379,4230,1.0,1.0
10,713223379,4240,1.0,1.0
10,713223379,4250,1.0,1.0
10,713223379,4260,1.0,1.0
10,713223379,4270,1.0,1.0
10,713223379,4280,1.0,1.0
10,713223379,4290,1.0,1.0
10,713223379,4300,1.0,1.0
10,713223379,4310,1.0,1.0
10,713223379,4320,1.0,1.0
10,713223379,4330,1.0,1.0
10,713223379,4340,1.0,1.0
10,713223379,4350,1.0,1.0
10,713223379,4360,1.0,1.0
10,713223379,4370,1.0,1.0
10,713223379,4380,1.0,1.0
10,713223379,4390,1.0,1.0
10,713223379,4400,1.0,1.0
10,713223379,4410,1.0,1.0
10,713223379,4420,1.0,1.0
10,713223379,4430,1.0,1.0
10,713223379,4440,1.0,1.0
10,713223379,4450,1.0,1.0
10,713223379,4460,1.0,1.0
10,713223379,4470,1.0,1.0
10,713223379,4480,1.0,1.0
10,713223379,4490,1.0,1.0
10,713223379,4500,1.0,1.0
10,713223379,4510,1.0,1.0
10,713223379,4520,1.0,1.0
10,713223379,4530,1.0,1.0
10,713223379,4540,1.0,1.0
10,713223379,4550,1.0,1.0
10,713223379,4560,1.0,1.0
10,713223379,4570,1.0,1.0
10,713223379,4580,1.0,1.0
10,713223379,4590,1.0,1.0
10,713223379,4600,1.0,1.0
10,713223379,4610,1.0,1.0
10,713223379,4620,1.0,1.0
10,713223379,4630,1.0,1.0
10,713223379,4640,1.0,1.0
10,713223379,4650,1.0,1.0
10,713223379,4660,1.0,1.0
10,713223379,4670,1.0,1.0
10,713223379,4680,1.0,1.0
10,713223379,4690,1.0,1.0
10,713223379,4700,1.0,1.0
10,713223379,4710,1.0,1.0
10,713223379,4720,1.0,1.0
10,713223379,4730,1.0,1.0
10,713223379,4740,1.0,1.0
10,713223379,4750,1.0,1.0
10,713223379,4760,1.0,1.0
10,713223379,4770,1.0,1.0
10,713223379,4780,1.0,1.0
10,713223379,4790,1.0,1.0
10,713223379,4800,1.0,1.0
10,713223379,4810,1.0,1.0
10,713223379,4820,1.0,1.0
10,713223379,4830,1.0,1.0
10,713223379,4840,1.0,1.0
10,713223379,4850,1.0,1.0
10,713223379,4860,1.0,1.0
10,713223379,4870,1.0,1.0
10,713223379,4880,1.0,1.0
10,713223379,4890,1.0,1.0
10,713223379,4900,1.0,1.0
10,713223379,4910,1.0,1.0
10,713223379,4920,1.0,1.0
10,713223379,4930,1.0,1.0
10,713223379,4940,1.0,1.0
10,713223379,4950,1.0,1.0
10,713223379,4960,1.0,1.0
10,713223379,4970,1.0,1.0
10,713223379,4980,1.0,1.0
10,713223379,4990,1.0,1.0
10,713223379,5000,1.0,1.0
11,1752170038,0,0.42499998211860657,0.5
11,1752170038,10,0.5299999713897705,0.45499998331069946
11,1752170038,20,0.574999988079071,0.45499998331069946
11,1752170038,30,0.6200000047683716,0.45499998331069946
11,1752170038,40,0.6599999666213989,0.4449999928474426
11,1752170038,50,0.7199999690055847,0.4449999928474426
11,1752170038,60,0.7549999952316284,0.4599999785423279
11,1752170038,70,0.8199999928474426,0.45499998331069946
11,1752170038,80,0.8449999690055847,0.4599999785423279
11,1752170038,90,0.875,0.4599999785423279
11,1752170038,100,0.9049999713897705,0.4599999785423279
11,1752170038,110,0.9300000071525574,0.4599999785423279
11,1752170038,120,0.9449999928474426,0.4599999785423279
11,1752170038,130,0.9649999737739563,0.4599999785423279
11,1752170038,140,0.9749999642372131,0.4650000035762787
11,1752170038,150,0.9799999594688416,0.4650000035762787
11,1752170038,160,0.9799999594688416,0.4699999988079071
11,1752170038,170,0.98499995470047,0.4699999988079071
11,1752170038,180,0.98499995470047,0.4650000035762787
11,1752170038,190,1.0,0.4699999988079071
11,1752170038,200,1.0,0.4699999988079071
11,1752170038,210,1.0,0.4699999988079071
11,1752170038,220,1.0,0.47999998927116394
11,1752170038,230,1.0,0.48499998450279236
11,1752170038,240,1.0,0.48499998450279236
11,1752170038,250,1.0,0.48499998450279236
11,1752170038,260,1.0,0.4899999797344208
11,1752170038,270,1.0,0.4899999797344208
11,1752170038,280,1.0,0.4899999797344208
11,1752170038,290,1.0,0.5
11,1752170038,300,1.0,0.4949999749660492
11,1752170038,310,1.0,0.5
11,1752170038,320,1.0,0.5
11,1752170038,330,1.0,0.4949999749660492
11,1752170038,340,1.0,0.4949999749660492
11,1752170038,350,1.0,0.5049999952316284
11,1752170038,360,1.0,0.5099999904632568
11,1752170038,370,1.0,0.5199999809265137
11,1752170038,380,1.0,0.5099999904632568
11,1752170038,390,1.0,0.5099999904632568
11,1752170038,400,1.0,0.5049999952316284
11,1752170038,410,1.0,0.5099999904632568
11,1752170038,420,1.0,0.5199999809265137
11,1752170038,430,1.0,0.5
11,1752170038,440,1.0,0.5149999856948853
11,1752170038,450,1.0,0.5249999761581421
11,1752170038,460,1.0,0.5199999809265137
11,1752170038,470,1.0,0.5299999713897705
11,1752170038,480,1.0,0.5299999713897705
11,1752170038,490,1.0,0.5349999666213989
11,1752170038,500,1.0,0.5199999809265137
11,1752170038,510,1.0,0.5249999761581421
11,1752170038,520,1.0,0.5299999713897705
11,1752170038,530,1.0,0.5299999713897705
11,1752170038,540,1.0,0.5249999761581421
11,1752170038,550,1.0,0.5349999666213989
11,1752170038,560,1.0,0.5299999713897705
11,1752170038,570,1.0,0.5399999618530273
11,1752170038,580,1.0,0.5349999666213989
11,1752170038,590,1.0,0.5349999666213989
11,1752170038,600,1.0,0.5349999666213989
11,1752170038,610,1.0,0.5349999666213989
11,1752170038,620,1.0,0.550000011920929
11,1752170038,630,1.0,0.550000011920929
11,1752170038,640,1.0,0.5399999618530273
11,1752170038,650,1.0,0.550000011920929
11,1752170038,660,1.0,0.5450000166893005
11,1752170038,670,1.0,0.5450000166893005
11,1752170038,680,1.0,0.550000011920929
11,1752170038,690,1.0,0.550000011920929
11,1752170038,700,1.0,0.5349999666213989
11,1752170038,710,1.0,0.550000011920929
11,1752170038,720,1.0,0.5550000071525574
11,1752170038,730,1.0,0.5649999976158142
11,1752170038,740,1.0,0.574999988079071
11,1752170038,750,1.0,0.5550000071525574
11,1752170038,760,1.0,0.5649999976158142
11,1752170038,770,1.0,0.5649999976158142
11,1752170038,780,1.0,0.5799999833106995
11,1752170038,790,1.0,0.5600000023841858
11,1752170038,800,1.0,0.5899999737739563
11,1752170038,810,1.0,0.5799999833106995
11,1752170038,820,1.0,0.6049999594688416
11,1752170038,830,1.0,0.5999999642372131
11,1752170038,840,1.0,0.5949999690055847
11,1752170038,850,1.0,0.6100000143051147
11,1752170038,860,1.0,0.5899999737739563
11,1752170038,870,1.0,0.5849999785423279
11,1752170038,880,1.0,0.6049999594688416
11,1752170038,890,1.0,0.5949999690055847
11,1752170038,900,1.0,0.5949999690055847
11,1752170038,910,1.0,0.6200000047683716
11,1752170038,920,1.0,0.6200000047683716
11,1752170038,930,1.0,0.625
11,1752170038,940,1.0,0.6349999904632568
11,1752170038,950,1.0,0.6299999952316284
11,1752170038,960,1.0,0.6299999952316284
11,1752170038,970,1.0,0.6399999856948853
11,1752170038,980,1.0,0.625
11,1752170038,990,1.0,0.6349999904632568
11,1752170038,1000,1.0,0.6649999618530273
11,1752170038,1010,1.0,0.6549999713897705
11,1752170038,1020,1.0,0.6599999666213989
11,1752170038,1030,1.0,0.6499999761581421
11,1752170038,1040,1.0,0.6549999713897705
11,1752170038,1050,1.0,0.6699999570846558
11,1752170038,1060,1.0,0.675000011920929
11,1752170038,1070,1.0,0.6800000071525574
11,1752170038,1080,1.0,0.6800000071525574
11,1752170038,1090,1.0,0.6800000071525574
11,1752170038,1100,1.0,0.6850000023841858
11,1752170038,1110,1.0,0.6850000023841858
11,1752170038,1120,1.0,0.6899999976158142
11,1752170038,1130,1.0,0.7149999737739563
11,1752170038,1140,1.0,0.7049999833106995
11,1752170038,1150,1.0,0.73499995470047
11,1752170038,1160,1.0,0.7099999785423279
11,1752170038,1170,1.0,0.7099999785423279
11,1752170038,1180,1.0,0.7099999785423279
11,1752170038,1190,1.0,0.7199999690055847
11,1752170038,1200,1.0,0.7149999737739563
11,1752170038,1210,1.0,0.7199999690055847
11,1752170038,1220,1.0,0.7249999642372131
11,1752170038,1230,1.0,0.7400000095367432
11,1752170038,1240,1.0,0.73499995470047
11,1752170038,1250,1.0,0.75
11,1752170038,1260,1.0,0.7450000047683716
11,1752170038,1270,1.0,0.75
11,1752170038,1280,1.0,0.7400000095367432
11,1752170038,1290,1.0,0.7400000095367432
11,1752170038,1300,1.0,0.7549999952316284
11,1752170038,1310,1.0,0.73499995470047
11,1752170038,1320,1.0,0.75
11,1752170038,1330,1.0,0.7599999904632568
11,1752170038,1340,1.0,0.75
11,1752170038,1350,1.0,0.7400000095367432
11,1752170038,1360,1.0,0.75
11,1752170038,1370,1.0,0.7599999904632568
11,1752170038,1380,1.0,0.75
11,1752170038,1390,1.0,0.7549999952316284
11,1752170038,1400,1.0,0.7450000047683716
11,1752170038,1410,1.0,0.7649999856948853
11,1752170038,1420,1.0,0.7549999952316284
11,1752170038,1430,1.0,0.7599999904632568
11,1752170038,1440,1.0,0.7549999952316284
11,1752170038,1450,1.0,0.75
11,1752170038,1460,1.0,0.7699999809265137
11,1752170038,1470,1.0,0.7450000047683716
11,1752170038,1480,1.0,0.7450000047683716
11,1752170038,1490,1.0,0.7599999904632568
11,1752170038,1500,1.0,0.7599999904632568
11,1752170038,1510,1.0,0.7549999952316284
11,1752170038,1520,1.0,0.7649999856948853
11,1752170038,1530,1.0,0.7749999761581421
11,1752170038,1540,1.0,0.7749999761581421
11,1752170038,1550,1.0,0.7899999618530273
11,1752170038,1560,1.0,0.7749999761581421
11,1752170038,1570,1.0,0.7799999713897705
11,1752170038,1580,1.0,0.7799999713897705
11,1752170038,1590,1.0,0.7849999666213989
11,1752170038,1600,1.0,0.7949999570846558
11,1752170038,1610,1.0,0.7799999713897705
11,1752170038,1620,1.0,0.7949999570846558
11,1752170038,1630,1.0,0.7949999570846558
11,1752170038,1640,1.0,0.8100000023841858
11,1752170038,1650,1.0,0.8050000071525574
11,1752170038,1660,1.0,0.8349999785423279
11,1752170038,1670,1.0,0.8050000071525574
11,1752170038,1680,1.0,0.824999988079071
11,1752170038,1690,1.0,0.824999988079071
11,1752170038,1700,1.0,0.8149999976158142
11,1752170038,1710,1.0,0.8199999928474426
11,1752170038,1720,1.0,0.8050000071525574
11,1752170038,1730,1.0,0.8299999833106995
11,1752170038,1740,1.0,0.8399999737739563
11,1752170038,1750,1.0,0.824999988079071
11,1752170038,1760,1.0,0.8299999833106995
11,1752170038,1770,1.0,0.8299999833106995
11,1752170038,1780,1.0,0.8399999737739563
11,1752170038,1790,1.0,0.8399999737739563
11,1752170038,1800,1.0,0.824999988079071
11,1752170038,1810,1.0,0.8399999737739563
11,1752170038,1820,1.0,0.8449999690055847
11,1752170038,1830,1.0,0.8499999642372131
11,1752170038,1840,1.0,0.8650000095367432
11,1752170038,1850,1.0,0.8549999594688416
11,1752170038,1860,1.0,0.8700000047683716
11,1752170038,1870,1.0,0.85999995470047
11,1752170038,1880,1.0,0.8499999642372131
11,1752170038,1890,1.0,0.8700000047683716
11,1752170038,1900,1.0,0.875
11,1752170038,1910,1.0,0.8700000047683716
11,1752170038,1920,1.0,0.8999999761581421
11,1752170038,1930,1.0,0.8949999809265137
11,1752170038,1940,1.0,0.8799999952316284
11,1752170038,1950,1.0,0.8700000047683716
11,1752170038,1960,1.0,0.9049999713897705
11,1752170038,1970,1.0,0.8949999809265137
11,1752170038,1980,1.0,0.8899999856948853
11,1752170038,1990,1.0,0.8949999809265137
11,1752170038,2000,1.0,0.8949999809265137
11,1752170038,2010,1.0,0.9099999666213989
11,1752170038,2020,1.0,0.9199999570846558
11,1752170038,2030,1.0,0.9049999713897705
11,1752170038,2040,1.0,0.9199999570846558
11,1752170038,2050,1.0,0.9099999666213989
11,1752170038,2060,1.0,0.9149999618530273
11,1752170038,2070,1.0,0.9249999523162842
11,1752170038,2080,1.0,0.9249999523162842
11,1752170038,2090,1.0,0.9399999976158142
11,1752170038,2100,1.0,0.9249999523162842
11,1752170038,2110,1.0,0.9199999570846558
11,1752170038,2120,1.0,0.9350000023841858
11,1752170038,2130,1.0,0.9300000071525574
11,1752170038,2140,1.0,0.9549999833106995
11,1752170038,2150,1.0,0.9449999928474426
11,1752170038,2160,1.0,0.9549999833106995
11,1752170038,2170,1.0,0.9549999833106995
11,1752170038,2180,1.0,0.949999988079071
11,1752170038,2190,1.0,0.9599999785423279
11,1752170038,2200,1.0,0.949999988079071
11,1752170038,2210,1.0,0.9699999690055847
11,1752170038,2220,1.0,0.9749999642372131
11,1752170038,2230,1.0,0.9699999690055847
11,1752170038,2240,1.0,0.9699999690055847
11,1752170038,2250,1.0,0.9799999594688416
11,1752170038,2260,1.0,0.9749999642372131
11,1752170038,2270,1.0,0.9799999594688416
11,1752170038,2280,1.0,0.9799999594688416
11,1752170038,2290,1.0,0.98499995470047
11,1752170038,2300,1.0,0.98499995470047
11,1752170038,2310,1.0,0.98499995470047
11,1752170038,2320,1.0,0.98499995470047
11,1752170038,2330,1.0,0.9799999594688416
11,1752170038,2340,1.0,0.9899999499320984
11,1752170038,2350,1.0,0.9899999499320984
11,1752170038,2360,1.0,0.9899999499320984
11,1752170038,2370,1.0,0.9899999499320984
11,1752170038,2380,1.0,0.9899999499320984
11,1752170038,2390,1.0,0.9899999499320984
11,1752170038,2400,1.0,0.9899999499320984
11,1752170038,2410,1.0,0.9899999499320984
11,1752170038,2420,1.0,0.98499995470047
11,1752170038,2430,1.0,0.9899999499320984
11,1752170038,2440,1.0,0.98499995470047
11,1752170038,2450,1.0,0.9950000047683716
11,1752170038,2460,1.0,0.98499995470047
11,1752170038,2470,1.0,0.9899999499320984
11,1752170038,2480,1.0,0.9899999499320984
11,1752170038,2490,1.0,0.9950000047683716
11,1752170038,2500,1.0,0.9899999499320984
11,1752170038,2510,1.0,0.9950000047683716
11,1752170038,2520,1.0,0.9950000047683716
11,1752170038,2530,1.0,0.9950000047683716
11,1752170038,2540,1.0,1.0
11,1752170038,2550,1.0,1.0
11,1752170038,2560,1.0,0.9950000047683716
11,1752170038,2570,1.0,1.0
11,1752170038,2580,1.0,1.0
11,1752170038,2590,1.0,1.0
11,1752170038,2600,1.0,1.0
11,1752170038,2610,1.0,1.0
11,1752170038,2620,1.0,1.0
11,1752170038,2630,1.0,1.0
11,1752170038,2640,1.0,1.0
11,1752170038,2650,1.0,1.0
11,1752170038,2660,1.0,1.0
11,1752170038,2670,1.0,1.0
11,1752170038,2680,1.0,1.0
11,1752170038,2690,1.0,1.0
11,1752170038,2700,1.0,1.0
11,1752170038,2710,1.0,1.0
11,1752170038,2720,1.0,1.0
11,1752170038,2730,1.0,1.0
11,1752170038,2740,1.0,1.0
11,1752170038,2750,1.0,1.0
11,1752170038,2760,1.0,1.0
11,1752170038,2770,1.0,1.0
11,1752170038,2780,1.0,1.0
11,1752170038,2790,1.0,1.0
11,1752170038,2800,1.0,1.0
11,1752170038,2810,1.0,1.0
11,1752170038,2820,1.0,1.0
11,1752170038,2830,1.0,1.0
11,1752170038,2840,1.0,1.0
11,1752170038,2850,1.0,1.0
11,1752170038,2860,1.0,1.0
11,1752170038,2870,1.0,1.0
11,1752170038,2880,1.0,1.0
11,1752170038,2890,1.0,1.0
11,1752170038,2900,1.0,1.0
11,1752170038,2910,1.0,1.0
11,1752170038,2920,1.0,1.0
11,1752170038,2930,1.0,1.0
11,1752170038,2940,1.0,1.0
11,1752170038,2950,1.0,1.0
11,1752170038,2960,1.0,1.0
11,1752170038,2970,1.0,1.0
11,1752170038,2980,1.0,1.0
11,1752170038,2990,1.0,1.0
11,1752170038,3000,1.0,1.0
11,1752170038,3010,1.0,1.0
11,1752170038,3020,1.0,1.0
11,1752170038,3030,1.0,1.0
11,1752170038,3040,1.0,1.0
11,1752170038,3050,1.0,1.0
11,1752170038,3060,1.0,1.0
11,1752170038,3070,1.0,1.0
11,1752170038,3080,1.0,1.0
11,1752170038,3090,1.0,1.0
11,1752170038,3100,1.0,1.0
11,1752170038,3110,1.0,1.0
11,1752170038,3120,1.0,1.0
11,1752170038,3130,1.0,1.0
11,1752170038,3140,1.0,1.0
11,1752170038,3150,1.0,1.0
11,1752170038,3160,1.0,1.0
11,1752170038,3170,1.0,1.0
11,1752170038,3180,1.0,1.0
11,1752170038,3190,1.0,1.0
11,1752170038,3200,1.0,1.0
11,1752170038,3210,1.0,1.0
11,1752170038,3220,1.0,1.0
11,1752170038,3230,1.0,1.0
11,1752170038,3240,1.0,1.0
11,1752170038,3250,1.0,1.0
11,1752170038,3260,1.0,1.0
11,1752170038,3270,1.0,1.0
11,1752170038,3280,1.0,1.0
11,1752170038,3290,1.0,1.0
11,1752170038,3300,1.0,1.0
11,1752170038,3310,1.0,1.0
11,1752170038,3320,1.0,1.0
11,1752170038,3330,1.0,1.0
11,1752170038,3340,1.0,1.0
11,1752170038,3350,1.0,1.0
11,1752170038,3360,1.0,1.0
11,1752170038,3370,1.0,1.0
11,1752170038,3380,1.0,1.0
11,1752170038,3390,1.0,1.0
11,1752170038,3400,1.0,1.0
11,1752170038,3410,1.0,1.0
11,1752170038,3420,1.0,1.0
11,1752170038,3430,1.0,1.0
11,1752170038,3440,1.0,1.0
11,1752170038,3450,1.0,1.0
11,1752170038,3460,1.0,1.0
11,1752170038,3470,1.0,1.0
11,1752170038,3480,1.0,1.0
11,1752170038,3490,1.0,1.0
11,1752170038,3500,1.0,1.0
11,1752170038,3510,1.0,1.0
11,1752170038,3520,1.0,1.0
11,1752170038,3530,1.0,1.0
11,1752170038,3540,1.0,1.0
11,1752170038,3550,1.0,1.0
11,1752170038,3560,1.0,1.0
11,1752170038,3570,1.0,1.0
11,1752170038,3580,1.0,1.0
11,1752170038,3590,1.0,1.0
11,1752170038,3600,1.0,1.0
11,1752170038,3610,1.0,1.0
11,1752170038,3620,1.0,1.0
11,1752170038,3630,1.0,1.0
11,1752170038,3640,1.0,1.0
11,1752170038,3650,1.0,1.0
11,1752170038,3660,1.0,1.0
11,1752170038,3670,1.0,1.0
11,1752170038,3680,1.0,1.0
11,1752170038,3690,1.0,1.0
11,1752170038,3700,1.0,1.0
11,1752170038,3710,1.0,1.0
11,1752170038,3720,0.9950000047683716,1.0
11,1752170038,3730,0.9950000047683716,1.0
11,1752170038,3740,0.9950000047683716,1.0
11,1752170038,3750,0.9950000047683716,1.0
11,1752170038,3760,0.9950000047683716,1.0
11,1752170038,3770,0.9950000047683716,1.0
11,1752170038,3780,0.9950000047683716,1.0
11,1752170038,3790,0.9950000047683716,1.0
11,1752170038,3800,0.9950000047683716,1.0
11,1752170038,3810,0.9950000047683716,1.0
11,1752170038,3820,0.9950000047683716,1.0
11,1752170038,3830,0.9950000047683716,1.0
11,1752170038,3840,0.9899999499320984,1.0
11,1752170038,3850,0.9899999499320984,1.0
11,1752170038,3860,0.9899999499320984,1.0
11,1752170038,3870,0.9899999499320984,1.0
11,1752170038,3880,0.9899999499320984,1.0
11,1752170038,3890,0.9899999499320984,1.0
11,1752170038,3900,0.9899999499320984,1.0
11,1752170038,3910,0.9899999499320984,1.0
11,1752170038,3920,0.9899999499320984,1.0
11,1752170038,3930,0.9899999499320984,1.0
11,1752170038,3940,0.9899999499320984,1.0
11,1752170038,3950,0.9899999499320984,1.0
11,1752170038,3960,0.9899999499320984,1.0
11,1752170038,3970,0.9899999499320984,1.0
11,1752170038,3980,0.9899999499320984,1.0
11,1752170038,3990,0.9899999499320984,1.0
11,1752170038,4000,0.9899999499320984,1.0
11,1752170038,4010,0.9899999499320984,1.0
11,1752170038,4020,0.9899999499320984,1.0
11,1752170038,4030,0.9899999499320984,1.0
11,1752170038,4040,0.9899999499320984,1.0
11,1752170038,4050,0.9899999499320984,1.0
11,1752170038,4060,0.9899999499320984,1.0
11,1752170038,4070,0.9899999499320984,1.0
11,1752170038,4080,0.9899999499320984,1.0
11,1752170038,4090,0.9899999499320984,1.0
11,1752170038,4100,0.9899999499320984,1.0
11,1752170038,4110,0.9899999499320984,1.0
11,1752170038,4120,0.9950000047683716,1.0
11,1752170038,4130,0.9950000047683716,1.0
11,1752170038,4140,0.9950000047683716,1.0
11,1752170038,4150,0.9950000047683716,1.0
11,1752170038,4160,0.9950000047683716,1.0
11,1752170038,4170,0.9950000047683716,1.0
11,1752170038,4180,0.9950000047683716,1.0
11,1752170038,4190,0.9950000047683716,1.0
11,1752170038,4200,0.9950000047683716,1.0
11,1752170038,4210,0.9950000047683716,1.0
11,1752170038,4220,0.9950000047683716,1.0
11,1752170038,4230,0.9950000047683716,1.0
11,1752170038,4240,0.9950000047683716,1.0
11,1752170038,4250,0.9950000047683716,1.0
11,1752170038,4260,0.9950000047683716,1.0
11,1752170038,4270,0.9950000047683716,1.0
11,1752170038,4280,0.9950000047683716,1.0
11,1752170038,4290,0.9950000047683716,1.0
11,1752170038,4300,0.9950000047683716,1.0
11,1752170038,4310,0.9950000047683716,1.0
11,1752170038,4320,0.9950000047683716,1.0
11,1752170038,4330,0.9950000047683716,1.0
11,1752170038,4340,0.9950000047683716,1.0
11,1752170038,4350,0.9950000047683716,1.0
11,1752170038,4360,0.9950000047683716,1.0
11,1752170038,4370,0.9950000047683716,1.0
11,1752170038,4380,0.9950000047683716,1.0
11,1752170038,4390,0.9950000047683716,1.0
11,1752170038,4400,0.9950000047683716,1.0
11,1752170038,4410,0.9950000047683716,1.0
11,1752170038,4420,0.9950000047683716,1.0
11,1752170038,4430,1.0,1.0
11,1752170038,4440,1.0,1.0
11,1752170038,4450,1.0,1.0
11,1752170038,4460,1.0,1.0
11,1752170038,4470,1.0,1.0
11,1752170038,4480,1.0,1.0
11,1752170038,4490,1.0,1.0
11,1752170038,4500,1.0,1.0
11,1752170038,4510,1.0,1.0
11,1752170038,4520,1.0,1.0
11,1752170038,4530,1.0,1.0
11,1752170038,4540,1.0,1.0
11,1752170038,4550,1.0,1.0
11,1752170038,4560,1.0,1.0
11,1752170038,4570,1.0,1.0
11,1752170038,4580,1.0,1.0
11,1752170038,4590,1.0,1.0
11,1752170038,4600,1.0,1.0
11,1752170038,4610,1.0,1.0
11,1752170038,4620,1.0,1.0
11,1752170038,4630,1.0,1.0
11,1752170038,4640,1.0,1.0
11,1752170038,4650,1.0,1.0
11,1752170038,4660,1.0,1.0
11,1752170038,4670,1.0,1.0
11,1752170038,4680,1.0,1.0
11,1752170038,4690,1.0,1.0
11,1752170038,4700,1.0,1.0
11,1752170038,4710,1.0,1.0
11,1752170038,4720,1.0,1.0
11,1752170038,4730,1.0,1.0
11,1752170038,4740,1.0,1.0
11,1752170038,4750,1.0,1.0
11,1752170038,4760,1.0,1.0
11,1752170038,4770,1.0,1.0
11,1752170038,4780,1.0,1.0
11,1752170038,4790,1.0,1.0
11,1752170038,4800,1.0,1.0
11,1752170038,4810,1.0,1.0
11,1752170038,4820,1.0,1.0
11,1752170038,4830,1.0,1.0
11,1752170038,4840,1.0,1.0
11,1752170038,4850,1.0,1.0
11,1752170038,4860,1.0,1.0
11,1752170038,4870,1.0,1.0
11,1752170038,4880,1.0,1.0
11,1752170038,4890,1.0,1.0
11,1752170038,4900,1.0,1.0
11,1752170038,4910,1.0,1.0
11,1752170038,4920,1.0,1.0
11,1752170038,4930,1.0,1.0
11,1752170038,4940,1.0,1.0
11,1752170038,4950,1.0,1.0
11,1752170038,4960,1.0,1.0
11,1752170038,4970,1.0,1.0
11,1752170038,4980,1.0,1.0
11,1752170038,4990,1.0,1.0
11,1752170038,5000,1.0,1.0
12,1347451963,0,0.550000011920929,0.4399999976158142
12,1347451963,10,0.5799999833106995,0.5249999761581421
12,1347451963,20,0.6200000047683716,0.5249999761581421
12,1347451963,30,0.675000011920929,0.5249999761581421
12,1347451963,40,0.73499995470047,0.5199999809265137
12,1347451963,50,0.7849999666213989,0.5199999809265137
12,1347451963,60,0.8349999785423279,0.5299999713897705
12,1347451963,70,0.8650000095367432,0.5349999666213989
12,1347451963,80,0.8899999856948853,0.5299999713897705
12,1347451963,90,0.9099999666213989,0.5349999666213989
12,1347451963,100,0.9350000023841858,0.5399999618530273
12,1347451963,110,0.949999988079071,0.5450000166893005
12,1347451963,120,0.9549999833106995,0.5450000166893005
12,1347451963,130,0.9599999785423279,0.5600000023841858
12,1347451963,140,0.9599999785423279,0.5550000071525574
12,1347451963,150,0.9699999690055847,0.5699999928474426
12,1347451963,160,0.9799999594688416,0.5550000071525574
12,1347451963,170,0.98499995470047,0.5649999976158142
12,1347451963,180,0.9950000047683716,0.5550000071525574
12,1347451963,190,0.9950000047683716,0.5649999976158142
12,1347451963,200,0.9950000047683716,0.5699999928474426
12,1347451963,210,0.9950000047683716,0.5699999928474426
12,1347451963,220,0.9950000047683716,0.574999988079071
12,1347451963,230,0.9950000047683716,0.5649999976158142
12,1347451963,240,0.9950000047683716,0.574999988079071
12,1347451963,250,0.9950000047683716,0.5649999976158142
12,1347451963,260,0.9950000047683716,0.5699999928474426
12,1347451963,270,1.0,0.5649999976158142
12,1347451963,280,1.0,0.574999988079071
12,1347451963,290,1.0,0.574999988079071
12,1347451963,300,1.0,0.5699999928474426
12,1347451963,310,1.0,0.5799999833106995
12,1347451963,320,1.0,0.5849999785423279
12,1347451963,330,1.0,0.5600000023841858
12,1347451963,340,1.0,0.574999988079071
12,1347451963,350,1.0,0.5699999928474426
12,1347451963,360,1.0,0.5899999737739563
12,1347451963,370,1.0,0.5949999690055847
12,1347451963,380,1.0,0.5899999737739563
12,1347451963,390,1.0,0.5649999976158142
12,1347451963,400,1.0,0.5849999785423279
12,1347451963,410,1.0,0.5699999928474426
12,1347451963,420,1.0,0.5949999690055847
12,1347451963,430,1.0,0.5999999642372131
12,1347451963,440,1.0,0.5849999785423279
12,1347451963,450,1.0,0.5949999690055847
12,1347451963,460,1.0,0.5999999642372131
12,1347451963,470,1.0,0.6049999594688416
12,1347451963,480,1.0,0.6049999594688416
12,1347451963,490,1.0,0.6049999594688416
12,1347451963,500,1.0,0.5949999690055847
12,1347451963,510,1.0,0.6100000143051147
12,1347451963,520,1.0,0.6100000143051147
12,1347451963,530,1.0,0.6150000095367432
12,1347451963,540,1.0,0.6049999594688416
12,1347451963,550,1.0,0.6150000095367432
12,1347451963,560,1.0,0.625
12,1347451963,570,1.0,0.6150000095367432
12,1347451963,580,1.0,0.6200000047683716
12,1347451963,590,1.0,0.5999999642372131
12,1347451963,600,1.0,0.6200000047683716
12,1347451963,610,1.0,0.625
12,1347451963,620,1.0,0.6150000095367432
12,1347451963,630,1.0,0.625
12,1347451963,640,1.0,0.6399999856948853
12,1347451963,650,1.0,0.625
12,1347451963,660,1.0,0.625
12,1347451963,670,1.0,0.6449999809265137
12,1347451963,680,1.0,0.625
12,1347451963,690,1.0,0.6399999856948853
12,1347451963,700,1.0,0.6449999809265137
12,1347451963,710,1.0,0.6399999856948853
12,1347451963,720,1.0,0.6649999618530273
12,1347451963,730,1.0,0.6349999904632568
12,1347451963,740,1.0,0.6499999761581421
12,1347451963,750,1.0,0.6549999713897705
12,1347451963,760,1.0,0.6800000071525574
12,1347451963,770,1.0,0.6549999713897705
12,1347451963,780,1.0,0.6800000071525574
12,1347451963,790,1.0,0.6850000023841858
12,1347451963,800,1.0,0.675000011920929
12,1347451963,810,1.0,0.6649999618530273
12,1347451963,820,1.0,0.6649999618530273
12,1347451963,830,1.0,0.6699999570846558
12,1347451963,840,1.0,0.6850000023841858
12,1347451963,850,1.0,0.6949999928474426
12,1347451963,860,1.0,0.7049999833106995
12,1347451963,870,1.0,0.6649999618530273
12,1347451963,880,1.0,0.699999988079071
12,1347451963,890,1.0,0.7149999737739563
12,1347451963,900,1.0,0.6949999928474426
12,1347451963,910,1.0,0.7149999737739563
12,1347451963,920,1.0,0.7099999785423279
12,1347451963,930,1.0,0.73499995470047
12,1347451963,940,1.0,0.7099999785423279
12,1347451963,950,1.0,0.7149999737739563
12,1347451963,960,1.0,0.7299999594688416
12,1347451963,970,1.0,0.7299999594688416
12,1347451963,980,1.0,0.7249999642372131
12,1347451963,990,1.0,0.73499995470047
12,1347451963,1000,1.0,0.7450000047683716
12,1347451963,1010,1.0,0.73499995470047
12,1347451963,1020,1.0,0.7199999690055847
12,1347451963,1030,1.0,0.73499995470047
12,1347451963,1040,1.0,0.7400000095367432
12,1347451963,1050,1.0,0.73499995470047
12,1347451963,1060,1.0,0.7299999594688416
12,1347451963,1070,1.0,0.7450000047683716
12,1347451963,1080,1.0,0.7400000095367432
12,1347451963,1090,1.0,0.75
12,1347451963,1100,1.0,0.7749999761581421
12,1347451963,1110,1.0,0.75
12,1347451963,1120,1.0,0.7899999618530273
12,1347451963,1130,1.0,0.7699999809265137
12,1347451963,1140,1.0,0.7749999761581421
12,1347451963,1150,1.0,0.7699999809265137
12,1347451963,1160,1.0,0.7899999618530273
12,1347451963,1170,1.0,0.7849999666213989
12,1347451963,1180,1.0,0.7849999666213989
12,1347451963,1190,1.0,0.8050000071525574
12,1347451963,1200,1.0,0.8100000023841858
12,1347451963,1210,1.0,0.824999988079071
12,1347451963,1220,1.0,0.824999988079071
12,1347451963,1230,1.0,0.8149999976158142
12,1347451963,1240,1.0,0.8050000071525574
12,1347451963,1250,1.0,0.8199999928474426
12,1347451963,1260,1.0,0.8100000023841858
12,1347451963,1270,1.0,0.8149999976158142
12,1347451963,1280,1.0,0.824999988079071
12,1347451963,1290,1.0,0.8349999785423279
12,1347451963,1300,1.0,0.8299999833106995
12,1347451963,1310,1.0,0.8199999928474426
12,1347451963,1320,1.0,0.8449999690055847
12,1347451963,1330,1.0,0.8449999690055847
12,1347451963,1340,1.0,0.8449999690055847
12,1347451963,1350,1.0,0.8499999642372131
12,1347451963,1360,1.0,0.8499999642372131
12,1347451963,1370,1.0,0.8549999594688416
12,1347451963,1380,1.0,0.85999995470047
12,1347451963,1390,1.0,0.85999995470047
12,1347451963,1400,1.0,0.85999995470047
12,1347451963,1410,1.0,0.8650000095367432
12,1347451963,1420,1.0,0.85999995470047
12,1347451963,1430,1.0,0.8549999594688416
12,1347451963,1440,1.0,0.8700000047683716
12,1347451963,1450,1.0,0.8650000095367432
12,1347451963,1460,1.0,0.8700000047683716
12,1347451963,1470,1.0,0.8700000047683716
12,1347451963,1480,1.0,0.875
12,1347451963,1490,1.0,0.8799999952316284
12,1347451963,1500,1.0,0.8799999952316284
12,1347451963,1510,1.0,0.8949999809265137
12,1347451963,1520,1.0,0.8799999952316284
12,1347451963,1530,1.0,0.8849999904632568
12,1347451963,1540,1.0,0.8949999809265137
12,1347451963,1550,1.0,0.8949999809265137
12,1347451963,1560,1.0,0.9049999713897705
12,1347451963,1570,1.0,0.9049999713897705
12,1347451963,1580,1.0,0.8999999761581421
12,1347451963,1590,1.0,0.9099999666213989
12,1347451963,1600,1.0,0.9099999666213989
12,1347451963,1610,1.0,0.9149999618530273
12,1347451963,1620,1.0,0.9149999618530273
12,1347451963,1630,1.0,0.9249999523162842
12,1347451963,1640,1.0,0.9199999570846558
12,1347451963,1650,1.0,0.9199999570846558
12,1347451963,1660,1.0,0.9350000023841858
12,1347451963,1670,1.0,0.9399999976158142
12,1347451963,1680,1.0,0.9399999976158142
12,1347451963,1690,1.0,0.9300000071525574
12,1347451963,1700,1.0,0.9399999976158142
12,1347451963,1710,1.0,0.9399999976158142
12,1347451963,1720,1.0,0.9449999928474426
12,1347451963,1730,1.0,0.949999988079071
12,1347451963,1740,1.0,0.9449999928474426
12,1347451963,1750,1.0,0.949999988079071
12,1347451963,1760,1.0,0.949999988079071
12,1347451963,1770,1.0,0.949999988079071
12,1347451963,1780,1.0,0.9449999928474426
12,1347451963,1790,1.0,0.949999988079071
12,1347451963,1800,1.0,0.949999988079071
12,1347451963,1810,1.0,0.9549999833106995
12,1347451963,1820,1.0,0.9599999785423279
12,1347451963,1830,1.0,0.9549999833106995
12,1347451963,1840,1.0,0.9649999737739563
12,1347451963,1850,1.0,0.9549999833106995
12,1347451963,1860,1.0,0.9599999785423279
12,1347451963,1870,1.0,0.9599999785423279
12,1347451963,1880,1.0,0.9699999690055847
12,1347451963,1890,1.0,0.9649999737739563
12,1347451963,1900,1.0,0.9599999785423279
12,1347451963,1910,1.0,0.9799999594688416
12,1347451963,1920,1.0,0.9749999642372131
12,1347451963,1930,1.0,0.98499995470047
12,1347451963,1940,1.0,0.9749999642372131
12,1347451963,1950,1.0,0.98499995470047
12,1347451963,1960,1.0,0.9899999499320984
12,1347451963,1970,1.0,0.98499995470047
12,1347451963,1980,1.0,0.9899999499320984
12,1347451963,1990,1.0,0.9899999499320984
12,1347451963,2000,1.0,0.9899999499320984
12,1347451963,2010,1.0,0.9899999499320984
12,1347451963,2020,1.0,0.9899999499320984
12,1347451963,2030,1.0,0.98499995470047
12,1347451963,2040,1.0,0.9899999499320984
12,1347451963,2050,1.0,0.9899999499320984
12,1347451963,2060,1.0,0.9899999499320984
12,1347451963,2070,1.0,0.9899999499320984
12,1347451963,2080,1.0,0.9899999499320984
12,1347451963,2090,1.0,0.9950000047683716
12,1347451963,2100,1.0,0.9950000047683716
12,1347451963,2110,1.0,0.9950000047683716
12,1347451963,2120,1.0,0.9950000047683716
12,1347451963,2130,1.0,0.9950000047683716
12,1347451963,2140,1.0,0.9950000047683716
12,1347451963,2150,1.0,0.9950000047683716
12,1347451963,2160,1.0,0.9950000047683716
12,1347451963,2170,1.0,1.0
12,1347451963,2180,1.0,1.0
12,1347451963,2190,1.0,1.0
12,1347451963,2200,1.0,1.0
12,1347451963,2210,1.0,1.0
12,1347451963,2220,1.0,1.0
12,1347451963,2230,1.0,1.0
12,1347451963,2240,1.0,1.0
12,1347451963,2250,1.0,1.0
12,1347451963,2260,1.0,1.0
12,1347451963,2270,1.0,1.0
12,1347451963,2280,1.0,1.0
12,1347451963,2290,1.0,1.0
12,1347451963,2300,1.0,1.0
12,1347451963,2310,1.0,1.0
12,1347451963,2320,1.0,1.0
12,1347451963,2330,1.0,1.0
12,1347451963,2340,1.0,1.0
12,1347451963,2350,1.0,1.0
12,1347451963,2360,1.0,1.0
12,1347451963,2370,1.0,1.0
12,1347451963,2380,1.0,1.0
12,1347451963,2390,1.0,1.0
12,1347451963,2400,1.0,1.0
12,1347451963,2410,1.0,1.0
12,1347451963,2420,1.0,1.0
12,1347451963,2430,1.0,1.0
12,1347451963,2440,1.0,1.0
12,1347451963,2450,1.0,1.0
12,1347451963,2460,1.0,1.0
12,1347451963,2470,1.0,1.0
12,1347451963,2480,1.0,1.0
12,1347451963,2490,1.0,1.0
12,1347451963,2500,1.0,1.0
12,1347451963,2510,1.0,1.0
12,1347451963,2520,1.0,1.0
12,1347451963,2530,1.0,1.0
12,1347451963,2540,1.0,1.0
12,1347451963,2550,1.0,1.0
12,1347451963,2560,1.0,1.0
12,1347451963,2570,1.0,1.0
12,1347451963,2580,1.0,1.0
12,1347451963,2590,1.0,1.0
12,1347451963,2600,1.0,1.0
12,1347451963,2610,1.0,1.0
12,1347451963,2620,1.0,1.0
12,1347451963,2630,1.0,1.0
12,1347451963,2640,1.0,1.0
12,1347451963,2650,1.0,1.0
12,1347451963,2660,1.0,1.0
12,1347451963,2670,1.0,1.0
12,1347451963,2680,1.0,1.0
12,1347451963,2690,1.0,1.0
12,1347451963,2700,1.0,1.0
12,1347451963,2710,1.0,1.0
12,1347451963,2720,1.0,1.0
12,1347451963,2730,1.0,1.0
12,1347451963,2740,1.0,1.0
12,1347451963,2750,1.0,1.0
12,1347451963,2760,1.0,1.0
12,1347451963,2770,1.0,1.0
12,1347451963,2780,1.0,1.0
12,1347451963,2790,1.0,1.0
12,1347451963,2800,1.0,1.0
12,1347451963,2810,1.0,1.0
12,1347451963,2820,1.0,1.0
12,1347451963,2830,1.0,1.0
12,1347451963,2840,1.0,1.0
12,1347451963,2850,1.0,1.0
12,1347451963,2860,1.0,1.0
12,1347451963,2870,1.0,1.0
12,1347451963,2880,1.0,1.0
12,1347451963,2890,1.0,1.0
12,1347451963,2900,1.0,1.0
12,1347451963,2910,1.0,1.0
12,1347451963,2920,1.0,1.0
12,1347451963,2930,1.0,1.0
12,1347451963,2940,1.0,1.0
12,1347451963,2950,1.0,1.0
12,1347451963,2960,1.0,1.0
12,1347451963,2970,1.0,1.0
12,1347451963,2980,1.0,1.0
12,1347451963,2990,1.0,1.0
12,1347451963,3000,1.0,1.0
12,1347451963,3010,1.0,1.0
12,1347451963,3020,1.0,1.0
12,1347451963,3030,1.0,1.0
12,1347451963,3040,1.0,1.0
12,1347451963,3050,1.0,1.0
12,1347451963,3060,1.0,1.0
12,1347451963,3070,1.0,1.0
12,1347451963,3080,1.0,1.0
12,1347451963,3090,1.0,1.0
12,1347451963,3100,1.0,1.0
12,1347451963,3110,1.0,1.0
12,1347451963,3120,1.0,1.0
12,1347451963,3130,1.0,1.0
12,1347451963,3140,1.0,1.0
12,1347451963,3150,1.0,1.0
12,1347451963,3160,1.0,1.0
12,1347451963,3170,1.0,1.0
12,1347451963,3180,1.0,1.0
12,1347451963,3190,1.0,1.0
12,1347451963,3200,1.0,1.0
12,1347451963,3210,1.0,1.0
12,1347451963,3220,1.0,1.0
12,1347451963,3230,1.0,1.0
12,1347451963,3240,1.0,1.0
12,1347451963,3250,1.0,1.0
12,1347451963,3260,1.0,1.0
12,1347451963,3270,1.0,1.0
12,1347451963,3280,1.0,1.0
12,1347451963,3290,1.0,1.0
12,1347451963,3300,1.0,1.0
12,1347451963,3310,1.0,1.0
12,1347451963,3320,1.0,1.0
12,1347451963,3330,1.0,1.0
12,1347451963,3340,1.0,1.0
12,1347451963,3350,1.0,1.0
12,1347451963,3360,1.0,1.0
12,1347451963,3370,1.0,1.0
12,1347451963,3380,1.0,1.0
12,1347451963,3390,1.0,1.0
12,1347451963,3400,1.0,1.0
12,1347451963,3410,1.0,1.0
12,1347451963,3420,1.0,1.0
12,1347451963,3430,1.0,1.0
12,1347451963,3440,1.0,1.0
12,1347451963,3450,1.0,1.0
12,1347451963,3460,1.0,1.0
12,1347451963,3470,1.0,1.0
12,1347451963,3480,1.0,1.0
12,1347451963,3490,1.0,1.0
12,1347451963,3500,1.0,1.0
12,1347451963,3510,1.0,1.0
12,1347451963,3520,1.0,1.0
12,1347451963,3530,1.0,1.0
12,1347451963,3540,1.0,1.0
12,1347451963,3550,1.0,1.0
12,1347451963,3560,1.0,1.0
12,1347451963,3570,1.0,1.0
12,1347451963,3580,1.0,1.0
12,1347451963,3590,1.0,1.0
12,1347451963,3600,1.0,1.0
12,1347451963,3610,1.0,1.0
12,1347451963,3620,1.0,1.0
12,1347451963,3630,1.0,1.0
12,1347451963,3640,1.0,1.0
12,1347451963,3650,1.0,1.0
12,1347451963,3660,1.0,1.0
12,1347451963,3670,1.0,1.0
12,1347451963,3680,1.0,1.0
12,1347451963,3690,1.0,1.0
12,1347451963,3700,1.0,1.0
12,1347451963,3710,1.0,1.0
12,1347451963,3720,1.0,1.0
12,1347451963,3730,1.0,1.0
12,1347451963,3740,1.0,1.0
12,1347451963,3750,0.9950000047683716,1.0
12,1347451963,3760,0.9950000047683716,1.0
12,1347451963,3770,0.9950000047683716,1.0
12,1347451963,3780,0.9950000047683716,1.0
12,1347451963,3790,0.9899999499320984,1.0
12,1347451963,3800,0.98499995470047,1.0
12,1347451963,3810,0.98499995470047,1.0
12,1347451963,3820,0.98499995470047,1.0
12,1347451963,3830,0.9799999594688416,1.0
12,1347451963,3840,0.98499995470047,1.0
12,1347451963,3850,0.98499995470047,1.0
12,1347451963,3860,0.9799999594688416,1.0
12,1347451963,3870,0.9799999594688416,1.0
12,1347451963,3880,0.9799999594688416,1.0
12,1347451963,3890,0.9799999594688416,1.0
12,1347451963,3900,0.9799999594688416,1.0
12,1347451963,3910,0.9799999594688416,1.0
12,1347451963,3920,0.9799999594688416,1.0
12,1347451963,3930,0.9799999594688416,1.0
12,1347451963,3940,0.9799999594688416,1.0
12,1347451963,3950,0.9799999594688416,1.0
12,1347451963,3960,0.9799999594688416,1.0
12,1347451963,3970,0.9799999594688416,1.0
12,1347451963,3980,0.9799999594688416,1.0
12,1347451963,3990,0.9799999594688416,1.0
12,1347451963,4000,0.9799999594688416,1.0
12,1347451963,4010,0.9799999594688416,1.0
12,1347451963,4020,0.9799999594688416,1.0
12,1347451963,4030,0.9799999594688416,1.0
12,1347451963,4040,0.9799999594688416,1.0
12,1347451963,4050,0.9799999594688416,1.0
12,1347451963,4060,0.9799999594688416,1.0
12,1347451963,4070,0.9799999594688416,1.0
12,1347451963,4080,0.9799999594688416,1.0
12,1347451963,4090,0.9799999594688416,1.0
12,1347451963,4100,0.9799999594688416,1.0
12,1347451963,4110,0.9799999594688416,1.0
12,1347451963,4120,0.9799999594688416,1.0
12,1347451963,4130,0.9799999594688416,1.0
12,1347451963,4140,0.9799999594688416,1.0
12,1347451963,4150,0.9799999594688416,1.0
12,1347451963,4160,0.9799999594688416,1.0
12,1347451963,4170,0.9799999594688416,1.0
12,1347451963,4180,0.98499995470047,1.0
12,1347451963,4190,0.98499995470047,1.0
12,1347451963,4200,0.98499995470047,1.0
12,1347451963,4210,0.98499995470047,1.0
12,1347451963,4220,0.9950000047683716,1.0
12,1347451963,4230,1.0,1.0
12,1347451963,4240,1.0,1.0
12,1347451963,4250,1.0,1.0
12,1347451963,4260,1.0,1.0
12,1347451963,4270,1.0,1.0
12,1347451963,4280,1.0,1.0
12,1347451963,4290,1.0,1.0
12,1347451963,4300,1.0,1.0
12,1347451963,4310,1.0,1.0
12,1347451963,4320,1.0,1.0
12,1347451963,4330,1.0,1.0
12,1347451963,4340,1.0,1.0
12,1347451963,4350,1.0,1.0
12,1347451963,4360,1.0,1.0
12,1347451963,4370,1.0,1.0
12,1347451963,4380,1.0,1.0
12,1347451963,4390,1.0,1.0
12,1347451963,4400,1.0,1.0
12,1347451963,4410,1.0,1.0
12,1347451963,4420,1.0,1.0
12,1347451963,4430,1.0,1.0
12,1347451963,4440,1.0,1.0
12,1347451963,4450,1.0,1.0
12,1347451963,4460,1.0,1.0
12,1347451963,4470,1.0,1.0
12,1347451963,4480,1.0,1.0
12,1347451963,4490,1.0,1.0
12,1347451963,4500,1.0,1.0
12,1347451963,4510,1.0,1.0
12,1347451963,4520,1.0,1.0
12,1347451963,4530,1.0,1.0
12,1347451963,4540,1.0,1.0
12,1347451963,4550,1.0,1.0
12,1347451963,4560,1.0,1.0
12,1347451963,4570,1.0,1.0
12,1347451963,4580,1.0,1.0
12,1347451963,4590,1.0,1.0
12,1347451963,4600,1.0,1.0
12,1347451963,4610,1.0,1.0
12,1347451963,4620,1.0,1.0
12,1347451963,4630,1.0,1.0
12,1347451963,4640,1.0,1.0
12,1347451963,4650,1.0,1.0
12,1347451963,4660,1.0,1.0
12,1347451963,4670,1.0,1.0
12,1347451963,4680,1.0,1.0
12,1347451963,4690,1.0,1.0
12,1347451963,4700,1.0,1.0
12,1347451963,4710,1.0,1.0
12,1347451963,4720,1.0,1.0
12,1347451963,4730,1.0,1.0
12,1347451963,4740,1.0,1.0
12,1347451963,4750,1.0,1.0
12,1347451963,4760,1.0,1.0
12,1347451963,4770,1.0,1.0
12,1347451963,4780,1.0,1.0
12,1347451963,4790,1.0,1.0
12,1347451963,4800,1.0,1.0
12,1347451963,4810,1.0,1.0
12,1347451963,4820,1.0,1.0
12,1347451963,4830,1.0,1.0
12,1347451963,4840,1.0,1.0
12,1347451963,4850,1.0,1.0
12,1347451963,4860,1.0,1.0
12,1347451963,4870,1.0,1.0
12,1347451963,4880,1.0,1.0
12,1347451963,4890,1.0,1.0
12,1347451963,4900,1.0,1.0
12,1347451963,4910,1.0,1.0
12,1347451963,4920,1.0,1.0
12,1347451963,4930,1.0,1.0
12,1347451963,4940,1.0,1.0
12,1347451963,4950,1.0,1.0
12,1347451963,4960,1.0,1.0
12,1347451963,4970,1.0,1.0
12,1347451963,4980,1.0,1.0
12,1347451963,4990,1.0,1.0
12,1347451963,5000,1.0,1.0
13,1026779926,0,0.550000011920929,0.4949999749660492
13,1026779926,10,0.5199999809265137,0.44999998807907104
13,1026779926,20,0.5849999785423279,0.4449999928474426
13,1026779926,30,0.6150000095367432,0.4449999928474426
13,1026779926,40,0.6599999666213989,0.45499998331069946
13,1026779926,50,0.6899999976158142,0.45499998331069946
13,1026779926,60,0.73499995470047,0.4650000035762787
13,1026779926,70,0.7799999713897705,0.4699999988079071
13,1026779926,80,0.8199999928474426,0.4699999988079071
13,1026779926,90,0.8650000095367432,0.47999998927116394
13,1026779926,100,0.8899999856948853,0.48499998450279236
13,1026779926,110,0.9249999523162842,0.48499998450279236
13,1026779926,120,0.9350000023841858,0.4899999797344208
13,1026779926,130,0.949999988079071,0.4899999797344208
13,1026779926,140,0.9549999833106995,0.5
13,1026779926,150,0.9649999737739563,0.4949999749660492
13,1026779926,160,0.9699999690055847,0.5049999952316284
13,1026779926,170,0.98499995470047,0.4949999749660492
13,1026779926,180,0.9899999499320984,0.5099999904632568
13,1026779926,190,0.9950000047683716,0.5
13,1026779926,200,0.9950000047683716,0.5
13,1026779926,210,1.0,0.5099999904632568
13,1026779926,220,1.0,0.5099999904632568
13,1026779926,230,1.0,0.5149999856948853
13,1026779926,240,1.0,0.5049999952316284
13,1026779926,250,1.0,0.5149999856948853
13,1026779926,260,1.0,0.5349999666213989
13,1026779926,270,1.0,0.5399999618530273
13,1026779926,280,1.0,0.5199999809265137
13,1026779926,290,1.0,0.5299999713897705
13,1026779926,300,1.0,0.5299999713897705
13,1026779926,310,1.0,0.5249999761581421
13,1026779926,320,1.0,0.5450000166893005
13,1026779926,330,1.0,0.5399999618530273
13,1026779926,340,1.0,0.5450000166893005
13,1026779926,350,1.0,0.5450000166893005
13,1026779926,360,1.0,0.5450000166893005
13,1026779926,370,1.0,0.5349999666213989
13,1026779926,380,1.0,0.5550000071525574
13,1026779926,390,1.0,0.5399999618530273
13,1026779926,400,1.0,0.5349999666213989
13,1026779926,410,1.0,0.5699999928474426
13,1026779926,420,1.0,0.5649999976158142
13,1026779926,430,1.0,0.5399999618530273
13,1026779926,440,1.0,0.5699999928474426
13,1026779926,450,1.0,0.5450000166893005
13,1026779926,460,1.0,0.5349999666213989
13,1026779926,470,1.0,0.5550000071525574
13,1026779926,480,1.0,0.5550000071525574
13,1026779926,490,1.0,0.5399999618530273
13,1026779926,500,1.0,0.5600000023841858
13,1026779926,510,1.0,0.5600000023841858
13,1026779926,520,1.0,0.5649999976158142
13,1026779926,530,1.0,0.5699999928474426
13,1026779926,540,1.0,0.5649999976158142
13,1026779926,550,1.0,0.5849999785423279
13,1026779926,560,1.0,0.5649999976158142
13,1026779926,570,1.0,0.574999988079071
13,1026779926,580,1.0,0.5849999785423279
13,1026779926,590,1.0,0.574999988079071
13,1026779926,600,1.0,0.5899999737739563
13,1026779926,610,1.0,0.5849999785423279
13,1026779926,620,1.0,0.5949999690055847
13,1026779926,630,1.0,0.5849999785423279
13,1026779926,640,1.0,0.5899999737739563
13,1026779926,650,1.0,0.5799999833106995
13,1026779926,660,1.0,0.5949999690055847
13,1026779926,670,1.0,0.5949999690055847
13,1026779926,680,1.0,0.5999999642372131
13,1026779926,690,1.0,0.6049999594688416
13,1026779926,700,1.0,0.625
13,1026779926,710,1.0,0.6100000143051147
13,1026779926,720,1.0,0.6349999904632568
13,1026779926,730,1.0,0.5999999642372131
13,1026779926,740,1.0,0.6100000143051147
13,1026779926,750,1.0,0.6150000095367432
13,1026779926,760,1.0,0.6200000047683716
13,1026779926,770,1.0,0.6349999904632568
13,1026779926,780,1.0,0.6349999904632568
13,1026779926,790,1.0,0.625
13,1026779926,800,1.0,0.6449999809265137
13,1026779926,810,1.0,0.625
13,1026779926,820,1.0,0.6399999856948853
13,1026779926,830,1.0,0.6349999904632568
13,1026779926,840,1.0,0.6499999761581421
13,1026779926,850,1.0,0.6549999713897705
13,1026779926,860,1.0,0.6649999618530273
13,1026779926,870,1.0,0.6449999809265137
13,1026779926,880,1.0,0.6800000071525574
13,1026779926,890,1.0,0.6599999666213989
13,1026779926,900,1.0,0.6599999666213989
13,1026779926,910,1.0,0.6699999570846558
13,1026779926,920,1.0,0.6599999666213989
13,1026779926,930,1.0,0.675000011920929
13,1026779926,940,1.0,0.699999988079071
13,1026779926,950,1.0,0.6899999976158142
13,1026779926,960,1.0,0.6850000023841858
13,1026779926,970,1.0,0.699999988079071
13,1026779926,980,1.0,0.6949999928474426
13,1026779926,990,1.0,0.7049999833106995
13,1026779926,1000,1.0,0.6899999976158142
13,1026779926,1010,1.0,0.7099999785423279
13,1026779926,1020,1.0,0.699999988079071
13,1026779926,1030,1.0,0.699999988079071
13,1026779926,1040,1.0,0.7149999737739563
13,1026779926,1050,1.0,0.7049999833106995
13,1026779926,1060,1.0,0.7099999785423279
13,1026779926,1070,1.0,0.73499995470047
13,1026779926,1080,1.0,0.7299999594688416
13,1026779926,1090,1.0,0.75
13,1026779926,1100,1.0,0.7450000047683716
13,1026779926,1110,1.0,0.7599999904632568
13,1026779926,1120,1.0,0.7699999809265137
13,1026779926,1130,1.0,0.7549999952316284
13,1026779926,1140,1.0,0.7649999856948853
13,1026779926,1150,1.0,0.7899999618530273
13,1026779926,1160,1.0,0.7699999809265137
13,1026779926,1170,1.0,0.7699999809265137
13,1026779926,1180,1.0,0.7799999713897705
13,1026779926,1190,1.0,0.7749999761581421
13,1026779926,1200,1.0,0.7899999618530273
13,1026779926,1210,1.0,0.7949999570846558
13,1026779926,1220,1.0,0.7799999713897705
13,1026779926,1230,1.0,0.8050000071525574
13,1026779926,1240,1.0,0.824999988079071
13,1026779926,1250,1.0,0.8100000023841858
13,1026779926,1260,1.0,0.8199999928474426
13,1026779926,1270,1.0,0.8100000023841858
13,1026779926,1280,1.0,0.8100000023841858
13,1026779926,1290,1.0,0.8349999785423279
13,1026779926,1300,1.0,0.8549999594688416
13,1026779926,1310,1.0,0.824999988079071
13,1026779926,1320,1.0,0.8299999833106995
13,1026779926,1330,1.0,0.8499999642372131
13,1026779926,1340,1.0,0.85999995470047
13,1026779926,1350,1.0,0.8449999690055847
13,1026779926,1360,1.0,0.8700000047683716
13,1026779926,1370,1.0,0.8700000047683716
13,1026779926,1380,1.0,0.8799999952316284
13,1026779926,1390,1.0,0.85999995470047
13,1026779926,1400,1.0,0.8849999904632568
13,1026779926,1410,1.0,0.8899999856948853
13,1026779926,1420,1.0,0.8999999761581421
13,1026779926,1430,1.0,0.8999999761581421
13,1026779926,1440,1.0,0.9049999713897705
13,1026779926,1450,1.0,0.9099999666213989
13,1026779926,1460,1.0,0.9149999618530273
13,1026779926,1470,1.0,0.9099999666213989
13,1026779926,1480,1.0,0.9099999666213989
13,1026779926,1490,1.0,0.9149999618530273
13,1026779926,1500,1.0,0.9099999666213989
13,1026779926,1510,1.0,0.9149999618530273
13,1026779926,1520,1.0,0.9249999523162842
13,1026779926,1530,1.0,0.9199999570846558
13,1026779926,1540,1.0,0.9350000023841858
13,1026779926,1550,1.0,0.9199999570846558
13,1026779926,1560,1.0,0.9249999523162842
13,1026779926,1570,1.0,0.9199999570846558
13,1026779926,1580,1.0,0.9449999928474426
13,1026779926,1590,1.0,0.9350000023841858
13,1026779926,1600,1.0,0.949999988079071
13,1026779926,1610,1.0,0.9549999833106995
13,1026779926,1620,1.0,0.9649999737739563
13,1026779926,1630,1.0,0.9449999928474426
13,1026779926,1640,1.0,0.9649999737739563
13,1026779926,1650,1.0,0.9699999690055847
13,1026779926,1660,1.0,0.9749999642372131
13,1026779926,1670,1.0,0.9749999642372131
13,1026779926,1680,1.0,0.9749999642372131
13,1026779926,1690,1.0,0.98499995470047
13,1026779926,1700,1.0,0.98499995470047
13,1026779926,1710,1.0,0.98499995470047
13,1026779926,1720,1.0,0.98499995470047
13,1026779926,1730,1.0,0.98499995470047
13,1026779926,1740,1.0,0.9799999594688416
13,1026779926,1750,1.0,0.9799999594688416
13,1026779926,1760,1.0,0.9799999594688416
13,1026779926,1770,1.0,0.98499995470047
13,1026779926,1780,1.0,0.98499995470047
13,1026779926,1790,1.0,0.9799999594688416
13,1026779926,1800,1.0,0.9799999594688416
13,1026779926,1810,1.0,0.9799999594688416
13,1026779926,1820,1.0,0.98499995470047
13,1026779926,1830,1.0,0.9799999594688416
13,1026779926,1840,1.0,0.9799999594688416
13,1026779926,1850,1.0,0.98499995470047
13,1026779926,1860,1.0,0.9899999499320984
13,1026779926,1870,1.0,0.9899999499320984
13,1026779926,1880,1.0,0.98499995470047
13,1026779926,1890,1.0,0.98499995470047
13,1026779926,1900,1.0,0.98499995470047
13,1026779926,1910,1.0,0.9899999499320984
13,1026779926,1920,1.0,0.9950000047683716
13,1026779926,1930,1.0,0.9950000047683716
13,1026779926,1940,1.0,0.9899999499320984
13,1026779926,1950,1.0,0.9950000047683716
13,1026779926,1960,1.0,1.0
13,1026779926,1970,1.0,0.9950000047683716
13,1026779926,1980,1.0,1.0
13,1026779926,1990,1.0,1.0
13,1026779926,2000,1.0,1.0
13,1026779926,2010,1.0,1.0
13,1026779926,2020,1.0,1.0
13,1026779926,2030,1.0,1.0
13,1026779926,2040,1.0,1.0
13,1026779926,2050,1.0,1.0
13,1026779926,2060,1.0,1.0
13,1026779926,2070,1.0,1.0
13,1026779926,2080,1.0,1.0
13,1026779926,2090,1.0,1.0
13,1026779926,2100,1.0,1.0
13,1026779926,2110,1.0,1.0
13,1026779926,2120,1.0,1.0
13,1026779926,2130,1.0,1.0
13,1026779926,2140,1.0,1.0
13,1026779926,2150,1.0,1.0
13,1026779926,2160,1.0,1.0
13,1026779926,2170,1.0,1.0
13,1026779926,2180,1.0,1.0
13,1026779926,2190,1.0,1.0
13,1026779926,2200,1.0,1.0
13,1026779926,2210,1.0,1.0
13,1026779926,2220,1.0,1.0
13,1026779926,2230,1.0,1.0
13,1026779926,2240,1.0,1.0
13,1026779926,2250,1.0,1.0
13,1026779926,2260,1.0,1.0
13,1026779926,2270,1.0,1.0
13,1026779926,2280,1.0,1.0
13,1026779926,2290,1.0,1.0
13,1026779926,2300,1.0,1.0
13,1026779926,2310,1.0,1.0
13,1026779926,2320,1.0,1.0
13,1026779926,2330,1.0,1.0
13,1026779926,2340,1.0,1.0
13,1026779926,2350,1.0,1.0
13,1026779926,2360,1.0,1.0
13,1026779926,2370,1.0,1.0
13,1026779926,2380,1.0,1.0
13,1026779926,2390,1.0,1.0
13,1026779926,2400,1.0,1.0
13,1026779926,2410,1.0,1.0
13,1026779926,2420,1.0,1.0
13,1026779926,2430,1.0,1.0
13,1026779926,2440,1.0,1.0
13,1026779926,2450,1.0,1.0
13,1026779926,2460,1.0,1.0
13,1026779926,2470,1.0,1.0
13,1026779926,2480,1.0,1.0
13,1026779926,2490,1.0,1.0
13,1026779926,2500,1.0,1.0
13,1026779926,2510,1.0,1.0
13,1026779926,2520,1.0,1.0
13,1026779926,2530,1.0,1.0
13,1026779926,2540,1.0,1.0
13,1026779926,2550,1.0,1.0
13,1026779926,2560,1.0,1.0
13,1026779926,2570,1.0,1.0
13,1026779926,2580,1.0,1.0
13,1026779926,2590,1.0,1.0
13,1026779926,2600,1.0,1.0
13,1026779926,2610,1.0,1.0
13,1026779926,2620,1.0,1.0
13,1026779926,2630,1.0,1.0
13,1026779926,2640,1.0,1.0
13,1026779926,2650,1.0,1.0
13,1026779926,2660,1.0,1.0
13,1026779926,2670,1.0,1.0
13,1026779926,2680,1.0,1.0
13,1026779926,2690,1.0,1.0
13,1026779926,2700,1.0,1.0
13,1026779926,2710,1.0,1.0
13,1026779926,2720,1.0,1.0
13,1026779926,2730,1.0,1.0
13,1026779926,2740,1.0,1.0
13,1026779926,2750,1.0,1.0
13,1026779926,2760,1.0,1.0
13,1026779926,2770,1.0,1.0
13,1026779926,2780,1.0,1.0
13,1026779926,2790,1.0,1.0
13,1026779926,2800,1.0,1.0
13,1026779926,2810,1.0,1.0
13,1026779926,2820,1.0,1.0
13,1026779926,2830,1.0,1.0
13,1026779926,2840,1.0,1.0
13,1026779926,2850,1.0,1.0
13,1026779926,2860,1.0,1.0
13,1026779926,2870,1.0,1.0
13,1026779926,2880,1.0,1.0
13,1026779926,2890,1.0,1.0
13,1026779926,2900,1.0,1.0
13,1026779926,2910,1.0,1.0
13,1026779926,2920,1.0,1.0
13,1026779926,2930,1.0,1.0
13,1026779926,2940,1.0,1.0
13,1026779926,2950,1.0,1.0
13,1026779926,2960,1.0,1.0
13,1026779926,2970,1.0,1.0
13,1026779926,2980,1.0,1.0
13,1026779926,2990,1.0,1.0
13,1026779926,3000,1.0,1.0
13,1026779926,3010,1.0,1.0
13,1026779926,3020,1.0,1.0
13,1026779926,3030,1.0,1.0
13,1026779926,3040,1.0,1.0
13,1026779926,3050,1.0,1.0
13,1026779926,3060,1.0,1.0
13,1026779926,3070,1.0,1.0
13,1026779926,3080,1.0,1.0
13,1026779926,3090,1.0,1.0
13,1026779926,3100,1.0,1.0
13,1026779926,3110,1.0,1.0
13,1026779926,3120,1.0,1.0
13,1026779926,3130,1.0,1.0
13,1026779926,3140,1.0,1.0
13,1026779926,3150,1.0,1.0
13,1026779926,3160,1.0,1.0
13,1026779926,3170,1.0,1.0
13,1026779926,3180,1.0,1.0
13,1026779926,3190,1.0,1.0
13,1026779926,3200,1.0,1.0
13,1026779926,3210,1.0,1.0
13,1026779926,3220,1.0,1.0
13,1026779926,3230,1.0,1.0
13,1026779926,3240,1.0,1.0
13,1026779926,3250,1.0,1.0
13,1026779926,3260,1.0,1.0
13,1026779926,3270,1.0,1.0
13,1026779926,3280,1.0,1.0
13,1026779926,3290,1.0,1.0
13,1026779926,3300,1.0,1.0
13,1026779926,3310,1.0,1.0
13,1026779926,3320,1.0,1.0
13,1026779926,3330,1.0,1.0
13,1026779926,3340,1.0,1.0
13,1026779926,3350,1.0,1.0
13,1026779926,3360,1.0,1.0
13,1026779926,3370,1.0,1.0
13,1026779926,3380,1.0,1.0
13,1026779926,3390,1.0,1.0
13,1026779926,3400,1.0,1.0
13,1026779926,3410,1.0,1.0
13,1026779926,3420,1.0,1.0
13,1026779926,3430,1.0,1.0
13,1026779926,3440,1.0,1.0
13,1026779926,3450,1.0,1.0
13,1026779926,3460,1.0,1.0
13,1026779926,3470,1.0,1.0
13,1026779926,3480,1.0,1.0
13,1026779926,3490,1.0,1.0
13,1026779926,3500,1.0,1.0
13,1026779926,3510,1.0,1.0
13,1026779926,3520,1.0,1.0
13,1026779926,3530,1.0,1.0
13,1026779926,3540,1.0,1.0
13,1026779926,3550,1.0,1.0
13,1026779926,3560,1.0,1.0
13,1026779926,3570,1.0,1.0
13,1026779926,3580,1.0,1.0
13,1026779926,3590,1.0,1.0
13,1026779926,3600,1.0,1.0
13,1026779926,3610,1.0,1.0
13,1026779926,3620,1.0,1.0
13,1026779926,3630,1.0,1.0
13,1026779926,3640,0.9950000047683716,1.0
13,1026779926,3650,0.9950000047683716,1.0
13,1026779926,3660,0.9950000047683716,1.0
13,1026779926,3670,0.9950000047683716,1.0
13,1026779926,3680,0.9950000047683716,1.0
13,1026779926,3690,0.9950000047683716,1.0
13,1026779926,3700,0.9950000047683716,1.0
13,1026779926,3710,0.9950000047683716,1.0
13,1026779926,3720,0.9950000047683716,1.0
13,1026779926,3730,0.9950000047683716,1.0
13,1026779926,3740,0.9899999499320984,1.0
13,1026779926,3750,0.9899999499320984,1.0
13,1026779926,3760,0.98499995470047,1.0
13,1026779926,3770,0.9799999594688416,1.0
13,1026779926,3780,0.9799999594688416,1.0
13,1026779926,3790,0.9749999642372131,1.0
13,1026779926,3800,0.9749999642372131,1.0
13,1026779926,3810,0.9749999642372131,1.0
13,1026779926,3820,0.9749999642372131,1.0
13,1026779926,3830,0.9749999642372131,1.0
13,1026779926,3840,0.9749999642372131,1.0
13,1026779926,3850,0.9749999642372131,1.0
13,1026779926,3860,0.9749999642372131,1.0
13,1026779926,3870,0.9749999642372131,1.0
13,1026779926,3880,0.9749999642372131,1.0
13,1026779926,3890,0.9749999642372131,1.0
13,1026779926,3900,0.9749999642372131,1.0
13,1026779926,3910,0.9749999642372131,1.0
13,1026779926,3920,0.9749999642372131,1.0
13,1026779926,3930,0.9749999642372131,1.0
13,1026779926,3940,0.9749999642372131,1.0
13,1026779926,3950,0.9749999642372131,1.0
13,1026779926,3960,0.9749999642372131,1.0
13,1026779926,3970,0.9749999642372131,1.0
13,1026779926,3980,0.9749999642372131,1.0
13,1026779926,3990,0.9749999642372131,1.0
13,1026779926,4000,0.9749999642372131,1.0
13,1026779926,4010,0.9749999642372131,1.0
13,1026779926,4020,0.9749999642372131,1.0
13,1026779926,4030,0.9749999642372131,1.0
13,1026779926,4040,0.9749999642372131,1.0
13,1026779926,4050,0.9749999642372131,1.0
13,1026779926,4060,0.9749999642372131,1.0
13,1026779926,4070,0.9749999642372131,1.0
13,1026779926,4080,0.9749999642372131,1.0
13,1026779926,4090,0.9749999642372131,1.0
13,1026779926,4100,0.9749999642372131,1.0
13,1026779926,4110,0.9749999642372131,1.0
13,1026779926,4120,0.9749999642372131,1.0
13,1026779926,4130,0.9749999642372131,1.0
13,1026779926,4140,0.9749999642372131,1.0
13,1026779926,4150,0.9749999642372131,1.0
13,1026779926,4160,0.9799999594688416,1.0
13,1026779926,4170,0.9799999594688416,1.0
13,1026779926,4180,0.9799999594688416,1.0
13,1026779926,4190,0.9799999594688416,1.0
13,1026779926,4200,0.9799999594688416,1.0
13,1026779926,4210,0.9799999594688416,1.0
13,1026779926,4220,0.9799999594688416,1.0
13,1026779926,4230,0.9799999594688416,1.0
13,1026779926,4240,0.9799999594688416,1.0
13,1026779926,4250,0.9799999594688416,1.0
13,1026779926,4260,0.9799999594688416,1.0
13,1026779926,4270,0.9799999594688416,1.0
13,1026779926,4280,0.9799999594688416,1.0
13,1026779926,4290,0.9799999594688416,1.0
13,1026779926,4300,0.9799999594688416,1.0
13,1026779926,4310,0.9799999594688416,1.0
13,1026779926,4320,0.9799999594688416,1.0
13,1026779926,4330,0.9799999594688416,1.0
13,1026779926,4340,0.98499995470047,1.0
13,1026779926,4350,0.98499995470047,1.0
13,1026779926,4360,0.98499995470047,1.0
13,1026779926,4370,0.9899999499320984,1.0
13,1026779926,4380,0.9950000047683716,1.0
13,1026779926,4390,0.9950000047683716,1.0
13,1026779926,4400,1.0,1.0
13,1026779926,4410,1.0,1.0
13,1026779926,4420,1.0,1.0
13,1026779926,4430,1.0,1.0
13,1026779926,4440,1.0,1.0
13,1026779926,4450,1.0,1.0
13,1026779926,4460,1.0,1.0
13,1026779926,4470,1.0,1.0
13,1026779926,4480,1.0,1.0
13,1026779926,4490,1.0,1.0
13,1026779926,4500,1.0,1.0
13,1026779926,4510,1.0,1.0
13,1026779926,4520,1.0,1.0
13,1026779926,4530,1.0,1.0
13,1026779926,4540,1.0,1.0
13,1026779926,4550,1.0,1.0
13,1026779926,4560,1.0,1.0
13,1026779926,4570,1.0,1.0
13,1026779926,4580,1.0,1.0
13,1026779926,4590,1.0,1.0
13,1026779926,4600,1.0,1.0
13,1026779926,4610,1.0,1.0
13,1026779926,4620,1.0,1.0
13,1026779926,4630,1.0,1.0
13,1026779926,4640,1.0,1.0
13,1026779926,4650,1.0,1.0
13,1026779926,4660,1.0,1.0
13,1026779926,4670,1.0,1.0
13,1026779926,4680,1.0,1.0
13,1026779926,4690,1.0,1.0
13,1026779926,4700,1.0,1.0
13,1026779926,4710,1.0,1.0
13,1026779926,4720,1.0,1.0
13,1026779926,4730,1.0,1.0
13,1026779926,4740,1.0,1.0
13,1026779926,4750,1.0,1.0
13,1026779926,4760,1.0,1.0
13,1026779926,4770,1.0,1.0
13,1026779926,4780,1.0,1.0
13,1026779926,4790,1.0,1.0
13,1026779926,4800,1.0,1.0
13,1026779926,4810,1.0,1.0
13,1026779926,4820,1.0,1.0
13,1026779926,4830,1.0,1.0
13,1026779926,4840,1.0,1.0
13,1026779926,4850,1.0,1.0
13,1026779926,4860,1.0,1.0
13,1026779926,4870,1.0,1.0
13,1026779926,4880,1.0,1.0
13,1026779926,4890,1.0,1.0
13,1026779926,4900,1.0,1.0
13,1026779926,4910,1.0,1.0
13,1026779926,4920,1.0,1.0
13,1026779926,4930,1.0,1.0
13,1026779926,4940,1.0,1.0
13,1026779926,4950,1.0,1.0
13,1026779926,4960,1.0,1.0
13,1026779926,4970,1.0,1.0
13,1026779926,4980,1.0,1.0
13,1026779926,4990,1.0,1.0
13,1026779926,5000,1.0,1.0
14,1922639814,0,0.48499998450279236,0.5349999666213989
14,1922639814,10,0.5249999761581421,0.5149999856948853
14,1922639814,20,0.5949999690055847,0.5199999809265137
14,1922639814,30,0.6399999856948853,0.5199999809265137
14,1922639814,40,0.7049999833106995,0.5199999809265137
14,1922639814,50,0.73499995470047,0.5199999809265137
14,1922639814,60,0.75,0.5299999713897705
14,1922639814,70,0.7999999523162842,0.5299999713897705
14,1922639814,80,0.8549999594688416,0.5299999713897705
14,1922639814,90,0.8849999904632568,0.5299999713897705
14,1922639814,100,0.9099999666213989,0.5349999666213989
14,1922639814,110,0.9149999618530273,0.5349999666213989
14,1922639814,120,0.9249999523162842,0.5399999618530273
14,1922639814,130,0.9399999976158142,0.5399999618530273
14,1922639814,140,0.949999988079071,0.5299999713897705
14,1922639814,150,0.9599999785423279,0.550000011920929
14,1922639814,160,0.9799999594688416,0.550000011920929
14,1922639814,170,0.9799999594688416,0.550000011920929
14,1922639814,180,0.98499995470047,0.5450000166893005
14,1922639814,190,0.98499995470047,0.5450000166893005
14,1922639814,200,0.98499995470047,0.5450000166893005
14,1922639814,210,0.9950000047683716,0.5450000166893005
14,1922639814,220,0.9950000047683716,0.5450000166893005
14,1922639814,230,0.9950000047683716,0.5450000166893005
14,1922639814,240,1.0,0.550000011920929
14,1922639814,250,1.0,0.5550000071525574
14,1922639814,260,1.0,0.5600000023841858
14,1922639814,270,1.0,0.5399999618530273
14,1922639814,280,1.0,0.5550000071525574
14,1922639814,290,1.0,0.5600000023841858
14,1922639814,300,1.0,0.5600000023841858
14,1922639814,310,1.0,0.5550000071525574
14,1922639814,320,1.0,0.5699999928474426
14,1922639814,330,1.0,0.574999988079071
14,1922639814,340,1.0,0.5649999976158142
14,1922639814,350,1.0,0.5799999833106995
14,1922639814,360,1.0,0.574999988079071
14,1922639814,370,1.0,0.5799999833106995
14,1922639814,380,1.0,0.5949999690055847
14,1922639814,390,1.0,0.5799999833106995
14,1922639814,400,1.0,0.574999988079071
14,1922639814,410,1.0,0.5849999785423279
14,1922639814,420,1.0,0.5799999833106995
14,1922639814,430,1.0,0.5899999737739563
14,1922639814,440,1.0,0.5899999737739563
14,1922639814,450,1.0,0.5899999737739563
14,1922639814,460,1.0,0.5799999833106995
14,1922639814,470,1.0,0.5699999928474426
14,1922639814,480,1.0,0.5849999785423279
14,1922639814,490,1.0,0.5849999785423279
14,1922639814,500,1.0,0.5899999737739563
14,1922639814,510,1.0,0.5999999642372131
14,1922639814,520,1.0,0.5849999785423279
14,1922639814,530,1.0,0.6049999594688416
14,1922639814,540,1.0,0.6049999594688416
14,1922639814,550,1.0,0.6049999594688416
14,1922639814,560,1.0,0.6100000143051147
14,1922639814,570,1.0,0.6150000095367432
14,1922639814,580,1.0,0.6049999594688416
14,1922639814,590,1.0,0.6100000143051147
14,1922639814,600,1.0,0.6150000095367432
14,1922639814,610,1.0,0.6100000143051147
14,1922639814,620,1.0,0.6100000143051147
14,1922639814,630,1.0,0.6150000095367432
14,1922639814,640,1.0,0.6100000143051147
14,1922639814,650,1.0,0.6100000143051147
14,1922639814,660,1.0,0.6399999856948853
14,1922639814,670,1.0,0.6299999952316284
14,1922639814,680,1.0,0.6200000047683716
14,1922639814,690,1.0,0.6299999952316284
14,1922639814,700,1.0,0.6399999856948853
14,1922639814,710,1.0,0.6349999904632568
14,1922639814,720,1.0,0.6449999809265137
14,1922639814,730,1.0,0.6399999856948853
14,1922639814,740,1.0,0.6649999618530273
14,1922639814,750,1.0,0.6499999761581421
14,1922639814,760,1.0,0.6549999713897705
14,1922639814,770,1.0,0.6449999809265137
14,1922639814,780,1.0,0.6699999570846558
14,1922639814,790,1.0,0.6599999666213989
14,1922639814,800,1.0,0.6699999570846558
14,1922639814,810,1.0,0.6699999570846558
14,1922639814,820,1.0,0.6850000023841858
14,1922639814,830,1.0,0.6699999570846558
14,1922639814,840,1.0,0.6850000023841858
14,1922639814,850,1.0,0.6649999618530273
14,1922639814,860,1.0,0.675000011920929
14,1922639814,870,1.0,0.6599999666213989
14,1922639814,880,1.0,0.6699999570846558
14,1922639814,890,1.0,0.6649999618530273
14,1922639814,900,1.0,0.6899999976158142
14,1922639814,910,1.0,0.675000011920929
14,1922639814,920,1.0,0.6850000023841858
14,1922639814,930,1.0,0.675000011920929
14,1922639814,940,1.0,0.6850000023841858
14,1922639814,950,1.0,0.7049999833106995
14,1922639814,960,1.0,0.6899999976158142
14,1922639814,970,1.0,0.6899999976158142
14,1922639814,980,1.0,0.6949999928474426
14,1922639814,990,1.0,0.7149999737739563
14,1922639814,1000,1.0,0.699999988079071
14,1922639814,1010,1.0,0.7049999833106995
14,1922639814,1020,1.0,0.7299999594688416
14,1922639814,1030,1.0,0.7149999737739563
14,1922639814,1040,1.0,0.7249999642372131
14,1922639814,1050,1.0,0.7199999690055847
14,1922639814,1060,1.0,0.73499995470047
14,1922639814,1070,1.0,0.7299999594688416
14,1922639814,1080,1.0,0.7400000095367432
14,1922639814,1090,1.0,0.7450000047683716
14,1922639814,1100,1.0,0.7549999952316284
14,1922639814,1110,1.0,0.75
14,1922639814,1120,1.0,0.7400000095367432
14,1922639814,1130,1.0,0.7599999904632568
14,1922639814,1140,1.0,0.7549999952316284
14,1922639814,1150,1.0,0.7549999952316284
14,1922639814,1160,1.0,0.75
14,1922639814,1170,1.0,0.7599999904632568
14,1922639814,1180,1.0,0.7799999713897705
14,1922639814,1190,1.0,0.7599999904632568
14,1922639814,1200,1.0,0.7749999761581421
14,1922639814,1210,1.0,0.7749999761581421
14,1922639814,1220,1.0,0.7949999570846558
14,1922639814,1230,1.0,0.7899999618530273
14,1922639814,1240,1.0,0.7999999523162842
14,1922639814,1250,1.0,0.8050000071525574
14,1922639814,1260,1.0,0.7799999713897705
14,1922639814,1270,1.0,0.7949999570846558
14,1922639814,1280,1.0,0.7899999618530273
14,1922639814,1290,1.0,0.8149999976158142
14,1922639814,1300,1.0,0.7999999523162842
14,1922639814,1310,1.0,0.8100000023841858
14,1922639814,1320,1.0,0.8299999833106995
14,1922639814,1330,1.0,0.8149999976158142
14,1922639814,1340,1.0,0.7899999618530273
14,1922639814,1350,1.0,0.8199999928474426
14,1922639814,1360,1.0,0.8299999833106995
14,1922639814,1370,1.0,0.824999988079071
14,1922639814,1380,1.0,0.824999988079071
14,1922639814,1390,1.0,0.8349999785423279
14,1922639814,1400,1.0,0.8449999690055847
14,1922639814,1410,1.0,0.8349999785423279
14,1922639814,1420,1.0,0.8499999642372131
14,1922639814,1430,1.0,0.8449999690055847
14,1922639814,1440,1.0,0.8499999642372131
14,1922639814,1450,1.0,0.85999995470047
14,1922639814,1460,1.0,0.8549999594688416
14,1922639814,1470,1.0,0.8650000095367432
14,1922639814,1480,1.0,0.8549999594688416
14,1922639814,1490,1.0,0.8849999904632568
14,1922639814,1500,1.0,0.875
14,1922639814,1510,1.0,0.8949999809265137
14,1922639814,1520,1.0,0.8899999856948853
14,1922639814,1530,1.0,0.8899999856948853
14,1922639814,1540,1.0,0.8949999809265137
14,1922639814,1550,1.0,0.8999999761581421
14,1922639814,1560,1.0,0.8949999809265137
14,1922639814,1570,1.0,0.9099999666213989
14,1922639814,1580,1.0,0.9099999666213989
14,1922639814,1590,1.0,0.9099999666213989
14,1922639814,1600,1.0,0.9149999618530273
14,1922639814,1610,1.0,0.9099999666213989
14,1922639814,1620,1.0,0.9249999523162842
14,1922639814,1630,1.0,0.9249999523162842
14,1922639814,1640,1.0,0.9350000023841858
14,1922639814,1650,1.0,0.9350000023841858
14,1922639814,1660,1.0,0.9399999976158142
14,1922639814,1670,1.0,0.9300000071525574
14,1922639814,1680,1.0,0.9350000023841858
14,1922639814,1690,1.0,0.9350000023841858
14,1922639814,1700,1.0,0.9300000071525574
14,1922639814,1710,1.0,0.9399999976158142
14,1922639814,1720,1.0,0.9399999976158142
14,1922639814,1730,1.0,0.9399999976158142
14,1922639814,1740,1.0,0.9350000023841858
14,1922639814,1750,1.0,0.9449999928474426
14,1922639814,1760,1.0,0.9449999928474426
14,1922639814,1770,1.0,0.9599999785423279
14,1922639814,1780,1.0,0.9599999785423279
14,1922639814,1790,1.0,0.9549999833106995
14,1922639814,1800,1.0,0.9549999833106995
14,1922639814,1810,1.0,0.9599999785423279
14,1922639814,1820,1.0,0.9599999785423279
14,1922639814,1830,1.0,0.9599999785423279
14,1922639814,1840,1.0,0.9599999785423279
14,1922639814,1850,1.0,0.9699999690055847
14,1922639814,1860,1.0,0.9699999690055847
14,1922639814,1870,1.0,0.9749999642372131
14,1922639814,1880,1.0,0.9799999594688416
14,1922639814,1890,1.0,0.9799999594688416
14,1922639814,1900,1.0,0.9799999594688416
14,1922639814,1910,1.0,0.9749999642372131
14,1922639814,1920,1.0,0.9799999594688416
14,1922639814,1930,1.0,0.98499995470047
14,1922639814,1940,1.0,0.9899999499320984
14,1922639814,1950,1.0,0.98499995470047
14,1922639814,1960,1.0,0.9899999499320984
14,1922639814,1970,1.0,0.9899999499320984
14,1922639814,1980,1.0,0.9899999499320984
14,1922639814,1990,1.0,0.9950000047683716
14,1922639814,2000,1.0,0.9950000047683716
14,1922639814,2010,1.0,0.9950000047683716
14,1922639814,2020,1.0,1.0
14,1922639814,2030,1.0,0.9950000047683716
14,1922639814,2040,1.0,0.9950000047683716
14,1922639814,2050,1.0,0.9950000047683716
14,1922639814,2060,1.0,0.9950000047683716
14,1922639814,2070,1.0,0.9950000047683716
14,1922639814,2080,1.0,0.9950000047683716
14,1922639814,2090,1.0,0.9950000047683716
14,1922639814,2100,1.0,0.9950000047683716
14,1922639814,2110,1.0,0.9950000047683716
14,1922639814,2120,1.0,1.0
14,1922639814,2130,1.0,0.9950000047683716
14,1922639814,2140,1.0,1.0
14,1922639814,2150,1.0,0.9950000047683716
14,1922639814,2160,1.0,1.0
14,1922639814,2170,1.0,0.9950000047683716
14,1922639814,2180,1.0,0.9950000047683716
14,1922639814,2190,1.0,1.0
14,1922639814,2200,1.0,1.0
14,1922639814,2210,1.0,1.0
14,1922639814,2220,1.0,1.0
14,1922639814,2230,1.0,1.0
14,1922639814,2240,1.0,1.0
14,1922639814,2250,1.0,1.0
14,1922639814,2260,1.0,1.0
14,1922639814,2270,1.0,1.0
14,1922639814,2280,1.0,1.0
14,1922639814,2290,1.0,1.0
14,1922639814,2300,1.0,1.0
14,1922639814,2310,1.0,1.0
14,1922639814,2320,1.0,1.0
14,1922639814,2330,1.0,1.0
14,1922639814,2340,1.0,1.0
14,1922639814,2350,1.0,1.0
14,1922639814,2360,1.0,1.0
14,1922639814,2370,1.0,1.0
14,1922639814,2380,1.0,1.0
14,1922639814,2390,1.0,1.0
14,1922639814,2400,1.0,1.0
14,1922639814,2410,1.0,1.0
14,1922639814,2420,1.0,1.0
14,1922639814,2430,1.0,1.0
14,1922639814,2440,1.0,1.0
14,1922639814,2450,1.0,1.0
14,1922639814,2460,1.0,1.0
14,1922639814,2470,1.0,1.0
14,1922639814,2480,1.0,1.0
14,1922639814,2490,1.0,1.0
14,1922639814,2500,1.0,1.0
14,1922639814,2510,1.0,1.0
14,1922639814,2520,1.0,1.0
14,1922639814,2530,1.0,1.0
14,1922639814,2540,1.0,1.0
14,1922639814,2550,1.0,1.0
14,1922639814,2560,1.0,1.0
14,1922639814,2570,1.0,1.0
14,1922639814,2580,1.0,1.0
14,1922639814,2590,1.0,1.0
14,1922639814,2600,1.0,1.0
14,1922639814,2610,1.0,1.0
14,1922639814,2620,1.0,1.0
14,1922639814,2630,1.0,1.0
14,1922639814,2640,1.0,1.0
14,1922639814,2650,1.0,1.0
14,1922639814,2660,1.0,1.0
14,1922639814,2670,1.0,1.0
14,1922639814,2680,1.0,1.0
14,1922639814,2690,1.0,1.0
14,1922639814,2700,1.0,1.0
14,1922639814,2710,1.0,1.0
14,1922639814,2720,1.0,1.0
14,1922639814,2730,1.0,1.0
14,1922639814,2740,1.0,1.0
14,1922639814,2750,1.0,1.0
14,1922639814,2760,1.0,1.0
14,1922639814,2770,1.0,1.0
14,1922639814,2780,1.0,1.0
14,1922639814,2790,1.0,1.0
14,1922639814,2800,1.0,1.0
14,1922639814,2810,1.0,1.0
14,1922639814,2820,1.0,1.0
14,1922639814,2830,1.0,1.0
14,1922639814,2840,1.0,1.0
14,1922639814,2850,1.0,1.0
14,1922639814,2860,1.0,1.0
14,1922639814,2870,1.0,1.0
14,1922639814,2880,1.0,1.0
14,1922639814,2890,1.0,1.0
14,1922639814,2900,1.0,1.0
14,1922639814,2910,1.0,1.0
14,1922639814,2920,1.0,1.0
14,1922639814,2930,1.0,1.0
14,1922639814,2940,1.0,1.0
14,1922639814,2950,1.0,1.0
14,1922639814,2960,1.0,1.0
14,1922639814,2970,1.0,1.0
14,1922639814,2980,1.0,1.0
14,1922639814,2990,1.0,1.0
14,1922639814,3000,1.0,1.0
14,1922639814,3010,1.0,1.0
14,1922639814,3020,1.0,1.0
14,1922639814,3030,1.0,1.0
14,1922639814,3040,1.0,1.0
14,1922639814,3050,1.0,1.0
14,1922639814,3060,1.0,1.0
14,1922639814,3070,1.0,1.0
14,1922639814,3080,1.0,1.0
14,1922639814,3090,1.0,1.0
14,1922639814,3100,1.0,1.0
14,1922639814,3110,1.0,1.0
14,1922639814,3120,1.0,1.0
14,1922639814,3130,1.0,1.0
14,1922639814,3140,1.0,1.0
14,1922639814,3150,1.0,1.0
14,1922639814,3160,1.0,1.0
14,1922639814,3170,1.0,1.0
14,1922639814,3180,1.0,1.0
14,1922639814,3190,1.0,1.0
14,1922639814,3200,1.0,1.0
14,1922639814,3210,1.0,1.0
14,1922639814,3220,1.0,1.0
14,1922639814,3230,1.0,1.0
14,1922639814,3240,1.0,1.0
14,1922639814,3250,1.0,1.0
14,1922639814,3260,1.0,1.0
14,1922639814,3270,1.0,1.0
14,1922639814,3280,1.0,1.0
14,1922639814,3290,1.0,1.0
14,1922639814,3300,1.0,1.0
14,1922639814,3310,1.0,1.0
14,1922639814,3320,1.0,1.0
14,1922639814,3330,1.0,1.0
14,1922639814,3340,1.0,1.0
14,1922639814,3350,1.0,1.0
14,1922639814,3360,1.0,1.0
14,1922639814,3370,1.0,1.0
14,1922639814,3380,1.0,1.0
14,1922639814,3390,1.0,1.0
14,1922639814,3400,1.0,1.0
14,1922639814,3410,1.0,1.0
14,1922639814,3420,1.0,1.0
14,1922639814,3430,1.0,1.0
14,1922639814,3440,1.0,1.0
14,1922639814,3450,1.0,1.0
14,1922639814,3460,1.0,1.0
14,1922639814,3470,1.0,1.0
14,1922639814,3480,1.0,1.0
14,1922639814,3490,1.0,1.0
14,1922639814,3500,1.0,1.0
14,1922639814,3510,1.0,1.0
14,1922639814,3520,1.0,1.0
14,1922639814,3530,1.0,1.0
14,1922639814,3540,1.0,1.0
14,1922639814,3550,1.0,1.0
14,1922639814,3560,1.0,1.0
14,1922639814,3570,1.0,1.0
14,1922639814,3580,1.0,1.0
14,1922639814,3590,1.0,1.0
14,1922639814,3600,1.0,1.0
14,1922639814,3610,1.0,1.0
14,1922639814,3620,1.0,1.0
14,1922639814,3630,1.0,1.0
14,1922639814,3640,1.0,1.0
14,1922639814,3650,1.0,1.0
14,1922639814,3660,0.9950000047683716,1.0
14,1922639814,3670,0.9950000047683716,1.0
14,1922639814,3680,0.9950000047683716,1.0
14,1922639814,3690,0.9899999499320984,1.0
14,1922639814,3700,0.9899999499320984,1.0
14,1922639814,3710,0.98499995470047,1.0
14,1922639814,3720,0.98499995470047,1.0
14,1922639814,3730,0.98499995470047,1.0
14,1922639814,3740,0.98499995470047,1.0
14,1922639814,3750,0.98499995470047,1.0
14,1922639814,3760,0.98499995470047,1.0
14,1922639814,3770,0.98499995470047,1.0
14,1922639814,3780,0.98499995470047,1.0
14,1922639814,3790,0.98499995470047,1.0
14,1922639814,3800,0.98499995470047,1.0
14,1922639814,3810,0.98499995470047,1.0
14,1922639814,3820,0.98499995470047,1.0
14,1922639814,3830,0.98499995470047,1.0
14,1922639814,3840,0.98499995470047,1.0
14,1922639814,3850,0.98499995470047,1.0
14,1922639814,3860,0.98499995470047,1.0
14,1922639814,3870,0.98499995470047,1.0
14,1922639814,3880,0.9799999594688416,1.0
14,1922639814,3890,0.9799999594688416,1.0
14,1922639814,3900,0.9799999594688416,1.0
14,1922639814,3910,0.9799999594688416,1.0
14,1922639814,3920,0.9799999594688416,1.0
14,1922639814,3930,0.9799999594688416,1.0
14,1922639814,3940,0.9799999594688416,1.0
14,1922639814,3950,0.9799999594688416,1.0
14,1922639814,3960,0.9799999594688416,1.0
14,1922639814,3970,0.9799999594688416,1.0
14,1922639814,3980,0.9799999594688416,1.0
14,1922639814,3990,0.9799999594688416,1.0
14,1922639814,4000,0.9799999594688416,1.0
14,1922639814,4010,0.9799999594688416,1.0
14,1922639814,4020,0.9799999594688416,1.0
14,1922639814,4030,0.9799999594688416,1.0
14,1922639814,4040,0.9799999594688416,1.0
14,1922639814,4050,0.9799999594688416,1.0
14,1922639814,4060,0.9799999594688416,1.0
14,1922639814,4070,0.9799999594688416,1.0
14,1922639814,4080,0.9799999594688416,1.0
14,1922639814,4090,0.9799999594688416,1.0
14,1922639814,4100,0.9799999594688416,1.0
14,1922639814,4110,0.9799999594688416,1.0
14,1922639814,4120,0.9799999594688416,1.0
14,1922639814,4130,0.9799999594688416,1.0
14,1922639814,4140,0.9799999594688416,1.0
14,1922639814,4150,0.98499995470047,1.0
14,1922639814,4160,0.98499995470047,1.0
14,1922639814,4170,0.98499995470047,1.0
14,1922639814,4180,0.98499995470047,1.0
14,1922639814,4190,0.98499995470047,1.0
14,1922639814,4200,0.9950000047683716,1.0
14,1922639814,4210,0.9950000047683716,1.0
14,1922639814,4220,0.9950000047683716,1.0
14,1922639814,4230,0.9950000047683716,1.0
14,1922639814,4240,0.9950000047683716,1.0
14,1922639814,4250,0.9950000047683716,1.0
14,1922639814,4260,0.9950000047683716,1.0
14,1922639814,4270,0.9950000047683716,1.0
14,1922639814,4280,0.9950000047683716,1.0
14,1922639814,4290,0.9950000047683716,1.0
14,1922639814,4300,1.0,1.0
14,1922639814,4310,1.0,1.0
14,1922639814,4320,1.0,1.0
14,1922639814,4330,1.0,1.0
14,1922639814,4340,1.0,1.0
14,1922639814,4350,1.0,1.0
14,1922639814,4360,1.0,1.0
14,1922639814,4370,1.0,1.0
14,1922639814,4380,1.0,1.0
14,1922639814,4390,1.0,1.0
14,1922639814,4400,1.0,1.0
14,1922639814,4410,1.0,1.0
14,1922639814,4420,1.0,1.0
14,1922639814,4430,1.0,1.0
14,1922639814,4440,1.0,1.0
14,1922639814,4450,1.0,1.0
14,1922639814,4460,1.0,1.0
14,1922639814,4470,1.0,1.0
14,1922639814,4480,1.0,1.0
14,1922639814,4490,1.0,1.0
14,1922639814,4500,1.0,1.0
14,1922639814,4510,1.0,1.0
14,1922639814,4520,1.0,1.0
14,1922639814,4530,1.0,1.0
14,1922639814,4540,1.0,1.0
14,1922639814,4550,1.0,1.0
14,1922639814,4560,1.0,1.0
14,1922639814,4570,1.0,1.0
14,1922639814,4580,1.0,1.0
14,1922639814,4590,1.0,1.0
14,1922639814,4600,1.0,1.0
14,1922639814,4610,1.0,1.0
14,1922639814,4620,1.0,1.0
14,1922639814,4630,1.0,1.0
14,1922639814,4640,1.0,1.0
14,1922639814,4650,1.0,1.0
14,1922639814,4660,1.0,1.0
14,1922639814,4670,1.0,1.0
14,1922639814,4680,1.0,1.0
14,1922639814,4690,1.0,1.0
14,1922639814,4700,1.0,1.0
14,1922639814,4710,1.0,1.0
14,1922639814,4720,1.0,1.0
14,1922639814,4730,1.0,1.0
14,1922639814,4740,1.0,1.0
14,1922639814,4750,1.0,1.0
14,1922639814,4760,1.0,1.0
14,1922639814,4770,1.0,1.0
14,1922639814,4780,1.0,1.0
14,1922639814,4790,1.0,1.0
14,1922639814,4800,1.0,1.0
14,1922639814,4810,1.0,1.0
14,1922639814,4820,1.0,1.0
14,1922639814,4830,1.0,1.0
14,1922639814,4840,1.0,1.0
14,1922639814,4850,1.0,1.0
14,1922639814,4860,1.0,1.0
14,1922639814,4870,1.0,1.0
14,1922639814,4880,1.0,1.0
14,1922639814,4890,1.0,1.0
14,1922639814,4900,1.0,1.0
14,1922639814,4910,1.0,1.0
14,1922639814,4920,1.0,1.0
14,1922639814,4930,1.0,1.0
14,1922639814,4940,1.0,1.0
14,1922639814,4950,1.0,1.0
14,1922639814,4960,1.0,1.0
14,1922639814,4970,1.0,1.0
14,1922639814,4980,1.0,1.0
14,1922639814,4990,1.0,1.0
14,1922639814,5000,1.0,1.0
15,1159847000,0,0.5099999904632568,0.4699999988079071
15,1159847000,10,0.5949999690055847,0.4599999785423279
15,1159847000,20,0.6349999904632568,0.4699999988079071
15,1159847000,30,0.675000011920929,0.4699999988079071
15,1159847000,40,0.7099999785423279,0.4599999785423279
15,1159847000,50,0.7749999761581421,0.4749999940395355
15,1159847000,60,0.8100000023841858,0.4699999988079071
15,1159847000,70,0.824999988079071,0.4749999940395355
15,1159847000,80,0.8399999737739563,0.4749999940395355
15,1159847000,90,0.8700000047683716,0.4749999940395355
15,1159847000,100,0.8949999809265137,0.4899999797344208
15,1159847000,110,0.9249999523162842,0.47999998927116394
15,1159847000,120,0.9300000071525574,0.47999998927116394
15,1159847000,130,0.9350000023841858,0.4749999940395355
15,1159847000,140,0.9599999785423279,0.47999998927116394
15,1159847000,150,0.9649999737739563,0.4899999797344208
15,1159847000,160,0.9799999594688416,0.47999998927116394
15,1159847000,170,0.98499995470047,0.4650000035762787
15,1159847000,180,0.9899999499320984,0.4749999940395355
15,1159847000,190,0.9899999499320984,0.4749999940395355
15,1159847000,200,0.9899999499320984,0.47999998927116394
15,1159847000,210,0.9899999499320984,0.47999998927116394
15,1159847000,220,1.0,0.4749999940395355
15,1159847000,230,1.0,0.48499998450279236
15,1159847000,240,1.0,0.4650000035762787
15,1159847000,250,1.0,0.4899999797344208
15,1159847000,260,1.0,0.48499998450279236
15,1159847000,270,1.0,0.48499998450279236
15,1159847000,280,1.0,0.4949999749660492
15,1159847000,290,1.0,0.4899999797344208
15,1159847000,300,1.0,0.48499998450279236
15,1159847000,310,1.0,0.4949999749660492
15,1159847000,320,1.0,0.4899999797344208
15,1159847000,330,1.0,0.4949999749660492
15,1159847000,340,1.0,0.5
15,1159847000,350,1.0,0.5099999904632568
15,1159847000,360,1.0,0.4899999797344208
15,1159847000,370,1.0,0.5199999809265137
15,1159847000,380,1.0,0.5149999856948853
15,1159847000,390,1.0,0.5
15,1159847000,400,1.0,0.5
15,1159847000,410,1.0,0.5099999904632568
15,1159847000,420,1.0,0.5149999856948853
15,1159847000,430,1.0,0.5249999761581421
15,1159847000,440,1.0,0.5
15,1159847000,450,1.0,0.5149999856948853
15,1159847000,460,1.0,0.5
15,1159847000,470,1.0,0.5
15,1159847000,480,1.0,0.5249999761581421
15,1159847000,490,1.0,0.5099999904632568
15,1159847000,500,1.0,0.5199999809265137
15,1159847000,510,1.0,0.5149999856948853
15,1159847000,520,1.0,0.5149999856948853
15,1159847000,530,1.0,0.5149999856948853
15,1159847000,540,1.0,0.5199999809265137
15,1159847000,550,1.0,0.5299999713897705
15,1159847000,560,1.0,0.5399999618530273
15,1159847000,570,1.0,0.5149999856948853
15,1159847000,580,1.0,0.5450000166893005
15,1159847000,590,1.0,0.5149999856948853
15,1159847000,600,1.0,0.5299999713897705
15,1159847000,610,1.0,0.5199999809265137
15,1159847000,620,1.0,0.5399999618530273
15,1159847000,630,1.0,0.5299999713897705
15,1159847000,640,1.0,0.5349999666213989
15,1159847000,650,1.0,0.5299999713897705
15,1159847000,660,1.0,0.550000011920929
15,1159847000,670,1.0,0.5450000166893005
15,1159847000,680,1.0,0.5399999618530273
15,1159847000,690,1.0,0.5600000023841858
15,1159847000,700,1.0,0.5600000023841858
15,1159847000,710,1.0,0.5600000023841858
15,1159847000,720,1.0,0.5699999928474426
15,1159847000,730,1.0,0.5899999737739563
15,1159847000,740,1.0,0.5899999737739563
15,1159847000,750,1.0,0.5849999785423279
15,1159847000,760,1.0,0.5799999833106995
15,1159847000,770,1.0,0.5949999690055847
15,1159847000,780,1.0,0.5949999690055847
15,1159847000,790,1.0,0.5999999642372131
15,1159847000,800,1.0,0.5999999642372131
15,1159847000,810,1.0,0.5899999737739563
15,1159847000,820,1.0,0.5999999642372131
15,1159847000,830,1.0,0.6299999952316284
15,1159847000,840,1.0,0.6299999952316284
15,1159847000,850,1.0,0.625
15,1159847000,860,1.0,0.6349999904632568
15,1159847000,870,1.0,0.6449999809265137
15,1159847000,880,1.0,0.6449999809265137
15,1159847000,890,1.0,0.6399999856948853
15,1159847000,900,1.0,0.6299999952316284
15,1159847000,910,1.0,0.6599999666213989
15,1159847000,920,1.0,0.6499999761581421
15,1159847000,930,1.0,0.6699999570846558
15,1159847000,940,1.0,0.6549999713897705
15,1159847000,950,1.0,0.6599999666213989
15,1159847000,960,1.0,0.6800000071525574
15,1159847000,970,1.0,0.6599999666213989
15,1159847000,980,1.0,0.6949999928474426
15,1159847000,990,1.0,0.6899999976158142
15,1159847000,1000,1.0,0.6649999618530273
15,1159847000,1010,1.0,0.6800000071525574
15,1159847000,1020,1.0,0.7149999737739563
15,1159847000,1030,1.0,0.6850000023841858
15,1159847000,1040,1.0,0.7099999785423279
15,1159847000,1050,1.0,0.699999988079071
15,1159847000,1060,1.0,0.7099999785423279
15,1159847000,1070,1.0,0.7149999737739563
15,1159847000,1080,1.0,0.7149999737739563
15,1159847000,1090,1.0,0.7199999690055847
15,1159847000,1100,1.0,0.7299999594688416
15,1159847000,1110,1.0,0.7199999690055847
15,1159847000,1120,1.0,0.7199999690055847
15,1159847000,1130,1.0,0.7299999594688416
15,1159847000,1140,1.0,0.73499995470047
15,1159847000,1150,1.0,0.7400000095367432
15,1159847000,1160,1.0,0.73499995470047
15,1159847000,1170,1.0,0.75
15,1159847000,1180,1.0,0.7400000095367432
15,1159847000,1190,1.0,0.75
15,1159847000,1200,1.0,0.7599999904632568
15,1159847000,1210,1.0,0.7649999856948853
15,1159847000,1220,1.0,0.7749999761581421
15,1159847000,1230,1.0,0.7599999904632568
15,1159847000,1240,1.0,0.7799999713897705
15,1159847000,1250,1.0,0.7649999856948853
15,1159847000,1260,1.0,0.7699999809265137
15,1159847000,1270,1.0,0.7699999809265137
15,1159847000,1280,1.0,0.7949999570846558
15,1159847000,1290,1.0,0.7749999761581421
15,1159847000,1300,1.0,0.7849999666213989
15,1159847000,1310,1.0,0.7899999618530273
15,1159847000,1320,1.0,0.7949999570846558
15,1159847000,1330,1.0,0.7799999713897705
15,1159847000,1340,1.0,0.7999999523162842
15,1159847000,1350,1.0,0.7899999618530273
15,1159847000,1360,1.0,0.8149999976158142
15,1159847000,1370,1.0,0.8149999976158142
15,1159847000,1380,1.0,0.8100000023841858
15,1159847000,1390,1.0,0.8299999833106995
15,1159847000,1400,1.0,0.824999988079071
15,1159847000,1410,1.0,0.8299999833106995
15,1159847000,1420,1.0,0.8349999785423279
15,1159847000,1430,1.0,0.8499999642372131
15,1159847000,1440,1.0,0.8349999785423279
15,1159847000,1450,1.0,0.8549999594688416
15,1159847000,1460,1.0,0.8549999594688416
15,1159847000,1470,1.0,0.8549999594688416
15,1159847000,1480,1.0,0.8700000047683716
15,1159847000,1490,1.0,0.8650000095367432
15,1159847000,1500,1.0,0.8549999594688416
15,1159847000,1510,1.0,0.8700000047683716
15,1159847000,1520,1.0,0.8700000047683716
15,1159847000,1530,1.0,0.8899999856948853
15,1159847000,1540,1.0,0.8899999856948853
15,1159847000,1550,1.0,0.8899999856948853
15,1159847000,1560,1.0,0.8999999761581421
15,1159847000,1570,1.0,0.9149999618530273
15,1159847000,1580,1.0,0.9149999618530273
15,1159847000,1590,1.0,0.9149999618530273
15,1159847000,1600,1.0,0.9149999618530273
15,1159847000,1610,1.0,0.9099999666213989
15,1159847000,1620,1.0,0.9249999523162842
15,1159847000,1630,1.0,0.9300000071525574
15,1159847000,1640,1.0,0.9300000071525574
15,1159847000,1650,1.0,0.9350000023841858
15,1159847000,1660,1.0,0.9300000071525574
15,1159847000,1670,1.0,0.9249999523162842
15,1159847000,1680,1.0,0.9300000071525574
15,1159847000,1690,1.0,0.9399999976158142
15,1159847000,1700,1.0,0.9399999976158142
15,1159847000,1710,1.0,0.9549999833106995
15,1159847000,1720,1.0,0.9549999833106995
15,1159847000,1730,1.0,0.9549999833106995
15,1159847000,1740,1.0,0.9549999833106995
15,1159847000,1750,1.0,0.9449999928474426
15,1159847000,1760,1.0,0.9599999785423279
15,1159847000,1770,1.0,0.9649999737739563
15,1159847000,1780,1.0,0.9699999690055847
15,1159847000,1790,1.0,0.9749999642372131
15,1159847000,1800,1.0,0.9749999642372131
15,1159847000,1810,1.0,0.9699999690055847
15,1159847000,1820,1.0,0.9799999594688416
15,1159847000,1830,1.0,0.9749999642372131
15,1159847000,1840,1.0,0.9799999594688416
15,1159847000,1850,1.0,0.9799999594688416
15,1159847000,1860,1.0,0.9799999594688416
15,1159847000,1870,1.0,0.9799999594688416
15,1159847000,1880,1.0,0.9799999594688416
15,1159847000,1890,1.0,0.9799999594688416
15,1159847000,1900,1.0,0.9799999594688416
15,1159847000,1910,1.0,0.9799999594688416
15,1159847000,1920,1.0,0.9799999594688416
15,1159847000,1930,1.0,0.9799999594688416
15,1159847000,1940,1.0,0.9799999594688416
15,1159847000,1950,1.0,0.98499995470047
15,1159847000,1960,1.0,0.98499995470047
15,1159847000,1970,1.0,0.9899999499320984
15,1159847000,1980,1.0,0.98499995470047
15,1159847000,1990,1.0,0.98499995470047
15,1159847000,2000,1.0,0.9899999499320984
15,1159847000,2010,1.0,0.9899999499320984
15,1159847000,2020,1.0,0.9899999499320984
15,1159847000,2030,1.0,0.9899999499320984
15,1159847000,2040,1.0,0.9899999499320984
15,1159847000,2050,1.0,0.9899999499320984
15,1159847000,2060,1.0,0.9899999499320984
15,1159847000,2070,1.0,0.9899999499320984
15,1159847000,2080,1.0,0.9899999499320984
15,1159847000,2090,1.0,0.9899999499320984
15,1159847000,2100,1.0,0.9950000047683716
15,1159847000,2110,1.0,0.9899999499320984
15,1159847000,2120,1.0,0.9950000047683716
15,1159847000,2130,1.0,0.9950000047683716
15,1159847000,2140,1.0,1.0
15,1159847000,2150,1.0,1.0
15,1159847000,2160,1.0,1.0
15,1159847000,2170,1.0,1.0
15,1159847000,2180,1.0,1.0
15,1159847000,2190,1.0,1.0
15,1159847000,2200,1.0,1.0
15,1159847000,2210,1.0,1.0
15,1159847000,2220,1.0,1.0
15,1159847000,2230,1.0,1.0
15,1159847000,2240,1.0,1.0
15,1159847000,2250,1.0,1.0
15,1159847000,2260,1.0,1.0
15,1159847000,2270,1.0,1.0
15,1159847000,2280,1.0,1.0
15,1159847000,2290,1.0,1.0
15,1159847000,2300,1.0,1.0
15,1159847000,2310,1.0,1.0
15,1159847000,2320,1.0,1.0
15,1159847000,2330,1.0,1.0
15,1159847000,2340,1.0,1.0
15,1159847000,2350,1.0,1.0
15,1159847000,2360,1.0,1.0
15,1159847000,2370,1.0,1.0
15,1159847000,2380,1.0,1.0
15,1159847000,2390,1.0,1.0
15,1159847000,2400,1.0,1.0
15,1159847000,2410,1.0,1.0
15,1159847000,2420,1.0,1.0
15,1159847000,2430,1.0,1.0
15,1159847000,2440,1.0,1.0
15,1159847000,2450,1.0,1.0
15,1159847000,2460,1.0,1.0
15,1159847000,2470,1.0,1.0
15,1159847000,2480,1.0,1.0
15,1159847000,2490,1.0,1.0
15,1159847000,2500,1.0,1.0
15,1159847000,2510,1.0,1.0
15,1159847000,2520,1.0,1.0
15,1159847000,2530,1.0,1.0
15,1159847000,2540,1.0,1.0
15,1159847000,2550,1.0,1.0
15,1159847000,2560,1.0,1.0
15,1159847000,2570,1.0,1.0
15,1159847000,2580,1.0,1.0
15,1159847000,2590,1.0,1.0
15,1159847000,2600,1.0,1.0
15,1159847000,2610,1.0,1.0
15,1159847000,2620,1.0,1.0
15,1159847000,2630,1.0,1.0
15,1159847000,2640,1.0,1.0
15,1159847000,2650,1.0,1.0
15,1159847000,2660,1.0,1.0
15,1159847000,2670,1.0,1.0
15,1159847000,2680,1.0,1.0
15,1159847000,2690,1.0,1.0
15,1159847000,2700,1.0,1.0
15,1159847000,2710,1.0,1.0
15,1159847000,2720,1.0,1.0
15,1159847000,2730,1.0,1.0
15,1159847000,2740,1.0,1.0
15,1159847000,2750,1.0,1.0
15,1159847000,2760,1.0,1.0
15,1159847000,2770,1.0,1.0
15,1159847000,2780,1.0,1.0
15,1159847000,2790,1.0,1.0
15,1159847000,2800,1.0,1.0
15,1159847000,2810,1.0,1.0
15,1159847000,2820,1.0,1.0
15,1159847000,2830,1.0,1.0
15,1159847000,2840,1.0,1.0
15,1159847000,2850,1.0,1.0
15,1159847000,2860,1.0,1.0
15,1159847000,2870,1.0,1.0
15,1159847000,2880,1.0,1.0
15,1159847000,2890,1.0,1.0
15,1159847000,2900,1.0,1.0
15,1159847000,2910,1.0,1.0
15,1159847000,2920,1.0,1.0
15,1159847000,2930,1.0,1.0
15,1159847000,2940,1.0,1.0
15,1159847000,2950,1.0,1.0
15,1159847000,2960,1.0,1.0
15,1159847000,2970,1.0,1.0
15,1159847000,2980,1.0,1.0
15,1159847000,2990,1.0,1.0
15,1159847000,3000,1.0,1.0
15,1159847000,3010,1.0,1.0
15,1159847000,3020,1.0,1.0
15,1159847000,3030,1.0,1.0
15,1159847000,3040,1.0,1.0
15,1159847000,3050,1.0,1.0
15,1159847000,3060,1.0,1.0
15,1159847000,3070,1.0,1.0
15,1159847000,3080,1.0,1.0
15,1159847000,3090,1.0,1.0
15,1159847000,3100,1.0,1.0
15,1159847000,3110,1.0,1.0
15,1159847000,3120,1.0,1.0
15,1159847000,3130,1.0,1.0
15,1159847000,3140,1.0,1.0
15,1159847000,3150,1.0,1.0
15,1159847000,3160,1.0,1.0
15,1159847000,3170,1.0,1.0
15,1159847000,3180,1.0,1.0
15,1159847000,3190,1.0,1.0
15,1159847000,3200,1.0,1.0
15,1159847000,3210,1.0,1.0
15,1159847000,3220,1.0,1.0
15,1159847000,3230,1.0,1.0
15,1159847000,3240,1.0,1.0
15,1159847000,3250,1.0,1.0
15,1159847000,3260,1.0,1.0
15,1159847000,3270,1.0,1.0
15,1159847000,3280,1.0,1.0
15,1159847000,3290,1.0,1.0
15,1159847000,3300,1.0,1.0
15,1159847000,3310,1.0,1.0
15,1159847000,3320,1.0,1.0
15,1159847000,3330,1.0,1.0
15,1159847000,3340,1.0,1.0
15,1159847000,3350,1.0,1.0
15,1159847000,3360,1.0,1.0
15,1159847000,3370,1.0,1.0
15,1159847000,3380,1.0,1.0
15,1159847000,3390,1.0,1.0
15,1159847000,3400,1.0,1.0
15,1159847000,3410,1.0,1.0
15,1159847000,3420,1.0,1.0
15,1159847000,3430,1.0,1.0
15,1159847000,3440,1.0,1.0
15,1159847000,3450,1.0,1.0
15,1159847000,3460,1.0,1.0
15,1159847000,3470,1.0,1.0
15,1159847000,3480,1.0,1.0
15,1159847000,3490,1.0,1.0
15,1159847000,3500,1.0,1.0
15,1159847000,3510,1.0,1.0
15,1159847000,3520,1.0,1.0
15,1159847000,3530,1.0,1.0
15,1159847000,3540,1.0,1.0
15,1159847000,3550,1.0,1.0
15,1159847000,3560,1.0,1.0
15,1159847000,3570,1.0,1.0
15,1159847000,3580,1.0,1.0
15,1159847000,3590,1.0,1.0
15,1159847000,3600,1.0,1.0
15,1159847000,3610,1.0,1.0
15,1159847000,3620,1.0,1.0
15,1159847000,3630,1.0,1.0
15,1159847000,3640,1.0,1.0
15,1159847000,3650,1.0,1.0
15,1159847000,3660,1.0,1.0
15,1159847000,3670,1.0,1.0
15,1159847000,3680,1.0,1.0
15,1159847000,3690,1.0,1.0
15,1159847000,3700,1.0,1.0
15,1159847000,3710,1.0,1.0
15,1159847000,3720,1.0,1.0
15,1159847000,3730,0.9950000047683716,1.0
15,1159847000,3740,0.9950000047683716,1.0
15,1159847000,3750,0.9950000047683716,1.0
15,1159847000,3760,0.9950000047683716,1.0
15,1159847000,3770,0.9950000047683716,1.0
15,1159847000,3780,0.9899999499320984,1.0
15,1159847000,3790,0.9899999499320984,1.0
15,1159847000,3800,0.9799999594688416,1.0
15,1159847000,3810,0.9799999594688416,1.0
15,1159847000,3820,0.9799999594688416,1.0
15,1159847000,3830,0.9799999594688416,1.0
15,1159847000,3840,0.9799999594688416,1.0
15,1159847000,3850,0.9799999594688416,1.0
15,1159847000,3860,0.9799999594688416,1.0
15,1159847000,3870,0.9799999594688416,1.0
15,1159847000,3880,0.9799999594688416,1.0
15,1159847000,3890,0.9799999594688416,1.0
15,1159847000,3900,0.9799999594688416,1.0
15,1159847000,3910,0.9749999642372131,1.0
15,1159847000,3920,0.9749999642372131,1.0
15,1159847000,3930,0.9749999642372131,1.0
15,1159847000,3940,0.9749999642372131,1.0
15,1159847000,3950,0.9749999642372131,1.0
15,1159847000,3960,0.9749999642372131,1.0
15,1159847000,3970,0.9749999642372131,1.0
15,1159847000,3980,0.9749999642372131,1.0
15,1159847000,3990,0.9749999642372131,1.0
15,1159847000,4000,0.9749999642372131,1.0
15,1159847000,4010,0.9749999642372131,1.0
15,1159847000,4020,0.9749999642372131,1.0
15,1159847000,4030,0.9749999642372131,1.0
15,1159847000,4040,0.9749999642372131,1.0
15,1159847000,4050,0.9749999642372131,1.0
15,1159847000,4060,0.9749999642372131,1.0
15,1159847000,4070,0.9749999642372131,1.0
15,1159847000,4080,0.9749999642372131,1.0
15,1159847000,4090,0.9749999642372131,1.0
15,1159847000,4100,0.9749999642372131,1.0
15,1159847000,4110,0.9749999642372131,1.0
15,1159847000,4120,0.9749999642372131,1.0
15,1159847000,4130,0.9749999642372131,1.0
15,1159847000,4140,0.9749999642372131,1.0
15,1159847000,4150,0.9749999642372131,1.0
15,1159847000,4160,0.9749999642372131,1.0
15,1159847000,4170,0.9799999594688416,1.0
15,1159847000,4180,0.9799999594688416,1.0
15,1159847000,4190,0.9799999594688416,1.0
15,1159847000,4200,0.9799999594688416,1.0
15,1159847000,4210,0.98499995470047,1.0
15,1159847000,4220,0.9899999499320984,1.0
15,1159847000,4230,0.9899999499320984,1.0
15,1159847000,4240,1.0,1.0
15,1159847000,4250,1.0,1.0
15,1159847000,4260,1.0,1.0
15,1159847000,4270,1.0,1.0
15,1159847000,4280,1.0,1.0
15,1159847000,4290,1.0,1.0
15,1159847000,4300,1.0,1.0
15,1159847000,4310,1.0,1.0
15,1159847000,4320,1.0,1.0
15,1159847000,4330,1.0,1.0
15,1159847000,4340,1.0,1.0
15,1159847000,4350,1.0,1.0
15,1159847000,4360,1.0,1.0
15,1159847000,4370,1.0,1.0
15,1159847000,4380,1.0,1.0
15,1159847000,4390,1.0,1.0
15,1159847000,4400,1.0,1.0
15,1159847000,4410,1.0,1.0
15,1159847000,4420,1.0,1.0
15,1159847000,4430,1.0,1.0
15,1159847000,4440,1.0,1.0
15,1159847000,4450,1.0,1.0
15,1159847000,4460,1.0,1.0
15,1159847000,4470,1.0,1.0
15,1159847000,4480,1.0,1.0
15,1159847000,4490,1.0,1.0
15,1159847000,4500,1.0,1.0
15,1159847000,4510,1.0,1.0
15,1159847000,4520,1.0,1.0
15,1159847000,4530,1.0,1.0
15,1159847000,4540,1.0,1.0
15,1159847000,4550,1.0,1.0
15,1159847000,4560,1.0,1.0
15,1159847000,4570,1.0,1.0
15,1159847000,4580,1.0,1.0
15,1159847000,4590,1.0,1.0
15,1159847000,4600,1.0,1.0
15,1159847000,4610,1.0,1.0
15,1159847000,4620,1.0,1.0
15,1159847000,4630,1.0,1.0
15,1159847000,4640,1.0,1.0
15,1159847000,4650,1.0,1.0
15,1159847000,4660,1.0,1.0
15,1159847000,4670,1.0,1.0
15,1159847000,4680,1.0,1.0
15,1159847000,4690,1.0,1.0
15,1159847000,4700,1.0,1.0
15,1159847000,4710,1.0,1.0
15,1159847000,4720,1.0,1.0
15,1159847000,4730,1.0,1.0
15,1159847000,4740,1.0,1.0
15,1159847000,4750,1.0,1.0
15,1159847000,4760,1.0,1.0
15,1159847000,4770,1.0,1.0
15,1159847000,4780,1.0,1.0
15,1159847000,4790,1.0,1.0
15,1159847000,4800,1.0,1.0
15,1159847000,4810,1.0,1.0
15,1159847000,4820,1.0,1.0
15,1159847000,4830,1.0,1.0
15,1159847000,4840,1.0,1.0
15,1159847000,4850,1.0,1.0
15,1159847000,4860,1.0,1.0
15,1159847000,4870,1.0,1.0
15,1159847000,4880,1.0,1.0
15,1159847000,4890,1.0,1.0
15,1159847000,4900,1.0,1.0
15,1159847000,4910,1.0,1.0
15,1159847000,4920,1.0,1.0
15,1159847000,4930,1.0,1.0
15,1159847000,4940,1.0,1.0
15,1159847000,4950,1.0,1.0
15,1159847000,4960,1.0,1.0
15,1159847000,4970,1.0,1.0
15,1159847000,4980,1.0,1.0
15,1159847000,4990,1.0,1.0
15,1159847000,5000,1.0,1.0
16,1471765397,0,0.5249999761581421,0.5450000166893005
16,1471765397,10,0.574999988079071,0.5249999761581421
16,1471765397,20,0.6100000143051147,0.5299999713897705
16,1471765397,30,0.675000011920929,0.5249999761581421
16,1471765397,40,0.7249999642372131,0.5199999809265137
16,1471765397,50,0.7549999952316284,0.5249999761581421
16,1471765397,60,0.8050000071525574,0.5249999761581421
16,1471765397,70,0.8549999594688416,0.5249999761581421
16,1471765397,80,0.875,0.5249999761581421
16,1471765397,90,0.8899999856948853,0.5249999761581421
16,1471765397,100,0.9099999666213989,0.5249999761581421
16,1471765397,110,0.9249999523162842,0.5299999713897705
16,1471765397,120,0.9449999928474426,0.5199999809265137
16,1471765397,130,0.949999988079071,0.5199999809265137
16,1471765397,140,0.9699999690055847,0.5249999761581421
16,1471765397,150,0.9799999594688416,0.5450000166893005
16,1471765397,160,0.9799999594688416,0.5450000166893005
16,1471765397,170,0.98499995470047,0.5349999666213989
16,1471765397,180,0.98499995470047,0.5349999666213989
16,1471765397,190,0.98499995470047,0.5399999618530273
16,1471765397,200,0.98499995470047,0.5550000071525574
16,1471765397,210,0.9899999499320984,0.5349999666213989
16,1471765397,220,0.9899999499320984,0.5600000023841858
16,1471765397,230,0.9899999499320984,0.5450000166893005
16,1471765397,240,0.9899999499320984,0.5450000166893005
16,1471765397,250,1.0,0.5399999618530273
16,1471765397,260,1.0,0.5450000166893005
16,1471765397,270,1.0,0.5699999928474426
16,1471765397,280,1.0,0.5649999976158142
16,1471765397,290,1.0,0.5699999928474426
16,1471765397,300,1.0,0.5600000023841858
16,1471765397,310,1.0,0.5649999976158142
16,1471765397,320,1.0,0.574999988079071
16,1471765397,330,1.0,0.5649999976158142
16,1471765397,340,1.0,0.574999988079071
16,1471765397,350,1.0,0.574999988079071
16,1471765397,360,1.0,0.5699999928474426
16,1471765397,370,1.0,0.5799999833106995
16,1471765397,380,1.0,0.5799999833106995
16,1471765397,390,1.0,0.6049999594688416
16,1471765397,400,1.0,0.5849999785423279
16,1471765397,410,1.0,0.6049999594688416
16,1471765397,420,1.0,0.5999999642372131
16,1471765397,430,1.0,0.5949999690055847
16,1471765397,440,1.0,0.5999999642372131
16,1471765397,450,1.0,0.6100000143051147
16,1471765397,460,1.0,0.5999999642372131
16,1471765397,470,1.0,0.5949999690055847
16,1471765397,480,1.0,0.6100000143051147
16,1471765397,490,1.0,0.625
16,1471765397,500,1.0,0.6100000143051147
16,1471765397,510,1.0,0.6299999952316284
16,1471765397,520,1.0,0.5949999690055847
16,1471765397,530,1.0,0.6299999952316284
16,1471765397,540,1.0,0.6200000047683716
16,1471765397,550,1.0,0.6200000047683716
16,1471765397,560,1.0,0.625
16,1471765397,570,1.0,0.6299999952316284
16,1471765397,580,1.0,0.6200000047683716
16,1471765397,590,1.0,0.6399999856948853
16,1471765397,600,1.0,0.6150000095367432
16,1471765397,610,1.0,0.6349999904632568
16,1471765397,620,1.0,0.6150000095367432
16,1471765397,630,1.0,0.6349999904632568
16,1471765397,640,1.0,0.6349999904632568
16,1471765397,650,1.0,0.6200000047683716
16,1471765397,660,1.0,0.6449999809265137
16,1471765397,670,1.0,0.6299999952316284
16,1471765397,680,1.0,0.6449999809265137
16,1471765397,690,1.0,0.6349999904632568
16,1471765397,700,1.0,0.6449999809265137
16,1471765397,710,1.0,0.6599999666213989
16,1471765397,720,1.0,0.6399999856948853
16,1471765397,730,1.0,0.6449999809265137
16,1471765397,740,1.0,0.6699999570846558
16,1471765397,750,1.0,0.6649999618530273
16,1471765397,760,1.0,0.6549999713897705
16,1471765397,770,1.0,0.675000011920929
16,1471765397,780,1.0,0.6549999713897705
16,1471765397,790,1.0,0.6599999666213989
16,1471765397,800,1.0,0.6850000023841858
16,1471765397,810,1.0,0.6699999570846558
16,1471765397,820,1.0,0.6599999666213989
16,1471765397,830,1.0,0.6850000023841858
16,1471765397,840,1.0,0.6800000071525574
16,1471765397,850,1.0,0.6899999976158142
16,1471765397,860,1.0,0.6899999976158142
16,1471765397,870,1.0,0.699999988079071
16,1471765397,880,1.0,0.7249999642372131
16,1471765397,890,1.0,0.7049999833106995
16,1471765397,900,1.0,0.7099999785423279
16,1471765397,910,1.0,0.7149999737739563
16,1471765397,920,1.0,0.7199999690055847
16,1471765397,930,1.0,0.699999988079071
16,1471765397,940,1.0,0.7299999594688416
16,1471765397,950,1.0,0.7099999785423279
16,1471765397,960,1.0,0.7199999690055847
16,1471765397,970,1.0,0.7149999737739563
16,1471765397,980,1.0,0.7299999594688416
16,1471765397,990,1.0,0.7099999785423279
16,1471765397,1000,1.0,0.7199999690055847
16,1471765397,1010,1.0,0.7400000095367432
16,1471765397,1020,1.0,0.7400000095367432
16,1471765397,1030,1.0,0.7400000095367432
16,1471765397,1040,1.0,0.75
16,1471765397,1050,1.0,0.7549999952316284
16,1471765397,1060,1.0,0.7749999761581421
16,1471765397,1070,1.0,0.7599999904632568
16,1471765397,1080,1.0,0.7649999856948853
16,1471765397,1090,1.0,0.7549999952316284
16,1471765397,1100,1.0,0.7699999809265137
16,1471765397,1110,1.0,0.7649999856948853
16,1471765397,1120,1.0,0.7599999904632568
16,1471765397,1130,1.0,0.7649999856948853
16,1471765397,1140,1.0,0.7899999618530273
16,1471765397,1150,1.0,0.7899999618530273
16,1471765397,1160,1.0,0.7949999570846558
16,1471765397,1170,1.0,0.7999999523162842
16,1471765397,1180,1.0,0.7899999618530273
16,1471765397,1190,1.0,0.8050000071525574
16,1471765397,1200,1.0,0.8050000071525574
16,1471765397,1210,1.0,0.8299999833106995
16,1471765397,1220,1.0,0.8199999928474426
16,1471765397,1230,1.0,0.8299999833106995
16,1471765397,1240,1.0,0.8299999833106995
16,1471765397,1250,1.0,0.8499999642372131
16,1471765397,1260,1.0,0.8499999642372131
16,1471765397,1270,1.0,0.85999995470047
16,1471765397,1280,1.0,0.8399999737739563
16,1471765397,1290,1.0,0.8650000095367432
16,1471765397,1300,1.0,0.8650000095367432
16,1471765397,1310,1.0,0.8799999952316284
16,1471765397,1320,1.0,0.875
16,1471765397,1330,1.0,0.8799999952316284
16,1471765397,1340,1.0,0.8899999856948853
16,1471765397,1350,1.0,0.8849999904632568
16,1471765397,1360,1.0,0.9099999666213989
16,1471765397,1370,1.0,0.9099999666213989
16,1471765397,1380,1.0,0.9149999618530273
16,1471765397,1390,1.0,0.9099999666213989
16,1471765397,1400,1.0,0.9099999666213989
16,1471765397,1410,1.0,0.9049999713897705
16,1471765397,1420,1.0,0.9199999570846558
16,1471765397,1430,1.0,0.9350000023841858
16,1471765397,1440,1.0,0.9300000071525574
16,1471765397,1450,1.0,0.9199999570846558
16,1471765397,1460,1.0,0.9300000071525574
16,1471765397,1470,1.0,0.9300000071525574
16,1471765397,1480,1.0,0.9300000071525574
16,1471765397,1490,1.0,0.9399999976158142
16,1471765397,1500,1.0,0.9350000023841858
16,1471765397,1510,1.0,0.9300000071525574
16,1471765397,1520,1.0,0.9399999976158142
16,1471765397,1530,1.0,0.9449999928474426
16,1471765397,1540,1.0,0.9449999928474426
16,1471765397,1550,1.0,0.949999988079071
16,1471765397,1560,1.0,0.9350000023841858
16,1471765397,1570,1.0,0.9449999928474426
16,1471765397,1580,1.0,0.9449999928474426
16,1471765397,1590,1.0,0.949999988079071
16,1471765397,1600,1.0,0.949999988079071
16,1471765397,1610,1.0,0.949999988079071
16,1471765397,1620,1.0,0.9449999928474426
16,1471765397,1630,1.0,0.9599999785423279
16,1471765397,1640,1.0,0.949999988079071
16,1471765397,1650,1.0,0.9599999785423279
16,1471765397,1660,1.0,0.9699999690055847
16,1471765397,1670,1.0,0.949999988079071
16,1471765397,1680,1.0,0.9699999690055847
16,1471765397,1690,1.0,0.9699999690055847
16,1471765397,1700,1.0,0.9649999737739563
16,1471765397,1710,1.0,0.9699999690055847
16,1471765397,1720,1.0,0.9699999690055847
16,1471765397,1730,1.0,0.9699999690055847
16,1471765397,1740,1.0,0.9699999690055847
16,1471765397,1750,1.0,0.9699999690055847
16,1471765397,1760,1.0,0.9699999690055847
16,1471765397,1770,1.0,0.9699999690055847
16,1471765397,1780,1.0,0.9699999690055847
16,1471765397,1790,1.0,0.9699999690055847
16,1471765397,1800,1.0,0.9699999690055847
16,1471765397,1810,1.0,0.9699999690055847
16,1471765397,1820,1.0,0.9699999690055847
16,1471765397,1830,1.0,0.9699999690055847
16,1471765397,1840,1.0,0.9699999690055847
16,1471765397,1850,1.0,0.9699999690055847
16,1471765397,1860,1.0,0.9799999594688416
16,1471765397,1870,1.0,0.9799999594688416
16,1471765397,1880,1.0,0.98499995470047
16,1471765397,1890,1.0,0.9799999594688416
16,1471765397,1900,1.0,0.98499995470047
16,1471765397,1910,1.0,0.9799999594688416
16,1471765397,1920,1.0,0.9899999499320984
16,1471765397,1930,1.0,0.9950000047683716
16,1471765397,1940,1.0,0.9899999499320984
16,1471765397,1950,1.0,0.9899999499320984
16,1471765397,1960,1.0,0.9950000047683716
16,1471765397,1970,1.0,0.9950000047683716
16,1471765397,1980,1.0,0.9950000047683716
16,1471765397,1990,1.0,1.0
16,1471765397,2000,1.0,1.0
16,1471765397,2010,1.0,1.0
16,1471765397,2020,1.0,1.0
16,1471765397,2030,1.0,0.9950000047683716
16,1471765397,2040,1.0,1.0
16,1471765397,2050,1.0,1.0
16,1471765397,2060,1.0,1.0
16,1471765397,2070,1.0,1.0
16,1471765397,2080,1.0,1.0
16,1471765397,2090,1.0,1.0
16,1471765397,2100,1.0,1.0
16,1471765397,2110,1.0,1.0
16,1471765397,2120,1.0,1.0
16,1471765397,2130,1.0,1.0
16,1471765397,2140,1.0,1.0
16,1471765397,2150,1.0,1.0
16,1471765397,2160,1.0,1.0
16,1471765397,2170,1.0,1.0
16,1471765397,2180,1.0,1.0
16,1471765397,2190,1.0,1.0
16,1471765397,2200,1.0,1.0
16,1471765397,2210,1.0,1.0
16,1471765397,2220,1.0,1.0
16,1471765397,2230,1.0,1.0
16,1471765397,2240,1.0,1.0
16,1471765397,2250,1.0,1.0
16,1471765397,2260,1.0,1.0
16,1471765397,2270,1.0,1.0
16,1471765397,2280,1.0,1.0
16,1471765397,2290,1.0,1.0
16,1471765397,2300,1.0,1.0
16,1471765397,2310,1.0,1.0
16,1471765397,2320,1.0,1.0
16,1471765397,2330,1.0,1.0
16,1471765397,2340,1.0,1.0
16,1471765397,2350,1.0,1.0
16,1471765397,2360,1.0,1.0
16,1471765397,2370,1.0,1.0
16,1471765397,2380,1.0,1.0
16,1471765397,2390,1.0,1.0
16,1471765397,2400,1.0,1.0
16,1471765397,2410,1.0,1.0
16,1471765397,2420,1.0,1.0
16,1471765397,2430,1.0,1.0
16,1471765397,2440,1.0,1.0
16,1471765397,2450,1.0,1.0
16,1471765397,2460,1.0,1.0
16,1471765397,2470,1.0,1.0
16,1471765397,2480,1.0,1.0
16,1471765397,2490,1.0,1.0
16,1471765397,2500,1.0,1.0
16,1471765397,2510,1.0,1.0
16,1471765397,2520,1.0,1.0
16,1471765397,2530,1.0,1.0
16,1471765397,2540,1.0,1.0
16,1471765397,2550,1.0,1.0
16,1471765397,2560,1.0,1.0
16,1471765397,2570,1.0,1.0
16,1471765397,2580,1.0,1.0
16,1471765397,2590,1.0,1.0
16,1471765397,2600,1.0,1.0
16,1471765397,2610,1.0,1.0
16,1471765397,2620,1.0,1.0
16,1471765397,2630,1.0,1.0
16,1471765397,2640,1.0,1.0
16,1471765397,2650,1.0,1.0
16,1471765397,2660,1.0,1.0
16,1471765397,2670,1.0,1.0
16,1471765397,2680,1.0,1.0
16,1471765397,2690,1.0,1.0
16,1471765397,2700,1.0,1.0
16,1471765397,2710,1.0,1.0
16,1471765397,2720,1.0,1.0
16,1471765397,2730,1.0,1.0
16,1471765397,2740,1.0,1.0
16,1471765397,2750,1.0,1.0
16,1471765397,2760,1.0,1.0
16,1471765397,2770,1.0,1.0
16,1471765397,2780,1.0,1.0
16,1471765397,2790,1.0,1.0
16,1471765397,2800,1.0,1.0
16,1471765397,2810,1.0,1.0
16,1471765397,2820,1.0,1.0
16,1471765397,2830,1.0,1.0
16,1471765397,2840,1.0,1.0
16,1471765397,2850,1.0,1.0
16,1471765397,2860,1.0,1.0
16,1471765397,2870,1.0,1.0
16,1471765397,2880,1.0,1.0
16,1471765397,2890,1.0,1.0
16,1471765397,2900,1.0,1.0
16,1471765397,2910,1.0,1.0
16,1471765397,2920,1.0,1.0
16,1471765397,2930,1.0,1.0
16,1471765397,2940,1.0,1.0
16,1471765397,2950,1.0,1.0
16,1471765397,2960,1.0,1.0
16,1471765397,2970,1.0,1.0
16,1471765397,2980,1.0,1.0
16,1471765397,2990,1.0,1.0
16,1471765397,3000,1.0,1.0
16,1471765397,3010,1.0,1.0
16,1471765397,3020,1.0,1.0
16,1471765397,3030,1.0,1.0
16,1471765397,3040,1.0,1.0
16,1471765397,3050,1.0,1.0
16,1471765397,3060,1.0,1.0
16,1471765397,3070,1.0,1.0
16,1471765397,3080,1.0,1.0
16,1471765397,3090,1.0,1.0
16,1471765397,3100,1.0,1.0
16,1471765397,3110,1.0,1.0
16,1471765397,3120,1.0,1.0
16,1471765397,3130,1.0,1.0
16,1471765397,3140,1.0,1.0
16,1471765397,3150,1.0,1.0
16,1471765397,3160,1.0,1.0
16,1471765397,3170,1.0,1.0
16,1471765397,3180,1.0,1.0
16,1471765397,3190,1.0,1.0
16,1471765397,3200,1.0,1.0
16,1471765397,3210,1.0,1.0
16,1471765397,3220,1.0,1.0
16,1471765397,3230,1.0,1.0
16,1471765397,3240,1.0,1.0
16,1471765397,3250,1.0,1.0
16,1471765397,3260,1.0,1.0
16,1471765397,3270,1.0,1.0
16,1471765397,3280,1.0,1.0
16,1471765397,3290,1.0,1.0
16,1471765397,3300,1.0,1.0
16,1471765397,3310,1.0,1.0
16,1471765397,3320,1.0,1.0
16,1471765397,3330,1.0,1.0
16,1471765397,3340,1.0,1.0
16,1471765397,3350,1.0,1.0
16,1471765397,3360,1.0,1.0
16,1471765397,3370,1.0,1.0
16,1471765397,3380,1.0,1.0
16,1471765397,3390,1.0,1.0
16,1471765397,3400,1.0,1.0
16,1471765397,3410,1.0,1.0
16,1471765397,3420,1.0,1.0
16,1471765397,3430,1.0,1.0
16,1471765397,3440,1.0,1.0
16,1471765397,3450,1.0,1.0
16,1471765397,3460,1.0,1.0
16,1471765397,3470,1.0,1.0
16,1471765397,3480,1.0,1.0
16,1471765397,3490,1.0,1.0
16,1471765397,3500,1.0,1.0
16,1471765397,3510,1.0,1.0
16,1471765397,3520,1.0,1.0
16,1471765397,3530,1.0,1.0
16,1471765397,3540,1.0,1.0
16,1471765397,3550,1.0,1.0
16,1471765397,3560,1.0,1.0
16,1471765397,3570,1.0,1.0
16,1471765397,3580,1.0,1.0
16,1471765397,3590,1.0,1.0
16,1471765397,3600,1.0,1.0
16,1471765397,3610,1.0,1.0
16,1471765397,3620,1.0,1.0
16,1471765397,3630,1.0,1.0
16,1471765397,3640,1.0,1.0
16,1471765397,3650,1.0,1.0
16,1471765397,3660,1.0,1.0
16,1471765397,3670,1.0,1.0
16,1471765397,3680,1.0,1.0
16,1471765397,3690,0.9950000047683716,1.0
16,1471765397,3700,0.9950000047683716,1.0
16,1471765397,3710,0.9950000047683716,1.0
16,1471765397,3720,0.9950000047683716,1.0
16,1471765397,3730,0.9950000047683716,1.0
16,1471765397,3740,0.9950000047683716,1.0
16,1471765397,3750,0.9950000047683716,1.0
16,1471765397,3760,0.9950000047683716,1.0
16,1471765397,3770,0.9950000047683716,1.0
16,1471765397,3780,0.9950000047683716,1.0
16,1471765397,3790,0.9950000047683716,1.0
16,1471765397,3800,0.98499995470047,1.0
16,1471765397,3810,0.98499995470047,1.0
16,1471765397,3820,0.98499995470047,1.0
16,1471765397,3830,0.98499995470047,1.0
16,1471765397,3840,0.9799999594688416,1.0
16,1471765397,3850,0.9799999594688416,1.0
16,1471765397,3860,0.9799999594688416,1.0
16,1471765397,3870,0.9749999642372131,1.0
16,1471765397,3880,0.9749999642372131,1.0
16,1471765397,3890,0.9749999642372131,1.0
16,1471765397,3900,0.9749999642372131,1.0
16,1471765397,3910,0.9749999642372131,1.0
16,1471765397,3920,0.9749999642372131,1.0
16,1471765397,3930,0.9749999642372131,1.0
16,1471765397,3940,0.9699999690055847,1.0
16,1471765397,3950,0.9699999690055847,1.0
16,1471765397,3960,0.9699999690055847,1.0
16,1471765397,3970,0.9699999690055847,1.0
16,1471765397,3980,0.9699999690055847,1.0
16,1471765397,3990,0.9699999690055847,1.0
16,1471765397,4000,0.9699999690055847,1.0
16,1471765397,4010,0.9699999690055847,1.0
16,1471765397,4020,0.9699999690055847,1.0
16,1471765397,4030,0.9699999690055847,1.0
16,1471765397,4040,0.9699999690055847,1.0
16,1471765397,4050,0.9699999690055847,1.0
16,1471765397,4060,0.9699999690055847,1.0
16,1471765397,4070,0.9699999690055847,1.0
16,1471765397,4080,0.9699999690055847,1.0
16,1471765397,4090,0.9699999690055847,1.0
16,1471765397,4100,0.9699999690055847,1.0
16,1471765397,4110,0.9699999690055847,1.0
16,1471765397,4120,0.9749999642372131,1.0
16,1471765397,4130,0.9749999642372131,1.0
16,1471765397,4140,0.9799999594688416,1.0
16,1471765397,4150,0.9799999594688416,1.0
16,1471765397,4160,0.9799999594688416,1.0
16,1471765397,4170,0.9799999594688416,1.0
16,1471765397,4180,0.9799999594688416,1.0
16,1471765397,4190,0.9799999594688416,1.0
16,1471765397,4200,0.9799999594688416,1.0
16,1471765397,4210,0.98499995470047,1.0
16,1471765397,4220,0.9899999499320984,1.0
16,1471765397,4230,0.9899999499320984,1.0
16,1471765397,4240,0.9899999499320984,1.0
16,1471765397,4250,0.9899999499320984,1.0
16,1471765397,4260,0.9899999499320984,1.0
16,1471765397,4270,0.9950000047683716,1.0
16,1471765397,4280,0.9950000047683716,1.0
16,1471765397,4290,0.9950000047683716,1.0
16,1471765397,4300,1.0,1.0
16,1471765397,4310,1.0,1.0
16,1471765397,4320,1.0,1.0
16,1471765397,4330,1.0,1.0
16,1471765397,4340,1.0,1.0
16,1471765397,4350,1.0,1.0
16,1471765397,4360,1.0,1.0
16,1471765397,4370,1.0,1.0
16,1471765397,4380,1.0,1.0
16,1471765397,4390,1.0,1.0
16,1471765397,4400,1.0,1.0
16,1471765397,4410,1.0,1.0
16,1471765397,4420,1.0,1.0
16,1471765397,4430,1.0,1.0
16,1471765397,4440,1.0,1.0
16,1471765397,4450,1.0,1.0
16,1471765397,4460,1.0,1.0
16,1471765397,4470,1.0,1.0
16,1471765397,4480,1.0,1.0
16,1471765397,4490,1.0,1.0
16,1471765397,4500,1.0,1.0
16,1471765397,4510,1.0,1.0
16,1471765397,4520,1.0,1.0
16,1471765397,4530,1.0,1.0
16,1471765397,4540,1.0,1.0
16,1471765397,4550,1.0,1.0
16,1471765397,4560,1.0,1.0
16,1471765397,4570,1.0,1.0
16,1471765397,4580,1.0,1.0
16,1471765397,4590,1.0,1.0
16,1471765397,4600,1.0,1.0
16,1471765397,4610,1.0,1.0
16,1471765397,4620,1.0,1.0
16,1471765397,4630,1.0,1.0
16,1471765397,4640,1.0,1.0
16,1471765397,4650,1.0,1.0
16,1471765397,4660,1.0,1.0
16,1471765397,4670,1.0,1.0
16,1471765397,4680,1.0,1.0
16,1471765397,4690,1.0,1.0
16,1471765397,4700,1.0,1.0
16,1471765397,4710,1.0,1.0
16,1471765397,4720,1.0,1.0
16,1471765397,4730,1.0,1.0
16,1471765397,4740,1.0,1.0
16,1471765397,4750,1.0,1.0
16,1471765397,4760,1.0,1.0
16,1471765397,4770,1.0,1.0
16,1471765397,4780,1.0,1.0
16,1471765397,4790,1.0,1.0
16,1471765397,4800,1.0,1.0
16,1471765397,4810,1.0,1.0
16,1471765397,4820,1.0,1.0
16,1471765397,4830,1.0,1.0
16,1471765397,4840,1.0,1.0
16,1471765397,4850,1.0,1.0
16,1471765397,4860,1.0,1.0
16,1471765397,4870,1.0,1.0
16,1471765397,4880,1.0,1.0
16,1471765397,4890,1.0,1.0
16,1471765397,4900,1.0,1.0
16,1471765397,4910,1.0,1.0
16,1471765397,4920,1.0,1.0
16,1471765397,4930,1.0,1.0
16,1471765397,4940,1.0,1.0
16,1471765397,4950,1.0,1.0
16,1471765397,4960,1.0,1.0
16,1471765397,4970,1.0,1.0
16,1471765397,4980,1.0,1.0
16,1471765397,4990,1.0,1.0
16,1471765397,5000,1.0,1.0
17,1870058660,0,0.5199999809265137,0.5049999952316284
17,1870058660,10,0.5550000071525574,0.5249999761581421
17,1870058660,20,0.6499999761581421,0.5249999761581421
17,1870058660,30,0.7149999737739563,0.5349999666213989
17,1870058660,40,0.7649999856948853,0.5299999713897705
17,1870058660,50,0.8050000071525574,0.5349999666213989
17,1870058660,60,0.824999988079071,0.5349999666213989
17,1870058660,70,0.8650000095367432,0.5399999618530273
17,1870058660,80,0.875,0.5349999666213989
17,1870058660,90,0.8849999904632568,0.5450000166893005
17,1870058660,100,0.9350000023841858,0.5450000166893005
17,1870058660,110,0.9399999976158142,0.550000011920929
17,1870058660,120,0.949999988079071,0.5399999618530273
17,1870058660,130,0.9649999737739563,0.5349999666213989
17,1870058660,140,0.9749999642372131,0.5349999666213989
17,1870058660,150,0.9899999499320984,0.5450000166893005
17,1870058660,160,0.9899999499320984,0.5450000166893005
17,1870058660,170,0.9950000047683716,0.5450000166893005
17,1870058660,180,1.0,0.5450000166893005
17,1870058660,190,1.0,0.5399999618530273
17,1870058660,200,1.0,0.5550000071525574
17,1870058660,210,1.0,0.5550000071525574
17,1870058660,220,1.0,0.5550000071525574
17,1870058660,230,1.0,0.5649999976158142
17,1870058660,240,1.0,0.5600000023841858
17,1870058660,250,1.0,0.5550000071525574
17,1870058660,260,1.0,0.5550000071525574
17,1870058660,270,1.0,0.5600000023841858
17,1870058660,280,1.0,0.5450000166893005
17,1870058660,290,1.0,0.5649999976158142
17,1870058660,300,1.0,0.5699999928474426
17,1870058660,310,1.0,0.5600000023841858
17,1870058660,320,1.0,0.5649999976158142
17,1870058660,330,1.0,0.5849999785423279
17,1870058660,340,1.0,0.5699999928474426
17,1870058660,350,1.0,0.5649999976158142
17,1870058660,360,1.0,0.5799999833106995
17,1870058660,370,1.0,0.5849999785423279
17,1870058660,380,1.0,0.5849999785423279
17,1870058660,390,1.0,0.5799999833106995
17,1870058660,400,1.0,0.5849999785423279
17,1870058660,410,1.0,0.5949999690055847
17,1870058660,420,1.0,0.574999988079071
17,1870058660,430,1.0,0.5949999690055847
17,1870058660,440,1.0,0.6049999594688416
17,1870058660,450,1.0,0.5849999785423279
17,1870058660,460,1.0,0.6049999594688416
17,1870058660,470,1.0,0.6100000143051147
17,1870058660,480,1.0,0.5799999833106995
17,1870058660,490,1.0,0.6100000143051147
17,1870058660,500,1.0,0.5899999737739563
17,1870058660,510,1.0,0.6150000095367432
17,1870058660,520,1.0,0.6150000095367432
17,1870058660,530,1.0,0.5899999737739563
17,1870058660,540,1.0,0.6049999594688416
17,1870058660,550,1.0,0.6049999594688416
17,1870058660,560,1.0,0.5949999690055847
17,1870058660,570,1.0,0.6049999594688416
17,1870058660,580,1.0,0.625
17,1870058660,590,1.0,0.6150000095367432
17,1870058660,600,1.0,0.6150000095367432
17,1870058660,610,1.0,0.6200000047683716
17,1870058660,620,1.0,0.6200000047683716
17,1870058660,630,1.0,0.6150000095367432
17,1870058660,640,1.0,0.6049999594688416
17,1870058660,650,1.0,0.5999999642372131
17,1870058660,660,1.0,0.6200000047683716
17,1870058660,670,1.0,0.6200000047683716
17,1870058660,680,1.0,0.6299999952316284
17,1870058660,690,1.0,0.6150000095367432
17,1870058660,700,1.0,0.6349999904632568
17,1870058660,710,1.0,0.625
17,1870058660,720,1.0,0.6349999904632568
17,1870058660,730,1.0,0.6449999809265137
17,1870058660,740,1.0,0.6449999809265137
17,1870058660,750,1.0,0.6449999809265137
17,1870058660,760,1.0,0.6599999666213989
17,1870058660,770,1.0,0.6649999618530273
17,1870058660,780,1.0,0.6549999713897705
17,1870058660,790,1.0,0.6449999809265137
17,1870058660,800,1.0,0.675000011920929
17,1870058660,810,1.0,0.6850000023841858
17,1870058660,820,1.0,0.6699999570846558
17,1870058660,830,1.0,0.6850000023841858
17,1870058660,840,1.0,0.6699999570846558
17,1870058660,850,1.0,0.6899999976158142
17,1870058660,860,1.0,0.675000011920929
17,1870058660,870,1.0,0.6899999976158142
17,1870058660,880,1.0,0.6949999928474426
17,1870058660,890,1.0,0.699999988079071
17,1870058660,900,1.0,0.699999988079071
17,1870058660,910,1.0,0.7049999833106995
17,1870058660,920,1.0,0.7149999737739563
17,1870058660,930,1.0,0.7199999690055847
17,1870058660,940,1.0,0.7149999737739563
17,1870058660,950,1.0,0.7149999737739563
17,1870058660,960,1.0,0.699999988079071
17,1870058660,970,1.0,0.7299999594688416
17,1870058660,980,1.0,0.7099999785423279
17,1870058660,990,1.0,0.7299999594688416
17,1870058660,1000,1.0,0.75
17,1870058660,1010,1.0,0.75
17,1870058660,1020,1.0,0.7299999594688416
17,1870058660,1030,1.0,0.7699999809265137
17,1870058660,1040,1.0,0.7450000047683716
17,1870058660,1050,1.0,0.7549999952316284
17,1870058660,1060,1.0,0.7749999761581421
17,1870058660,1070,1.0,0.7699999809265137
17,1870058660,1080,1.0,0.7799999713897705
17,1870058660,1090,1.0,0.7799999713897705
17,1870058660,1100,1.0,0.7999999523162842
17,1870058660,1110,1.0,0.7899999618530273
17,1870058660,1120,1.0,0.7899999618530273
17,1870058660,1130,1.0,0.8199999928474426
17,1870058660,1140,1.0,0.7999999523162842
17,1870058660,1150,1.0,0.7949999570846558
17,1870058660,1160,1.0,0.8299999833106995
17,1870058660,1170,1.0,0.8100000023841858
17,1870058660,1180,1.0,0.8149999976158142
17,1870058660,1190,1.0,0.8100000023841858
17,1870058660,1200,1.0,0.8399999737739563
17,1870058660,1210,1.0,0.8499999642372131
17,1870058660,1220,1.0,0.8549999594688416
17,1870058660,1230,1.0,0.8549999594688416
17,1870058660,1240,1.0,0.8449999690055847
17,1870058660,1250,1.0,0.8499999642372131
17,1870058660,1260,1.0,0.8650000095367432
17,1870058660,1270,1.0,0.8650000095367432
17,1870058660,1280,1.0,0.8799999952316284
17,1870058660,1290,1.0,0.8999999761581421
17,1870058660,1300,1.0,0.8999999761581421
17,1870058660,1310,1.0,0.8899999856948853
17,1870058660,1320,1.0,0.8999999761581421
17,1870058660,1330,1.0,0.8999999761581421
17,1870058660,1340,1.0,0.9099999666213989
17,1870058660,1350,1.0,0.9099999666213989
17,1870058660,1360,1.0,0.9149999618530273
17,1870058660,1370,1.0,0.9199999570846558
17,1870058660,1380,1.0,0.9350000023841858
17,1870058660,1390,1.0,0.9099999666213989
17,1870058660,1400,1.0,0.9300000071525574
17,1870058660,1410,1.0,0.9249999523162842
17,1870058660,1420,1.0,0.9350000023841858
17,1870058660,1430,1.0,0.9399999976158142
17,1870058660,1440,1.0,0.9599999785423279
17,1870058660,1450,1.0,0.949999988079071
17,1870058660,1460,1.0,0.9549999833106995
17,1870058660,1470,1.0,0.9399999976158142
17,1870058660,1480,1.0,0.949999988079071
17,1870058660,1490,1.0,0.9549999833106995
17,1870058660,1500,1.0,0.9599999785423279
17,1870058660,1510,1.0,0.9599999785423279
17,1870058660,1520,1.0,0.9549999833106995
17,1870058660,1530,1.0,0.9599999785423279
17,1870058660,1540,1.0,0.9699999690055847
17,1870058660,1550,1.0,0.9699999690055847
17,1870058660,1560,1.0,0.9749999642372131
17,1870058660,1570,1.0,0.9699999690055847
17,1870058660,1580,1.0,0.9699999690055847
17,1870058660,1590,1.0,0.9649999737739563
17,1870058660,1600,1.0,0.9799999594688416
17,1870058660,1610,1.0,0.9699999690055847
17,1870058660,1620,1.0,0.9799999594688416
17,1870058660,1630,1.0,0.9799999594688416
17,1870058660,1640,1.0,0.98499995470047
17,1870058660,1650,1.0,0.9799999594688416
17,1870058660,1660,1.0,0.9799999594688416
17,1870058660,1670,1.0,0.9799999594688416
17,1870058660,1680,1.0,0.98499995470047
17,1870058660,1690,1.0,0.9799999594688416
17,1870058660,1700,1.0,0.98499995470047
17,1870058660,1710,1.0,0.9799999594688416
17,1870058660,1720,1.0,0.98499995470047
17,1870058660,1730,1.0,0.98499995470047
17,1870058660,1740,1.0,0.9799999594688416
17,1870058660,1750,1.0,0.98499995470047
17,1870058660,1760,1.0,0.98499995470047
17,1870058660,1770,1.0,0.98499995470047
17,1870058660,1780,1.0,0.98499995470047
17,1870058660,1790,1.0,0.9899999499320984
17,1870058660,1800,1.0,0.98499995470047
17,1870058660,1810,1.0,0.9950000047683716
17,1870058660,1820,1.0,0.98499995470047
17,1870058660,1830,1.0,0.9950000047683716
17,1870058660,1840,1.0,0.9950000047683716
17,1870058660,1850,1.0,0.9950000047683716
17,1870058660,1860,1.0,0.9950000047683716
17,1870058660,1870,1.0,0.9950000047683716
17,1870058660,1880,1.0,0.9950000047683716
17,1870058660,1890,1.0,0.9950000047683716
17,1870058660,1900,1.0,0.9950000047683716
17,1870058660,1910,1.0,0.9950000047683716
17,1870058660,1920,1.0,0.9950000047683716
17,1870058660,1930,1.0,0.9950000047683716
17,1870058660,1940,1.0,0.9950000047683716
17,1870058660,1950,1.0,0.9950000047683716
17,1870058660,1960,1.0,1.0
17,1870058660,1970,1.0,1.0
17,1870058660,1980,1.0,0.9950000047683716
17,1870058660,1990,1.0,1.0
17,1870058660,2000,1.0,1.0
17,1870058660,2010,1.0,1.0
17,1870058660,2020,1.0,1.0
17,1870058660,2030,1.0,1.0
17,1870058660,2040,1.0,1.0
17,1870058660,2050,1.0,1.0
17,1870058660,2060,1.0,1.0
17,1870058660,2070,1.0,1.0
17,1870058660,2080,1.0,1.0
17,1870058660,2090,1.0,1.0
17,1870058660,2100,1.0,1.0
17,1870058660,2110,1.0,1.0
17,1870058660,2120,1.0,1.0
17,1870058660,2130,1.0,1.0
17,1870058660,2140,1.0,1.0
17,1870058660,2150,1.0,1.0
17,1870058660,2160,1.0,1.0
17,1870058660,2170,1.0,1.0
17,1870058660,2180,1.0,1.0
17,1870058660,2190,1.0,1.0
17,1870058660,2200,1.0,1.0
17,1870058660,2210,1.0,1.0
17,1870058660,2220,1.0,1.0
17,1870058660,2230,1.0,1.0
17,1870058660,2240,1.0,1.0
17,1870058660,2250,1.0,1.0
17,1870058660,2260,1.0,1.0
17,1870058660,2270,1.0,1.0
17,1870058660,2280,1.0,1.0
17,1870058660,2290,1.0,1.0
17,1870058660,2300,1.0,1.0
17,1870058660,2310,1.0,1.0
17,1870058660,2320,1.0,1.0
17,1870058660,2330,1.0,1.0
17,1870058660,2340,1.0,1.0
17,1870058660,2350,1.0,1.0
17,1870058660,2360,1.0,1.0
17,1870058660,2370,1.0,1.0
17,1870058660,2380,1.0,1.0
17,1870058660,2390,1.0,1.0
17,1870058660,2400,1.0,1.0
17,1870058660,2410,1.0,1.0
17,1870058660,2420,1.0,1.0
17,1870058660,2430,1.0,1.0
17,1870058660,2440,1.0,1.0
17,1870058660,2450,1.0,1.0
17,1870058660,2460,1.0,1.0
17,1870058660,2470,1.0,1.0
17,1870058660,2480,1.0,1.0
17,1870058660,2490,1.0,1.0
17,1870058660,2500,1.0,1.0
17,1870058660,2510,1.0,1.0
17,1870058660,2520,1.0,1.0
17,1870058660,2530,1.0,1.0
17,1870058660,2540,1.0,1.0
17,1870058660,2550,1.0,1.0
17,1870058660,2560,1.0,1.0
17,1870058660,2570,1.0,1.0
17,1870058660,2580,1.0,1.0
17,1870058660,2590,1.0,1.0
17,1870058660,2600,1.0,1.0
17,1870058660,2610,1.0,1.0
17,1870058660,2620,1.0,1.0
17,1870058660,2630,1.0,1.0
17,1870058660,2640,1.0,1.0
17,1870058660,2650,1.0,1.0
17,1870058660,2660,1.0,1.0
17,1870058660,2670,1.0,1.0
17,1870058660,2680,1.0,1.0
17,1870058660,2690,1.0,1.0
17,1870058660,2700,1.0,1.0
17,1870058660,2710,1.0,1.0
17,1870058660,2720,1.0,1.0
17,1870058660,2730,1.0,1.0
17,1870058660,2740,1.0,1.0
17,1870058660,2750,1.0,1.0
17,1870058660,2760,1.0,1.0
17,1870058660,2770,1.0,1.0
17,1870058660,2780,1.0,1.0
17,1870058660,2790,1.0,1.0
17,1870058660,2800,1.0,1.0
17,1870058660,2810,1.0,1.0
17,1870058660,2820,1.0,1.0
17,1870058660,2830,1.0,1.0
17,1870058660,2840,1.0,1.0
17,1870058660,2850,1.0,1.0
17,1870058660,2860,1.0,1.0
17,1870058660,2870,1.0,1.0
17,1870058660,2880,1.0,1.0
17,1870058660,2890,1.0,1.0
17,1870058660,2900,1.0,1.0
17,1870058660,2910,1.0,1.0
17,1870058660,2920,1.0,1.0
17,1870058660,2930,1.0,1.0
17,1870058660,2940,1.0,1.0
17,1870058660,2950,1.0,1.0
17,1870058660,2960,1.0,1.0
17,1870058660,2970,1.0,1.0
17,1870058660,2980,1.0,1.0
17,1870058660,2990,1.0,1.0
17,1870058660,3000,1.0,1.0
17,1870058660,3010,1.0,1.0
17,1870058660,3020,1.0,1.0
17,1870058660,3030,1.0,1.0
17,1870058660,3040,1.0,1.0
17,1870058660,3050,1.0,1.0
17,1870058660,3060,1.0,1.0
17,1870058660,3070,1.0,1.0
17,1870058660,3080,1.0,1.0
17,1870058660,3090,1.0,1.0
17,1870058660,3100,1.0,1.0
17,1870058660,3110,1.0,1.0
17,1870058660,3120,1.0,1.0
17,1870058660,3130,1.0,1.0
17,1870058660,3140,1.0,1.0
17,1870058660,3150,1.0,1.0
17,1870058660,3160,1.0,1.0
17,1870058660,3170,1.0,1.0
17,1870058660,3180,1.0,1.0
17,1870058660,3190,1.0,1.0
17,1870058660,3200,1.0,1.0
17,1870058660,3210,1.0,1.0
17,1870058660,3220,1.0,1.0
17,1870058660,3230,1.0,1.0
17,1870058660,3240,1.0,1.0
17,1870058660,3250,1.0,1.0
17,1870058660,3260,1.0,1.0
17,1870058660,3270,1.0,1.0
17,1870058660,3280,1.0,1.0
17,1870058660,3290,1.0,1.0
17,1870058660,3300,1.0,1.0
17,1870058660,3310,1.0,1.0
17,1870058660,3320,1.0,1.0
17,1870058660,3330,1.0,1.0
17,1870058660,3340,1.0,1.0
17,1870058660,3350,1.0,1.0
17,1870058660,3360,1.0,1.0
17,1870058660,3370,1.0,1.0
17,1870058660,3380,1.0,1.0
17,1870058660,3390,1.0,1.0
17,1870058660,3400,1.0,1.0
17,1870058660,3410,1.0,1.0
17,1870058660,3420,1.0,1.0
17,1870058660,3430,1.0,1.0
17,1870058660,3440,1.0,1.0
17,1870058660,3450,1.0,1.0
17,1870058660,3460,1.0,1.0
17,1870058660,3470,1.0,1.0
17,1870058660,3480,1.0,1.0
17,1870058660,3490,1.0,1.0
17,1870058660,3500,1.0,1.0
17,1870058660,3510,1.0,1.0
17,1870058660,3520,1.0,1.0
17,1870058660,3530,1.0,1.0
17,1870058660,3540,1.0,1.0
17,1870058660,3550,1.0,1.0
17,1870058660,3560,1.0,1.0
17,1870058660,3570,1.0,1.0
17,1870058660,3580,1.0,1.0
17,1870058660,3590,1.0,1.0
17,1870058660,3600,1.0,1.0
17,1870058660,3610,1.0,1.0
17,1870058660,3620,1.0,1.0
17,1870058660,3630,1.0,1.0
17,1870058660,3640,1.0,1.0
17,1870058660,3650,1.0,1.0
17,1870058660,3660,1.0,1.0
17,1870058660,3670,1.0,1.0
17,1870058660,3680,1.0,1.0
17,1870058660,3690,1.0,1.0
17,1870058660,3700,1.0,1.0
17,1870058660,3710,1.0,1.0
17,1870058660,3720,1.0,1.0
17,1870058660,3730,1.0,1.0
17,1870058660,3740,1.0,1.0
17,1870058660,3750,1.0,1.0
17,1870058660,3760,1.0,1.0
17,1870058660,3770,1.0,1.0
17,1870058660,3780,0.9950000047683716,1.0
17,1870058660,3790,0.9950000047683716,1.0
17,1870058660,3800,0.9950000047683716,1.0
17,1870058660,3810,0.9950000047683716,1.0
17,1870058660,3820,0.9950000047683716,1.0
17,1870058660,3830,0.9950000047683716,1.0
17,1870058660,3840,0.9950000047683716,1.0
17,1870058660,3850,0.9799999594688416,1.0
17,1870058660,3860,0.9799999594688416,1.0
17,1870058660,3870,0.9749999642372131,1.0
17,1870058660,3880,0.9749999642372131,1.0
17,1870058660,3890,0.9749999642372131,1.0
17,1870058660,3900,0.9749999642372131,1.0
17,1870058660,3910,0.9749999642372131,1.0
17,1870058660,3920,0.9749999642372131,1.0
17,1870058660,3930,0.9749999642372131,1.0
17,1870058660,3940,0.9749999642372131,1.0
17,1870058660,3950,0.9749999642372131,1.0
17,1870058660,3960,0.9749999642372131,1.0
17,1870058660,3970,0.9749999642372131,1.0
17,1870058660,3980,0.9749999642372131,1.0
17,1870058660,3990,0.9699999690055847,1.0
17,1870058660,4000,0.9749999642372131,1.0
17,1870058660,4010,0.9749999642372131,1.0
17,1870058660,4020,0.9749999642372131,1.0
17,1870058660,4030,0.9749999642372131,1.0
17,1870058660,4040,0.9749999642372131,1.0
17,1870058660,4050,0.9749999642372131,1.0
17,1870058660,4060,0.9749999642372131,1.0
17,1870058660,4070,0.9749999642372131,1.0
17,1870058660,4080,0.9749999642372131,1.0
17,1870058660,4090,0.9749999642372131,1.0
17,1870058660,4100,0.9749999642372131,1.0
17,1870058660,4110,0.9749999642372131,1.0
17,1870058660,4120,0.98499995470047,1.0
17,1870058660,4130,0.9899999499320984,1.0
17,1870058660,4140,0.9899999499320984,1.0
17,1870058660,4150,0.9899999499320984,1.0
17,1870058660,4160,0.9899999499320984,1.0
17,1870058660,4170,0.9899999499320984,1.0
17,1870058660,4180,1.0,1.0
17,1870058660,4190,1.0,1.0
17,1870058660,4200,1.0,1.0
17,1870058660,4210,1.0,1.0
17,1870058660,4220,1.0,1.0
17,1870058660,4230,1.0,1.0
17,1870058660,4240,1.0,1.0
17,1870058660,4250,1.0,1.0
17,1870058660,4260,1.0,1.0
17,1870058660,4270,1.0,1.0
17,1870058660,4280,1.0,1.0
17,1870058660,4290,1.0,1.0
17,1870058660,4300,1.0,1.0
17,1870058660,4310,1.0,1.0
17,1870058660,4320,1.0,1.0
17,1870058660,4330,1.0,1.0
17,1870058660,4340,1.0,1.0
17,1870058660,4350,1.0,1.0
17,1870058660,4360,1.0,1.0
17,1870058660,4370,1.0,1.0
17,1870058660,4380,1.0,1.0
17,1870058660,4390,1.0,1.0
17,1870058660,4400,1.0,1.0
17,1870058660,4410,1.0,1.0
17,1870058660,4420,1.0,1.0
17,1870058660,4430,1.0,1.0
17,1870058660,4440,1.0,1.0
17,1870058660,4450,1.0,1.0
17,1870058660,4460,1.0,1.0
17,1870058660,4470,1.0,1.0
17,1870058660,4480,1.0,1.0
17,1870058660,4490,1.0,1.0
17,1870058660,4500,1.0,1.0
17,1870058660,4510,1.0,1.0
17,1870058660,4520,1.0,1.0
17,1870058660,4530,1.0,1.0
17,1870058660,4540,1.0,1.0
17,1870058660,4550,1.0,1.0
17,1870058660,4560,1.0,1.0
17,1870058660,4570,1.0,1.0
17,1870058660,4580,1.0,1.0
17,1870058660,4590,1.0,1.0
17,1870058660,4600,1.0,1.0
17,1870058660,4610,1.0,1.0
17,1870058660,4620,1.0,1.0
17,1870058660,4630,1.0,1.0
17,1870058660,4640,1.0,1.0
17,1870058660,4650,1.0,1.0
17,1870058660,4660,1.0,1.0
17,1870058660,4670,1.0,1.0
17,1870058660,4680,1.0,1.0
17,1870058660,4690,1.0,1.0
17,1870058660,4700,1.0,1.0
17,1870058660,4710,1.0,1.0
17,1870058660,4720,1.0,1.0
17,1870058660,4730,1.0,1.0
17,1870058660,4740,1.0,1.0
17,1870058660,4750,1.0,1.0
17,1870058660,4760,1.0,1.0
17,1870058660,4770,1.0,1.0
17,1870058660,4780,1.0,1.0
17,1870058660,4790,1.0,1.0
17,1870058660,4800,1.0,1.0
17,1870058660,4810,1.0,1.0
17,1870058660,4820,1.0,1.0
17,1870058660,4830,1.0,1.0
17,1870058660,4840,1.0,1.0
17,1870058660,4850,1.0,1.0
17,1870058660,4860,1.0,1.0
17,1870058660,4870,1.0,1.0
17,1870058660,4880,1.0,1.0
17,1870058660,4890,1.0,1.0
17,1870058660,4900,1.0,1.0
17,1870058660,4910,1.0,1.0
17,1870058660,4920,1.0,1.0
17,1870058660,4930,1.0,1.0
17,1870058660,4940,1.0,1.0
17,1870058660,4950,1.0,1.0
17,1870058660,4960,1.0,1.0
17,1870058660,4970,1.0,1.0
17,1870058660,4980,1.0,1.0
17,1870058660,4990,1.0,1.0
17,1870058660,5000,1.0,1.0
18,627616742,0,0.5249999761581421,0.5149999856948853
18,627616742,10,0.5600000023841858,0.5550000071525574
18,627616742,20,0.6150000095367432,0.550000011920929
18,627616742,30,0.6649999618530273,0.550000011920929
18,627616742,40,0.7099999785423279,0.5550000071525574
18,627616742,50,0.7699999809265137,0.5600000023841858
18,627616742,60,0.7799999713897705,0.5600000023841858
18,627616742,70,0.8050000071525574,0.574999988079071
18,627616742,80,0.8549999594688416,0.574999988079071
18,627616742,90,0.8799999952316284,0.5799999833106995
18,627616742,100,0.9049999713897705,0.5799999833106995
18,627616742,110,0.9249999523162842,0.5899999737739563
18,627616742,120,0.9549999833106995,0.5899999737739563
18,627616742,130,0.9549999833106995,0.5849999785423279
18,627616742,140,0.9649999737739563,0.5999999642372131
18,627616742,150,0.9699999690055847,0.5949999690055847
18,627616742,160,0.9699999690055847,0.5849999785423279
18,627616742,170,0.9749999642372131,0.5949999690055847
18,627616742,180,0.9749999642372131,0.5999999642372131
18,627616742,190,0.98499995470047,0.6049999594688416
18,627616742,200,0.9899999499320984,0.5999999642372131
18,627616742,210,0.9899999499320984,0.6100000143051147
18,627616742,220,0.9899999499320984,0.6049999594688416
18,627616742,230,0.9950000047683716,0.6049999594688416
18,627616742,240,0.9950000047683716,0.6150000095367432
18,627616742,250,1.0,0.5999999642372131
18,627616742,260,1.0,0.6100000143051147
18,627616742,270,1.0,0.6150000095367432
18,627616742,280,1.0,0.6049999594688416
18,627616742,290,1.0,0.6299999952316284
18,627616742,300,1.0,0.6150000095367432
18,627616742,310,1.0,0.6299999952316284
18,627616742,320,1.0,0.625
18,627616742,330,1.0,0.6200000047683716
18,627616742,340,1.0,0.6200000047683716
18,627616742,350,1.0,0.625
18,627616742,360,1.0,0.6150000095367432
18,627616742,370,1.0,0.625
18,627616742,380,1.0,0.6299999952316284
18,627616742,390,1.0,0.6200000047683716
18,627616742,400,1.0,0.6299999952316284
18,627616742,410,1.0,0.6200000047683716
18,627616742,420,1.0,0.6299999952316284
18,627616742,430,1.0,0.625
18,627616742,440,1.0,0.6449999809265137
18,627616742,450,1.0,0.6449999809265137
18,627616742,460,1.0,0.6699999570846558
18,627616742,470,1.0,0.6599999666213989
18,627616742,480,1.0,0.6399999856948853
18,627616742,490,1.0,0.6399999856948853
18,627616742,500,1.0,0.6549999713897705
18,627616742,510,1.0,0.6499999761581421
18,627616742,520,1.0,0.6499999761581421
18,627616742,530,1.0,0.6499999761581421
18,627616742,540,1.0,0.6649999618530273
18,627616742,550,1.0,0.6599999666213989
18,627616742,560,1.0,0.6699999570846558
18,627616742,570,1.0,0.6649999618530273
18,627616742,580,1.0,0.6699999570846558
18,627616742,590,1.0,0.6699999570846558
18,627616742,600,1.0,0.6599999666213989
18,627616742,610,1.0,0.6699999570846558
18,627616742,620,1.0,0.6800000071525574
18,627616742,630,1.0,0.675000011920929
18,627616742,640,1.0,0.675000011920929
18,627616742,650,1.0,0.6800000071525574
18,627616742,660,1.0,0.6649999618530273
18,627616742,670,1.0,0.6850000023841858
18,627616742,680,1.0,0.6850000023841858
18,627616742,690,1.0,0.675000011920929
18,627616742,700,1.0,0.6850000023841858
18,627616742,710,1.0,0.6850000023841858
18,627616742,720,1.0,0.6800000071525574
18,627616742,730,1.0,0.699999988079071
18,627616742,740,1.0,0.6850000023841858
18,627616742,750,1.0,0.6949999928474426
18,627616742,760,1.0,0.6949999928474426
18,627616742,770,1.0,0.6949999928474426
18,627616742,780,1.0,0.6949999928474426
18,627616742,790,1.0,0.7049999833106995
18,627616742,800,1.0,0.7049999833106995
18,627616742,810,1.0,0.7199999690055847
18,627616742,820,1.0,0.7149999737739563
18,627616742,830,1.0,0.7049999833106995
18,627616742,840,1.0,0.7049999833106995
18,627616742,850,1.0,0.7099999785423279
18,627616742,860,1.0,0.7099999785423279
18,627616742,870,1.0,0.7199999690055847
18,627616742,880,1.0,0.7199999690055847
18,627616742,890,1.0,0.7450000047683716
18,627616742,900,1.0,0.7249999642372131
18,627616742,910,1.0,0.7400000095367432
18,627616742,920,1.0,0.73499995470047
18,627616742,930,1.0,0.73499995470047
18,627616742,940,1.0,0.7549999952316284
18,627616742,950,1.0,0.73499995470047
18,627616742,960,1.0,0.7400000095367432
18,627616742,970,1.0,0.75
18,627616742,980,1.0,0.75
18,627616742,990,1.0,0.7549999952316284
18,627616742,1000,1.0,0.7649999856948853
18,627616742,1010,1.0,0.7450000047683716
18,627616742,1020,1.0,0.7599999904632568
18,627616742,1030,1.0,0.7749999761581421
18,627616742,1040,1.0,0.7749999761581421
18,627616742,1050,1.0,0.7699999809265137
18,627616742,1060,1.0,0.7549999952316284
18,627616742,1070,1.0,0.7549999952316284
18,627616742,1080,1.0,0.7749999761581421
18,627616742,1090,1.0,0.7699999809265137
18,627616742,1100,1.0,0.7649999856948853
18,627616742,1110,1.0,0.7799999713897705
18,627616742,1120,1.0,0.7649999856948853
18,627616742,1130,1.0,0.7749999761581421
18,627616742,1140,1.0,0.7749999761581421
18,627616742,1150,1.0,0.7949999570846558
18,627616742,1160,1.0,0.7699999809265137
18,627616742,1170,1.0,0.7849999666213989
18,627616742,1180,1.0,0.8149999976158142
18,627616742,1190,1.0,0.8050000071525574
18,627616742,1200,1.0,0.7999999523162842
18,627616742,1210,1.0,0.7849999666213989
18,627616742,1220,1.0,0.8050000071525574
18,627616742,1230,1.0,0.7899999618530273
18,627616742,1240,1.0,0.7899999618530273
18,627616742,1250,1.0,0.7849999666213989
18,627616742,1260,1.0,0.8050000071525574
18,627616742,1270,1.0,0.7949999570846558
18,627616742,1280,1.0,0.7849999666213989
18,627616742,1290,1.0,0.7999999523162842
18,627616742,1300,1.0,0.7999999523162842
18,627616742,1310,1.0,0.7999999523162842
18,627616742,1320,1.0,0.8149999976158142
18,627616742,1330,1.0,0.8149999976158142
18,627616742,1340,1.0,0.8050000071525574
18,627616742,1350,1.0,0.7999999523162842
18,627616742,1360,1.0,0.7999999523162842
18,627616742,1370,1.0,0.824999988079071
18,627616742,1380,1.0,0.8149999976158142
18,627616742,1390,1.0,0.8299999833106995
18,627616742,1400,1.0,0.8199999928474426
18,627616742,1410,1.0,0.824999988079071
18,627616742,1420,1.0,0.8100000023841858
18,627616742,1430,1.0,0.8399999737739563
18,627616742,1440,1.0,0.824999988079071
18,627616742,1450,1.0,0.824999988079071
18,627616742,1460,1.0,0.824999988079071
18,627616742,1470,1.0,0.8349999785423279
18,627616742,1480,1.0,0.8299999833106995
18,627616742,1490,1.0,0.8349999785423279
18,627616742,1500,1.0,0.8449999690055847
18,627616742,1510,1.0,0.8399999737739563
18,627616742,1520,1.0,0.8349999785423279
18,627616742,1530,1.0,0.8449999690055847
18,627616742,1540,1.0,0.8499999642372131
18,627616742,1550,1.0,0.8549999594688416
18,627616742,1560,1.0,0.8549999594688416
18,627616742,1570,1.0,0.8499999642372131
18,627616742,1580,1.0,0.85999995470047
18,627616742,1590,1.0,0.85999995470047
18,627616742,1600,1.0,0.8549999594688416
18,627616742,1610,1.0,0.85999995470047
18,627616742,1620,1.0,0.8650000095367432
18,627616742,1630,1.0,0.85999995470047
18,627616742,1640,1.0,0.8650000095367432
18,627616742,1650,1.0,0.85999995470047
18,627616742,1660,1.0,0.8650000095367432
18,627616742,1670,1.0,0.8650000095367432
18,627616742,1680,1.0,0.8650000095367432
18,627616742,1690,1.0,0.8799999952316284
18,627616742,1700,1.0,0.85999995470047
18,627616742,1710,1.0,0.8799999952316284
18,627616742,1720,1.0,0.875
18,627616742,1730,1.0,0.8650000095367432
18,627616742,1740,1.0,0.8799999952316284
18,627616742,1750,1.0,0.875
18,627616742,1760,1.0,0.875
18,627616742,1770,1.0,0.8949999809265137
18,627616742,1780,1.0,0.8799999952316284
18,627616742,1790,1.0,0.8999999761581421
18,627616742,1800,1.0,0.8999999761581421
18,627616742,1810,1.0,0.8999999761581421
18,627616742,1820,1.0,0.8999999761581421
18,627616742,1830,1.0,0.8949999809265137
18,627616742,1840,1.0,0.9149999618530273
18,627616742,1850,1.0,0.9049999713897705
18,627616742,1860,1.0,0.9099999666213989
18,627616742,1870,1.0,0.9099999666213989
18,627616742,1880,1.0,0.9049999713897705
18,627616742,1890,1.0,0.9099999666213989
18,627616742,1900,1.0,0.9099999666213989
18,627616742,1910,1.0,0.9149999618530273
18,627616742,1920,1.0,0.9149999618530273
18,627616742,1930,1.0,0.9149999618530273
18,627616742,1940,1.0,0.9199999570846558
18,627616742,1950,1.0,0.9350000023841858
18,627616742,1960,1.0,0.9199999570846558
18,627616742,1970,1.0,0.9300000071525574
18,627616742,1980,1.0,0.9449999928474426
18,627616742,1990,1.0,0.9399999976158142
18,627616742,2000,1.0,0.9399999976158142
18,627616742,2010,1.0,0.9399999976158142
18,627616742,2020,1.0,0.9399999976158142
18,627616742,2030,1.0,0.9449999928474426
18,627616742,2040,1.0,0.9449999928474426
18,627616742,2050,1.0,0.9449999928474426
18,627616742,2060,1.0,0.949999988079071
18,627616742,2070,1.0,0.949999988079071
18,627616742,2080,1.0,0.9549999833106995
18,627616742,2090,1.0,0.949999988079071
18,627616742,2100,1.0,0.949999988079071
18,627616742,2110,1.0,0.9549999833106995
18,627616742,2120,1.0,0.9549999833106995
18,627616742,2130,1.0,0.9549999833106995
18,627616742,2140,1.0,0.9599999785423279
18,627616742,2150,1.0,0.9649999737739563
18,627616742,2160,1.0,0.9749999642372131
18,627616742,2170,1.0,0.98499995470047
18,627616742,2180,1.0,0.9749999642372131
18,627616742,2190,1.0,0.9749999642372131
18,627616742,2200,1.0,0.9950000047683716
18,627616742,2210,1.0,0.9899999499320984
18,627616742,2220,1.0,0.9950000047683716
18,627616742,2230,1.0,0.9950000047683716
18,627616742,2240,1.0,0.9950000047683716
18,627616742,2250,1.0,0.9950000047683716
18,627616742,2260,1.0,0.9950000047683716
18,627616742,2270,1.0,0.9950000047683716
18,627616742,2280,1.0,0.9950000047683716
18,627616742,2290,1.0,0.9950000047683716
18,627616742,2300,1.0,0.9950000047683716
18,627616742,2310,1.0,0.9950000047683716
18,627616742,2320,1.0,0.9950000047683716
18,627616742,2330,1.0,0.9950000047683716
18,627616742,2340,1.0,0.9950000047683716
18,627616742,2350,1.0,0.9950000047683716
18,627616742,2360,1.0,0.9950000047683716
18,627616742,2370,1.0,1.0
18,627616742,2380,1.0,1.0
18,627616742,2390,1.0,1.0
18,627616742,2400,1.0,1.0
18,627616742,2410,1.0,1.0
18,627616742,2420,1.0,1.0
18,627616742,2430,1.0,1.0
18,627616742,2440,1.0,1.0
18,627616742,2450,1.0,1.0
18,627616742,2460,1.0,1.0
18,627616742,2470,1.0,1.0
18,627616742,2480,1.0,1.0
18,627616742,2490,1.0,1.0
18,627616742,2500,1.0,1.0
18,627616742,2510,1.0,1.0
18,627616742,2520,1.0,1.0
18,627616742,2530,1.0,1.0
18,627616742,2540,1.0,1.0
18,627616742,2550,1.0,1.0
18,627616742,2560,1.0,1.0
18,627616742,2570,1.0,1.0
18,627616742,2580,1.0,1.0
18,627616742,2590,1.0,1.0
18,627616742,2600,1.0,1.0
18,627616742,2610,1.0,1.0
18,627616742,2620,1.0,1.0
18,627616742,2630,1.0,1.0
18,627616742,2640,1.0,1.0
18,627616742,2650,1.0,1.0
18,627616742,2660,1.0,1.0
18,627616742,2670,1.0,1.0
18,627616742,2680,1.0,1.0
18,627616742,2690,1.0,1.0
18,627616742,2700,1.0,1.0
18,627616742,2710,1.0,1.0
18,627616742,2720,1.0,1.0
18,627616742,2730,1.0,1.0
18,627616742,2740,1.0,1.0
18,627616742,2750,1.0,1.0
18,627616742,2760,1.0,1.0
18,627616742,2770,1.0,1.0
18,627616742,2780,1.0,1.0
18,627616742,2790,1.0,1.0
18,627616742,2800,1.0,1.0
18,627616742,2810,1.0,1.0
18,627616742,2820,1.0,1.0
18,627616742,2830,1.0,1.0
18,627616742,2840,1.0,1.0
18,627616742,2850,1.0,1.0
18,627616742,2860,1.0,1.0
18,627616742,2870,1.0,1.0
18,627616742,2880,1.0,1.0
18,627616742,2890,1.0,1.0
18,627616742,2900,1.0,1.0
18,627616742,2910,1.0,1.0
18,627616742,2920,1.0,1.0
18,627616742,2930,1.0,1.0
18,627616742,2940,1.0,1.0
18,627616742,2950,1.0,1.0
18,627616742,2960,1.0,1.0
18,627616742,2970,1.0,1.0
18,627616742,2980,1.0,1.0
18,627616742,2990,1.0,1.0
18,627616742,3000,1.0,1.0
18,627616742,3010,1.0,1.0
18,627616742,3020,1.0,1.0
18,627616742,3030,1.0,1.0
18,627616742,3040,1.0,1.0
18,627616742,3050,1.0,1.0
18,627616742,3060,1.0,1.0
18,627616742,3070,1.0,1.0
18,627616742,3080,1.0,1.0
18,627616742,3090,1.0,1.0
18,627616742,3100,1.0,1.0
18,627616742,3110,1.0,1.0
18,627616742,3120,1.0,1.0
18,627616742,3130,1.0,1.0
18,627616742,3140,1.0,1.0
18,627616742,3150,1.0,1.0
18,627616742,3160,1.0,1.0
18,627616742,3170,1.0,1.0
18,627616742,3180,1.0,1.0
18,627616742,3190,1.0,1.0
18,627616742,3200,1.0,1.0
18,627616742,3210,1.0,1.0
18,627616742,3220,1.0,1.0
18,627616742,3230,1.0,1.0
18,627616742,3240,1.0,1.0
18,627616742,3250,1.0,1.0
18,627616742,3260,1.0,1.0
18,627616742,3270,1.0,1.0
18,627616742,3280,1.0,1.0
18,627616742,3290,1.0,1.0
18,627616742,3300,1.0,1.0
18,627616742,3310,1.0,1.0
18,627616742,3320,1.0,1.0
18,627616742,3330,1.0,1.0
18,627616742,3340,1.0,1.0
18,627616742,3350,1.0,1.0
18,627616742,3360,1.0,1.0
18,627616742,3370,1.0,1.0
18,627616742,3380,1.0,1.0
18,627616742,3390,1.0,1.0
18,627616742,3400,1.0,1.0
18,627616742,3410,1.0,1.0
18,627616742,3420,1.0,1.0
18,627616742,3430,1.0,1.0
18,627616742,3440,1.0,1.0
18,627616742,3450,1.0,1.0
18,627616742,3460,1.0,1.0
18,627616742,3470,1.0,1.0
18,627616742,3480,1.0,1.0
18,627616742,3490,1.0,1.0
18,627616742,3500,1.0,1.0
18,627616742,3510,1.0,1.0
18,627616742,3520,1.0,1.0
18,627616742,3530,1.0,1.0
18,627616742,3540,1.0,1.0
18,627616742,3550,1.0,1.0
18,627616742,3560,1.0,1.0
18,627616742,3570,1.0,1.0
18,627616742,3580,0.9950000047683716,1.0
18,627616742,3590,0.9950000047683716,1.0
18,627616742,3600,0.9950000047683716,1.0
18,627616742,3610,0.9950000047683716,1.0
18,627616742,3620,0.9950000047683716,1.0
18,627616742,3630,0.9950000047683716,1.0
18,627616742,3640,0.9950000047683716,1.0
18,627616742,3650,0.9950000047683716,1.0
18,627616742,3660,0.9950000047683716,1.0
18,627616742,3670,0.9950000047683716,1.0
18,627616742,3680,0.9950000047683716,1.0
18,627616742,3690,0.9950000047683716,1.0
18,627616742,3700,0.9950000047683716,1.0
18,627616742,3710,0.9950000047683716,1.0
18,627616742,3720,0.9950000047683716,1.0
18,627616742,3730,0.9950000047683716,1.0
18,627616742,3740,0.9950000047683716,1.0
18,627616742,3750,0.9950000047683716,1.0
18,627616742,3760,0.9950000047683716,1.0
18,627616742,3770,0.9950000047683716,1.0
18,627616742,3780,0.9950000047683716,1.0
18,627616742,3790,0.9950000047683716,1.0
18,627616742,3800,0.9950000047683716,1.0
18,627616742,3810,0.9950000047683716,1.0
18,627616742,3820,0.9950000047683716,1.0
18,627616742,3830,0.9950000047683716,1.0
18,627616742,3840,0.9899999499320984,1.0
18,627616742,3850,0.9899999499320984,1.0
18,627616742,3860,0.9899999499320984,1.0
18,627616742,3870,0.9899999499320984,1.0
18,627616742,3880,0.9899999499320984,1.0
18,627616742,3890,0.9899999499320984,1.0
18,627616742,3900,0.9899999499320984,1.0
18,627616742,3910,0.9899999499320984,1.0
18,627616742,3920,0.9899999499320984,1.0
18,627616742,3930,0.9899999499320984,1.0
18,627616742,3940,0.9899999499320984,1.0
18,627616742,3950,0.9899999499320984,1.0
18,627616742,3960,0.9899999499320984,1.0
18,627616742,3970,0.9899999499320984,1.0
18,627616742,3980,0.9899999499320984,1.0
18,627616742,3990,0.9899999499320984,1.0
18,627616742,4000,0.9899999499320984,1.0
18,627616742,4010,0.9899999499320984,1.0
18,627616742,4020,0.9899999499320984,1.0
18,627616742,4030,0.9899999499320984,1.0
18,627616742,4040,0.9899999499320984,1.0
18,627616742,4050,0.9899999499320984,1.0
18,627616742,4060,0.9899999499320984,1.0
18,627616742,4070,0.9899999499320984,1.0
18,627616742,4080,0.9899999499320984,1.0
18,627616742,4090,0.9899999499320984,1.0
18,627616742,4100,0.9899999499320984,1.0
18,627616742,4110,0.9899999499320984,1.0
18,627616742,4120,0.9899999499320984,1.0
18,627616742,4130,0.9899999499320984,1.0
18,627616742,4140,0.9950000047683716,1.0
18,627616742,4150,0.9950000047683716,1.0
18,627616742,4160,0.9950000047683716,1.0
18,627616742,4170,0.9950000047683716,1.0
18,627616742,4180,0.9950000047683716,1.0
18,627616742,4190,0.9950000047683716,1.0
18,627616742,4200,0.9950000047683716,1.0
18,627616742,4210,0.9950000047683716,1.0
18,627616742,4220,0.9950000047683716,1.0
18,627616742,4230,0.9950000047683716,1.0
18,627616742,4240,0.9950000047683716,1.0
18,627616742,4250,0.9950000047683716,1.0
18,627616742,4260,0.9950000047683716,1.0
18,627616742,4270,0.9950000047683716,1.0
18,627616742,4280,0.9950000047683716,1.0
18,627616742,4290,0.9950000047683716,1.0
18,627616742,4300,0.9950000047683716,1.0
18,627616742,4310,0.9950000047683716,1.0
18,627616742,4320,0.9950000047683716,1.0
18,627616742,4330,0.9950000047683716,1.0
18,627616742,4340,0.9950000047683716,1.0
18,627616742,4350,0.9950000047683716,1.0
18,627616742,4360,0.9950000047683716,1.0
18,627616742,4370,0.9950000047683716,1.0
18,627616742,4380,0.9950000047683716,1.0
18,627616742,4390,0.9950000047683716,1.0
18,627616742,4400,0.9950000047683716,1.0
18,627616742,4410,1.0,1.0
18,627616742,4420,1.0,1.0
18,627616742,4430,1.0,1.0
18,627616742,4440,1.0,1.0
18,627616742,4450,1.0,1.0
18,627616742,4460,1.0,1.0
18,627616742,4470,1.0,1.0
18,627616742,4480,1.0,1.0
18,627616742,4490,1.0,1.0
18,627616742,4500,1.0,1.0
18,627616742,4510,1.0,1.0
18,627616742,4520,1.0,1.0
18,627616742,4530,1.0,1.0
18,627616742,4540,1.0,1.0
18,627616742,4550,1.0,1.0
18,627616742,4560,1.0,1.0
18,627616742,4570,1.0,1.0
18,627616742,4580,1.0,1.0
18,627616742,4590,1.0,1.0
18,627616742,4600,1.0,1.0
18,627616742,4610,1.0,1.0
18,627616742,4620,1.0,1.0
18,627616742,4630,1.0,1.0
18,627616742,4640,1.0,1.0
18,627616742,4650,1.0,1.0
18,627616742,4660,1.0,1.0
18,627616742,4670,1.0,1.0
18,627616742,4680,1.0,1.0
18,627616742,4690,1.0,1.0
18,627616742,4700,1.0,1.0
18,627616742,4710,1.0,1.0
18,627616742,4720,1.0,1.0
18,627616742,4730,1.0,1.0
18,627616742,4740,1.0,1.0
18,627616742,4750,1.0,1.0
18,627616742,4760,1.0,1.0
18,627616742,4770,1.0,1.0
18,627616742,4780,1.0,1.0
18,627616742,4790,1.0,1.0
18,627616742,4800,1.0,1.0
18,627616742,4810,1.0,1.0
18,627616742,4820,1.0,1.0
18,627616742,4830,1.0,1.0
18,627616742,4840,1.0,1.0
18,627616742,4850,1.0,1.0
18,627616742,4860,1.0,1.0
18,627616742,4870,1.0,1.0
18,627616742,4880,1.0,1.0
18,627616742,4890,1.0,1.0
18,627616742,4900,1.0,1.0
18,627616742,4910,1.0,1.0
18,627616742,4920,1.0,1.0
18,627616742,4930,1.0,1.0
18,627616742,4940,1.0,1.0
18,627616742,4950,1.0,1.0
18,627616742,4960,1.0,1.0
18,627616742,4970,1.0,1.0
18,627616742,4980,1.0,1.0
18,627616742,4990,1.0,1.0
18,627616742,5000,1.0,1.0
19,1795156433,0,0.47999998927116394,0.5149999856948853
19,1795156433,10,0.5899999737739563,0.4749999940395355
19,1795156433,20,0.625,0.4699999988079071
19,1795156433,30,0.6699999570846558,0.4699999988079071
19,1795156433,40,0.7199999690055847,0.4699999988079071
19,1795156433,50,0.7849999666213989,0.4699999988079071
19,1795156433,60,0.8149999976158142,0.4749999940395355
19,1795156433,70,0.8349999785423279,0.48499998450279236
19,1795156433,80,0.8700000047683716,0.47999998927116394
19,1795156433,90,0.8899999856948853,0.47999998927116394
19,1795156433,100,0.9049999713897705,0.4899999797344208
19,1795156433,110,0.9300000071525574,0.48499998450279236
19,1795156433,120,0.9399999976158142,0.4949999749660492
19,1795156433,130,0.9599999785423279,0.5
19,1795156433,140,0.9699999690055847,0.4949999749660492
19,1795156433,150,0.9699999690055847,0.5049999952316284
19,1795156433,160,0.98499995470047,0.5099999904632568
19,1795156433,170,0.9899999499320984,0.5149999856948853
19,1795156433,180,0.9899999499320984,0.5149999856948853
19,1795156433,190,0.9899999499320984,0.5099999904632568
19,1795156433,200,0.9899999499320984,0.5149999856948853
19,1795156433,210,0.9950000047683716,0.5099999904632568
19,1795156433,220,0.9950000047683716,0.5099999904632568
19,1795156433,230,0.9950000047683716,0.5
19,1795156433,240,0.9950000047683716,0.5149999856948853
19,1795156433,250,0.9950000047683716,0.5049999952316284
19,1795156433,260,1.0,0.5049999952316284
19,1795156433,270,1.0,0.5
19,1795156433,280,1.0,0.5099999904632568
19,1795156433,290,1.0,0.5249999761581421
19,1795156433,300,1.0,0.5149999856948853
19,1795156433,310,1.0,0.5249999761581421
19,1795156433,320,1.0,0.5249999761581421
19,1795156433,330,1.0,0.5249999761581421
19,1795156433,340,1.0,0.5249999761581421
19,1795156433,350,1.0,0.5299999713897705
19,1795156433,360,1.0,0.5249999761581421
19,1795156433,370,1.0,0.5349999666213989
19,1795156433,380,1.0,0.5600000023841858
19,1795156433,390,1.0,0.5399999618530273
19,1795156433,400,1.0,0.5199999809265137
19,1795156433,410,1.0,0.5399999618530273
19,1795156433,420,1.0,0.550000011920929
19,1795156433,430,1.0,0.5450000166893005
19,1795156433,440,1.0,0.550000011920929
19,1795156433,450,1.0,0.5600000023841858
19,1795156433,460,1.0,0.5649999976158142
19,1795156433,470,1.0,0.5399999618530273
19,1795156433,480,1.0,0.5649999976158142
19,1795156433,490,1.0,0.550000011920929
19,1795156433,500,1.0,0.550000011920929
19,1795156433,510,1.0,0.574999988079071
19,1795156433,520,1.0,0.5699999928474426
19,1795156433,530,1.0,0.5600000023841858
19,1795156433,540,1.0,0.5550000071525574
19,1795156433,550,1.0,0.5799999833106995
19,1795156433,560,1.0,0.5699999928474426
19,1795156433,570,1.0,0.5799999833106995
19,1795156433,580,1.0,0.5699999928474426
19,1795156433,590,1.0,0.5699999928474426
19,1795156433,600,1.0,0.6049999594688416
19,1795156433,610,1.0,0.5799999833106995
19,1795156433,620,1.0,0.5849999785423279
19,1795156433,630,1.0,0.5899999737739563
19,1795156433,640,1.0,0.5949999690055847
19,1795156433,650,1.0,0.6150000095367432
19,1795156433,660,1.0,0.6150000095367432
19,1795156433,670,1.0,0.5949999690055847
19,1795156433,680,1.0,0.6049999594688416
19,1795156433,690,1.0,0.6100000143051147
19,1795156433,700,1.0,0.6299999952316284
19,1795156433,710,1.0,0.625
19,1795156433,720,1.0,0.6299999952316284
19,1795156433,730,1.0,0.6399999856948853
19,1795156433,740,1.0,0.6049999594688416
19,1795156433,750,1.0,0.6299999952316284
19,1795156433,760,1.0,0.6499999761581421
19,1795156433,770,1.0,0.6549999713897705
19,1795156433,780,1.0,0.6449999809265137
19,1795156433,790,1.0,0.6599999666213989
19,1795156433,800,1.0,0.6299999952316284
19,1795156433,810,1.0,0.6599999666213989
19,1795156433,820,1.0,0.6349999904632568
19,1795156433,830,1.0,0.6699999570846558
19,1795156433,840,1.0,0.6549999713897705
19,1795156433,850,1.0,0.6549999713897705
19,1795156433,860,1.0,0.6699999570846558
19,1795156433,870,1.0,0.6499999761581421
19,1795156433,880,1.0,0.675000011920929
19,1795156433,890,1.0,0.6850000023841858
19,1795156433,900,1.0,0.6850000023841858
19,1795156433,910,1.0,0.6899999976158142
19,1795156433,920,1.0,0.6800000071525574
19,1795156433,930,1.0,0.6850000023841858
19,1795156433,940,1.0,0.6899999976158142
19,1795156433,950,1.0,0.6850000023841858
19,1795156433,960,1.0,0.7099999785423279
19,1795156433,970,1.0,0.6899999976158142
19,1795156433,980,1.0,0.7099999785423279
19,1795156433,990,1.0,0.7099999785423279
19,1795156433,1000,1.0,0.7199999690055847
19,1795156433,1010,1.0,0.6949999928474426
19,1795156433,1020,1.0,0.7299999594688416
19,1795156433,1030,1.0,0.73499995470047
19,1795156433,1040,1.0,0.73499995470047
19,1795156433,1050,1.0,0.7249999642372131
19,1795156433,1060,1.0,0.7450000047683716
19,1795156433,1070,1.0,0.7450000047683716
19,1795156433,1080,1.0,0.7400000095367432
19,1795156433,1090,1.0,0.75
19,1795156433,1100,1.0,0.75
19,1795156433,1110,1.0,0.7599999904632568
19,1795156433,1120,1.0,0.7749999761581421
19,1795156433,1130,1.0,0.7400000095367432
19,1795156433,1140,1.0,0.7649999856948853
19,1795156433,1150,1.0,0.7699999809265137
19,1795156433,1160,1.0,0.7649999856948853
19,1795156433,1170,1.0,0.7849999666213989
19,1795156433,1180,1.0,0.7799999713897705
19,1795156433,1190,1.0,0.7849999666213989
19,1795156433,1200,1.0,0.7849999666213989
19,1795156433,1210,1.0,0.7899999618530273
19,1795156433,1220,1.0,0.7949999570846558
19,1795156433,1230,1.0,0.7749999761581421
19,1795156433,1240,1.0,0.8100000023841858
19,1795156433,1250,1.0,0.7999999523162842
19,1795156433,1260,1.0,0.8100000023841858
19,1795156433,1270,1.0,0.8149999976158142
19,1795156433,1280,1.0,0.824999988079071
19,1795156433,1290,1.0,0.8299999833106995
19,1795156433,1300,1.0,0.8149999976158142
19,1795156433,1310,1.0,0.8299999833106995
19,1795156433,1320,1.0,0.824999988079071
19,1795156433,1330,1.0,0.8100000023841858
19,1795156433,1340,1.0,0.8349999785423279
19,1795156433,1350,1.0,0.8399999737739563
19,1795156433,1360,1.0,0.85999995470047
19,1795156433,1370,1.0,0.8700000047683716
19,1795156433,1380,1.0,0.8650000095367432
19,1795156433,1390,1.0,0.8650000095367432
19,1795156433,1400,1.0,0.8700000047683716
19,1795156433,1410,1.0,0.8700000047683716
19,1795156433,1420,1.0,0.8549999594688416
19,1795156433,1430,1.0,0.8700000047683716
19,1795156433,1440,1.0,0.8700000047683716
19,1795156433,1450,1.0,0.8799999952316284
19,1795156433,1460,1.0,0.8799999952316284
19,1795156433,1470,1.0,0.9049999713897705
19,1795156433,1480,1.0,0.9099999666213989
19,1795156433,1490,1.0,0.9049999713897705
19,1795156433,1500,1.0,0.9099999666213989
19,1795156433,1510,1.0,0.9049999713897705
19,1795156433,1520,1.0,0.9049999713897705
19,1795156433,1530,1.0,0.9199999570846558
19,1795156433,1540,1.0,0.9149999618530273
19,1795156433,1550,1.0,0.9149999618530273
19,1795156433,1560,1.0,0.9199999570846558
19,1795156433,1570,1.0,0.9249999523162842
19,1795156433,1580,1.0,0.9149999618530273
19,1795156433,1590,1.0,0.9149999618530273
19,1795156433,1600,1.0,0.9249999523162842
19,1795156433,1610,1.0,0.9149999618530273
19,1795156433,1620,1.0,0.9249999523162842
19,1795156433,1630,1.0,0.9300000071525574
19,1795156433,1640,1.0,0.9300000071525574
19,1795156433,1650,1.0,0.9249999523162842
19,1795156433,1660,1.0,0.9350000023841858
19,1795156433,1670,1.0,0.9300000071525574
19,1795156433,1680,1.0,0.9399999976158142
19,1795156433,1690,1.0,0.9449999928474426
19,1795156433,1700,1.0,0.9449999928474426
19,1795156433,1710,1.0,0.9449999928474426
19,1795156433,1720,1.0,0.949999988079071
19,1795156433,1730,1.0,0.9599999785423279
19,1795156433,1740,1.0,0.9649999737739563
19,1795156433,1750,1.0,0.9699999690055847
19,1795156433,1760,1.0,0.9699999690055847
19,1795156433,1770,1.0,0.9749999642372131
19,1795156433,1780,1.0,0.9749999642372131
19,1795156433,1790,1.0,0.9749999642372131
19,1795156433,1800,1.0,0.9749999642372131
19,1795156433,1810,1.0,0.9799999594688416
19,1795156433,1820,1.0,0.9749999642372131
19,1795156433,1830,1.0,0.9699999690055847
19,1795156433,1840,1.0,0.9749999642372131
19,1795156433,1850,1.0,0.9749999642372131
19,1795156433,1860,1.0,0.9749999642372131
19,1795156433,1870,1.0,0.9799999594688416
19,1795156433,1880,1.0,0.9799999594688416
19,1795156433,1890,1.0,0.98499995470047
19,1795156433,1900,1.0,0.98499995470047
19,1795156433,1910,1.0,0.98499995470047
19,1795156433,1920,1.0,0.98499995470047
19,1795156433,1930,1.0,0.98499995470047
19,1795156433,1940,1.0,0.9899999499320984
19,1795156433,1950,1.0,0.9899999499320984
19,1795156433,1960,1.0,0.98499995470047
19,1795156433,1970,1.0,0.9950000047683716
19,1795156433,1980,1.0,0.9899999499320984
19,1795156433,1990,1.0,0.9950000047683716
19,1795156433,2000,1.0,0.9950000047683716
19,1795156433,2010,1.0,0.9950000047683716
19,1795156433,2020,1.0,0.9950000047683716
19,1795156433,2030,1.0,0.9950000047683716
19,1795156433,2040,1.0,0.9950000047683716
19,1795156433,2050,1.0,0.9950000047683716
19,1795156433,2060,1.0,1.0
19,1795156433,2070,1.0,0.9950000047683716
19,1795156433,2080,1.0,0.9950000047683716
19,1795156433,2090,1.0,1.0
19,1795156433,2100,1.0,0.9950000047683716
19,1795156433,2110,1.0,1.0
19,1795156433,2120,1.0,1.0
19,1795156433,2130,1.0,1.0
19,1795156433,2140,1.0,1.0
19,1795156433,2150,1.0,1.0
19,1795156433,2160,1.0,1.0
19,1795156433,2170,1.0,1.0
19,1795156433,2180,1.0,1.0
19,1795156433,2190,1.0,1.0
19,1795156433,2200,1.0,1.0
19,1795156433,2210,1.0,1.0
19,1795156433,2220,1.0,1.0
19,1795156433,2230,1.0,1.0
19,1795156433,2240,1.0,1.0
19,1795156433,2250,1.0,1.0
19,1795156433,2260,1.0,1.0
19,1795156433,2270,1.0,1.0
19,1795156433,2280,1.0,1.0
19,1795156433,2290,1.0,1.0
19,1795156433,2300,1.0,1.0
19,1795156433,2310,1.0,1.0
19,1795156433,2320,1.0,1.0
19,1795156433,2330,1.0,1.0
19,1795156433,2340,1.0,1.0
19,1795156433,2350,1.0,1.0
19,1795156433,2360,1.0,1.0
19,1795156433,2370,1.0,1.0
19,1795156433,2380,1.0,1.0
19,1795156433,2390,1.0,1.0
19,1795156433,2400,1.0,1.0
19,1795156433,2410,1.0,1.0
19,1795156433,2420,1.0,1.0
19,1795156433,2430,1.0,1.0
19,1795156433,2440,1.0,1.0
19,1795156433,2450,1.0,1.0
19,1795156433,2460,1.0,1.0
19,1795156433,2470,1.0,1.0
19,1795156433,2480,1.0,1.0
19,1795156433,2490,1.0,1.0
19,1795156433,2500,1.0,1.0
19,1795156433,2510,1.0,1.0
19,1795156433,2520,1.0,1.0
19,1795156433,2530,1.0,1.0
19,1795156433,2540,1.0,1.0
19,1795156433,2550,1.0,1.0
19,1795156433,2560,1.0,1.0
19,1795156433,2570,1.0,1.0
19,1795156433,2580,1.0,1.0
19,1795156433,2590,1.0,1.0
19,1795156433,2600,1.0,1.0
19,1795156433,2610,1.0,1.0
19,1795156433,2620,1.0,1.0
19,1795156433,2630,1.0,1.0
19,1795156433,2640,1.0,1.0
19,1795156433,2650,1.0,1.0
19,1795156433,2660,1.0,1.0
19,1795156433,2670,1.0,1.0
19,1795156433,2680,1.0,1.0
19,1795156433,2690,1.0,1.0
19,1795156433,2700,1.0,1.0
19,1795156433,2710,1.0,1.0
19,1795156433,2720,1.0,1.0
19,1795156433,2730,1.0,1.0
19,1795156433,2740,1.0,1.0
19,1795156433,2750,1.0,1.0
19,1795156433,2760,1.0,1.0
19,1795156433,2770,1.0,1.0
19,1795156433,2780,1.0,1.0
19,1795156433,2790,1.0,1.0
19,1795156433,2800,1.0,1.0
19,1795156433,2810,1.0,1.0
19,1795156433,2820,1.0,1.0
19,1795156433,2830,1.0,1.0
19,1795156433,2840,1.0,1.0
19,1795156433,2850,1.0,1.0
19,1795156433,2860,1.0,1.0
19,1795156433,2870,1.0,1.0
19,1795156433,2880,1.0,1.0
19,1795156433,2890,1.0,1.0
19,1795156433,2900,1.0,1.0
19,1795156433,2910,1.0,1.0
19,1795156433,2920,1.0,1.0
19,1795156433,2930,1.0,1.0
19,1795156433,2940,1.0,1.0
19,1795156433,2950,1.0,1.0
19,1795156433,2960,1.0,1.0
19,1795156433,2970,1.0,1.0
19,1795156433,2980,1.0,1.0
19,1795156433,2990,1.0,1.0
19,1795156433,3000,1.0,1.0
19,1795156433,3010,1.0,1.0
19,1795156433,3020,1.0,1.0
19,1795156433,3030,1.0,1.0
19,1795156433,3040,1.0,1.0
19,1795156433,3050,1.0,1.0
19,1795156433,3060,1.0,1.0
19,1795156433,3070,1.0,1.0
19,1795156433,3080,1.0,1.0
19,1795156433,3090,1.0,1.0
19,1795156433,3100,1.0,1.0
19,1795156433,3110,1.0,1.0
19,1795156433,3120,1.0,1.0
19,1795156433,3130,1.0,1.0
19,1795156433,3140,1.0,1.0
19,1795156433,3150,1.0,1.0
19,1795156433,3160,1.0,1.0
19,1795156433,3170,1.0,1.0
19,1795156433,3180,1.0,1.0
19,1795156433,3190,1.0,1.0
19,1795156433,3200,1.0,1.0
19,1795156433,3210,1.0,1.0
19,1795156433,3220,1.0,1.0
19,1795156433,3230,1.0,1.0
19,1795156433,3240,1.0,1.0
19,1795156433,3250,1.0,1.0
19,1795156433,3260,1.0,1.0
19,1795156433,3270,1.0,1.0
19,1795156433,3280,1.0,1.0
19,1795156433,3290,1.0,1.0
19,1795156433,3300,1.0,1.0
19,1795156433,3310,1.0,1.0
19,1795156433,3320,1.0,1.0
19,1795156433,3330,1.0,1.0
19,1795156433,3340,1.0,1.0
19,1795156433,3350,1.0,1.0
19,1795156433,3360,1.0,1.0
19,1795156433,3370,1.0,1.0
19,1795156433,3380,1.0,1.0
19,1795156433,3390,1.0,1.0
19,1795156433,3400,1.0,1.0
19,1795156433,3410,1.0,1.0
19,1795156433,3420,1.0,1.0
19,1795156433,3430,1.0,1.0
19,1795156433,3440,1.0,1.0
19,1795156433,3450,1.0,1.0
19,1795156433,3460,1.0,1.0
19,1795156433,3470,1.0,1.0
19,1795156433,3480,1.0,1.0
19,1795156433,3490,1.0,1.0
19,1795156433,3500,1.0,1.0
19,1795156433,3510,1.0,1.0
19,1795156433,3520,1.0,1.0
19,1795156433,3530,1.0,1.0
19,1795156433,3540,1.0,1.0
19,1795156433,3550,1.0,1.0
19,1795156433,3560,1.0,1.0
19,1795156433,3570,1.0,1.0
19,1795156433,3580,1.0,1.0
19,1795156433,3590,1.0,1.0
19,1795156433,3600,1.0,1.0
19,1795156433,3610,1.0,1.0
19,1795156433,3620,1.0,1.0
19,1795156433,3630,1.0,1.0
19,1795156433,3640,1.0,1.0
19,1795156433,3650,1.0,1.0
19,1795156433,3660,1.0,1.0
19,1795156433,3670,1.0,1.0
19,1795156433,3680,1.0,1.0
19,1795156433,3690,1.0,1.0
19,1795156433,3700,1.0,1.0
19,1795156433,3710,1.0,1.0
19,1795156433,3720,1.0,1.0
19,1795156433,3730,1.0,1.0
19,1795156433,3740,1.0,1.0
19,1795156433,3750,1.0,1.0
19,1795156433,3760,1.0,1.0
19,1795156433,3770,1.0,1.0
19,1795156433,3780,1.0,1.0
19,1795156433,3790,1.0,1.0
19,1795156433,3800,1.0,1.0
19,1795156433,3810,1.0,1.0
19,1795156433,3820,1.0,1.0
19,1795156433,3830,0.9950000047683716,1.0
19,1795156433,3840,0.9950000047683716,1.0
19,1795156433,3850,0.9950000047683716,1.0
19,1795156433,3860,0.9950000047683716,1.0
19,1795156433,3870,0.9950000047683716,1.0
19,1795156433,3880,0.9899999499320984,1.0
19,1795156433,3890,0.9799999594688416,1.0
19,1795156433,3900,0.9799999594688416,1.0
19,1795156433,3910,0.9749999642372131,1.0
19,1795156433,3920,0.9749999642372131,1.0
19,1795156433,3930,0.9699999690055847,1.0
19,1795156433,3940,0.9699999690055847,1.0
19,1795156433,3950,0.9699999690055847,1.0
19,1795156433,3960,0.9649999737739563,1.0
19,1795156433,3970,0.9649999737739563,1.0
19,1795156433,3980,0.9649999737739563,1.0
19,1795156433,3990,0.9649999737739563,1.0
19,1795156433,4000,0.9649999737739563,1.0
19,1795156433,4010,0.9649999737739563,1.0
19,1795156433,4020,0.9649999737739563,1.0
19,1795156433,4030,0.9649999737739563,1.0
19,1795156433,4040,0.9649999737739563,1.0
19,1795156433,4050,0.9649999737739563,1.0
19,1795156433,4060,0.9649999737739563,1.0
19,1795156433,4070,0.9649999737739563,1.0
19,1795156433,4080,0.9649999737739563,1.0
19,1795156433,4090,0.9699999690055847,1.0
19,1795156433,4100,0.9699999690055847,1.0
19,1795156433,4110,0.9699999690055847,1.0
19,1795156433,4120,0.9749999642372131,1.0
19,1795156433,4130,0.9749999642372131,1.0
19,1795156433,4140,0.9799999594688416,1.0
19,1795156433,4150,0.98499995470047,1.0
19,1795156433,4160,0.9899999499320984,1.0
19,1795156433,4170,0.9899999499320984,1.0
19,1795156433,4180,0.9950000047683716,1.0
19,1795156433,4190,1.0,1.0
19,1795156433,4200,1.0,1.0
19,1795156433,4210,1.0,1.0
19,1795156433,4220,1.0,1.0
19,1795156433,4230,1.0,1.0
19,1795156433,4240,1.0,1.0
19,1795156433,4250,1.0,1.0
19,1795156433,4260,1.0,1.0
19,1795156433,4270,1.0,1.0
19,1795156433,4280,1.0,1.0
19,1795156433,4290,1.0,1.0
19,1795156433,4300,1.0,1.0
19,1795156433,4310,1.0,1.0
19,1795156433,4320,1.0,1.0
19,1795156433,4330,1.0,1.0
19,1795156433,4340,1.0,1.0
19,1795156433,4350,1.0,1.0
19,1795156433,4360,1.0,1.0
19,1795156433,4370,1.0,1.0
19,1795156433,4380,1.0,1.0
19,1795156433,4390,1.0,1.0
19,1795156433,4400,1.0,1.0
19,1795156433,4410,1.0,1.0
19,1795156433,4420,1.0,1.0
19,1795156433,4430,1.0,1.0
19,1795156433,4440,1.0,1.0
19,1795156433,4450,1.0,1.0
19,1795156433,4460,1.0,1.0
19,1795156433,4470,1.0,1.0
19,1795156433,4480,1.0,1.0
19,1795156433,4490,1.0,1.0
19,1795156433,4500,1.0,1.0
19,1795156433,4510,1.0,1.0
19,1795156433,4520,1.0,1.0
19,1795156433,4530,1.0,1.0
19,1795156433,4540,1.0,1.0
19,1795156433,4550,1.0,1.0
19,1795156433,4560,1.0,1.0
19,1795156433,4570,1.0,1.0
19,1795156433,4580,1.0,1.0
19,1795156433,4590,1.0,1.0
19,1795156433,4600,1.0,1.0
19,1795156433,4610,1.0,1.0
19,1795156433,4620,1.0,1.0
19,1795156433,4630,1.0,1.0
19,1795156433,4640,1.0,1.0
19,1795156433,4650,1.0,1.0
19,1795156433,4660,1.0,1.0
19,1795156433,4670,1.0,1.0
19,1795156433,4680,1.0,1.0
19,1795156433,4690,1.0,1.0
19,1795156433,4700,1.0,1.0
19,1795156433,4710,1.0,1.0
19,1795156433,4720,1.0,1.0
19,1795156433,4730,1.0,1.0
19,1795156433,4740,1.0,1.0
19,1795156433,4750,1.0,1.0
19,1795156433,4760,1.0,1.0
19,1795156433,4770,1.0,1.0
19,1795156433,4780,1.0,1.0
19,1795156433,4790,1.0,1.0
19,1795156433,4800,1.0,1.0
19,1795156433,4810,1.0,1.0
19,1795156433,4820,1.0,1.0
19,1795156433,4830,1.0,1.0
19,1795156433,4840,1.0,1.0
19,1795156433,4850,1.0,1.0
19,1795156433,4860,1.0,1.0
19,1795156433,4870,1.0,1.0
19,1795156433,4880,1.0,1.0
19,1795156433,4890,1.0,1.0
19,1795156433,4900,1.0,1.0
19,1795156433,4910,1.0,1.0
19,1795156433,4920,1.0,1.0
19,1795156433,4930,1.0,1.0
19,1795156433,4940,1.0,1.0
19,1795156433,4950,1.0,1.0
19,1795156433,4960,1.0,1.0
19,1795156433,4970,1.0,1.0
19,1795156433,4980,1.0,1.0
19,1795156433,4990,1.0,1.0
19,1795156433,5000,1.0,1.0
