run_index,seed,epoch,train_accuracy,test_accuracy
0,1063212347,0,0.45499998331069946,0.4899999797344208
0,1063212347,1,0.5249999761581421,0.5199999809265137
0,1063212347,2,0.5249999761581421,0.5
0,1063212347,3,0.5299999713897705,0.4899999797344208
0,1063212347,4,0.5349999666213989,0.5
0,1063212347,5,0.5399999618530273,0.4949999749660492
0,1063212347,6,0.550000011920929,0.4899999797344208
0,1063212347,7,0.550000011920929,0.4949999749660492
0,1063212347,8,0.5600000023841858,0.5049999952316284
0,1063212347,9,0.5550000071525574,0.5
0,1063212347,10,0.574999988079071,0.5099999904632568
0,1063212347,11,0.574999988079071,0.4899999797344208
0,1063212347,12,0.5799999833106995,0.5049999952316284
0,1063212347,13,0.5999999642372131,0.5049999952316284
0,1063212347,14,0.6100000143051147,0.5049999952316284
0,1063212347,15,0.6150000095367432,0.5099999904632568
0,1063212347,16,0.6299999952316284,0.5
0,1063212347,17,0.6349999904632568,0.5049999952316284
0,1063212347,18,0.6449999809265137,0.5099999904632568
0,1063212347,19,0.6449999809265137,0.5049999952316284
0,1063212347,20,0.6599999666213989,0.5049999952316284
0,1063212347,21,0.6649999618530273,0.5149999856948853
0,1063212347,22,0.6699999570846558,0.5149999856948853
0,1063212347,23,0.6699999570846558,0.5099999904632568
0,1063212347,24,0.675000011920929,0.5099999904632568
0,1063212347,25,0.6699999570846558,0.5099999904632568
0,1063212347,26,0.6699999570846558,0.5099999904632568
0,1063212347,27,0.6800000071525574,0.5049999952316284
0,1063212347,28,0.6949999928474426,0.5149999856948853
0,1063212347,29,0.6899999976158142,0.5099999904632568
0,1063212347,30,0.7049999833106995,0.5149999856948853
0,1063212347,31,0.7099999785423279,0.5099999904632568
0,1063212347,32,0.7099999785423279,0.5149999856948853
0,1063212347,33,0.7099999785423279,0.5149999856948853
0,1063212347,34,0.7099999785423279,0.5149999856948853
0,1063212347,35,0.7099999785423279,0.5099999904632568
0,1063212347,36,0.7149999737739563,0.5149999856948853
0,1063212347,37,0.7199999690055847,0.5099999904632568
0,1063212347,38,0.7249999642372131,0.5099999904632568
0,1063212347,39,0.7199999690055847,0.5099999904632568
0,1063212347,40,0.7249999642372131,0.5099999904632568
0,1063212347,41,0.7249999642372131,0.5149999856948853
0,1063212347,42,0.7299999594688416,0.5049999952316284
0,1063212347,43,0.7249999642372131,0.5099999904632568
0,1063212347,44,0.7299999594688416,0.5099999904632568
0,1063212347,45,0.7400000095367432,0.5099999904632568
0,1063212347,46,0.7299999594688416,0.5099999904632568
0,1063212347,47,0.75,0.5099999904632568
0,1063212347,48,0.75,0.5099999904632568
0,1063212347,49,0.7549999952316284,0.5099999904632568
0,1063212347,50,0.7649999856948853,0.5049999952316284
0,1063212347,51,0.7599999904632568,0.5149999856948853
0,1063212347,52,0.7699999809265137,0.5099999904632568
0,1063212347,53,0.7649999856948853,0.5099999904632568
0,1063212347,54,0.7799999713897705,0.5149999856948853
0,1063212347,55,0.7799999713897705,0.5149999856948853
0,1063212347,56,0.7799999713897705,0.5049999952316284
0,1063212347,57,0.7849999666213989,0.5199999809265137
0,1063212347,58,0.7899999618530273,0.5099999904632568
0,1063212347,59,0.7949999570846558,0.5099999904632568
0,1063212347,60,0.7949999570846558,0.5099999904632568
0,1063212347,61,0.7999999523162842,0.5149999856948853
0,1063212347,62,0.8050000071525574,0.5099999904632568
0,1063212347,63,0.7999999523162842,0.5149999856948853
0,1063212347,64,0.8050000071525574,0.5149999856948853
0,1063212347,65,0.8050000071525574,0.5149999856948853
0,1063212347,66,0.8149999976158142,0.5149999856948853
0,1063212347,67,0.8149999976158142,0.5149999856948853
0,1063212347,68,0.824999988079071,0.5099999904632568
0,1063212347,69,0.8149999976158142,0.5149999856948853
0,1063212347,70,0.8299999833106995,0.5149999856948853
0,1063212347,71,0.8299999833106995,0.5149999856948853
0,1063212347,72,0.8349999785423279,0.5049999952316284
0,1063212347,73,0.8399999737739563,0.5199999809265137
0,1063212347,74,0.8349999785423279,0.5149999856948853
0,1063212347,75,0.8499999642372131,0.5149999856948853
0,1063212347,76,0.8549999594688416,0.5149999856948853
0,1063212347,77,0.8549999594688416,0.5199999809265137
0,1063212347,78,0.8549999594688416,0.5199999809265137
0,1063212347,79,0.85999995470047,0.5149999856948853
0,1063212347,80,0.8650000095367432,0.5099999904632568
0,1063212347,81,0.85999995470047,0.5199999809265137
0,1063212347,82,0.8700000047683716,0.5199999809265137
0,1063212347,83,0.8700000047683716,0.5199999809265137
0,1063212347,84,0.875,0.5149999856948853
0,1063212347,85,0.8700000047683716,0.5149999856948853
0,1063212347,86,0.875,0.5199999809265137
0,1063212347,87,0.875,0.5149999856948853
0,1063212347,88,0.8799999952316284,0.5149999856948853
0,1063212347,89,0.8799999952316284,0.5149999856948853
0,1063212347,90,0.8849999904632568,0.5249999761581421
0,1063212347,91,0.8849999904632568,0.5199999809265137
0,1063212347,92,0.8849999904632568,0.5249999761581421
0,1063212347,93,0.8799999952316284,0.5199999809265137
0,1063212347,94,0.8849999904632568,0.5249999761581421
0,1063212347,95,0.8899999856948853,0.5149999856948853
0,1063212347,96,0.8949999809265137,0.5299999713897705
0,1063212347,97,0.8949999809265137,0.5199999809265137
0,1063212347,98,0.8949999809265137,0.5249999761581421
0,1063212347,99,0.8949999809265137,0.5149999856948853
0,1063212347,100,0.8949999809265137,0.5299999713897705
0,1063212347,101,0.8999999761581421,0.5199999809265137
0,1063212347,102,0.8949999809265137,0.5299999713897705
0,1063212347,103,0.9049999713897705,0.5099999904632568
0,1063212347,104,0.8999999761581421,0.5349999666213989
0,1063212347,105,0.9049999713897705,0.5149999856948853
0,1063212347,106,0.8999999761581421,0.5249999761581421
0,1063212347,107,0.9049999713897705,0.5149999856948853
0,1063212347,108,0.8999999761581421,0.5299999713897705
0,1063212347,109,0.9099999666213989,0.5199999809265137
0,1063212347,110,0.9049999713897705,0.5349999666213989
0,1063212347,111,0.9099999666213989,0.5149999856948853
0,1063212347,112,0.9149999618530273,0.5399999618530273
0,1063212347,113,0.9149999618530273,0.5149999856948853
0,1063212347,114,0.9149999618530273,0.5349999666213989
0,1063212347,115,0.9149999618530273,0.5199999809265137
0,1063212347,116,0.9199999570846558,0.5399999618530273
0,1063212347,117,0.9149999618530273,0.5099999904632568
0,1063212347,118,0.9199999570846558,0.5349999666213989
0,1063212347,119,0.9199999570846558,0.5149999856948853
0,1063212347,120,0.9249999523162842,0.5349999666213989
0,1063212347,121,0.9249999523162842,0.5099999904632568
0,1063212347,122,0.9300000071525574,0.5399999618530273
0,1063212347,123,0.9249999523162842,0.5149999856948853
0,1063212347,124,0.9300000071525574,0.5349999666213989
0,1063212347,125,0.9249999523162842,0.5199999809265137
0,1063212347,126,0.9300000071525574,0.5349999666213989
0,1063212347,127,0.9300000071525574,0.5249999761581421
0,1063212347,128,0.9300000071525574,0.5249999761581421
0,1063212347,129,0.9300000071525574,0.5149999856948853
0,1063212347,130,0.9300000071525574,0.5349999666213989
0,1063212347,131,0.9350000023841858,0.5249999761581421
0,1063212347,132,0.9300000071525574,0.5399999618530273
0,1063212347,133,0.9300000071525574,0.5249999761581421
0,1063212347,134,0.9350000023841858,0.5399999618530273
0,1063212347,135,0.9350000023841858,0.5099999904632568
0,1063212347,136,0.9399999976158142,0.5450000166893005
0,1063212347,137,0.9350000023841858,0.5149999856948853
0,1063212347,138,0.9399999976158142,0.5349999666213989
0,1063212347,139,0.9350000023841858,0.5249999761581421
0,1063212347,140,0.9449999928474426,0.5399999618530273
0,1063212347,141,0.9399999976158142,0.5199999809265137
0,1063212347,142,0.9449999928474426,0.5450000166893005
0,1063212347,143,0.9399999976158142,0.5199999809265137
0,1063212347,144,0.949999988079071,0.5399999618530273
0,1063212347,145,0.949999988079071,0.5199999809265137
0,1063212347,146,0.9449999928474426,0.5399999618530273
0,1063212347,147,0.949999988079071,0.5299999713897705
0,1063212347,148,0.949999988079071,0.5399999618530273
0,1063212347,149,0.9599999785423279,0.5299999713897705
0,1063212347,150,0.9599999785423279,0.5399999618530273
0,1063212347,151,0.9599999785423279,0.5199999809265137
0,1063212347,152,0.9599999785423279,0.5399999618530273
0,1063212347,153,0.9599999785423279,0.5399999618530273
0,1063212347,154,0.9599999785423279,0.5450000166893005
0,1063212347,155,0.9649999737739563,0.5349999666213989
0,1063212347,156,0.9599999785423279,0.5299999713897705
0,1063212347,157,0.9599999785423279,0.5399999618530273
0,1063212347,158,0.9599999785423279,0.5399999618530273
0,1063212347,159,0.9649999737739563,0.550000011920929
0,1063212347,160,0.9649999737739563,0.5399999618530273
0,1063212347,161,0.9649999737739563,0.5399999618530273
0,1063212347,162,0.9649999737739563,0.5399999618530273
0,1063212347,163,0.9699999690055847,0.5399999618530273
0,1063212347,164,0.9699999690055847,0.5399999618530273
0,1063212347,165,0.9699999690055847,0.5450000166893005
0,1063212347,166,0.9699999690055847,0.5399999618530273
0,1063212347,167,0.9749999642372131,0.5550000071525574
0,1063212347,168,0.9699999690055847,0.5450000166893005
0,1063212347,169,0.9749999642372131,0.5399999618530273
0,1063212347,170,0.9699999690055847,0.5450000166893005
0,1063212347,171,0.9749999642372131,0.5450000166893005
0,1063212347,172,0.9699999690055847,0.550000011920929
0,1063212347,173,0.9749999642372131,0.5450000166893005
0,1063212347,174,0.9749999642372131,0.5550000071525574
0,1063212347,175,0.9749999642372131,0.5399999618530273
0,1063212347,176,0.9799999594688416,0.5550000071525574
0,1063212347,177,0.9799999594688416,0.5349999666213989
0,1063212347,178,0.98499995470047,0.550000011920929
0,1063212347,179,0.9799999594688416,0.5450000166893005
0,1063212347,180,0.98499995470047,0.5399999618530273
0,1063212347,181,0.98499995470047,0.5349999666213989
0,1063212347,182,0.98499995470047,0.5550000071525574
0,1063212347,183,0.98499995470047,0.5450000166893005
0,1063212347,184,0.98499995470047,0.550000011920929
0,1063212347,185,0.98499995470047,0.550000011920929
0,1063212347,186,0.98499995470047,0.5399999618530273
0,1063212347,187,0.98499995470047,0.5399999618530273
0,1063212347,188,0.98499995470047,0.550000011920929
0,1063212347,189,0.98499995470047,0.5450000166893005
0,1063212347,190,0.98499995470047,0.5600000023841858
0,1063212347,191,0.98499995470047,0.550000011920929
0,1063212347,192,0.98499995470047,0.550000011920929
0,1063212347,193,0.98499995470047,0.5450000166893005
0,1063212347,194,0.98499995470047,0.5450000166893005
0,1063212347,195,0.98499995470047,0.550000011920929
0,1063212347,196,0.98499995470047,0.550000011920929
0,1063212347,197,0.98499995470047,0.5450000166893005
0,1063212347,198,0.98499995470047,0.550000011920929
0,1063212347,199,0.98499995470047,0.550000011920929
0,1063212347,200,0.98499995470047,0.5550000071525574
0,1063212347,201,0.9899999499320984,0.5450000166893005
0,1063212347,202,0.98499995470047,0.5550000071525574
0,1063212347,203,0.98499995470047,0.5399999618530273
0,1063212347,204,0.98499995470047,0.5399999618530273
0,1063212347,205,0.9899999499320984,0.5550000071525574
0,1063212347,206,0.98499995470047,0.550000011920929
0,1063212347,207,0.9899999499320984,0.5450000166893005
0,1063212347,208,0.9899999499320984,0.5450000166893005
0,1063212347,209,0.9899999499320984,0.5550000071525574
0,1063212347,210,0.9899999499320984,0.5550000071525574
0,1063212347,211,0.9899999499320984,0.550000011920929
0,1063212347,212,0.9899999499320984,0.550000011920929
0,1063212347,213,0.9899999499320984,0.5450000166893005
0,1063212347,214,0.9899999499320984,0.5450000166893005
0,1063212347,215,0.9899999499320984,0.550000011920929
0,1063212347,216,0.9899999499320984,0.5399999618530273
0,1063212347,217,0.9899999499320984,0.5550000071525574
0,1063212347,218,0.9899999499320984,0.5399999618530273
0,1063212347,219,0.9899999499320984,0.5550000071525574
0,1063212347,220,0.9899999499320984,0.5550000071525574
0,1063212347,221,0.9899999499320984,0.550000011920929
0,1063212347,222,0.9899999499320984,0.5450000166893005
0,1063212347,223,0.9899999499320984,0.5649999976158142
0,1063212347,224,0.9899999499320984,0.550000011920929
0,1063212347,225,0.9899999499320984,0.5450000166893005
0,1063212347,226,0.9899999499320984,0.550000011920929
0,1063212347,227,0.9899999499320984,0.550000011920929
0,1063212347,228,0.9899999499320984,0.5550000071525574
0,1063212347,229,0.9899999499320984,0.550000011920929
0,1063212347,230,0.9899999499320984,0.5550000071525574
0,1063212347,231,0.9899999499320984,0.550000011920929
0,1063212347,232,0.9899999499320984,0.5550000071525574
0,1063212347,233,0.9899999499320984,0.550000011920929
0,1063212347,234,0.9899999499320984,0.5450000166893005
0,1063212347,235,0.9899999499320984,0.5600000023841858
0,1063212347,236,0.9899999499320984,0.5550000071525574
0,1063212347,237,0.9899999499320984,0.5450000166893005
0,1063212347,238,0.9899999499320984,0.5550000071525574
0,1063212347,239,0.9899999499320984,0.5550000071525574
0,1063212347,240,0.9899999499320984,0.550000011920929
0,1063212347,241,0.9899999499320984,0.5600000023841858
0,1063212347,242,0.9899999499320984,0.5550000071525574
0,1063212347,243,0.9899999499320984,0.5450000166893005
0,1063212347,244,0.9899999499320984,0.5550000071525574
0,1063212347,245,0.9899999499320984,0.5649999976158142
0,1063212347,246,0.9899999499320984,0.5450000166893005
0,1063212347,247,0.9899999499320984,0.5649999976158142
0,1063212347,248,0.9899999499320984,0.550000011920929
0,1063212347,249,0.9899999499320984,0.5550000071525574
0,1063212347,250,0.9899999499320984,0.550000011920929
0,1063212347,251,0.9899999499320984,0.5649999976158142
0,1063212347,252,0.9899999499320984,0.5550000071525574
0,1063212347,253,0.9899999499320984,0.5550000071525574
0,1063212347,254,0.9899999499320984,0.550000011920929
0,1063212347,255,0.9899999499320984,0.5600000023841858
0,1063212347,256,0.9899999499320984,0.550000011920929
0,1063212347,257,0.9899999499320984,0.5550000071525574
0,1063212347,258,0.9899999499320984,0.5550000071525574
0,1063212347,259,0.9899999499320984,0.5600000023841858
0,1063212347,260,0.9899999499320984,0.550000011920929
0,1063212347,261,0.9899999499320984,0.5550000071525574
0,1063212347,262,0.9899999499320984,0.550000011920929
0,1063212347,263,0.9899999499320984,0.5600000023841858
0,1063212347,264,0.9899999499320984,0.5399999618530273
0,1063212347,265,0.9950000047683716,0.5600000023841858
0,1063212347,266,0.9950000047683716,0.5450000166893005
0,1063212347,267,0.9899999499320984,0.5550000071525574
0,1063212347,268,0.9950000047683716,0.5450000166893005
0,1063212347,269,0.9950000047683716,0.5550000071525574
0,1063212347,270,0.9950000047683716,0.550000011920929
0,1063212347,271,0.9950000047683716,0.5600000023841858
0,1063212347,272,0.9950000047683716,0.550000011920929
0,1063212347,273,0.9950000047683716,0.5550000071525574
0,1063212347,274,0.9950000047683716,0.5600000023841858
0,1063212347,275,0.9950000047683716,0.5550000071525574
0,1063212347,276,0.9950000047683716,0.5600000023841858
0,1063212347,277,0.9950000047683716,0.5550000071525574
0,1063212347,278,0.9950000047683716,0.550000011920929
0,1063212347,279,0.9950000047683716,0.5649999976158142
0,1063212347,280,0.9950000047683716,0.5550000071525574
0,1063212347,281,0.9950000047683716,0.5550000071525574
0,1063212347,282,1.0,0.5450000166893005
0,1063212347,283,0.9950000047683716,0.5550000071525574
0,1063212347,284,1.0,0.5550000071525574
0,1063212347,285,0.9950000047683716,0.5600000023841858
0,1063212347,286,1.0,0.5550000071525574
0,1063212347,287,0.9950000047683716,0.5550000071525574
0,1063212347,288,1.0,0.5450000166893005
0,1063212347,289,0.9950000047683716,0.5550000071525574
0,1063212347,290,1.0,0.5550000071525574
0,1063212347,291,0.9950000047683716,0.5450000166893005
0,1063212347,292,1.0,0.5600000023841858
0,1063212347,293,1.0,0.5550000071525574
0,1063212347,294,1.0,0.5550000071525574
0,1063212347,295,1.0,0.5550000071525574
0,1063212347,296,1.0,0.550000011920929
0,1063212347,297,1.0,0.5600000023841858
0,1063212347,298,1.0,0.5600000023841858
0,1063212347,299,1.0,0.550000011920929
0,1063212347,300,1.0,0.550000011920929
0,1063212347,301,1.0,0.550000011920929
0,1063212347,302,1.0,0.5550000071525574
0,1063212347,303,1.0,0.5600000023841858
0,1063212347,304,1.0,0.5550000071525574
0,1063212347,305,1.0,0.5550000071525574
0,1063212347,306,1.0,0.5550000071525574
0,1063212347,307,1.0,0.5600000023841858
0,1063212347,308,1.0,0.5550000071525574
0,1063212347,309,1.0,0.5550000071525574
0,1063212347,310,1.0,0.550000011920929
0,1063212347,311,1.0,0.5649999976158142
0,1063212347,312,1.0,0.5600000023841858
0,1063212347,313,1.0,0.550000011920929
0,1063212347,314,1.0,0.5550000071525574
0,1063212347,315,1.0,0.5649999976158142
0,1063212347,316,1.0,0.5450000166893005
0,1063212347,317,1.0,0.5649999976158142
0,1063212347,318,1.0,0.550000011920929
0,1063212347,319,1.0,0.5699999928474426
0,1063212347,320,1.0,0.5450000166893005
0,1063212347,321,1.0,0.5600000023841858
0,1063212347,322,1.0,0.5600000023841858
0,1063212347,323,1.0,0.550000011920929
0,1063212347,324,1.0,0.5450000166893005
0,1063212347,325,1.0,0.5649999976158142
0,1063212347,326,1.0,0.5550000071525574
0,1063212347,327,1.0,0.5550000071525574
0,1063212347,328,1.0,0.5649999976158142
0,1063212347,329,1.0,0.5600000023841858
0,1063212347,330,1.0,0.550000011920929
0,1063212347,331,1.0,0.5699999928474426
0,1063212347,332,1.0,0.550000011920929
0,1063212347,333,1.0,0.5649999976158142
0,1063212347,334,1.0,0.550000011920929
0,1063212347,335,1.0,0.550000011920929
0,1063212347,336,1.0,0.5649999976158142
0,1063212347,337,1.0,0.574999988079071
0,1063212347,338,1.0,0.550000011920929
0,1063212347,339,1.0,0.5600000023841858
0,1063212347,340,1.0,0.550000011920929
0,1063212347,341,1.0,0.5649999976158142
0,1063212347,342,1.0,0.5600000023841858
0,1063212347,343,1.0,0.5649999976158142
0,1063212347,344,1.0,0.5649999976158142
0,1063212347,345,1.0,0.5600000023841858
0,1063212347,346,1.0,0.550000011920929
0,1063212347,347,1.0,0.5699999928474426
0,1063212347,348,1.0,0.5450000166893005
0,1063212347,349,1.0,0.5649999976158142
0,1063212347,350,1.0,0.5649999976158142
0,1063212347,351,1.0,0.5649999976158142
0,1063212347,352,1.0,0.550000011920929
0,1063212347,353,1.0,0.5699999928474426
0,1063212347,354,1.0,0.5600000023841858
0,1063212347,355,1.0,0.5600000023841858
0,1063212347,356,1.0,0.5649999976158142
0,1063212347,357,1.0,0.5600000023841858
0,1063212347,358,1.0,0.5450000166893005
0,1063212347,359,1.0,0.5699999928474426
0,1063212347,360,1.0,0.5600000023841858
0,1063212347,361,1.0,0.574999988079071
0,1063212347,362,1.0,0.5600000023841858
0,1063212347,363,1.0,0.5600000023841858
0,1063212347,364,1.0,0.5550000071525574
0,1063212347,365,1.0,0.574999988079071
0,1063212347,366,1.0,0.5649999976158142
0,1063212347,367,1.0,0.5649999976158142
0,1063212347,368,1.0,0.5550000071525574
0,1063212347,369,1.0,0.5649999976158142
0,1063212347,370,1.0,0.5550000071525574
0,1063212347,371,1.0,0.5600000023841858
0,1063212347,372,1.0,0.5600000023841858
0,1063212347,373,1.0,0.574999988079071
0,1063212347,374,1.0,0.5550000071525574
0,1063212347,375,1.0,0.574999988079071
0,1063212347,376,1.0,0.5550000071525574
0,1063212347,377,1.0,0.574999988079071
0,1063212347,378,1.0,0.5799999833106995
0,1063212347,379,1.0,0.5600000023841858
0,1063212347,380,1.0,0.5550000071525574
0,1063212347,381,1.0,0.574999988079071
0,1063212347,382,1.0,0.5600000023841858
0,1063212347,383,1.0,0.5699999928474426
0,1063212347,384,1.0,0.5649999976158142
0,1063212347,385,1.0,0.574999988079071
0,1063212347,386,1.0,0.5600000023841858
0,1063212347,387,1.0,0.5649999976158142
0,1063212347,388,1.0,0.5699999928474426
0,1063212347,389,1.0,0.574999988079071
0,1063212347,390,1.0,0.5600000023841858
0,1063212347,391,1.0,0.5649999976158142
0,1063212347,392,1.0,0.5649999976158142
0,1063212347,393,1.0,0.5849999785423279
0,1063212347,394,1.0,0.5699999928474426
0,1063212347,395,1.0,0.5600000023841858
0,1063212347,396,1.0,0.5649999976158142
0,1063212347,397,1.0,0.5600000023841858
0,1063212347,398,1.0,0.5649999976158142
0,1063212347,399,1.0,0.5649999976158142
0,1063212347,400,1.0,0.5600000023841858
0,1063212347,401,1.0,0.5699999928474426
0,1063212347,402,1.0,0.5600000023841858
0,1063212347,403,1.0,0.5699999928474426
0,1063212347,404,1.0,0.5649999976158142
0,1063212347,405,1.0,0.574999988079071
0,1063212347,406,1.0,0.5550000071525574
0,1063212347,407,1.0,0.574999988079071
0,1063212347,408,1.0,0.5600000023841858
0,1063212347,409,1.0,0.5649999976158142
0,1063212347,410,1.0,0.5699999928474426
0,1063212347,411,1.0,0.5649999976158142
0,1063212347,412,1.0,0.5649999976158142
0,1063212347,413,1.0,0.5649999976158142
0,1063212347,414,1.0,0.5649999976158142
0,1063212347,415,1.0,0.574999988079071
0,1063212347,416,1.0,0.5600000023841858
0,1063212347,417,1.0,0.5849999785423279
0,1063212347,418,1.0,0.5649999976158142
0,1063212347,419,1.0,0.5799999833106995
0,1063212347,420,1.0,0.5699999928474426
0,1063212347,421,1.0,0.5699999928474426
0,1063212347,422,1.0,0.5600000023841858
0,1063212347,423,1.0,0.5649999976158142
0,1063212347,424,1.0,0.5699999928474426
0,1063212347,425,1.0,0.5550000071525574
0,1063212347,426,1.0,0.5849999785423279
0,1063212347,427,1.0,0.574999988079071
0,1063212347,428,1.0,0.5699999928474426
0,1063212347,429,1.0,0.5649999976158142
0,1063212347,430,1.0,0.5699999928474426
0,1063212347,431,1.0,0.550000011920929
0,1063212347,432,1.0,0.574999988079071
0,1063212347,433,1.0,0.5649999976158142
0,1063212347,434,1.0,0.550000011920929
0,1063212347,435,1.0,0.574999988079071
0,1063212347,436,1.0,0.574999988079071
0,1063212347,437,1.0,0.574999988079071
0,1063212347,438,1.0,0.5600000023841858
0,1063212347,439,1.0,0.5799999833106995
0,1063212347,440,1.0,0.5600000023841858
0,1063212347,441,1.0,0.5799999833106995
0,1063212347,442,1.0,0.574999988079071
0,1063212347,443,1.0,0.574999988079071
0,1063212347,444,1.0,0.5649999976158142
0,1063212347,445,1.0,0.5799999833106995
0,1063212347,446,1.0,0.5550000071525574
0,1063212347,447,1.0,0.5799999833106995
0,1063212347,448,1.0,0.5699999928474426
0,1063212347,449,1.0,0.5649999976158142
0,1063212347,450,1.0,0.5450000166893005
0,1063212347,451,1.0,0.574999988079071
0,1063212347,452,1.0,0.5600000023841858
0,1063212347,453,1.0,0.574999988079071
0,1063212347,454,1.0,0.5600000023841858
0,1063212347,455,1.0,0.574999988079071
0,1063212347,456,1.0,0.574999988079071
0,1063212347,457,1.0,0.574999988079071
0,1063212347,458,1.0,0.5600000023841858
0,1063212347,459,1.0,0.5649999976158142
0,1063212347,460,1.0,0.5699999928474426
0,1063212347,461,1.0,0.574999988079071
0,1063212347,462,1.0,0.5699999928474426
0,1063212347,463,1.0,0.5849999785423279
0,1063212347,464,1.0,0.5699999928474426
0,1063212347,465,1.0,0.5799999833106995
0,1063212347,466,1.0,0.5799999833106995
0,1063212347,467,1.0,0.574999988079071
0,1063212347,468,1.0,0.5649999976158142
0,1063212347,469,1.0,0.5799999833106995
0,1063212347,470,1.0,0.5649999976158142
0,1063212347,471,1.0,0.574999988079071
0,1063212347,472,1.0,0.5899999737739563
0,1063212347,473,1.0,0.5799999833106995
0,1063212347,474,1.0,0.5899999737739563
0,1063212347,475,1.0,0.5699999928474426
0,1063212347,476,1.0,0.5849999785423279
0,1063212347,477,1.0,0.574999988079071
0,1063212347,478,1.0,0.5699999928474426
0,1063212347,479,1.0,0.5899999737739563
0,1063212347,480,1.0,0.5799999833106995
0,1063212347,481,1.0,0.5699999928474426
0,1063212347,482,1.0,0.574999988079071
0,1063212347,483,1.0,0.5550000071525574
0,1063212347,484,1.0,0.574999988079071
0,1063212347,485,1.0,0.574999988079071
0,1063212347,486,1.0,0.5799999833106995
0,1063212347,487,1.0,0.5699999928474426
0,1063212347,488,1.0,0.5699999928474426
0,1063212347,489,1.0,0.574999988079071
0,1063212347,490,1.0,0.5799999833106995
0,1063212347,491,1.0,0.574999988079071
0,1063212347,492,1.0,0.5849999785423279
0,1063212347,493,1.0,0.5799999833106995
0,1063212347,494,1.0,0.5699999928474426
0,1063212347,495,1.0,0.5649999976158142
0,1063212347,496,1.0,0.574999988079071
0,1063212347,497,1.0,0.574999988079071
0,1063212347,498,1.0,0.5849999785423279
0,1063212347,499,1.0,0.5699999928474426
0,1063212347,500,1.0,0.5649999976158142
0,1063212347,501,1.0,0.574999988079071
0,1063212347,502,1.0,0.5799999833106995
0,1063212347,503,1.0,0.5799999833106995
0,1063212347,504,1.0,0.5799999833106995
0,1063212347,505,1.0,0.5949999690055847
0,1063212347,506,1.0,0.5899999737739563
0,1063212347,507,1.0,0.5600000023841858
0,1063212347,508,1.0,0.5799999833106995
0,1063212347,509,1.0,0.5849999785423279
0,1063212347,510,1.0,0.5799999833106995
0,1063212347,511,1.0,0.574999988079071
0,1063212347,512,1.0,0.5799999833106995
0,1063212347,513,1.0,0.5799999833106995
0,1063212347,514,1.0,0.574999988079071
0,1063212347,515,1.0,0.5849999785423279
0,1063212347,516,1.0,0.574999988079071
0,1063212347,517,1.0,0.574999988079071
0,1063212347,518,1.0,0.5699999928474426
0,1063212347,519,1.0,0.5799999833106995
0,1063212347,520,1.0,0.5799999833106995
0,1063212347,521,1.0,0.5799999833106995
0,1063212347,522,1.0,0.5799999833106995
0,1063212347,523,1.0,0.5699999928474426
0,1063212347,524,1.0,0.574999988079071
0,1063212347,525,1.0,0.6049999594688416
0,1063212347,526,1.0,0.5699999928474426
0,1063212347,527,1.0,0.5799999833106995
0,1063212347,528,1.0,0.5799999833106995
0,1063212347,529,1.0,0.574999988079071
0,1063212347,530,1.0,0.5899999737739563
0,1063212347,531,1.0,0.5799999833106995
0,1063212347,532,1.0,0.5799999833106995
0,1063212347,533,1.0,0.574999988079071
0,1063212347,534,1.0,0.5799999833106995
0,1063212347,535,1.0,0.574999988079071
0,1063212347,536,1.0,0.5799999833106995
0,1063212347,537,1.0,0.6049999594688416
0,1063212347,538,1.0,0.574999988079071
0,1063212347,539,1.0,0.5799999833106995
0,1063212347,540,1.0,0.5799999833106995
0,1063212347,541,1.0,0.5899999737739563
0,1063212347,542,1.0,0.574999988079071
0,1063212347,543,1.0,0.5799999833106995
0,1063212347,544,1.0,0.574999988079071
0,1063212347,545,1.0,0.5899999737739563
0,1063212347,546,1.0,0.5799999833106995
0,1063212347,547,1.0,0.5849999785423279
0,1063212347,548,1.0,0.5699999928474426
0,1063212347,549,1.0,0.5899999737739563
0,1063212347,550,1.0,0.5799999833106995
0,1063212347,551,1.0,0.5849999785423279
0,1063212347,552,1.0,0.5849999785423279
0,1063212347,553,1.0,0.574999988079071
0,1063212347,554,1.0,0.5699999928474426
0,1063212347,555,1.0,0.5999999642372131
0,1063212347,556,1.0,0.5799999833106995
0,1063212347,557,1.0,0.5799999833106995
0,1063212347,558,1.0,0.5799999833106995
0,1063212347,559,1.0,0.5849999785423279
0,1063212347,560,1.0,0.5849999785423279
0,1063212347,561,1.0,0.5999999642372131
0,1063212347,562,1.0,0.5799999833106995
0,1063212347,563,1.0,0.5849999785423279
0,1063212347,564,1.0,0.5799999833106995
0,1063212347,565,1.0,0.5799999833106995
0,1063212347,566,1.0,0.5899999737739563
0,1063212347,567,1.0,0.5849999785423279
0,1063212347,568,1.0,0.5899999737739563
0,1063212347,569,1.0,0.5849999785423279
0,1063212347,570,1.0,0.5699999928474426
0,1063212347,571,1.0,0.5949999690055847
0,1063212347,572,1.0,0.5949999690055847
0,1063212347,573,1.0,0.5849999785423279
0,1063212347,574,1.0,0.5799999833106995
0,1063212347,575,1.0,0.5899999737739563
0,1063212347,576,1.0,0.5699999928474426
0,1063212347,577,1.0,0.5849999785423279
0,1063212347,578,1.0,0.5799999833106995
0,1063212347,579,1.0,0.5999999642372131
0,1063212347,580,1.0,0.574999988079071
0,1063212347,581,1.0,0.5799999833106995
0,1063212347,582,1.0,0.574999988079071
0,1063212347,583,1.0,0.5949999690055847
0,1063212347,584,1.0,0.574999988079071
0,1063212347,585,1.0,0.5949999690055847
0,1063212347,586,1.0,0.5849999785423279
0,1063212347,587,1.0,0.5899999737739563
0,1063212347,588,1.0,0.5899999737739563
0,1063212347,589,1.0,0.5899999737739563
0,1063212347,590,1.0,0.5799999833106995
0,1063212347,591,1.0,0.5849999785423279
0,1063212347,592,1.0,0.5799999833106995
0,1063212347,593,1.0,0.5999999642372131
0,1063212347,594,1.0,0.5899999737739563
0,1063212347,595,1.0,0.574999988079071
0,1063212347,596,1.0,0.5899999737739563
0,1063212347,597,1.0,0.6049999594688416
0,1063212347,598,1.0,0.574999988079071
0,1063212347,599,1.0,0.5899999737739563
0,1063212347,600,1.0,0.5999999642372131
0,1063212347,601,1.0,0.5899999737739563
0,1063212347,602,1.0,0.5799999833106995
0,1063212347,603,1.0,0.5949999690055847
0,1063212347,604,1.0,0.5899999737739563
0,1063212347,605,1.0,0.5899999737739563
0,1063212347,606,1.0,0.5999999642372131
0,1063212347,607,1.0,0.5899999737739563
0,1063212347,608,1.0,0.5899999737739563
0,1063212347,609,1.0,0.5949999690055847
0,1063212347,610,1.0,0.574999988079071
0,1063212347,611,1.0,0.574999988079071
0,1063212347,612,1.0,0.5899999737739563
0,1063212347,613,1.0,0.574999988079071
0,1063212347,614,1.0,0.5849999785423279
0,1063212347,615,1.0,0.5999999642372131
0,1063212347,616,1.0,0.5849999785423279
0,1063212347,617,1.0,0.5849999785423279
0,1063212347,618,1.0,0.6100000143051147
0,1063212347,619,1.0,0.5799999833106995
0,1063212347,620,1.0,0.6049999594688416
0,1063212347,621,1.0,0.5949999690055847
0,1063212347,622,1.0,0.5999999642372131
0,1063212347,623,1.0,0.5949999690055847
0,1063212347,624,1.0,0.5899999737739563
0,1063212347,625,1.0,0.6049999594688416
0,1063212347,626,1.0,0.5949999690055847
0,1063212347,627,1.0,0.5949999690055847
0,1063212347,628,1.0,0.5799999833106995
0,1063212347,629,1.0,0.5999999642372131
0,1063212347,630,1.0,0.5999999642372131
0,1063212347,631,1.0,0.5899999737739563
0,1063212347,632,1.0,0.5899999737739563
0,1063212347,633,1.0,0.5899999737739563
0,1063212347,634,1.0,0.6150000095367432
0,1063212347,635,1.0,0.5899999737739563
0,1063212347,636,1.0,0.5899999737739563
0,1063212347,637,1.0,0.5999999642372131
0,1063212347,638,1.0,0.5899999737739563
0,1063212347,639,1.0,0.6200000047683716
0,1063212347,640,1.0,0.5799999833106995
0,1063212347,641,1.0,0.5949999690055847
0,1063212347,642,1.0,0.5999999642372131
0,1063212347,643,1.0,0.5899999737739563
0,1063212347,644,1.0,0.5999999642372131
0,1063212347,645,1.0,0.5999999642372131
0,1063212347,646,1.0,0.5899999737739563
0,1063212347,647,1.0,0.5949999690055847
0,1063212347,648,1.0,0.6100000143051147
0,1063212347,649,1.0,0.5949999690055847
0,1063212347,650,1.0,0.5999999642372131
0,1063212347,651,1.0,0.5949999690055847
0,1063212347,652,1.0,0.5949999690055847
0,1063212347,653,1.0,0.5849999785423279
0,1063212347,654,1.0,0.5999999642372131
0,1063212347,655,1.0,0.6049999594688416
0,1063212347,656,1.0,0.5999999642372131
0,1063212347,657,1.0,0.5949999690055847
0,1063212347,658,1.0,0.5999999642372131
0,1063212347,659,1.0,0.5849999785423279
0,1063212347,660,1.0,0.6150000095367432
0,1063212347,661,1.0,0.6100000143051147
0,1063212347,662,1.0,0.6100000143051147
0,1063212347,663,1.0,0.5999999642372131
0,1063212347,664,1.0,0.5999999642372131
0,1063212347,665,1.0,0.5949999690055847
0,1063212347,666,1.0,0.5999999642372131
0,1063212347,667,1.0,0.5849999785423279
0,1063212347,668,1.0,0.6049999594688416
0,1063212347,669,1.0,0.6100000143051147
0,1063212347,670,1.0,0.6200000047683716
0,1063212347,671,1.0,0.5999999642372131
0,1063212347,672,1.0,0.5899999737739563
0,1063212347,673,1.0,0.6049999594688416
0,1063212347,674,1.0,0.6150000095367432
0,1063212347,675,1.0,0.5899999737739563
0,1063212347,676,1.0,0.5999999642372131
0,1063212347,677,1.0,0.5849999785423279
0,1063212347,678,1.0,0.6150000095367432
0,1063212347,679,1.0,0.6049999594688416
0,1063212347,680,1.0,0.5949999690055847
0,1063212347,681,1.0,0.5999999642372131
0,1063212347,682,1.0,0.6100000143051147
0,1063212347,683,1.0,0.5799999833106995
0,1063212347,684,1.0,0.6049999594688416
0,1063212347,685,1.0,0.6049999594688416
0,1063212347,686,1.0,0.6100000143051147
0,1063212347,687,1.0,0.5849999785423279
0,1063212347,688,1.0,0.6100000143051147
0,1063212347,689,1.0,0.6049999594688416
0,1063212347,690,1.0,0.6150000095367432
0,1063212347,691,1.0,0.6049999594688416
0,1063212347,692,1.0,0.6049999594688416
0,1063212347,693,1.0,0.5999999642372131
0,1063212347,694,1.0,0.5899999737739563
0,1063212347,695,1.0,0.6049999594688416
0,1063212347,696,1.0,0.5949999690055847
0,1063212347,697,1.0,0.6049999594688416
0,1063212347,698,1.0,0.6299999952316284
0,1063212347,699,1.0,0.6049999594688416
0,1063212347,700,1.0,0.6049999594688416
0,1063212347,701,1.0,0.6100000143051147
0,1063212347,702,1.0,0.6150000095367432
0,1063212347,703,1.0,0.6150000095367432
0,1063212347,704,1.0,0.6150000095367432
0,1063212347,705,1.0,0.6049999594688416
0,1063212347,706,1.0,0.6049999594688416
0,1063212347,707,1.0,0.5999999642372131
0,1063212347,708,1.0,0.5999999642372131
0,1063212347,709,1.0,0.6150000095367432
0,1063212347,710,1.0,0.6150000095367432
0,1063212347,711,1.0,0.5999999642372131
0,1063212347,712,1.0,0.6100000143051147
0,1063212347,713,1.0,0.6100000143051147
0,1063212347,714,1.0,0.5899999737739563
0,1063212347,715,1.0,0.6100000143051147
0,1063212347,716,1.0,0.6150000095367432
0,1063212347,717,1.0,0.6150000095367432
0,1063212347,718,1.0,0.6150000095367432
0,1063212347,719,1.0,0.6150000095367432
0,1063212347,720,1.0,0.6100000143051147
0,1063212347,721,1.0,0.6150000095367432
0,1063212347,722,1.0,0.6049999594688416
0,1063212347,723,1.0,0.6100000143051147
0,1063212347,724,1.0,0.6150000095367432
0,1063212347,725,1.0,0.6100000143051147
0,1063212347,726,1.0,0.6150000095367432
0,1063212347,727,1.0,0.6200000047683716
0,1063212347,728,1.0,0.6200000047683716
0,1063212347,729,1.0,0.625
0,1063212347,730,1.0,0.6049999594688416
0,1063212347,731,1.0,0.6200000047683716
0,1063212347,732,1.0,0.5999999642372131
0,1063212347,733,1.0,0.6100000143051147
0,1063212347,734,1.0,0.6150000095367432
0,1063212347,735,1.0,0.6150000095367432
0,1063212347,736,1.0,0.6100000143051147
0,1063212347,737,1.0,0.6200000047683716
0,1063212347,738,1.0,0.6100000143051147
0,1063212347,739,1.0,0.6100000143051147
0,1063212347,740,1.0,0.6200000047683716
0,1063212347,741,1.0,0.5999999642372131
0,1063212347,742,1.0,0.6100000143051147
0,1063212347,743,1.0,0.6200000047683716
0,1063212347,744,1.0,0.6150000095367432
0,1063212347,745,1.0,0.5999999642372131
0,1063212347,746,1.0,0.625
0,1063212347,747,1.0,0.6049999594688416
0,1063212347,748,1.0,0.6100000143051147
0,1063212347,749,1.0,0.6200000047683716
0,1063212347,750,1.0,0.6150000095367432
0,1063212347,751,1.0,0.6100000143051147
0,1063212347,752,1.0,0.6200000047683716
0,1063212347,753,1.0,0.6150000095367432
0,1063212347,754,1.0,0.6150000095367432
0,1063212347,755,1.0,0.6150000095367432
0,1063212347,756,1.0,0.6150000095367432
0,1063212347,757,1.0,0.5999999642372131
0,1063212347,758,1.0,0.6150000095367432
0,1063212347,759,1.0,0.6049999594688416
0,1063212347,760,1.0,0.6150000095367432
0,1063212347,761,1.0,0.6299999952316284
0,1063212347,762,1.0,0.6100000143051147
0,1063212347,763,1.0,0.6049999594688416
0,1063212347,764,1.0,0.6150000095367432
0,1063212347,765,1.0,0.6100000143051147
0,1063212347,766,1.0,0.6200000047683716
0,1063212347,767,1.0,0.6100000143051147
0,1063212347,768,1.0,0.6100000143051147
0,1063212347,769,1.0,0.6150000095367432
0,1063212347,770,1.0,0.6200000047683716
0,1063212347,771,1.0,0.6200000047683716
0,1063212347,772,1.0,0.6200000047683716
0,1063212347,773,1.0,0.6150000095367432
0,1063212347,774,1.0,0.6100000143051147
0,1063212347,775,1.0,0.6049999594688416
0,1063212347,776,1.0,0.6150000095367432
0,1063212347,777,1.0,0.625
0,1063212347,778,1.0,0.6200000047683716
0,1063212347,779,1.0,0.6100000143051147
0,1063212347,780,1.0,0.6100000143051147
0,1063212347,781,1.0,0.6150000095367432
0,1063212347,782,1.0,0.6200000047683716
0,1063212347,783,1.0,0.6150000095367432
0,1063212347,784,1.0,0.6150000095367432
0,1063212347,785,1.0,0.6150000095367432
0,1063212347,786,1.0,0.6150000095367432
0,1063212347,787,1.0,0.6100000143051147
0,1063212347,788,1.0,0.6200000047683716
0,1063212347,789,1.0,0.6150000095367432
0,1063212347,790,1.0,0.6100000143051147
0,1063212347,791,1.0,0.625
0,1063212347,792,1.0,0.6100000143051147
0,1063212347,793,1.0,0.6200000047683716
0,1063212347,794,1.0,0.625
0,1063212347,795,1.0,0.625
0,1063212347,796,1.0,0.6100000143051147
0,1063212347,797,1.0,0.6049999594688416
0,1063212347,798,1.0,0.6150000095367432
0,1063212347,799,1.0,0.6100000143051147
0,1063212347,800,1.0,0.6349999904632568
0,1063212347,801,1.0,0.6150000095367432
0,1063212347,802,1.0,0.6049999594688416
0,1063212347,803,1.0,0.625
0,1063212347,804,1.0,0.6150000095367432
0,1063212347,805,1.0,0.5999999642372131
0,1063212347,806,1.0,0.6299999952316284
0,1063212347,807,1.0,0.625
0,1063212347,808,1.0,0.625
0,1063212347,809,1.0,0.6200000047683716
0,1063212347,810,1.0,0.6200000047683716
0,1063212347,811,1.0,0.6049999594688416
0,1063212347,812,1.0,0.6349999904632568
0,1063212347,813,1.0,0.625
0,1063212347,814,1.0,0.6200000047683716
0,1063212347,815,1.0,0.6200000047683716
0,1063212347,816,1.0,0.6150000095367432
0,1063212347,817,1.0,0.5999999642372131
0,1063212347,818,1.0,0.6349999904632568
0,1063212347,819,1.0,0.625
0,1063212347,820,1.0,0.6100000143051147
0,1063212347,821,1.0,0.6100000143051147
0,1063212347,822,1.0,0.6100000143051147
0,1063212347,823,1.0,0.6100000143051147
0,1063212347,824,1.0,0.6299999952316284
0,1063212347,825,1.0,0.6150000095367432
0,1063212347,826,1.0,0.6049999594688416
0,1063212347,827,1.0,0.6299999952316284
0,1063212347,828,1.0,0.6299999952316284
0,1063212347,829,1.0,0.6100000143051147
0,1063212347,830,1.0,0.625
0,1063212347,831,1.0,0.6200000047683716
0,1063212347,832,1.0,0.625
0,1063212347,833,1.0,0.625
0,1063212347,834,1.0,0.6299999952316284
0,1063212347,835,1.0,0.6150000095367432
0,1063212347,836,1.0,0.6299999952316284
0,1063212347,837,1.0,0.625
0,1063212347,838,1.0,0.6150000095367432
0,1063212347,839,1.0,0.6299999952316284
0,1063212347,840,1.0,0.6399999856948853
0,1063212347,841,1.0,0.6200000047683716
0,1063212347,842,1.0,0.6200000047683716
0,1063212347,843,1.0,0.6200000047683716
0,1063212347,844,1.0,0.6200000047683716
0,1063212347,845,1.0,0.6150000095367432
0,1063212347,846,1.0,0.6349999904632568
0,1063212347,847,1.0,0.6049999594688416
0,1063212347,848,1.0,0.6299999952316284
0,1063212347,849,1.0,0.625
0,1063212347,850,1.0,0.6200000047683716
0,1063212347,851,1.0,0.6150000095367432
0,1063212347,852,1.0,0.6299999952316284
0,1063212347,853,1.0,0.6200000047683716
0,1063212347,854,1.0,0.6200000047683716
0,1063212347,855,1.0,0.625
0,1063212347,856,1.0,0.6200000047683716
0,1063212347,857,1.0,0.6200000047683716
0,1063212347,858,1.0,0.6299999952316284
0,1063212347,859,1.0,0.6200000047683716
0,1063212347,860,1.0,0.6299999952316284
0,1063212347,861,1.0,0.6299999952316284
0,1063212347,862,1.0,0.6349999904632568
0,1063212347,863,1.0,0.625
0,1063212347,864,1.0,0.6349999904632568
0,1063212347,865,1.0,0.6200000047683716
0,1063212347,866,1.0,0.6200000047683716
0,1063212347,867,1.0,0.625
0,1063212347,868,1.0,0.625
0,1063212347,869,1.0,0.625
0,1063212347,870,1.0,0.6399999856948853
0,1063212347,871,1.0,0.6299999952316284
0,1063212347,872,1.0,0.625
0,1063212347,873,1.0,0.6200000047683716
0,1063212347,874,1.0,0.6200000047683716
0,1063212347,875,1.0,0.6299999952316284
0,1063212347,876,1.0,0.6349999904632568
0,1063212347,877,1.0,0.6349999904632568
0,1063212347,878,1.0,0.6349999904632568
0,1063212347,879,1.0,0.6299999952316284
0,1063212347,880,1.0,0.625
0,1063212347,881,1.0,0.6200000047683716
0,1063212347,882,1.0,0.6299999952316284
0,1063212347,883,1.0,0.6299999952316284
0,1063212347,884,1.0,0.625
0,1063212347,885,1.0,0.6299999952316284
0,1063212347,886,1.0,0.6399999856948853
0,1063212347,887,1.0,0.625
0,1063212347,888,1.0,0.6349999904632568
0,1063212347,889,1.0,0.625
0,1063212347,890,1.0,0.6349999904632568
0,1063212347,891,1.0,0.6200000047683716
0,1063212347,892,1.0,0.6399999856948853
0,1063212347,893,1.0,0.625
0,1063212347,894,1.0,0.6399999856948853
0,1063212347,895,1.0,0.6150000095367432
0,1063212347,896,1.0,0.6299999952316284
0,1063212347,897,1.0,0.6449999809265137
0,1063212347,898,1.0,0.625
0,1063212347,899,1.0,0.625
0,1063212347,900,1.0,0.6399999856948853
0,1063212347,901,1.0,0.6150000095367432
0,1063212347,902,1.0,0.6200000047683716
0,1063212347,903,1.0,0.6299999952316284
0,1063212347,904,1.0,0.6499999761581421
0,1063212347,905,1.0,0.625
0,1063212347,906,1.0,0.6150000095367432
0,1063212347,907,1.0,0.625
0,1063212347,908,1.0,0.6399999856948853
0,1063212347,909,1.0,0.6449999809265137
0,1063212347,910,1.0,0.6299999952316284
0,1063212347,911,1.0,0.6150000095367432
0,1063212347,912,1.0,0.6449999809265137
0,1063212347,913,1.0,0.6349999904632568
0,1063212347,914,1.0,0.6299999952316284
0,1063212347,915,1.0,0.6349999904632568
0,1063212347,916,1.0,0.6349999904632568
0,1063212347,917,1.0,0.625
0,1063212347,918,1.0,0.6549999713897705
0,1063212347,919,1.0,0.6349999904632568
0,1063212347,920,1.0,0.625
0,1063212347,921,1.0,0.6299999952316284
0,1063212347,922,1.0,0.6449999809265137
0,1063212347,923,1.0,0.6299999952316284
0,1063212347,924,1.0,0.6399999856948853
0,1063212347,925,1.0,0.6449999809265137
0,1063212347,926,1.0,0.6349999904632568
0,1063212347,927,1.0,0.625
0,1063212347,928,1.0,0.6449999809265137
0,1063212347,929,1.0,0.6449999809265137
0,1063212347,930,1.0,0.6399999856948853
0,1063212347,931,1.0,0.625
0,1063212347,932,1.0,0.6299999952316284
0,1063212347,933,1.0,0.6599999666213989
0,1063212347,934,1.0,0.6349999904632568
0,1063212347,935,1.0,0.6299999952316284
0,1063212347,936,1.0,0.6349999904632568
0,1063212347,937,1.0,0.6499999761581421
0,1063212347,938,1.0,0.6349999904632568
0,1063212347,939,1.0,0.6549999713897705
0,1063212347,940,1.0,0.6399999856948853
0,1063212347,941,1.0,0.6499999761581421
0,1063212347,942,1.0,0.6349999904632568
0,1063212347,943,1.0,0.6399999856948853
0,1063212347,944,1.0,0.6349999904632568
0,1063212347,945,1.0,0.6549999713897705
0,1063212347,946,1.0,0.6349999904632568
0,1063212347,947,1.0,0.6349999904632568
0,1063212347,948,1.0,0.6449999809265137
0,1063212347,949,1.0,0.6449999809265137
0,1063212347,950,1.0,0.6299999952316284
0,1063212347,951,1.0,0.6299999952316284
0,1063212347,952,1.0,0.6549999713897705
0,1063212347,953,1.0,0.6299999952316284
0,1063212347,954,1.0,0.6399999856948853
0,1063212347,955,1.0,0.6599999666213989
0,1063212347,956,1.0,0.6499999761581421
0,1063212347,957,1.0,0.6599999666213989
0,1063212347,958,1.0,0.6549999713897705
0,1063212347,959,1.0,0.6499999761581421
0,1063212347,960,1.0,0.6449999809265137
0,1063212347,961,1.0,0.6599999666213989
0,1063212347,962,1.0,0.6499999761581421
0,1063212347,963,1.0,0.6549999713897705
0,1063212347,964,1.0,0.6449999809265137
0,1063212347,965,1.0,0.6599999666213989
0,1063212347,966,1.0,0.6449999809265137
0,1063212347,967,1.0,0.6499999761581421
0,1063212347,968,1.0,0.6649999618530273
0,1063212347,969,1.0,0.675000011920929
0,1063212347,970,1.0,0.6549999713897705
0,1063212347,971,1.0,0.6449999809265137
0,1063212347,972,1.0,0.6449999809265137
0,1063212347,973,1.0,0.6599999666213989
0,1063212347,974,1.0,0.6399999856948853
0,1063212347,975,1.0,0.6499999761581421
0,1063212347,976,1.0,0.6649999618530273
0,1063212347,977,1.0,0.6699999570846558
0,1063212347,978,1.0,0.6499999761581421
0,1063212347,979,1.0,0.6549999713897705
0,1063212347,980,1.0,0.6549999713897705
0,1063212347,981,1.0,0.6699999570846558
0,1063212347,982,1.0,0.6599999666213989
0,1063212347,983,1.0,0.6599999666213989
0,1063212347,984,1.0,0.6649999618530273
0,1063212347,985,1.0,0.6800000071525574
0,1063212347,986,1.0,0.6499999761581421
0,1063212347,987,1.0,0.6599999666213989
0,1063212347,988,1.0,0.6449999809265137
0,1063212347,989,1.0,0.6699999570846558
0,1063212347,990,1.0,0.675000011920929
0,1063212347,991,1.0,0.6699999570846558
0,1063212347,992,1.0,0.6499999761581421
0,1063212347,993,1.0,0.6699999570846558
0,1063212347,994,1.0,0.6499999761581421
0,1063212347,995,1.0,0.6549999713897705
0,1063212347,996,1.0,0.6549999713897705
0,1063212347,997,1.0,0.6699999570846558
0,1063212347,998,1.0,0.675000011920929
0,1063212347,999,1.0,0.6699999570846558
0,1063212347,1000,1.0,0.6649999618530273
0,1063212347,1001,1.0,0.6449999809265137
0,1063212347,1002,1.0,0.6449999809265137
0,1063212347,1003,1.0,0.6549999713897705
0,1063212347,1004,1.0,0.6599999666213989
0,1063212347,1005,1.0,0.6649999618530273
0,1063212347,1006,1.0,0.6800000071525574
0,1063212347,1007,1.0,0.6649999618530273
0,1063212347,1008,1.0,0.6599999666213989
0,1063212347,1009,1.0,0.6599999666213989
0,1063212347,1010,1.0,0.6699999570846558
0,1063212347,1011,1.0,0.6649999618530273
0,1063212347,1012,1.0,0.6800000071525574
0,1063212347,1013,1.0,0.6800000071525574
0,1063212347,1014,1.0,0.6599999666213989
0,1063212347,1015,1.0,0.6800000071525574
0,1063212347,1016,1.0,0.675000011920929
0,1063212347,1017,1.0,0.6549999713897705
0,1063212347,1018,1.0,0.6649999618530273
0,1063212347,1019,1.0,0.675000011920929
0,1063212347,1020,1.0,0.6599999666213989
0,1063212347,1021,1.0,0.675000011920929
0,1063212347,1022,1.0,0.675000011920929
0,1063212347,1023,1.0,0.6649999618530273
0,1063212347,1024,1.0,0.6850000023841858
0,1063212347,1025,1.0,0.6699999570846558
0,1063212347,1026,1.0,0.6649999618530273
0,1063212347,1027,1.0,0.6649999618530273
0,1063212347,1028,1.0,0.6949999928474426
0,1063212347,1029,1.0,0.675000011920929
0,1063212347,1030,1.0,0.6699999570846558
0,1063212347,1031,1.0,0.6850000023841858
0,1063212347,1032,1.0,0.6649999618530273
0,1063212347,1033,1.0,0.6800000071525574
0,1063212347,1034,1.0,0.6949999928474426
0,1063212347,1035,1.0,0.675000011920929
0,1063212347,1036,1.0,0.6800000071525574
0,1063212347,1037,1.0,0.6899999976158142
0,1063212347,1038,1.0,0.675000011920929
0,1063212347,1039,1.0,0.6649999618530273
0,1063212347,1040,1.0,0.6800000071525574
0,1063212347,1041,1.0,0.6949999928474426
0,1063212347,1042,1.0,0.6800000071525574
0,1063212347,1043,1.0,0.675000011920929
0,1063212347,1044,1.0,0.6800000071525574
0,1063212347,1045,1.0,0.675000011920929
0,1063212347,1046,1.0,0.675000011920929
0,1063212347,1047,1.0,0.6899999976158142
0,1063212347,1048,1.0,0.6649999618530273
0,1063212347,1049,1.0,0.6800000071525574
0,1063212347,1050,1.0,0.6699999570846558
0,1063212347,1051,1.0,0.6699999570846558
0,1063212347,1052,1.0,0.6599999666213989
0,1063212347,1053,1.0,0.6800000071525574
0,1063212347,1054,1.0,0.6850000023841858
0,1063212347,1055,1.0,0.675000011920929
0,1063212347,1056,1.0,0.675000011920929
0,1063212347,1057,1.0,0.6599999666213989
0,1063212347,1058,1.0,0.6850000023841858
0,1063212347,1059,1.0,0.6899999976158142
0,1063212347,1060,1.0,0.6699999570846558
0,1063212347,1061,1.0,0.6850000023841858
0,1063212347,1062,1.0,0.675000011920929
0,1063212347,1063,1.0,0.6850000023841858
0,1063212347,1064,1.0,0.6949999928474426
0,1063212347,1065,1.0,0.6649999618530273
0,1063212347,1066,1.0,0.6850000023841858
0,1063212347,1067,1.0,0.675000011920929
0,1063212347,1068,1.0,0.6850000023841858
0,1063212347,1069,1.0,0.7149999737739563
0,1063212347,1070,1.0,0.6800000071525574
0,1063212347,1071,1.0,0.6800000071525574
0,1063212347,1072,1.0,0.675000011920929
0,1063212347,1073,1.0,0.6949999928474426
0,1063212347,1074,1.0,0.6949999928474426
0,1063212347,1075,1.0,0.6850000023841858
0,1063212347,1076,1.0,0.6949999928474426
0,1063212347,1077,1.0,0.675000011920929
0,1063212347,1078,1.0,0.6850000023841858
0,1063212347,1079,1.0,0.6850000023841858
0,1063212347,1080,1.0,0.6850000023841858
0,1063212347,1081,1.0,0.6899999976158142
0,1063212347,1082,1.0,0.6599999666213989
0,1063212347,1083,1.0,0.6899999976158142
0,1063212347,1084,1.0,0.7099999785423279
0,1063212347,1085,1.0,0.6850000023841858
0,1063212347,1086,1.0,0.6850000023841858
0,1063212347,1087,1.0,0.6850000023841858
0,1063212347,1088,1.0,0.6850000023841858
0,1063212347,1089,1.0,0.6949999928474426
0,1063212347,1090,1.0,0.6649999618530273
0,1063212347,1091,1.0,0.6800000071525574
0,1063212347,1092,1.0,0.699999988079071
0,1063212347,1093,1.0,0.699999988079071
0,1063212347,1094,1.0,0.675000011920929
0,1063212347,1095,1.0,0.6800000071525574
0,1063212347,1096,1.0,0.6899999976158142
0,1063212347,1097,1.0,0.675000011920929
0,1063212347,1098,1.0,0.6949999928474426
0,1063212347,1099,1.0,0.699999988079071
0,1063212347,1100,1.0,0.6649999618530273
0,1063212347,1101,1.0,0.6800000071525574
0,1063212347,1102,1.0,0.6899999976158142
0,1063212347,1103,1.0,0.7049999833106995
0,1063212347,1104,1.0,0.699999988079071
0,1063212347,1105,1.0,0.6850000023841858
0,1063212347,1106,1.0,0.699999988079071
0,1063212347,1107,1.0,0.699999988079071
0,1063212347,1108,1.0,0.6850000023841858
0,1063212347,1109,1.0,0.7049999833106995
0,1063212347,1110,1.0,0.6949999928474426
0,1063212347,1111,1.0,0.7149999737739563
0,1063212347,1112,1.0,0.6899999976158142
0,1063212347,1113,1.0,0.6850000023841858
0,1063212347,1114,1.0,0.6949999928474426
0,1063212347,1115,1.0,0.6949999928474426
0,1063212347,1116,1.0,0.699999988079071
0,1063212347,1117,1.0,0.6949999928474426
0,1063212347,1118,1.0,0.7099999785423279
0,1063212347,1119,1.0,0.699999988079071
0,1063212347,1120,1.0,0.6850000023841858
0,1063212347,1121,1.0,0.6949999928474426
0,1063212347,1122,1.0,0.6899999976158142
0,1063212347,1123,1.0,0.6899999976158142
0,1063212347,1124,1.0,0.7049999833106995
0,1063212347,1125,1.0,0.699999988079071
0,1063212347,1126,1.0,0.6899999976158142
0,1063212347,1127,1.0,0.7049999833106995
0,1063212347,1128,1.0,0.7099999785423279
0,1063212347,1129,1.0,0.7149999737739563
0,1063212347,1130,1.0,0.699999988079071
0,1063212347,1131,1.0,0.6899999976158142
0,1063212347,1132,1.0,0.7049999833106995
0,1063212347,1133,1.0,0.7049999833106995
0,1063212347,1134,1.0,0.6949999928474426
0,1063212347,1135,1.0,0.7149999737739563
0,1063212347,1136,1.0,0.7049999833106995
0,1063212347,1137,1.0,0.699999988079071
0,1063212347,1138,1.0,0.7099999785423279
0,1063212347,1139,1.0,0.7149999737739563
0,1063212347,1140,1.0,0.7099999785423279
0,1063212347,1141,1.0,0.6899999976158142
0,1063212347,1142,1.0,0.7049999833106995
0,1063212347,1143,1.0,0.7099999785423279
0,1063212347,1144,1.0,0.7049999833106995
0,1063212347,1145,1.0,0.7199999690055847
0,1063212347,1146,1.0,0.7049999833106995
0,1063212347,1147,1.0,0.699999988079071
0,1063212347,1148,1.0,0.699999988079071
0,1063212347,1149,1.0,0.699999988079071
0,1063212347,1150,1.0,0.6949999928474426
0,1063212347,1151,1.0,0.6949999928474426
0,1063212347,1152,1.0,0.7249999642372131
0,1063212347,1153,1.0,0.7049999833106995
0,1063212347,1154,1.0,0.7049999833106995
0,1063212347,1155,1.0,0.7099999785423279
0,1063212347,1156,1.0,0.7199999690055847
0,1063212347,1157,1.0,0.7099999785423279
0,1063212347,1158,1.0,0.7099999785423279
0,1063212347,1159,1.0,0.6949999928474426
0,1063212347,1160,1.0,0.7149999737739563
0,1063212347,1161,1.0,0.7099999785423279
0,1063212347,1162,1.0,0.7049999833106995
0,1063212347,1163,1.0,0.7049999833106995
0,1063212347,1164,1.0,0.7099999785423279
0,1063212347,1165,1.0,0.7149999737739563
0,1063212347,1166,1.0,0.7049999833106995
0,1063212347,1167,1.0,0.699999988079071
0,1063212347,1168,1.0,0.7149999737739563
0,1063212347,1169,1.0,0.7049999833106995
0,1063212347,1170,1.0,0.7099999785423279
0,1063212347,1171,1.0,0.699999988079071
0,1063212347,1172,1.0,0.7099999785423279
0,1063212347,1173,1.0,0.7099999785423279
0,1063212347,1174,1.0,0.6949999928474426
0,1063212347,1175,1.0,0.7149999737739563
0,1063212347,1176,1.0,0.7099999785423279
0,1063212347,1177,1.0,0.7099999785423279
0,1063212347,1178,1.0,0.7049999833106995
0,1063212347,1179,1.0,0.7149999737739563
0,1063212347,1180,1.0,0.7249999642372131
0,1063212347,1181,1.0,0.7099999785423279
0,1063212347,1182,1.0,0.7049999833106995
0,1063212347,1183,1.0,0.7049999833106995
0,1063212347,1184,1.0,0.7099999785423279
0,1063212347,1185,1.0,0.7099999785423279
0,1063212347,1186,1.0,0.7049999833106995
0,1063212347,1187,1.0,0.7149999737739563
0,1063212347,1188,1.0,0.699999988079071
0,1063212347,1189,1.0,0.7199999690055847
0,1063212347,1190,1.0,0.7249999642372131
0,1063212347,1191,1.0,0.7099999785423279
0,1063212347,1192,1.0,0.7199999690055847
0,1063212347,1193,1.0,0.7049999833106995
0,1063212347,1194,1.0,0.7149999737739563
0,1063212347,1195,1.0,0.7099999785423279
0,1063212347,1196,1.0,0.7049999833106995
0,1063212347,1197,1.0,0.7149999737739563
0,1063212347,1198,1.0,0.7099999785423279
0,1063212347,1199,1.0,0.7099999785423279
0,1063212347,1200,1.0,0.7149999737739563
0,1063212347,1201,1.0,0.7099999785423279
0,1063212347,1202,1.0,0.7049999833106995
0,1063212347,1203,1.0,0.7099999785423279
0,1063212347,1204,1.0,0.7099999785423279
0,1063212347,1205,1.0,0.7199999690055847
0,1063212347,1206,1.0,0.699999988079071
0,1063212347,1207,1.0,0.7099999785423279
0,1063212347,1208,1.0,0.7149999737739563
0,1063212347,1209,1.0,0.7149999737739563
0,1063212347,1210,1.0,0.7199999690055847
0,1063212347,1211,1.0,0.7099999785423279
0,1063212347,1212,1.0,0.7049999833106995
0,1063212347,1213,1.0,0.7149999737739563
0,1063212347,1214,1.0,0.7199999690055847
0,1063212347,1215,1.0,0.6949999928474426
0,1063212347,1216,1.0,0.7099999785423279
0,1063212347,1217,1.0,0.7199999690055847
0,1063212347,1218,1.0,0.7099999785423279
0,1063212347,1219,1.0,0.7099999785423279
0,1063212347,1220,1.0,0.7099999785423279
0,1063212347,1221,1.0,0.7049999833106995
0,1063212347,1222,1.0,0.7149999737739563
0,1063212347,1223,1.0,0.7149999737739563
0,1063212347,1224,1.0,0.7099999785423279
0,1063212347,1225,1.0,0.7049999833106995
0,1063212347,1226,1.0,0.7199999690055847
0,1063212347,1227,1.0,0.7199999690055847
0,1063212347,1228,1.0,0.7199999690055847
0,1063212347,1229,1.0,0.7099999785423279
0,1063212347,1230,1.0,0.7099999785423279
0,1063212347,1231,1.0,0.7149999737739563
0,1063212347,1232,1.0,0.7199999690055847
0,1063212347,1233,1.0,0.7099999785423279
0,1063212347,1234,1.0,0.7199999690055847
0,1063212347,1235,1.0,0.7299999594688416
0,1063212347,1236,1.0,0.7149999737739563
0,1063212347,1237,1.0,0.7099999785423279
0,1063212347,1238,1.0,0.7249999642372131
0,1063212347,1239,1.0,0.7049999833106995
0,1063212347,1240,1.0,0.7049999833106995
0,1063212347,1241,1.0,0.7299999594688416
0,1063212347,1242,1.0,0.7199999690055847
0,1063212347,1243,1.0,0.7099999785423279
0,1063212347,1244,1.0,0.7199999690055847
0,1063212347,1245,1.0,0.7199999690055847
0,1063212347,1246,1.0,0.7149999737739563
0,1063212347,1247,1.0,0.7149999737739563
0,1063212347,1248,1.0,0.7199999690055847
0,1063212347,1249,1.0,0.7149999737739563
0,1063212347,1250,1.0,0.7299999594688416
0,1063212347,1251,1.0,0.7099999785423279
0,1063212347,1252,1.0,0.7149999737739563
0,1063212347,1253,1.0,0.7199999690055847
0,1063212347,1254,1.0,0.7099999785423279
0,1063212347,1255,1.0,0.7199999690055847
0,1063212347,1256,1.0,0.7199999690055847
0,1063212347,1257,1.0,0.7099999785423279
0,1063212347,1258,1.0,0.7199999690055847
0,1063212347,1259,1.0,0.7249999642372131
0,1063212347,1260,1.0,0.7149999737739563
0,1063212347,1261,1.0,0.7199999690055847
0,1063212347,1262,1.0,0.7149999737739563
0,1063212347,1263,1.0,0.7149999737739563
0,1063212347,1264,1.0,0.7099999785423279
0,1063212347,1265,1.0,0.7199999690055847
0,1063212347,1266,1.0,0.7299999594688416
0,1063212347,1267,1.0,0.7149999737739563
0,1063212347,1268,1.0,0.7299999594688416
0,1063212347,1269,1.0,0.7099999785423279
0,1063212347,1270,1.0,0.7199999690055847
0,1063212347,1271,1.0,0.7249999642372131
0,1063212347,1272,1.0,0.7249999642372131
0,1063212347,1273,1.0,0.7199999690055847
0,1063212347,1274,1.0,0.7199999690055847
0,1063212347,1275,1.0,0.7299999594688416
0,1063212347,1276,1.0,0.7249999642372131
0,1063212347,1277,1.0,0.7249999642372131
0,1063212347,1278,1.0,0.7149999737739563
0,1063212347,1279,1.0,0.7249999642372131
0,1063212347,1280,1.0,0.7049999833106995
0,1063212347,1281,1.0,0.7049999833106995
0,1063212347,1282,1.0,0.7249999642372131
0,1063212347,1283,1.0,0.7199999690055847
0,1063212347,1284,1.0,0.7299999594688416
0,1063212347,1285,1.0,0.7299999594688416
0,1063212347,1286,1.0,0.7249999642372131
0,1063212347,1287,1.0,0.7199999690055847
0,1063212347,1288,1.0,0.7099999785423279
0,1063212347,1289,1.0,0.7149999737739563
0,1063212347,1290,1.0,0.7199999690055847
0,1063212347,1291,1.0,0.7149999737739563
0,1063212347,1292,1.0,0.7149999737739563
0,1063212347,1293,1.0,0.7299999594688416
0,1063212347,1294,1.0,0.7249999642372131
0,1063212347,1295,1.0,0.7199999690055847
0,1063212347,1296,1.0,0.7249999642372131
0,1063212347,1297,1.0,0.7049999833106995
0,1063212347,1298,1.0,0.7199999690055847
0,1063212347,1299,1.0,0.7249999642372131
0,1063212347,1300,1.0,0.7149999737739563
0,1063212347,1301,1.0,0.73499995470047
0,1063212347,1302,1.0,0.7299999594688416
0,1063212347,1303,1.0,0.7299999594688416
0,1063212347,1304,1.0,0.7249999642372131
0,1063212347,1305,1.0,0.7299999594688416
0,1063212347,1306,1.0,0.7400000095367432
0,1063212347,1307,1.0,0.7249999642372131
0,1063212347,1308,1.0,0.7249999642372131
0,1063212347,1309,1.0,0.7199999690055847
0,1063212347,1310,1.0,0.7249999642372131
0,1063212347,1311,1.0,0.7199999690055847
0,1063212347,1312,1.0,0.7299999594688416
0,1063212347,1313,1.0,0.7299999594688416
0,1063212347,1314,1.0,0.7249999642372131
0,1063212347,1315,1.0,0.7149999737739563
0,1063212347,1316,1.0,0.7299999594688416
0,1063212347,1317,1.0,0.7249999642372131
0,1063212347,1318,1.0,0.7299999594688416
0,1063212347,1319,1.0,0.7249999642372131
0,1063212347,1320,1.0,0.7199999690055847
0,1063212347,1321,1.0,0.7249999642372131
0,1063212347,1322,1.0,0.7450000047683716
0,1063212347,1323,1.0,0.7199999690055847
0,1063212347,1324,1.0,0.7249999642372131
0,1063212347,1325,1.0,0.7299999594688416
0,1063212347,1326,1.0,0.7299999594688416
0,1063212347,1327,1.0,0.7249999642372131
0,1063212347,1328,1.0,0.7400000095367432
0,1063212347,1329,1.0,0.7400000095367432
0,1063212347,1330,1.0,0.7299999594688416
0,1063212347,1331,1.0,0.7249999642372131
0,1063212347,1332,1.0,0.7400000095367432
0,1063212347,1333,1.0,0.7299999594688416
0,1063212347,1334,1.0,0.7249999642372131
0,1063212347,1335,1.0,0.7199999690055847
0,1063212347,1336,1.0,0.7450000047683716
0,1063212347,1337,1.0,0.75
0,1063212347,1338,1.0,0.75
0,1063212347,1339,1.0,0.73499995470047
0,1063212347,1340,1.0,0.7249999642372131
0,1063212347,1341,1.0,0.73499995470047
0,1063212347,1342,1.0,0.7299999594688416
0,1063212347,1343,1.0,0.75
0,1063212347,1344,1.0,0.7299999594688416
0,1063212347,1345,1.0,0.75
0,1063212347,1346,1.0,0.7400000095367432
0,1063212347,1347,1.0,0.7450000047683716
0,1063212347,1348,1.0,0.7450000047683716
0,1063212347,1349,1.0,0.75
0,1063212347,1350,1.0,0.7249999642372131
0,1063212347,1351,1.0,0.7299999594688416
0,1063212347,1352,1.0,0.75
0,1063212347,1353,1.0,0.7400000095367432
0,1063212347,1354,1.0,0.7599999904632568
0,1063212347,1355,1.0,0.73499995470047
0,1063212347,1356,1.0,0.7400000095367432
0,1063212347,1357,1.0,0.75
0,1063212347,1358,1.0,0.7299999594688416
0,1063212347,1359,1.0,0.7400000095367432
0,1063212347,1360,1.0,0.7400000095367432
0,1063212347,1361,1.0,0.7400000095367432
0,1063212347,1362,1.0,0.7400000095367432
0,1063212347,1363,1.0,0.73499995470047
0,1063212347,1364,1.0,0.73499995470047
0,1063212347,1365,1.0,0.7299999594688416
0,1063212347,1366,1.0,0.7400000095367432
0,1063212347,1367,1.0,0.7450000047683716
0,1063212347,1368,1.0,0.7299999594688416
0,1063212347,1369,1.0,0.7400000095367432
0,1063212347,1370,1.0,0.75
0,1063212347,1371,1.0,0.7299999594688416
0,1063212347,1372,1.0,0.7549999952316284
0,1063212347,1373,1.0,0.75
0,1063212347,1374,1.0,0.7450000047683716
0,1063212347,1375,1.0,0.7450000047683716
0,1063212347,1376,1.0,0.7299999594688416
0,1063212347,1377,1.0,0.73499995470047
0,1063212347,1378,1.0,0.7549999952316284
0,1063212347,1379,1.0,0.75
0,1063212347,1380,1.0,0.7599999904632568
0,1063212347,1381,1.0,0.7450000047683716
0,1063212347,1382,1.0,0.73499995470047
0,1063212347,1383,1.0,0.7450000047683716
0,1063212347,1384,1.0,0.7549999952316284
0,1063212347,1385,1.0,0.7649999856948853
0,1063212347,1386,1.0,0.73499995470047
0,1063212347,1387,1.0,0.7450000047683716
0,1063212347,1388,1.0,0.7450000047683716
0,1063212347,1389,1.0,0.7400000095367432
0,1063212347,1390,1.0,0.7649999856948853
0,1063212347,1391,1.0,0.7450000047683716
0,1063212347,1392,1.0,0.7450000047683716
0,1063212347,1393,1.0,0.7549999952316284
0,1063212347,1394,1.0,0.7450000047683716
0,1063212347,1395,1.0,0.7699999809265137
0,1063212347,1396,1.0,0.75
0,1063212347,1397,1.0,0.7400000095367432
0,1063212347,1398,1.0,0.73499995470047
0,1063212347,1399,1.0,0.7599999904632568
0,1063212347,1400,1.0,0.7450000047683716
0,1063212347,1401,1.0,0.7450000047683716
0,1063212347,1402,1.0,0.75
0,1063212347,1403,1.0,0.75
0,1063212347,1404,1.0,0.7549999952316284
0,1063212347,1405,1.0,0.7400000095367432
0,1063212347,1406,1.0,0.7549999952316284
0,1063212347,1407,1.0,0.7599999904632568
0,1063212347,1408,1.0,0.75
0,1063212347,1409,1.0,0.75
0,1063212347,1410,1.0,0.7599999904632568
0,1063212347,1411,1.0,0.7599999904632568
0,1063212347,1412,1.0,0.7549999952316284
0,1063212347,1413,1.0,0.75
0,1063212347,1414,1.0,0.7549999952316284
0,1063212347,1415,1.0,0.7549999952316284
0,1063212347,1416,1.0,0.7400000095367432
0,1063212347,1417,1.0,0.7649999856948853
0,1063212347,1418,1.0,0.75
0,1063212347,1419,1.0,0.7599999904632568
0,1063212347,1420,1.0,0.7549999952316284
0,1063212347,1421,1.0,0.7599999904632568
0,1063212347,1422,1.0,0.7699999809265137
0,1063212347,1423,1.0,0.7699999809265137
0,1063212347,1424,1.0,0.7599999904632568
0,1063212347,1425,1.0,0.7549999952316284
0,1063212347,1426,1.0,0.7450000047683716
0,1063212347,1427,1.0,0.7549999952316284
0,1063212347,1428,1.0,0.7549999952316284
0,1063212347,1429,1.0,0.7649999856948853
0,1063212347,1430,1.0,0.75
0,1063212347,1431,1.0,0.7649999856948853
0,1063212347,1432,1.0,0.7549999952316284
0,1063212347,1433,1.0,0.7649999856948853
0,1063212347,1434,1.0,0.7699999809265137
0,1063212347,1435,1.0,0.7749999761581421
0,1063212347,1436,1.0,0.7549999952316284
0,1063212347,1437,1.0,0.7649999856948853
0,1063212347,1438,1.0,0.7549999952316284
0,1063212347,1439,1.0,0.7649999856948853
0,1063212347,1440,1.0,0.7749999761581421
0,1063212347,1441,1.0,0.7749999761581421
0,1063212347,1442,1.0,0.7649999856948853
0,1063212347,1443,1.0,0.7450000047683716
0,1063212347,1444,1.0,0.75
0,1063212347,1445,1.0,0.7549999952316284
0,1063212347,1446,1.0,0.7749999761581421
0,1063212347,1447,1.0,0.7699999809265137
0,1063212347,1448,1.0,0.7649999856948853
0,1063212347,1449,1.0,0.75
0,1063212347,1450,1.0,0.7599999904632568
0,1063212347,1451,1.0,0.7599999904632568
0,1063212347,1452,1.0,0.7799999713897705
0,1063212347,1453,1.0,0.7799999713897705
0,1063212347,1454,1.0,0.7749999761581421
0,1063212347,1455,1.0,0.7649999856948853
0,1063212347,1456,1.0,0.7699999809265137
0,1063212347,1457,1.0,0.7699999809265137
0,1063212347,1458,1.0,0.7799999713897705
0,1063212347,1459,1.0,0.7649999856948853
0,1063212347,1460,1.0,0.7599999904632568
0,1063212347,1461,1.0,0.7649999856948853
0,1063212347,1462,1.0,0.7549999952316284
0,1063212347,1463,1.0,0.7749999761581421
0,1063212347,1464,1.0,0.7799999713897705
0,1063212347,1465,1.0,0.7699999809265137
0,1063212347,1466,1.0,0.7699999809265137
0,1063212347,1467,1.0,0.7699999809265137
0,1063212347,1468,1.0,0.7749999761581421
0,1063212347,1469,1.0,0.75
0,1063212347,1470,1.0,0.7699999809265137
0,1063212347,1471,1.0,0.7799999713897705
0,1063212347,1472,1.0,0.7749999761581421
0,1063212347,1473,1.0,0.7799999713897705
0,1063212347,1474,1.0,0.7749999761581421
0,1063212347,1475,1.0,0.7749999761581421
0,1063212347,1476,1.0,0.7749999761581421
0,1063212347,1477,1.0,0.7699999809265137
0,1063212347,1478,1.0,0.7749999761581421
0,1063212347,1479,1.0,0.7799999713897705
0,1063212347,1480,1.0,0.7849999666213989
0,1063212347,1481,1.0,0.7699999809265137
0,1063212347,1482,1.0,0.7749999761581421
0,1063212347,1483,1.0,0.7799999713897705
0,1063212347,1484,1.0,0.7799999713897705
0,1063212347,1485,1.0,0.7799999713897705
0,1063212347,1486,1.0,0.7749999761581421
0,1063212347,1487,1.0,0.7799999713897705
0,1063212347,1488,1.0,0.7749999761581421
0,1063212347,1489,1.0,0.7799999713897705
0,1063212347,1490,1.0,0.7849999666213989
0,1063212347,1491,1.0,0.7749999761581421
0,1063212347,1492,1.0,0.7749999761581421
0,1063212347,1493,1.0,0.7899999618530273
0,1063212347,1494,1.0,0.7849999666213989
0,1063212347,1495,1.0,0.7849999666213989
0,1063212347,1496,1.0,0.7699999809265137
0,1063212347,1497,1.0,0.7799999713897705
0,1063212347,1498,1.0,0.7849999666213989
0,1063212347,1499,1.0,0.7899999618530273
0,1063212347,1500,1.0,0.7849999666213989
0,1063212347,1501,1.0,0.7699999809265137
0,1063212347,1502,1.0,0.7749999761581421
0,1063212347,1503,1.0,0.7949999570846558
0,1063212347,1504,1.0,0.7799999713897705
0,1063212347,1505,1.0,0.7799999713897705
0,1063212347,1506,1.0,0.7799999713897705
0,1063212347,1507,1.0,0.7699999809265137
0,1063212347,1508,1.0,0.7949999570846558
0,1063212347,1509,1.0,0.7799999713897705
0,1063212347,1510,1.0,0.7799999713897705
0,1063212347,1511,1.0,0.7749999761581421
0,1063212347,1512,1.0,0.7799999713897705
0,1063212347,1513,1.0,0.7749999761581421
0,1063212347,1514,1.0,0.7899999618530273
0,1063212347,1515,1.0,0.7849999666213989
0,1063212347,1516,1.0,0.7899999618530273
0,1063212347,1517,1.0,0.7849999666213989
0,1063212347,1518,1.0,0.7799999713897705
0,1063212347,1519,1.0,0.7849999666213989
0,1063212347,1520,1.0,0.7799999713897705
0,1063212347,1521,1.0,0.7849999666213989
0,1063212347,1522,1.0,0.7799999713897705
0,1063212347,1523,1.0,0.7849999666213989
0,1063212347,1524,1.0,0.7849999666213989
0,1063212347,1525,1.0,0.7849999666213989
0,1063212347,1526,1.0,0.7849999666213989
0,1063212347,1527,1.0,0.7899999618530273
0,1063212347,1528,1.0,0.7849999666213989
0,1063212347,1529,1.0,0.7849999666213989
0,1063212347,1530,1.0,0.7749999761581421
0,1063212347,1531,1.0,0.7849999666213989
0,1063212347,1532,1.0,0.7849999666213989
0,1063212347,1533,1.0,0.7799999713897705
0,1063212347,1534,1.0,0.7899999618530273
0,1063212347,1535,1.0,0.7999999523162842
0,1063212347,1536,1.0,0.7849999666213989
0,1063212347,1537,1.0,0.7899999618530273
0,1063212347,1538,1.0,0.7899999618530273
0,1063212347,1539,1.0,0.7949999570846558
0,1063212347,1540,1.0,0.7849999666213989
0,1063212347,1541,1.0,0.7949999570846558
0,1063212347,1542,1.0,0.7949999570846558
0,1063212347,1543,1.0,0.7849999666213989
0,1063212347,1544,1.0,0.7849999666213989
0,1063212347,1545,1.0,0.7899999618530273
0,1063212347,1546,1.0,0.7899999618530273
0,1063212347,1547,1.0,0.7899999618530273
0,1063212347,1548,1.0,0.7999999523162842
0,1063212347,1549,1.0,0.7799999713897705
0,1063212347,1550,1.0,0.7849999666213989
0,1063212347,1551,1.0,0.7949999570846558
0,1063212347,1552,1.0,0.7849999666213989
0,1063212347,1553,1.0,0.7899999618530273
0,1063212347,1554,1.0,0.7899999618530273
0,1063212347,1555,1.0,0.7849999666213989
0,1063212347,1556,1.0,0.7849999666213989
0,1063212347,1557,1.0,0.7849999666213989
0,1063212347,1558,1.0,0.7999999523162842
0,1063212347,1559,1.0,0.7949999570846558
0,1063212347,1560,1.0,0.7949999570846558
0,1063212347,1561,1.0,0.7999999523162842
0,1063212347,1562,1.0,0.7949999570846558
0,1063212347,1563,1.0,0.7899999618530273
0,1063212347,1564,1.0,0.7949999570846558
0,1063212347,1565,1.0,0.7899999618530273
0,1063212347,1566,1.0,0.7899999618530273
0,1063212347,1567,1.0,0.7899999618530273
0,1063212347,1568,1.0,0.7849999666213989
0,1063212347,1569,1.0,0.7899999618530273
0,1063212347,1570,1.0,0.7949999570846558
0,1063212347,1571,1.0,0.7899999618530273
0,1063212347,1572,1.0,0.7899999618530273
0,1063212347,1573,1.0,0.7899999618530273
0,1063212347,1574,1.0,0.7949999570846558
0,1063212347,1575,1.0,0.7849999666213989
0,1063212347,1576,1.0,0.7899999618530273
0,1063212347,1577,1.0,0.7899999618530273
0,1063212347,1578,1.0,0.7949999570846558
0,1063212347,1579,1.0,0.7999999523162842
0,1063212347,1580,1.0,0.7949999570846558
0,1063212347,1581,1.0,0.7899999618530273
0,1063212347,1582,1.0,0.7949999570846558
0,1063212347,1583,1.0,0.7949999570846558
0,1063212347,1584,1.0,0.7899999618530273
0,1063212347,1585,1.0,0.7899999618530273
0,1063212347,1586,1.0,0.7999999523162842
0,1063212347,1587,1.0,0.7949999570846558
0,1063212347,1588,1.0,0.7999999523162842
0,1063212347,1589,1.0,0.7949999570846558
0,1063212347,1590,1.0,0.7899999618530273
0,1063212347,1591,1.0,0.7899999618530273
0,1063212347,1592,1.0,0.7999999523162842
0,1063212347,1593,1.0,0.7899999618530273
0,1063212347,1594,1.0,0.7999999523162842
0,1063212347,1595,1.0,0.7899999618530273
0,1063212347,1596,1.0,0.7999999523162842
0,1063212347,1597,1.0,0.7949999570846558
0,1063212347,1598,1.0,0.7999999523162842
0,1063212347,1599,1.0,0.7949999570846558
0,1063212347,1600,1.0,0.7999999523162842
0,1063212347,1601,1.0,0.7899999618530273
0,1063212347,1602,1.0,0.7999999523162842
0,1063212347,1603,1.0,0.7949999570846558
0,1063212347,1604,1.0,0.7899999618530273
0,1063212347,1605,1.0,0.7949999570846558
0,1063212347,1606,1.0,0.8100000023841858
0,1063212347,1607,1.0,0.8100000023841858
0,1063212347,1608,1.0,0.8050000071525574
0,1063212347,1609,1.0,0.7999999523162842
0,1063212347,1610,1.0,0.7849999666213989
0,1063212347,1611,1.0,0.7899999618530273
0,1063212347,1612,1.0,0.8050000071525574
0,1063212347,1613,1.0,0.7949999570846558
0,1063212347,1614,1.0,0.7949999570846558
0,1063212347,1615,1.0,0.7999999523162842
0,1063212347,1616,1.0,0.7899999618530273
0,1063212347,1617,1.0,0.8100000023841858
0,1063212347,1618,1.0,0.8149999976158142
0,1063212347,1619,1.0,0.8100000023841858
0,1063212347,1620,1.0,0.7949999570846558
0,1063212347,1621,1.0,0.8050000071525574
0,1063212347,1622,1.0,0.7949999570846558
0,1063212347,1623,1.0,0.8050000071525574
0,1063212347,1624,1.0,0.7999999523162842
0,1063212347,1625,1.0,0.7999999523162842
0,1063212347,1626,1.0,0.8050000071525574
0,1063212347,1627,1.0,0.8050000071525574
0,1063212347,1628,1.0,0.7949999570846558
0,1063212347,1629,1.0,0.7949999570846558
0,1063212347,1630,1.0,0.7999999523162842
0,1063212347,1631,1.0,0.7949999570846558
0,1063212347,1632,1.0,0.7949999570846558
0,1063212347,1633,1.0,0.8050000071525574
0,1063212347,1634,1.0,0.8149999976158142
0,1063212347,1635,1.0,0.7899999618530273
0,1063212347,1636,1.0,0.7949999570846558
0,1063212347,1637,1.0,0.7999999523162842
0,1063212347,1638,1.0,0.8050000071525574
0,1063212347,1639,1.0,0.8100000023841858
0,1063212347,1640,1.0,0.7999999523162842
0,1063212347,1641,1.0,0.7899999618530273
0,1063212347,1642,1.0,0.7999999523162842
0,1063212347,1643,1.0,0.7949999570846558
0,1063212347,1644,1.0,0.7949999570846558
0,1063212347,1645,1.0,0.8050000071525574
0,1063212347,1646,1.0,0.7949999570846558
0,1063212347,1647,1.0,0.8050000071525574
0,1063212347,1648,1.0,0.8050000071525574
0,1063212347,1649,1.0,0.8100000023841858
0,1063212347,1650,1.0,0.8050000071525574
0,1063212347,1651,1.0,0.7949999570846558
0,1063212347,1652,1.0,0.7949999570846558
0,1063212347,1653,1.0,0.8100000023841858
0,1063212347,1654,1.0,0.8199999928474426
0,1063212347,1655,1.0,0.8149999976158142
0,1063212347,1656,1.0,0.7999999523162842
0,1063212347,1657,1.0,0.7999999523162842
0,1063212347,1658,1.0,0.8100000023841858
0,1063212347,1659,1.0,0.8100000023841858
0,1063212347,1660,1.0,0.7999999523162842
0,1063212347,1661,1.0,0.8149999976158142
0,1063212347,1662,1.0,0.8100000023841858
0,1063212347,1663,1.0,0.8100000023841858
0,1063212347,1664,1.0,0.8050000071525574
0,1063212347,1665,1.0,0.8050000071525574
0,1063212347,1666,1.0,0.8199999928474426
0,1063212347,1667,1.0,0.8149999976158142
0,1063212347,1668,1.0,0.8050000071525574
0,1063212347,1669,1.0,0.8199999928474426
0,1063212347,1670,1.0,0.8050000071525574
0,1063212347,1671,1.0,0.7999999523162842
0,1063212347,1672,1.0,0.8050000071525574
0,1063212347,1673,1.0,0.8100000023841858
0,1063212347,1674,1.0,0.7999999523162842
0,1063212347,1675,1.0,0.8050000071525574
0,1063212347,1676,1.0,0.8050000071525574
0,1063212347,1677,1.0,0.7999999523162842
0,1063212347,1678,1.0,0.8100000023841858
0,1063212347,1679,1.0,0.8149999976158142
0,1063212347,1680,1.0,0.8050000071525574
0,1063212347,1681,1.0,0.8050000071525574
0,1063212347,1682,1.0,0.8050000071525574
0,1063212347,1683,1.0,0.8050000071525574
0,1063212347,1684,1.0,0.8149999976158142
0,1063212347,1685,1.0,0.8149999976158142
0,1063212347,1686,1.0,0.8100000023841858
0,1063212347,1687,1.0,0.824999988079071
0,1063212347,1688,1.0,0.8100000023841858
0,1063212347,1689,1.0,0.8050000071525574
0,1063212347,1690,1.0,0.8100000023841858
0,1063212347,1691,1.0,0.8100000023841858
0,1063212347,1692,1.0,0.8050000071525574
0,1063212347,1693,1.0,0.8100000023841858
0,1063212347,1694,1.0,0.8149999976158142
0,1063212347,1695,1.0,0.8199999928474426
0,1063212347,1696,1.0,0.8050000071525574
0,1063212347,1697,1.0,0.8050000071525574
0,1063212347,1698,1.0,0.8149999976158142
0,1063212347,1699,1.0,0.824999988079071
0,1063212347,1700,1.0,0.7999999523162842
0,1063212347,1701,1.0,0.8199999928474426
0,1063212347,1702,1.0,0.8149999976158142
0,1063212347,1703,1.0,0.8149999976158142
0,1063212347,1704,1.0,0.8149999976158142
0,1063212347,1705,1.0,0.8149999976158142
0,1063212347,1706,1.0,0.8149999976158142
0,1063212347,1707,1.0,0.8100000023841858
0,1063212347,1708,1.0,0.8199999928474426
0,1063212347,1709,1.0,0.824999988079071
0,1063212347,1710,1.0,0.8149999976158142
0,1063212347,1711,1.0,0.8100000023841858
0,1063212347,1712,1.0,0.8149999976158142
0,1063212347,1713,1.0,0.8149999976158142
0,1063212347,1714,1.0,0.8100000023841858
0,1063212347,1715,1.0,0.8199999928474426
0,1063212347,1716,1.0,0.8100000023841858
0,1063212347,1717,1.0,0.8199999928474426
0,1063212347,1718,1.0,0.7999999523162842
0,1063212347,1719,1.0,0.8100000023841858
0,1063212347,1720,1.0,0.8299999833106995
0,1063212347,1721,1.0,0.8100000023841858
0,1063212347,1722,1.0,0.8149999976158142
0,1063212347,1723,1.0,0.8050000071525574
0,1063212347,1724,1.0,0.8149999976158142
0,1063212347,1725,1.0,0.824999988079071
0,1063212347,1726,1.0,0.824999988079071
0,1063212347,1727,1.0,0.8149999976158142
0,1063212347,1728,1.0,0.8199999928474426
0,1063212347,1729,1.0,0.8199999928474426
0,1063212347,1730,1.0,0.8199999928474426
0,1063212347,1731,1.0,0.8299999833106995
0,1063212347,1732,1.0,0.8299999833106995
0,1063212347,1733,1.0,0.824999988079071
0,1063212347,1734,1.0,0.8149999976158142
0,1063212347,1735,1.0,0.8199999928474426
0,1063212347,1736,1.0,0.8149999976158142
0,1063212347,1737,1.0,0.8100000023841858
0,1063212347,1738,1.0,0.824999988079071
0,1063212347,1739,1.0,0.8100000023841858
0,1063212347,1740,1.0,0.8349999785423279
0,1063212347,1741,1.0,0.8299999833106995
0,1063212347,1742,1.0,0.8199999928474426
0,1063212347,1743,1.0,0.8100000023841858
0,1063212347,1744,1.0,0.824999988079071
0,1063212347,1745,1.0,0.8349999785423279
0,1063212347,1746,1.0,0.824999988079071
0,1063212347,1747,1.0,0.8299999833106995
0,1063212347,1748,1.0,0.8299999833106995
0,1063212347,1749,1.0,0.8149999976158142
0,1063212347,1750,1.0,0.8399999737739563
0,1063212347,1751,1.0,0.8299999833106995
0,1063212347,1752,1.0,0.824999988079071
0,1063212347,1753,1.0,0.8199999928474426
0,1063212347,1754,1.0,0.8349999785423279
0,1063212347,1755,1.0,0.8399999737739563
0,1063212347,1756,1.0,0.8349999785423279
0,1063212347,1757,1.0,0.824999988079071
0,1063212347,1758,1.0,0.8199999928474426
0,1063212347,1759,1.0,0.8299999833106995
0,1063212347,1760,1.0,0.8399999737739563
0,1063212347,1761,1.0,0.824999988079071
0,1063212347,1762,1.0,0.8299999833106995
0,1063212347,1763,1.0,0.8199999928474426
0,1063212347,1764,1.0,0.8349999785423279
0,1063212347,1765,1.0,0.8399999737739563
0,1063212347,1766,1.0,0.8349999785423279
0,1063212347,1767,1.0,0.824999988079071
0,1063212347,1768,1.0,0.8349999785423279
0,1063212347,1769,1.0,0.824999988079071
0,1063212347,1770,1.0,0.8199999928474426
0,1063212347,1771,1.0,0.8399999737739563
0,1063212347,1772,1.0,0.8299999833106995
0,1063212347,1773,1.0,0.8199999928474426
0,1063212347,1774,1.0,0.824999988079071
0,1063212347,1775,1.0,0.8349999785423279
0,1063212347,1776,1.0,0.8349999785423279
0,1063212347,1777,1.0,0.824999988079071
0,1063212347,1778,1.0,0.8299999833106995
0,1063212347,1779,1.0,0.8199999928474426
0,1063212347,1780,1.0,0.824999988079071
0,1063212347,1781,1.0,0.824999988079071
0,1063212347,1782,1.0,0.8299999833106995
0,1063212347,1783,1.0,0.8349999785423279
0,1063212347,1784,1.0,0.8199999928474426
0,1063212347,1785,1.0,0.824999988079071
0,1063212347,1786,1.0,0.8349999785423279
0,1063212347,1787,1.0,0.824999988079071
0,1063212347,1788,1.0,0.8349999785423279
0,1063212347,1789,1.0,0.8349999785423279
0,1063212347,1790,1.0,0.824999988079071
0,1063212347,1791,1.0,0.8299999833106995
0,1063212347,1792,1.0,0.824999988079071
0,1063212347,1793,1.0,0.8349999785423279
0,1063212347,1794,1.0,0.8349999785423279
0,1063212347,1795,1.0,0.8299999833106995
0,1063212347,1796,1.0,0.8449999690055847
0,1063212347,1797,1.0,0.8349999785423279
0,1063212347,1798,1.0,0.8349999785423279
0,1063212347,1799,1.0,0.824999988079071
0,1063212347,1800,1.0,0.8299999833106995
0,1063212347,1801,1.0,0.8299999833106995
0,1063212347,1802,1.0,0.8349999785423279
0,1063212347,1803,1.0,0.8299999833106995
0,1063212347,1804,1.0,0.8449999690055847
0,1063212347,1805,1.0,0.8399999737739563
0,1063212347,1806,1.0,0.8399999737739563
0,1063212347,1807,1.0,0.8299999833106995
0,1063212347,1808,1.0,0.8349999785423279
0,1063212347,1809,1.0,0.8349999785423279
0,1063212347,1810,1.0,0.8349999785423279
0,1063212347,1811,1.0,0.8349999785423279
0,1063212347,1812,1.0,0.824999988079071
0,1063212347,1813,1.0,0.8299999833106995
0,1063212347,1814,1.0,0.8349999785423279
0,1063212347,1815,1.0,0.8349999785423279
0,1063212347,1816,1.0,0.8399999737739563
0,1063212347,1817,1.0,0.8449999690055847
0,1063212347,1818,1.0,0.8399999737739563
0,1063212347,1819,1.0,0.8299999833106995
0,1063212347,1820,1.0,0.8299999833106995
0,1063212347,1821,1.0,0.8299999833106995
0,1063212347,1822,1.0,0.8299999833106995
0,1063212347,1823,1.0,0.8299999833106995
0,1063212347,1824,1.0,0.8199999928474426
0,1063212347,1825,1.0,0.8449999690055847
0,1063212347,1826,1.0,0.8449999690055847
0,1063212347,1827,1.0,0.8449999690055847
0,1063212347,1828,1.0,0.824999988079071
0,1063212347,1829,1.0,0.8449999690055847
0,1063212347,1830,1.0,0.8349999785423279
0,1063212347,1831,1.0,0.8349999785423279
0,1063212347,1832,1.0,0.8349999785423279
0,1063212347,1833,1.0,0.824999988079071
0,1063212347,1834,1.0,0.8299999833106995
0,1063212347,1835,1.0,0.8399999737739563
0,1063212347,1836,1.0,0.8399999737739563
0,1063212347,1837,1.0,0.8349999785423279
0,1063212347,1838,1.0,0.8349999785423279
0,1063212347,1839,1.0,0.8349999785423279
0,1063212347,1840,1.0,0.8299999833106995
0,1063212347,1841,1.0,0.8499999642372131
0,1063212347,1842,1.0,0.8449999690055847
0,1063212347,1843,1.0,0.8299999833106995
0,1063212347,1844,1.0,0.8349999785423279
0,1063212347,1845,1.0,0.8349999785423279
0,1063212347,1846,1.0,0.8349999785423279
0,1063212347,1847,1.0,0.824999988079071
0,1063212347,1848,1.0,0.8399999737739563
0,1063212347,1849,1.0,0.8449999690055847
0,1063212347,1850,1.0,0.824999988079071
0,1063212347,1851,1.0,0.8199999928474426
0,1063212347,1852,1.0,0.8349999785423279
0,1063212347,1853,1.0,0.8299999833106995
0,1063212347,1854,1.0,0.8399999737739563
0,1063212347,1855,1.0,0.8449999690055847
0,1063212347,1856,1.0,0.8449999690055847
0,1063212347,1857,1.0,0.8199999928474426
0,1063212347,1858,1.0,0.8199999928474426
0,1063212347,1859,1.0,0.8299999833106995
0,1063212347,1860,1.0,0.8299999833106995
0,1063212347,1861,1.0,0.8399999737739563
0,1063212347,1862,1.0,0.8499999642372131
0,1063212347,1863,1.0,0.8399999737739563
0,1063212347,1864,1.0,0.8349999785423279
0,1063212347,1865,1.0,0.8449999690055847
0,1063212347,1866,1.0,0.8349999785423279
0,1063212347,1867,1.0,0.8499999642372131
0,1063212347,1868,1.0,0.8399999737739563
0,1063212347,1869,1.0,0.8399999737739563
0,1063212347,1870,1.0,0.824999988079071
0,1063212347,1871,1.0,0.8349999785423279
0,1063212347,1872,1.0,0.8349999785423279
0,1063212347,1873,1.0,0.8199999928474426
0,1063212347,1874,1.0,0.824999988079071
0,1063212347,1875,1.0,0.8299999833106995
0,1063212347,1876,1.0,0.8299999833106995
0,1063212347,1877,1.0,0.8299999833106995
0,1063212347,1878,1.0,0.8349999785423279
0,1063212347,1879,1.0,0.8349999785423279
0,1063212347,1880,1.0,0.8349999785423279
0,1063212347,1881,1.0,0.8349999785423279
0,1063212347,1882,1.0,0.8349999785423279
0,1063212347,1883,1.0,0.8399999737739563
0,1063212347,1884,1.0,0.8449999690055847
0,1063212347,1885,1.0,0.8449999690055847
0,1063212347,1886,1.0,0.8299999833106995
0,1063212347,1887,1.0,0.8349999785423279
0,1063212347,1888,1.0,0.8449999690055847
0,1063212347,1889,1.0,0.8499999642372131
0,1063212347,1890,1.0,0.8349999785423279
0,1063212347,1891,1.0,0.8399999737739563
0,1063212347,1892,1.0,0.8399999737739563
0,1063212347,1893,1.0,0.8349999785423279
0,1063212347,1894,1.0,0.8349999785423279
0,1063212347,1895,1.0,0.8399999737739563
0,1063212347,1896,1.0,0.8449999690055847
0,1063212347,1897,1.0,0.8349999785423279
0,1063212347,1898,1.0,0.8349999785423279
0,1063212347,1899,1.0,0.8349999785423279
0,1063212347,1900,1.0,0.8349999785423279
0,1063212347,1901,1.0,0.8399999737739563
0,1063212347,1902,1.0,0.8449999690055847
0,1063212347,1903,1.0,0.8449999690055847
0,1063212347,1904,1.0,0.8449999690055847
0,1063212347,1905,1.0,0.8399999737739563
0,1063212347,1906,1.0,0.8349999785423279
0,1063212347,1907,1.0,0.8449999690055847
0,1063212347,1908,1.0,0.8349999785423279
0,1063212347,1909,1.0,0.8449999690055847
0,1063212347,1910,1.0,0.8499999642372131
0,1063212347,1911,1.0,0.8399999737739563
0,1063212347,1912,1.0,0.8449999690055847
0,1063212347,1913,1.0,0.8399999737739563
0,1063212347,1914,1.0,0.8399999737739563
0,1063212347,1915,1.0,0.8449999690055847
0,1063212347,1916,1.0,0.8399999737739563
0,1063212347,1917,1.0,0.8299999833106995
0,1063212347,1918,1.0,0.8349999785423279
0,1063212347,1919,1.0,0.8449999690055847
0,1063212347,1920,1.0,0.8349999785423279
0,1063212347,1921,1.0,0.8399999737739563
0,1063212347,1922,1.0,0.8349999785423279
0,1063212347,1923,1.0,0.8349999785423279
0,1063212347,1924,1.0,0.8349999785423279
0,1063212347,1925,1.0,0.8299999833106995
0,1063212347,1926,1.0,0.8349999785423279
0,1063212347,1927,1.0,0.8449999690055847
0,1063212347,1928,1.0,0.8399999737739563
0,1063212347,1929,1.0,0.8449999690055847
0,1063212347,1930,1.0,0.8449999690055847
0,1063212347,1931,1.0,0.8449999690055847
0,1063212347,1932,1.0,0.8399999737739563
0,1063212347,1933,1.0,0.8349999785423279
0,1063212347,1934,1.0,0.8399999737739563
0,1063212347,1935,1.0,0.8449999690055847
0,1063212347,1936,1.0,0.8349999785423279
0,1063212347,1937,1.0,0.8399999737739563
0,1063212347,1938,1.0,0.8349999785423279
0,1063212347,1939,1.0,0.8349999785423279
0,1063212347,1940,1.0,0.8349999785423279
0,1063212347,1941,1.0,0.8399999737739563
0,1063212347,1942,1.0,0.8399999737739563
0,1063212347,1943,1.0,0.8399999737739563
0,1063212347,1944,1.0,0.8349999785423279
0,1063212347,1945,1.0,0.8349999785423279
0,1063212347,1946,1.0,0.8399999737739563
0,1063212347,1947,1.0,0.8349999785423279
0,1063212347,1948,1.0,0.8399999737739563
0,1063212347,1949,1.0,0.8449999690055847
0,1063212347,1950,1.0,0.8349999785423279
0,1063212347,1951,1.0,0.8349999785423279
0,1063212347,1952,1.0,0.8399999737739563
0,1063212347,1953,1.0,0.8399999737739563
0,1063212347,1954,1.0,0.8399999737739563
0,1063212347,1955,1.0,0.8399999737739563
0,1063212347,1956,1.0,0.8399999737739563
0,1063212347,1957,1.0,0.8449999690055847
0,1063212347,1958,1.0,0.8349999785423279
0,1063212347,1959,1.0,0.8349999785423279
0,1063212347,1960,1.0,0.8349999785423279
0,1063212347,1961,1.0,0.8349999785423279
0,1063212347,1962,1.0,0.8399999737739563
0,1063212347,1963,1.0,0.8399999737739563
0,1063212347,1964,1.0,0.8449999690055847
0,1063212347,1965,1.0,0.8399999737739563
0,1063212347,1966,1.0,0.8399999737739563
0,1063212347,1967,1.0,0.8499999642372131
0,1063212347,1968,1.0,0.8399999737739563
0,1063212347,1969,1.0,0.8399999737739563
0,1063212347,1970,1.0,0.8399999737739563
0,1063212347,1971,1.0,0.8399999737739563
0,1063212347,1972,1.0,0.8349999785423279
0,1063212347,1973,1.0,0.8349999785423279
0,1063212347,1974,1.0,0.8349999785423279
0,1063212347,1975,1.0,0.8399999737739563
0,1063212347,1976,1.0,0.8449999690055847
0,1063212347,1977,1.0,0.8399999737739563
0,1063212347,1978,1.0,0.8449999690055847
0,1063212347,1979,1.0,0.8399999737739563
0,1063212347,1980,1.0,0.8349999785423279
0,1063212347,1981,1.0,0.8399999737739563
0,1063212347,1982,1.0,0.8449999690055847
0,1063212347,1983,1.0,0.8399999737739563
0,1063212347,1984,1.0,0.8399999737739563
0,1063212347,1985,1.0,0.8399999737739563
0,1063212347,1986,1.0,0.8349999785423279
0,1063212347,1987,1.0,0.8349999785423279
0,1063212347,1988,1.0,0.8349999785423279
0,1063212347,1989,1.0,0.8349999785423279
0,1063212347,1990,1.0,0.8449999690055847
0,1063212347,1991,1.0,0.8549999594688416
0,1063212347,1992,1.0,0.8399999737739563
0,1063212347,1993,1.0,0.8399999737739563
0,1063212347,1994,1.0,0.8399999737739563
0,1063212347,1995,1.0,0.8399999737739563
0,1063212347,1996,1.0,0.8399999737739563
0,1063212347,1997,1.0,0.8449999690055847
0,1063212347,1998,1.0,0.8399999737739563
0,1063212347,1999,1.0,0.8349999785423279
0,1063212347,2000,1.0,0.8499999642372131
0,1063212347,2001,1.0,0.8399999737739563
0,1063212347,2002,1.0,0.8499999642372131
0,1063212347,2003,1.0,0.8349999785423279
0,1063212347,2004,1.0,0.8399999737739563
0,1063212347,2005,1.0,0.8399999737739563
0,1063212347,2006,1.0,0.8499999642372131
0,1063212347,2007,1.0,0.8399999737739563
0,1063212347,2008,1.0,0.8549999594688416
0,1063212347,2009,1.0,0.8449999690055847
0,1063212347,2010,1.0,0.8399999737739563
0,1063212347,2011,1.0,0.8499999642372131
0,1063212347,2012,1.0,0.8399999737739563
0,1063212347,2013,1.0,0.8449999690055847
0,1063212347,2014,1.0,0.8549999594688416
0,1063212347,2015,1.0,0.8549999594688416
0,1063212347,2016,1.0,0.8399999737739563
0,1063212347,2017,1.0,0.8399999737739563
0,1063212347,2018,1.0,0.8399999737739563
0,1063212347,2019,1.0,0.8349999785423279
0,1063212347,2020,1.0,0.8449999690055847
0,1063212347,2021,1.0,0.8399999737739563
0,1063212347,2022,1.0,0.8449999690055847
0,1063212347,2023,1.0,0.8549999594688416
0,1063212347,2024,1.0,0.8499999642372131
0,1063212347,2025,1.0,0.8499999642372131
0,1063212347,2026,1.0,0.8449999690055847
0,1063212347,2027,1.0,0.8399999737739563
0,1063212347,2028,1.0,0.8349999785423279
0,1063212347,2029,1.0,0.8449999690055847
0,1063212347,2030,1.0,0.8449999690055847
0,1063212347,2031,1.0,0.8399999737739563
0,1063212347,2032,1.0,0.8499999642372131
0,1063212347,2033,1.0,0.8549999594688416
0,1063212347,2034,1.0,0.8449999690055847
0,1063212347,2035,1.0,0.8549999594688416
0,1063212347,2036,1.0,0.8499999642372131
0,1063212347,2037,1.0,0.8549999594688416
0,1063212347,2038,1.0,0.8449999690055847
0,1063212347,2039,1.0,0.8399999737739563
0,1063212347,2040,1.0,0.8449999690055847
0,1063212347,2041,1.0,0.8449999690055847
0,1063212347,2042,1.0,0.8549999594688416
0,1063212347,2043,1.0,0.8499999642372131
0,1063212347,2044,1.0,0.8499999642372131
0,1063212347,2045,1.0,0.8499999642372131
0,1063212347,2046,1.0,0.85999995470047
0,1063212347,2047,1.0,0.8549999594688416
0,1063212347,2048,1.0,0.8499999642372131
0,1063212347,2049,1.0,0.8549999594688416
0,1063212347,2050,1.0,0.85999995470047
0,1063212347,2051,1.0,0.85999995470047
0,1063212347,2052,1.0,0.8549999594688416
0,1063212347,2053,1.0,0.8499999642372131
0,1063212347,2054,1.0,0.8650000095367432
0,1063212347,2055,1.0,0.8549999594688416
0,1063212347,2056,1.0,0.8499999642372131
0,1063212347,2057,1.0,0.8499999642372131
0,1063212347,2058,1.0,0.8549999594688416
0,1063212347,2059,1.0,0.8549999594688416
0,1063212347,2060,1.0,0.85999995470047
0,1063212347,2061,1.0,0.8549999594688416
0,1063212347,2062,1.0,0.8650000095367432
0,1063212347,2063,1.0,0.8700000047683716
0,1063212347,2064,1.0,0.8499999642372131
0,1063212347,2065,1.0,0.8499999642372131
0,1063212347,2066,1.0,0.8399999737739563
0,1063212347,2067,1.0,0.8549999594688416
0,1063212347,2068,1.0,0.8549999594688416
0,1063212347,2069,1.0,0.85999995470047
0,1063212347,2070,1.0,0.8700000047683716
0,1063212347,2071,1.0,0.8700000047683716
0,1063212347,2072,1.0,0.8700000047683716
0,1063212347,2073,1.0,0.85999995470047
0,1063212347,2074,1.0,0.8650000095367432
0,1063212347,2075,1.0,0.8700000047683716
0,1063212347,2076,1.0,0.8650000095367432
0,1063212347,2077,1.0,0.8700000047683716
0,1063212347,2078,1.0,0.85999995470047
0,1063212347,2079,1.0,0.85999995470047
0,1063212347,2080,1.0,0.8700000047683716
0,1063212347,2081,1.0,0.8650000095367432
0,1063212347,2082,1.0,0.8650000095367432
0,1063212347,2083,1.0,0.8700000047683716
0,1063212347,2084,1.0,0.8549999594688416
0,1063212347,2085,1.0,0.8650000095367432
0,1063212347,2086,1.0,0.8700000047683716
0,1063212347,2087,1.0,0.8700000047683716
0,1063212347,2088,1.0,0.875
0,1063212347,2089,1.0,0.8650000095367432
0,1063212347,2090,1.0,0.8700000047683716
0,1063212347,2091,1.0,0.8650000095367432
0,1063212347,2092,1.0,0.85999995470047
0,1063212347,2093,1.0,0.8700000047683716
0,1063212347,2094,1.0,0.8700000047683716
0,1063212347,2095,1.0,0.8650000095367432
0,1063212347,2096,1.0,0.875
0,1063212347,2097,1.0,0.875
0,1063212347,2098,1.0,0.8700000047683716
0,1063212347,2099,1.0,0.8650000095367432
0,1063212347,2100,1.0,0.8700000047683716
0,1063212347,2101,1.0,0.8650000095367432
0,1063212347,2102,1.0,0.875
0,1063212347,2103,1.0,0.875
0,1063212347,2104,1.0,0.875
0,1063212347,2105,1.0,0.8700000047683716
0,1063212347,2106,1.0,0.875
0,1063212347,2107,1.0,0.875
0,1063212347,2108,1.0,0.875
0,1063212347,2109,1.0,0.8700000047683716
0,1063212347,2110,1.0,0.875
0,1063212347,2111,1.0,0.8700000047683716
0,1063212347,2112,1.0,0.8700000047683716
0,1063212347,2113,1.0,0.8700000047683716
0,1063212347,2114,1.0,0.8700000047683716
0,1063212347,2115,1.0,0.8700000047683716
0,1063212347,2116,1.0,0.875
0,1063212347,2117,1.0,0.8700000047683716
0,1063212347,2118,1.0,0.8650000095367432
0,1063212347,2119,1.0,0.8700000047683716
0,1063212347,2120,1.0,0.875
0,1063212347,2121,1.0,0.8799999952316284
0,1063212347,2122,1.0,0.8799999952316284
0,1063212347,2123,1.0,0.875
0,1063212347,2124,1.0,0.875
0,1063212347,2125,1.0,0.875
0,1063212347,2126,1.0,0.875
0,1063212347,2127,1.0,0.8700000047683716
0,1063212347,2128,1.0,0.875
0,1063212347,2129,1.0,0.875
0,1063212347,2130,1.0,0.8799999952316284
0,1063212347,2131,1.0,0.875
0,1063212347,2132,1.0,0.875
0,1063212347,2133,1.0,0.8799999952316284
0,1063212347,2134,1.0,0.8799999952316284
0,1063212347,2135,1.0,0.8849999904632568
0,1063212347,2136,1.0,0.8799999952316284
0,1063212347,2137,1.0,0.8799999952316284
0,1063212347,2138,1.0,0.8799999952316284
0,1063212347,2139,1.0,0.8799999952316284
0,1063212347,2140,1.0,0.8799999952316284
0,1063212347,2141,1.0,0.875
0,1063212347,2142,1.0,0.875
0,1063212347,2143,1.0,0.8849999904632568
0,1063212347,2144,1.0,0.8799999952316284
0,1063212347,2145,1.0,0.8849999904632568
0,1063212347,2146,1.0,0.8849999904632568
0,1063212347,2147,1.0,0.8899999856948853
0,1063212347,2148,1.0,0.8849999904632568
0,1063212347,2149,1.0,0.8849999904632568
0,1063212347,2150,1.0,0.8949999809265137
0,1063212347,2151,1.0,0.8849999904632568
0,1063212347,2152,1.0,0.875
0,1063212347,2153,1.0,0.8799999952316284
0,1063212347,2154,1.0,0.8799999952316284
0,1063212347,2155,1.0,0.8899999856948853
0,1063212347,2156,1.0,0.8899999856948853
0,1063212347,2157,1.0,0.8899999856948853
0,1063212347,2158,1.0,0.8849999904632568
0,1063212347,2159,1.0,0.8899999856948853
0,1063212347,2160,1.0,0.8799999952316284
0,1063212347,2161,1.0,0.8899999856948853
0,1063212347,2162,1.0,0.8949999809265137
0,1063212347,2163,1.0,0.875
0,1063212347,2164,1.0,0.875
0,1063212347,2165,1.0,0.8899999856948853
0,1063212347,2166,1.0,0.8899999856948853
0,1063212347,2167,1.0,0.8899999856948853
0,1063212347,2168,1.0,0.8899999856948853
0,1063212347,2169,1.0,0.8899999856948853
0,1063212347,2170,1.0,0.8849999904632568
0,1063212347,2171,1.0,0.8849999904632568
0,1063212347,2172,1.0,0.8949999809265137
0,1063212347,2173,1.0,0.8799999952316284
0,1063212347,2174,1.0,0.8799999952316284
0,1063212347,2175,1.0,0.8849999904632568
0,1063212347,2176,1.0,0.8799999952316284
0,1063212347,2177,1.0,0.8999999761581421
0,1063212347,2178,1.0,0.8949999809265137
0,1063212347,2179,1.0,0.8899999856948853
0,1063212347,2180,1.0,0.8849999904632568
0,1063212347,2181,1.0,0.8899999856948853
0,1063212347,2182,1.0,0.9199999570846558
0,1063212347,2183,1.0,0.8999999761581421
0,1063212347,2184,1.0,0.9049999713897705
0,1063212347,2185,1.0,0.8999999761581421
0,1063212347,2186,1.0,0.8949999809265137
0,1063212347,2187,1.0,0.8899999856948853
0,1063212347,2188,1.0,0.8949999809265137
0,1063212347,2189,1.0,0.9149999618530273
0,1063212347,2190,1.0,0.9199999570846558
0,1063212347,2191,1.0,0.9249999523162842
0,1063212347,2192,1.0,0.9149999618530273
0,1063212347,2193,1.0,0.9049999713897705
0,1063212347,2194,1.0,0.9049999713897705
0,1063212347,2195,1.0,0.8999999761581421
0,1063212347,2196,1.0,0.9199999570846558
0,1063212347,2197,1.0,0.9099999666213989
0,1063212347,2198,1.0,0.8949999809265137
0,1063212347,2199,1.0,0.8999999761581421
0,1063212347,2200,1.0,0.9199999570846558
0,1063212347,2201,1.0,0.9350000023841858
0,1063212347,2202,1.0,0.9149999618530273
0,1063212347,2203,1.0,0.9149999618530273
0,1063212347,2204,1.0,0.9149999618530273
0,1063212347,2205,1.0,0.9149999618530273
0,1063212347,2206,1.0,0.9099999666213989
0,1063212347,2207,1.0,0.8949999809265137
0,1063212347,2208,1.0,0.9149999618530273
0,1063212347,2209,1.0,0.9199999570846558
0,1063212347,2210,1.0,0.9149999618530273
0,1063212347,2211,1.0,0.9350000023841858
0,1063212347,2212,1.0,0.9350000023841858
0,1063212347,2213,1.0,0.9149999618530273
0,1063212347,2214,1.0,0.9149999618530273
0,1063212347,2215,1.0,0.9149999618530273
0,1063212347,2216,1.0,0.9149999618530273
0,1063212347,2217,1.0,0.9099999666213989
0,1063212347,2218,1.0,0.9199999570846558
0,1063212347,2219,1.0,0.9199999570846558
0,1063212347,2220,1.0,0.9350000023841858
0,1063212347,2221,1.0,0.9399999976158142
0,1063212347,2222,1.0,0.9350000023841858
0,1063212347,2223,1.0,0.9199999570846558
0,1063212347,2224,1.0,0.9300000071525574
0,1063212347,2225,1.0,0.9199999570846558
0,1063212347,2226,1.0,0.9199999570846558
0,1063212347,2227,1.0,0.9149999618530273
0,1063212347,2228,1.0,0.9249999523162842
0,1063212347,2229,1.0,0.9350000023841858
0,1063212347,2230,1.0,0.9350000023841858
0,1063212347,2231,1.0,0.9350000023841858
0,1063212347,2232,1.0,0.9300000071525574
0,1063212347,2233,1.0,0.9350000023841858
0,1063212347,2234,1.0,0.9300000071525574
0,1063212347,2235,1.0,0.9149999618530273
0,1063212347,2236,1.0,0.9350000023841858
0,1063212347,2237,1.0,0.9350000023841858
0,1063212347,2238,1.0,0.9199999570846558
0,1063212347,2239,1.0,0.9149999618530273
0,1063212347,2240,1.0,0.9049999713897705
0,1063212347,2241,1.0,0.9300000071525574
0,1063212347,2242,1.0,0.9249999523162842
0,1063212347,2243,1.0,0.9300000071525574
0,1063212347,2244,1.0,0.9399999976158142
0,1063212347,2245,1.0,0.9350000023841858
0,1063212347,2246,1.0,0.9300000071525574
0,1063212347,2247,1.0,0.9350000023841858
0,1063212347,2248,1.0,0.9350000023841858
0,1063212347,2249,1.0,0.9350000023841858
0,1063212347,2250,1.0,0.9249999523162842
0,1063212347,2251,1.0,0.9350000023841858
0,1063212347,2252,1.0,0.9399999976158142
0,1063212347,2253,1.0,0.9399999976158142
0,1063212347,2254,1.0,0.9399999976158142
0,1063212347,2255,1.0,0.9399999976158142
0,1063212347,2256,1.0,0.9249999523162842
0,1063212347,2257,1.0,0.9249999523162842
0,1063212347,2258,1.0,0.9350000023841858
0,1063212347,2259,1.0,0.9300000071525574
0,1063212347,2260,1.0,0.9399999976158142
0,1063212347,2261,1.0,0.9350000023841858
0,1063212347,2262,1.0,0.9350000023841858
0,1063212347,2263,1.0,0.9350000023841858
0,1063212347,2264,1.0,0.9300000071525574
0,1063212347,2265,1.0,0.9149999618530273
0,1063212347,2266,1.0,0.9249999523162842
0,1063212347,2267,1.0,0.9249999523162842
0,1063212347,2268,1.0,0.9399999976158142
0,1063212347,2269,1.0,0.9449999928474426
0,1063212347,2270,1.0,0.9399999976158142
0,1063212347,2271,1.0,0.9449999928474426
0,1063212347,2272,1.0,0.9449999928474426
0,1063212347,2273,1.0,0.9199999570846558
0,1063212347,2274,1.0,0.9199999570846558
0,1063212347,2275,1.0,0.9199999570846558
0,1063212347,2276,1.0,0.9399999976158142
0,1063212347,2277,1.0,0.9350000023841858
0,1063212347,2278,1.0,0.9350000023841858
0,1063212347,2279,1.0,0.9350000023841858
0,1063212347,2280,1.0,0.9199999570846558
0,1063212347,2281,1.0,0.9199999570846558
0,1063212347,2282,1.0,0.9249999523162842
0,1063212347,2283,1.0,0.9399999976158142
0,1063212347,2284,1.0,0.9399999976158142
0,1063212347,2285,1.0,0.9399999976158142
0,1063212347,2286,1.0,0.9399999976158142
0,1063212347,2287,1.0,0.9350000023841858
0,1063212347,2288,1.0,0.9300000071525574
0,1063212347,2289,1.0,0.9350000023841858
0,1063212347,2290,1.0,0.9249999523162842
0,1063212347,2291,1.0,0.9300000071525574
0,1063212347,2292,1.0,0.9350000023841858
0,1063212347,2293,1.0,0.9249999523162842
0,1063212347,2294,1.0,0.9199999570846558
0,1063212347,2295,1.0,0.9149999618530273
0,1063212347,2296,1.0,0.9300000071525574
0,1063212347,2297,1.0,0.9300000071525574
0,1063212347,2298,1.0,0.9300000071525574
0,1063212347,2299,1.0,0.9300000071525574
0,1063212347,2300,1.0,0.9300000071525574
0,1063212347,2301,1.0,0.9449999928474426
0,1063212347,2302,1.0,0.9449999928474426
0,1063212347,2303,1.0,0.949999988079071
0,1063212347,2304,1.0,0.9449999928474426
0,1063212347,2305,1.0,0.9399999976158142
0,1063212347,2306,1.0,0.949999988079071
0,1063212347,2307,1.0,0.9350000023841858
0,1063212347,2308,1.0,0.9300000071525574
0,1063212347,2309,1.0,0.9300000071525574
0,1063212347,2310,1.0,0.9399999976158142
0,1063212347,2311,1.0,0.9449999928474426
0,1063212347,2312,1.0,0.9350000023841858
0,1063212347,2313,1.0,0.9399999976158142
0,1063212347,2314,1.0,0.9399999976158142
0,1063212347,2315,1.0,0.9449999928474426
0,1063212347,2316,1.0,0.9449999928474426
0,1063212347,2317,1.0,0.9249999523162842
0,1063212347,2318,1.0,0.9399999976158142
0,1063212347,2319,1.0,0.9399999976158142
0,1063212347,2320,1.0,0.9399999976158142
0,1063212347,2321,1.0,0.9399999976158142
0,1063212347,2322,1.0,0.9449999928474426
0,1063212347,2323,1.0,0.9449999928474426
0,1063212347,2324,1.0,0.9449999928474426
0,1063212347,2325,1.0,0.9350000023841858
0,1063212347,2326,1.0,0.9449999928474426
0,1063212347,2327,1.0,0.9449999928474426
0,1063212347,2328,1.0,0.9399999976158142
0,1063212347,2329,1.0,0.9449999928474426
0,1063212347,2330,1.0,0.9399999976158142
0,1063212347,2331,1.0,0.9449999928474426
0,1063212347,2332,1.0,0.949999988079071
0,1063212347,2333,1.0,0.949999988079071
0,1063212347,2334,1.0,0.9449999928474426
0,1063212347,2335,1.0,0.949999988079071
0,1063212347,2336,1.0,0.949999988079071
0,1063212347,2337,1.0,0.9399999976158142
0,1063212347,2338,1.0,0.9449999928474426
0,1063212347,2339,1.0,0.949999988079071
0,1063212347,2340,1.0,0.949999988079071
0,1063212347,2341,1.0,0.949999988079071
0,1063212347,2342,1.0,0.949999988079071
0,1063212347,2343,1.0,0.9549999833106995
0,1063212347,2344,1.0,0.949999988079071
0,1063212347,2345,1.0,0.9649999737739563
0,1063212347,2346,1.0,0.9599999785423279
0,1063212347,2347,1.0,0.9599999785423279
0,1063212347,2348,1.0,0.9599999785423279
0,1063212347,2349,1.0,0.949999988079071
0,1063212347,2350,1.0,0.9549999833106995
0,1063212347,2351,1.0,0.9549999833106995
0,1063212347,2352,1.0,0.9549999833106995
0,1063212347,2353,1.0,0.9549999833106995
0,1063212347,2354,1.0,0.949999988079071
0,1063212347,2355,1.0,0.9549999833106995
0,1063212347,2356,1.0,0.949999988079071
0,1063212347,2357,1.0,0.9549999833106995
0,1063212347,2358,1.0,0.9699999690055847
0,1063212347,2359,1.0,0.949999988079071
0,1063212347,2360,1.0,0.949999988079071
0,1063212347,2361,1.0,0.9549999833106995
0,1063212347,2362,1.0,0.9749999642372131
0,1063212347,2363,1.0,0.9749999642372131
0,1063212347,2364,1.0,0.9599999785423279
0,1063212347,2365,1.0,0.9549999833106995
0,1063212347,2366,1.0,0.9549999833106995
0,1063212347,2367,1.0,0.9599999785423279
0,1063212347,2368,1.0,0.9599999785423279
0,1063212347,2369,1.0,0.9649999737739563
0,1063212347,2370,1.0,0.9699999690055847
0,1063212347,2371,1.0,0.9699999690055847
0,1063212347,2372,1.0,0.9699999690055847
0,1063212347,2373,1.0,0.9699999690055847
0,1063212347,2374,1.0,0.9549999833106995
0,1063212347,2375,1.0,0.9599999785423279
0,1063212347,2376,1.0,0.9599999785423279
0,1063212347,2377,1.0,0.9549999833106995
0,1063212347,2378,1.0,0.9549999833106995
0,1063212347,2379,1.0,0.9649999737739563
0,1063212347,2380,1.0,0.9749999642372131
0,1063212347,2381,1.0,0.9699999690055847
0,1063212347,2382,1.0,0.9649999737739563
0,1063212347,2383,1.0,0.9649999737739563
0,1063212347,2384,1.0,0.9649999737739563
0,1063212347,2385,1.0,0.9649999737739563
0,1063212347,2386,1.0,0.9699999690055847
0,1063212347,2387,1.0,0.9649999737739563
0,1063212347,2388,1.0,0.9699999690055847
0,1063212347,2389,1.0,0.9749999642372131
0,1063212347,2390,1.0,0.9699999690055847
0,1063212347,2391,1.0,0.9699999690055847
0,1063212347,2392,1.0,0.9649999737739563
0,1063212347,2393,1.0,0.9699999690055847
0,1063212347,2394,1.0,0.9699999690055847
0,1063212347,2395,1.0,0.9699999690055847
0,1063212347,2396,1.0,0.9699999690055847
0,1063212347,2397,1.0,0.9649999737739563
0,1063212347,2398,1.0,0.9749999642372131
0,1063212347,2399,1.0,0.9699999690055847
0,1063212347,2400,1.0,0.9649999737739563
0,1063212347,2401,1.0,0.9699999690055847
0,1063212347,2402,1.0,0.9699999690055847
0,1063212347,2403,1.0,0.9699999690055847
0,1063212347,2404,1.0,0.9749999642372131
0,1063212347,2405,1.0,0.9749999642372131
0,1063212347,2406,1.0,0.9699999690055847
0,1063212347,2407,1.0,0.9749999642372131
0,1063212347,2408,1.0,0.9749999642372131
0,1063212347,2409,1.0,0.9749999642372131
0,1063212347,2410,1.0,0.9699999690055847
0,1063212347,2411,1.0,0.9699999690055847
0,1063212347,2412,1.0,0.9699999690055847
0,1063212347,2413,1.0,0.9699999690055847
0,1063212347,2414,1.0,0.9699999690055847
0,1063212347,2415,1.0,0.9749999642372131
0,1063212347,2416,1.0,0.9699999690055847
0,1063212347,2417,1.0,0.9699999690055847
0,1063212347,2418,1.0,0.9749999642372131
0,1063212347,2419,1.0,0.9749999642372131
0,1063212347,2420,1.0,0.9749999642372131
0,1063212347,2421,1.0,0.9749999642372131
0,1063212347,2422,1.0,0.9749999642372131
0,1063212347,2423,1.0,0.9749999642372131
0,1063212347,2424,1.0,0.9749999642372131
0,1063212347,2425,1.0,0.9749999642372131
0,1063212347,2426,1.0,0.9699999690055847
0,1063212347,2427,1.0,0.9699999690055847
0,1063212347,2428,1.0,0.9799999594688416
0,1063212347,2429,1.0,0.9749999642372131
0,1063212347,2430,1.0,0.9749999642372131
0,1063212347,2431,1.0,0.9749999642372131
0,1063212347,2432,1.0,0.9749999642372131
0,1063212347,2433,1.0,0.9749999642372131
0,1063212347,2434,1.0,0.9749999642372131
0,1063212347,2435,1.0,0.9749999642372131
0,1063212347,2436,1.0,0.9749999642372131
0,1063212347,2437,1.0,0.9749999642372131
0,1063212347,2438,1.0,0.9749999642372131
0,1063212347,2439,1.0,0.9749999642372131
0,1063212347,2440,1.0,0.9749999642372131
0,1063212347,2441,1.0,0.9699999690055847
0,1063212347,2442,1.0,0.9799999594688416
0,1063212347,2443,1.0,0.9799999594688416
0,1063212347,2444,1.0,0.9749999642372131
0,1063212347,2445,1.0,0.9699999690055847
0,1063212347,2446,1.0,0.9749999642372131
0,1063212347,2447,1.0,0.9799999594688416
0,1063212347,2448,1.0,0.9749999642372131
0,1063212347,2449,1.0,0.9799999594688416
0,1063212347,2450,1.0,0.9799999594688416
0,1063212347,2451,1.0,0.9749999642372131
0,1063212347,2452,1.0,0.9799999594688416
0,1063212347,2453,1.0,0.98499995470047
0,1063212347,2454,1.0,0.9799999594688416
0,1063212347,2455,1.0,0.98499995470047
0,1063212347,2456,1.0,0.9799999594688416
0,1063212347,2457,1.0,0.9749999642372131
0,1063212347,2458,1.0,0.9749999642372131
0,1063212347,2459,1.0,0.9799999594688416
0,1063212347,2460,1.0,0.9799999594688416
0,1063212347,2461,1.0,0.9799999594688416
0,1063212347,2462,1.0,0.98499995470047
0,1063212347,2463,1.0,0.98499995470047
0,1063212347,2464,1.0,0.98499995470047
0,1063212347,2465,1.0,0.98499995470047
0,1063212347,2466,1.0,0.98499995470047
0,1063212347,2467,1.0,0.9799999594688416
0,1063212347,2468,1.0,0.98499995470047
0,1063212347,2469,1.0,0.98499995470047
0,1063212347,2470,1.0,0.98499995470047
0,1063212347,2471,1.0,0.98499995470047
0,1063212347,2472,1.0,0.98499995470047
0,1063212347,2473,1.0,0.98499995470047
0,1063212347,2474,1.0,0.98499995470047
0,1063212347,2475,1.0,0.98499995470047
0,1063212347,2476,1.0,0.9749999642372131
0,1063212347,2477,1.0,0.98499995470047
0,1063212347,2478,1.0,0.98499995470047
0,1063212347,2479,1.0,0.98499995470047
0,1063212347,2480,1.0,0.98499995470047
0,1063212347,2481,1.0,0.98499995470047
0,1063212347,2482,1.0,0.98499995470047
0,1063212347,2483,1.0,0.98499995470047
0,1063212347,2484,1.0,0.98499995470047
0,1063212347,2485,1.0,0.98499995470047
0,1063212347,2486,1.0,0.98499995470047
0,1063212347,2487,1.0,0.98499995470047
0,1063212347,2488,1.0,0.98499995470047
0,1063212347,2489,1.0,0.98499995470047
0,1063212347,2490,1.0,0.98499995470047
0,1063212347,2491,1.0,0.98499995470047
0,1063212347,2492,1.0,0.98499995470047
0,1063212347,2493,1.0,0.98499995470047
0,1063212347,2494,1.0,0.98499995470047
0,1063212347,2495,1.0,0.98499995470047
0,1063212347,2496,1.0,0.98499995470047
0,1063212347,2497,1.0,0.98499995470047
0,1063212347,2498,1.0,0.98499995470047
0,1063212347,2499,1.0,0.98499995470047
0,1063212347,2500,1.0,0.98499995470047
0,1063212347,2501,1.0,0.98499995470047
0,1063212347,2502,1.0,0.98499995470047
0,1063212347,2503,1.0,0.98499995470047
0,1063212347,2504,1.0,0.98499995470047
0,1063212347,2505,1.0,0.98499995470047
0,1063212347,2506,1.0,0.98499995470047
0,1063212347,2507,1.0,0.98499995470047
0,1063212347,2508,1.0,0.98499995470047
0,1063212347,2509,1.0,0.98499995470047
0,1063212347,2510,1.0,0.98499995470047
0,1063212347,2511,1.0,0.98499995470047
0,1063212347,2512,1.0,0.98499995470047
0,1063212347,2513,1.0,0.98499995470047
0,1063212347,2514,1.0,0.98499995470047
0,1063212347,2515,1.0,0.98499995470047
0,1063212347,2516,1.0,0.98499995470047
0,1063212347,2517,1.0,0.98499995470047
0,1063212347,2518,1.0,0.98499995470047
0,1063212347,2519,1.0,0.98499995470047
0,1063212347,2520,1.0,0.98499995470047
0,1063212347,2521,1.0,0.98499995470047
0,1063212347,2522,1.0,0.98499995470047
0,1063212347,2523,1.0,0.98499995470047
0,1063212347,2524,1.0,0.98499995470047
0,1063212347,2525,1.0,0.98499995470047
0,1063212347,2526,1.0,0.98499995470047
0,1063212347,2527,1.0,0.98499995470047
0,1063212347,2528,1.0,0.98499995470047
0,1063212347,2529,1.0,0.98499995470047
0,1063212347,2530,1.0,0.98499995470047
0,1063212347,2531,1.0,0.98499995470047
0,1063212347,2532,1.0,0.98499995470047
0,1063212347,2533,1.0,0.98499995470047
0,1063212347,2534,1.0,0.98499995470047
0,1063212347,2535,1.0,0.98499995470047
0,1063212347,2536,1.0,0.98499995470047
0,1063212347,2537,1.0,0.98499995470047
0,1063212347,2538,1.0,0.98499995470047
0,1063212347,2539,1.0,0.98499995470047
0,1063212347,2540,1.0,0.98499995470047
0,1063212347,2541,1.0,0.98499995470047
0,1063212347,2542,1.0,0.98499995470047
0,1063212347,2543,1.0,0.98499995470047
0,1063212347,2544,1.0,0.98499995470047
0,1063212347,2545,1.0,0.98499995470047
0,1063212347,2546,1.0,0.98499995470047
0,1063212347,2547,1.0,0.98499995470047
0,1063212347,2548,1.0,0.98499995470047
0,1063212347,2549,1.0,0.98499995470047
0,1063212347,2550,1.0,0.98499995470047
0,1063212347,2551,1.0,0.98499995470047
0,1063212347,2552,1.0,0.98499995470047
0,1063212347,2553,1.0,0.98499995470047
0,1063212347,2554,1.0,0.98499995470047
0,1063212347,2555,1.0,0.98499995470047
0,1063212347,2556,1.0,0.98499995470047
0,1063212347,2557,1.0,0.98499995470047
0,1063212347,2558,1.0,0.98499995470047
0,1063212347,2559,1.0,0.98499995470047
0,1063212347,2560,1.0,0.98499995470047
0,1063212347,2561,1.0,0.98499995470047
0,1063212347,2562,1.0,0.98499995470047
0,1063212347,2563,1.0,0.98499995470047
0,1063212347,2564,1.0,0.98499995470047
0,1063212347,2565,1.0,0.98499995470047
0,1063212347,2566,1.0,0.98499995470047
0,1063212347,2567,1.0,0.98499995470047
0,1063212347,2568,1.0,0.98499995470047
0,1063212347,2569,1.0,0.98499995470047
0,1063212347,2570,1.0,0.98499995470047
0,1063212347,2571,1.0,0.98499995470047
0,1063212347,2572,1.0,0.98499995470047
0,1063212347,2573,1.0,0.98499995470047
0,1063212347,2574,1.0,0.98499995470047
0,1063212347,2575,1.0,0.98499995470047
0,1063212347,2576,1.0,0.98499995470047
0,1063212347,2577,1.0,0.98499995470047
0,1063212347,2578,1.0,0.98499995470047
0,1063212347,2579,1.0,0.98499995470047
0,1063212347,2580,1.0,0.98499995470047
0,1063212347,2581,1.0,0.98499995470047
0,1063212347,2582,1.0,0.98499995470047
0,1063212347,2583,1.0,0.98499995470047
0,1063212347,2584,1.0,0.98499995470047
0,1063212347,2585,1.0,0.98499995470047
0,1063212347,2586,1.0,0.98499995470047
0,1063212347,2587,1.0,0.9899999499320984
0,1063212347,2588,1.0,0.98499995470047
0,1063212347,2589,1.0,0.98499995470047
0,1063212347,2590,1.0,0.98499995470047
0,1063212347,2591,1.0,0.98499995470047
0,1063212347,2592,1.0,0.98499995470047
0,1063212347,2593,1.0,0.98499995470047
0,1063212347,2594,1.0,0.9899999499320984
0,1063212347,2595,1.0,0.98499995470047
0,1063212347,2596,1.0,0.98499995470047
0,1063212347,2597,1.0,0.98499995470047
0,1063212347,2598,1.0,0.98499995470047
0,1063212347,2599,1.0,0.98499995470047
0,1063212347,2600,1.0,0.98499995470047
0,1063212347,2601,1.0,0.98499995470047
0,1063212347,2602,1.0,0.98499995470047
0,1063212347,2603,1.0,0.98499995470047
0,1063212347,2604,1.0,0.98499995470047
0,1063212347,2605,1.0,0.98499995470047
0,1063212347,2606,1.0,0.9899999499320984
0,1063212347,2607,1.0,0.98499995470047
0,1063212347,2608,1.0,0.9899999499320984
0,1063212347,2609,1.0,0.98499995470047
0,1063212347,2610,1.0,0.98499995470047
0,1063212347,2611,1.0,0.98499995470047
0,1063212347,2612,1.0,0.98499995470047
0,1063212347,2613,1.0,0.9899999499320984
0,1063212347,2614,1.0,0.98499995470047
0,1063212347,2615,1.0,0.98499995470047
0,1063212347,2616,1.0,0.98499995470047
0,1063212347,2617,1.0,0.98499995470047
0,1063212347,2618,1.0,0.98499995470047
0,1063212347,2619,1.0,0.9899999499320984
0,1063212347,2620,1.0,0.9899999499320984
0,1063212347,2621,1.0,0.9899999499320984
0,1063212347,2622,1.0,0.9899999499320984
0,1063212347,2623,1.0,0.9899999499320984
0,1063212347,2624,1.0,0.9899999499320984
0,1063212347,2625,1.0,0.98499995470047
0,1063212347,2626,1.0,0.98499995470047
0,1063212347,2627,1.0,0.9899999499320984
0,1063212347,2628,1.0,0.9899999499320984
0,1063212347,2629,1.0,0.9899999499320984
0,1063212347,2630,1.0,0.9899999499320984
0,1063212347,2631,1.0,0.9899999499320984
0,1063212347,2632,1.0,0.9899999499320984
0,1063212347,2633,1.0,0.98499995470047
0,1063212347,2634,1.0,0.9899999499320984
0,1063212347,2635,1.0,0.9899999499320984
0,1063212347,2636,1.0,0.9899999499320984
0,1063212347,2637,1.0,0.9899999499320984
0,1063212347,2638,1.0,0.9899999499320984
0,1063212347,2639,1.0,0.9899999499320984
0,1063212347,2640,1.0,0.9899999499320984
0,1063212347,2641,1.0,0.9899999499320984
0,1063212347,2642,1.0,0.9899999499320984
0,1063212347,2643,1.0,0.9899999499320984
0,1063212347,2644,1.0,0.9899999499320984
0,1063212347,2645,1.0,0.9899999499320984
0,1063212347,2646,1.0,0.9899999499320984
0,1063212347,2647,1.0,0.9899999499320984
0,1063212347,2648,1.0,0.9899999499320984
0,1063212347,2649,1.0,0.9899999499320984
0,1063212347,2650,1.0,0.9899999499320984
0,1063212347,2651,1.0,0.9899999499320984
0,1063212347,2652,1.0,0.9899999499320984
0,1063212347,2653,1.0,0.9899999499320984
0,1063212347,2654,1.0,0.9899999499320984
0,1063212347,2655,1.0,0.9899999499320984
0,1063212347,2656,1.0,0.9899999499320984
0,1063212347,2657,1.0,0.9899999499320984
0,1063212347,2658,1.0,0.9899999499320984
0,1063212347,2659,1.0,0.9899999499320984
0,1063212347,2660,1.0,0.9899999499320984
0,1063212347,2661,1.0,0.9899999499320984
0,1063212347,2662,1.0,0.9899999499320984
0,1063212347,2663,1.0,0.9899999499320984
0,1063212347,2664,1.0,0.9899999499320984
0,1063212347,2665,1.0,0.9899999499320984
0,1063212347,2666,1.0,0.9899999499320984
0,1063212347,2667,1.0,0.9899999499320984
0,1063212347,2668,1.0,0.9899999499320984
0,1063212347,2669,1.0,0.9899999499320984
0,1063212347,2670,1.0,0.9899999499320984
0,1063212347,2671,1.0,0.9899999499320984
0,1063212347,2672,1.0,0.9899999499320984
0,1063212347,2673,1.0,0.9899999499320984
0,1063212347,2674,1.0,0.9899999499320984
0,1063212347,2675,1.0,0.9899999499320984
0,1063212347,2676,1.0,0.9899999499320984
0,1063212347,2677,1.0,0.9899999499320984
0,1063212347,2678,1.0,0.9899999499320984
0,1063212347,2679,1.0,0.9899999499320984
0,1063212347,2680,1.0,0.9899999499320984
0,1063212347,2681,1.0,0.9899999499320984
0,1063212347,2682,1.0,0.9899999499320984
0,1063212347,2683,1.0,0.9899999499320984
0,1063212347,2684,1.0,0.9899999499320984
0,1063212347,2685,1.0,0.9899999499320984
0,1063212347,2686,1.0,0.9899999499320984
0,1063212347,2687,1.0,0.9899999499320984
0,1063212347,2688,1.0,0.9899999499320984
0,1063212347,2689,1.0,0.9899999499320984
0,1063212347,2690,1.0,0.9899999499320984
0,1063212347,2691,1.0,0.9899999499320984
0,1063212347,2692,1.0,0.9899999499320984
0,1063212347,2693,1.0,0.9899999499320984
0,1063212347,2694,1.0,0.9899999499320984
0,1063212347,2695,1.0,0.9899999499320984
0,1063212347,2696,1.0,0.9899999499320984
0,1063212347,2697,1.0,0.9899999499320984
0,1063212347,2698,1.0,0.9899999499320984
0,1063212347,2699,1.0,0.9899999499320984
0,1063212347,2700,1.0,0.9899999499320984
0,1063212347,2701,1.0,0.9899999499320984
0,1063212347,2702,1.0,0.9899999499320984
0,1063212347,2703,1.0,0.9899999499320984
0,1063212347,2704,1.0,0.9899999499320984
0,1063212347,2705,1.0,0.9899999499320984
0,1063212347,2706,1.0,0.9899999499320984
0,1063212347,2707,1.0,0.9899999499320984
0,1063212347,2708,1.0,0.9899999499320984
0,1063212347,2709,1.0,0.9899999499320984
0,1063212347,2710,1.0,0.9899999499320984
0,1063212347,2711,1.0,0.9950000047683716
0,1063212347,2712,1.0,0.9899999499320984
0,1063212347,2713,1.0,0.9899999499320984
0,1063212347,2714,1.0,0.9899999499320984
0,1063212347,2715,1.0,0.9899999499320984
0,1063212347,2716,1.0,0.9899999499320984
0,1063212347,2717,1.0,0.9899999499320984
0,1063212347,2718,1.0,0.9899999499320984
0,1063212347,2719,1.0,0.9899999499320984
0,1063212347,2720,1.0,0.9899999499320984
0,1063212347,2721,1.0,0.9899999499320984
0,1063212347,2722,1.0,0.9899999499320984
0,1063212347,2723,1.0,0.9899999499320984
0,1063212347,2724,1.0,0.9950000047683716
0,1063212347,2725,1.0,0.9899999499320984
0,1063212347,2726,1.0,0.9899999499320984
0,1063212347,2727,1.0,0.9899999499320984
0,1063212347,2728,1.0,0.9899999499320984
0,1063212347,2729,1.0,0.9899999499320984
0,1063212347,2730,1.0,0.9899999499320984
0,1063212347,2731,1.0,0.9950000047683716
0,1063212347,2732,1.0,0.9950000047683716
0,1063212347,2733,1.0,0.9899999499320984
0,1063212347,2734,1.0,0.9899999499320984
0,1063212347,2735,1.0,0.9899999499320984
0,1063212347,2736,1.0,0.9899999499320984
0,1063212347,2737,1.0,0.9899999499320984
0,1063212347,2738,1.0,0.9899999499320984
0,1063212347,2739,1.0,0.9899999499320984
0,1063212347,2740,1.0,0.9950000047683716
0,1063212347,2741,1.0,0.9899999499320984
0,1063212347,2742,1.0,0.9899999499320984
0,1063212347,2743,1.0,0.9899999499320984
0,1063212347,2744,1.0,0.9899999499320984
0,1063212347,2745,1.0,0.9899999499320984
0,1063212347,2746,1.0,0.9950000047683716
0,1063212347,2747,1.0,0.9950000047683716
0,1063212347,2748,1.0,1.0
0,1063212347,2749,1.0,0.9899999499320984
0,1063212347,2750,1.0,0.9899999499320984
0,1063212347,2751,1.0,0.9950000047683716
0,1063212347,2752,1.0,0.9899999499320984
0,1063212347,2753,1.0,0.9950000047683716
0,1063212347,2754,1.0,0.9950000047683716
0,1063212347,2755,1.0,0.9899999499320984
0,1063212347,2756,1.0,0.9950000047683716
0,1063212347,2757,1.0,0.9950000047683716
0,1063212347,2758,1.0,0.9950000047683716
0,1063212347,2759,1.0,0.9950000047683716
0,1063212347,2760,1.0,0.9950000047683716
0,1063212347,2761,1.0,1.0
0,1063212347,2762,1.0,1.0
0,1063212347,2763,1.0,0.9899999499320984
0,1063212347,2764,1.0,0.9899999499320984
0,1063212347,2765,1.0,1.0
0,1063212347,2766,1.0,1.0
0,1063212347,2767,1.0,1.0
0,1063212347,2768,1.0,0.9950000047683716
0,1063212347,2769,1.0,0.9899999499320984
0,1063212347,2770,1.0,0.9899999499320984
0,1063212347,2771,1.0,1.0
0,1063212347,2772,1.0,1.0
0,1063212347,2773,1.0,1.0
0,1063212347,2774,1.0,1.0
0,1063212347,2775,1.0,1.0
0,1063212347,2776,1.0,1.0
0,1063212347,2777,1.0,1.0
0,1063212347,2778,1.0,1.0
0,1063212347,2779,1.0,1.0
0,1063212347,2780,1.0,1.0
0,1063212347,2781,1.0,1.0
0,1063212347,2782,1.0,1.0
0,1063212347,2783,1.0,1.0
0,1063212347,2784,1.0,1.0
0,1063212347,2785,1.0,1.0
0,1063212347,2786,1.0,1.0
0,1063212347,2787,1.0,1.0
0,1063212347,2788,1.0,1.0
0,1063212347,2789,1.0,1.0
0,1063212347,2790,1.0,1.0
0,1063212347,2791,1.0,1.0
0,1063212347,2792,1.0,1.0
0,1063212347,2793,1.0,1.0
0,1063212347,2794,1.0,1.0
0,1063212347,2795,1.0,1.0
0,1063212347,2796,1.0,1.0
0,1063212347,2797,1.0,1.0
0,1063212347,2798,1.0,1.0
0,1063212347,2799,1.0,1.0
0,1063212347,2800,1.0,1.0
0,1063212347,2801,1.0,1.0
0,1063212347,2802,1.0,1.0
0,1063212347,2803,1.0,1.0
0,1063212347,2804,1.0,1.0
0,1063212347,2805,1.0,1.0
0,1063212347,2806,1.0,1.0
0,1063212347,2807,1.0,1.0
0,1063212347,2808,1.0,1.0
0,1063212347,2809,1.0,1.0
0,1063212347,2810,1.0,1.0
0,1063212347,2811,1.0,1.0
0,1063212347,2812,1.0,1.0
0,1063212347,2813,1.0,1.0
0,1063212347,2814,1.0,1.0
0,1063212347,2815,1.0,1.0
0,1063212347,2816,1.0,1.0
0,1063212347,2817,1.0,1.0
0,1063212347,2818,1.0,1.0
0,1063212347,2819,1.0,1.0
0,1063212347,2820,1.0,1.0
0,1063212347,2821,1.0,1.0
0,1063212347,2822,1.0,1.0
0,1063212347,2823,1.0,1.0
0,1063212347,2824,1.0,1.0
0,1063212347,2825,1.0,1.0
0,1063212347,2826,1.0,1.0
0,1063212347,2827,1.0,1.0
0,1063212347,2828,1.0,1.0
0,1063212347,2829,1.0,1.0
0,1063212347,2830,1.0,1.0
0,1063212347,2831,1.0,1.0
0,1063212347,2832,1.0,1.0
0,1063212347,2833,1.0,1.0
0,1063212347,2834,1.0,1.0
0,1063212347,2835,1.0,1.0
0,1063212347,2836,1.0,1.0
0,1063212347,2837,1.0,1.0
0,1063212347,2838,1.0,1.0
0,1063212347,2839,1.0,1.0
0,1063212347,2840,1.0,1.0
0,1063212347,2841,1.0,1.0
0,1063212347,2842,1.0,1.0
0,1063212347,2843,1.0,1.0
0,1063212347,2844,1.0,1.0
0,1063212347,2845,1.0,1.0
0,1063212347,2846,1.0,1.0
0,1063212347,2847,1.0,1.0
0,1063212347,2848,1.0,1.0
0,1063212347,2849,1.0,1.0
0,1063212347,2850,1.0,1.0
0,1063212347,2851,1.0,1.0
0,1063212347,2852,1.0,1.0
0,1063212347,2853,1.0,1.0
0,1063212347,2854,1.0,1.0
0,1063212347,2855,1.0,1.0
0,1063212347,2856,1.0,1.0
0,1063212347,2857,1.0,1.0
0,1063212347,2858,1.0,1.0
0,1063212347,2859,1.0,1.0
0,1063212347,2860,1.0,1.0
0,1063212347,2861,1.0,1.0
0,1063212347,2862,1.0,1.0
0,1063212347,2863,1.0,1.0
0,1063212347,2864,1.0,1.0
0,1063212347,2865,1.0,1.0
0,1063212347,2866,1.0,1.0
0,1063212347,2867,1.0,1.0
0,1063212347,2868,1.0,1.0
0,1063212347,2869,1.0,1.0
0,1063212347,2870,1.0,1.0
0,1063212347,2871,1.0,1.0
0,1063212347,2872,1.0,1.0
0,1063212347,2873,1.0,1.0
0,1063212347,2874,1.0,1.0
0,1063212347,2875,1.0,1.0
0,1063212347,2876,1.0,1.0
0,1063212347,2877,1.0,1.0
0,1063212347,2878,1.0,1.0
0,1063212347,2879,1.0,1.0
0,1063212347,2880,1.0,1.0
0,1063212347,2881,1.0,1.0
0,1063212347,2882,1.0,1.0
0,1063212347,2883,1.0,1.0
0,1063212347,2884,1.0,1.0
0,1063212347,2885,1.0,1.0
0,1063212347,2886,1.0,1.0
0,1063212347,2887,1.0,1.0
0,1063212347,2888,1.0,1.0
0,1063212347,2889,1.0,1.0
0,1063212347,2890,1.0,1.0
0,1063212347,2891,1.0,1.0
0,1063212347,2892,1.0,1.0
0,1063212347,2893,1.0,1.0
0,1063212347,2894,1.0,1.0
0,1063212347,2895,1.0,1.0
0,1063212347,2896,1.0,1.0
0,1063212347,2897,1.0,1.0
0,1063212347,2898,1.0,1.0
0,1063212347,2899,1.0,1.0
0,1063212347,2900,1.0,1.0
0,1063212347,2901,1.0,1.0
0,1063212347,2902,1.0,1.0
0,1063212347,2903,1.0,1.0
0,1063212347,2904,1.0,1.0
0,1063212347,2905,1.0,1.0
0,1063212347,2906,1.0,1.0
0,1063212347,2907,1.0,1.0
0,1063212347,2908,1.0,1.0
0,1063212347,2909,1.0,1.0
0,1063212347,2910,1.0,1.0
0,1063212347,2911,1.0,1.0
0,1063212347,2912,1.0,1.0
0,1063212347,2913,1.0,1.0
0,1063212347,2914,1.0,1.0
0,1063212347,2915,1.0,1.0
0,1063212347,2916,1.0,1.0
0,1063212347,2917,1.0,1.0
0,1063212347,2918,1.0,1.0
0,1063212347,2919,1.0,1.0
0,1063212347,2920,1.0,1.0
0,1063212347,2921,1.0,1.0
0,1063212347,2922,1.0,1.0
0,1063212347,2923,1.0,1.0
0,1063212347,2924,1.0,1.0
0,1063212347,2925,1.0,1.0
0,1063212347,2926,1.0,1.0
0,1063212347,2927,1.0,1.0
0,1063212347,2928,1.0,1.0
0,1063212347,2929,1.0,1.0
0,1063212347,2930,1.0,1.0
0,1063212347,2931,1.0,1.0
0,1063212347,2932,1.0,1.0
0,1063212347,2933,1.0,1.0
0,1063212347,2934,1.0,1.0
0,1063212347,2935,1.0,1.0
0,1063212347,2936,1.0,1.0
0,1063212347,2937,1.0,1.0
0,1063212347,2938,1.0,1.0
0,1063212347,2939,1.0,1.0
0,1063212347,2940,1.0,1.0
0,1063212347,2941,1.0,1.0
0,1063212347,2942,1.0,1.0
0,1063212347,2943,1.0,1.0
0,1063212347,2944,1.0,1.0
0,1063212347,2945,1.0,1.0
0,1063212347,2946,1.0,1.0
0,1063212347,2947,1.0,1.0
0,1063212347,2948,1.0,1.0
0,1063212347,2949,1.0,1.0
0,1063212347,2950,1.0,1.0
0,1063212347,2951,1.0,1.0
0,1063212347,2952,1.0,1.0
0,1063212347,2953,1.0,1.0
0,1063212347,2954,1.0,1.0
0,1063212347,2955,1.0,1.0
0,1063212347,2956,1.0,1.0
0,1063212347,2957,1.0,1.0
0,1063212347,2958,1.0,1.0
0,1063212347,2959,1.0,1.0
0,1063212347,2960,1.0,1.0
0,1063212347,2961,1.0,1.0
0,1063212347,2962,1.0,1.0
0,1063212347,2963,1.0,1.0
0,1063212347,2964,1.0,1.0
0,1063212347,2965,1.0,1.0
0,1063212347,2966,1.0,1.0
0,1063212347,2967,1.0,1.0
0,1063212347,2968,1.0,1.0
0,1063212347,2969,1.0,1.0
0,1063212347,2970,1.0,1.0
0,1063212347,2971,1.0,1.0
0,1063212347,2972,1.0,1.0
0,1063212347,2973,1.0,1.0
0,1063212347,2974,1.0,1.0
0,1063212347,2975,1.0,1.0
0,1063212347,2976,1.0,1.0
0,1063212347,2977,1.0,1.0
0,1063212347,2978,1.0,1.0
0,1063212347,2979,1.0,1.0
0,1063212347,2980,1.0,1.0
0,1063212347,2981,1.0,1.0
0,1063212347,2982,1.0,1.0
0,1063212347,2983,1.0,1.0
0,1063212347,2984,1.0,1.0
0,1063212347,2985,1.0,1.0
0,1063212347,2986,1.0,1.0
0,1063212347,2987,1.0,1.0
0,1063212347,2988,1.0,1.0
0,1063212347,2989,1.0,1.0
0,1063212347,2990,1.0,1.0
0,1063212347,2991,1.0,1.0
0,1063212347,2992,1.0,1.0
0,1063212347,2993,1.0,1.0
0,1063212347,2994,1.0,1.0
0,1063212347,2995,1.0,1.0
0,1063212347,2996,1.0,1.0
0,1063212347,2997,1.0,1.0
0,1063212347,2998,1.0,1.0
0,1063212347,2999,1.0,1.0
0,1063212347,3000,1.0,1.0
0,1063212347,3001,1.0,1.0
0,1063212347,3002,1.0,1.0
0,1063212347,3003,1.0,1.0
0,1063212347,3004,1.0,1.0
0,1063212347,3005,1.0,1.0
0,1063212347,3006,1.0,1.0
0,1063212347,3007,1.0,1.0
0,1063212347,3008,1.0,1.0
0,1063212347,3009,1.0,1.0
0,1063212347,3010,1.0,1.0
0,1063212347,3011,1.0,1.0
0,1063212347,3012,1.0,1.0
0,1063212347,3013,1.0,1.0
0,1063212347,3014,1.0,1.0
0,1063212347,3015,1.0,1.0
0,1063212347,3016,1.0,1.0
0,1063212347,3017,1.0,1.0
0,1063212347,3018,1.0,1.0
0,1063212347,3019,1.0,1.0
0,1063212347,3020,1.0,1.0
0,1063212347,3021,1.0,1.0
0,1063212347,3022,1.0,1.0
0,1063212347,3023,1.0,1.0
0,1063212347,3024,1.0,1.0
0,1063212347,3025,1.0,1.0
0,1063212347,3026,1.0,1.0
0,1063212347,3027,1.0,1.0
0,1063212347,3028,1.0,1.0
0,1063212347,3029,1.0,1.0
0,1063212347,3030,1.0,1.0
0,1063212347,3031,1.0,1.0
0,1063212347,3032,1.0,1.0
0,1063212347,3033,1.0,1.0
0,1063212347,3034,1.0,1.0
0,1063212347,3035,1.0,1.0
0,1063212347,3036,1.0,1.0
0,1063212347,3037,1.0,1.0
0,1063212347,3038,1.0,1.0
0,1063212347,3039,1.0,1.0
0,1063212347,3040,1.0,1.0
0,1063212347,3041,1.0,1.0
0,1063212347,3042,1.0,1.0
0,1063212347,3043,1.0,1.0
0,1063212347,3044,1.0,1.0
0,1063212347,3045,1.0,1.0
0,1063212347,3046,1.0,1.0
0,1063212347,3047,1.0,1.0
0,1063212347,3048,1.0,1.0
0,1063212347,3049,1.0,1.0
0,1063212347,3050,1.0,1.0
0,1063212347,3051,1.0,1.0
0,1063212347,3052,1.0,1.0
0,1063212347,3053,1.0,1.0
0,1063212347,3054,1.0,1.0
0,1063212347,3055,1.0,1.0
0,1063212347,3056,1.0,1.0
0,1063212347,3057,1.0,1.0
0,1063212347,3058,1.0,1.0
0,1063212347,3059,1.0,1.0
0,1063212347,3060,1.0,1.0
0,1063212347,3061,1.0,1.0
0,1063212347,3062,1.0,1.0
0,1063212347,3063,1.0,1.0
0,1063212347,3064,1.0,1.0
0,1063212347,3065,1.0,1.0
0,1063212347,3066,1.0,1.0
0,1063212347,3067,1.0,1.0
0,1063212347,3068,1.0,1.0
0,1063212347,3069,1.0,1.0
0,1063212347,3070,1.0,1.0
0,1063212347,3071,1.0,1.0
0,1063212347,3072,1.0,1.0
0,1063212347,3073,1.0,1.0
0,1063212347,3074,1.0,1.0
0,1063212347,3075,1.0,1.0
0,1063212347,3076,1.0,1.0
0,1063212347,3077,1.0,1.0
0,1063212347,3078,1.0,1.0
0,1063212347,3079,1.0,1.0
0,1063212347,3080,1.0,1.0
0,1063212347,3081,1.0,1.0
0,1063212347,3082,1.0,1.0
0,1063212347,3083,1.0,1.0
0,1063212347,3084,1.0,1.0
0,1063212347,3085,1.0,1.0
0,1063212347,3086,1.0,1.0
0,1063212347,3087,1.0,1.0
0,1063212347,3088,1.0,1.0
0,1063212347,3089,1.0,1.0
0,1063212347,3090,1.0,1.0
0,1063212347,3091,1.0,1.0
0,1063212347,3092,1.0,1.0
0,1063212347,3093,1.0,1.0
0,1063212347,3094,1.0,1.0
0,1063212347,3095,1.0,1.0
0,1063212347,3096,1.0,1.0
0,1063212347,3097,1.0,1.0
0,1063212347,3098,1.0,1.0
0,1063212347,3099,1.0,1.0
0,1063212347,3100,1.0,1.0
0,1063212347,3101,1.0,1.0
0,1063212347,3102,1.0,1.0
0,1063212347,3103,1.0,1.0
0,1063212347,3104,1.0,1.0
0,1063212347,3105,1.0,1.0
0,1063212347,3106,1.0,1.0
0,1063212347,3107,1.0,1.0
0,1063212347,3108,1.0,1.0
0,1063212347,3109,1.0,1.0
0,1063212347,3110,1.0,1.0
0,1063212347,3111,1.0,1.0
0,1063212347,3112,1.0,1.0
0,1063212347,3113,1.0,1.0
0,1063212347,3114,1.0,1.0
0,1063212347,3115,1.0,1.0
0,1063212347,3116,1.0,1.0
0,1063212347,3117,1.0,1.0
0,1063212347,3118,1.0,1.0
0,1063212347,3119,1.0,1.0
0,1063212347,3120,1.0,1.0
0,1063212347,3121,1.0,1.0
0,1063212347,3122,1.0,1.0
0,1063212347,3123,1.0,1.0
0,1063212347,3124,1.0,1.0
0,1063212347,3125,1.0,1.0
0,1063212347,3126,1.0,1.0
0,1063212347,3127,1.0,1.0
0,1063212347,3128,1.0,1.0
0,1063212347,3129,1.0,1.0
0,1063212347,3130,1.0,1.0
0,1063212347,3131,1.0,1.0
0,1063212347,3132,1.0,1.0
0,1063212347,3133,1.0,1.0
0,1063212347,3134,1.0,1.0
0,1063212347,3135,1.0,1.0
0,1063212347,3136,1.0,1.0
0,1063212347,3137,1.0,1.0
0,1063212347,3138,1.0,1.0
0,1063212347,3139,1.0,1.0
0,1063212347,3140,1.0,1.0
0,1063212347,3141,1.0,1.0
0,1063212347,3142,1.0,1.0
0,1063212347,3143,1.0,1.0
0,1063212347,3144,1.0,1.0
0,1063212347,3145,1.0,1.0
0,1063212347,3146,1.0,1.0
0,1063212347,3147,1.0,1.0
0,1063212347,3148,1.0,1.0
0,1063212347,3149,1.0,1.0
0,1063212347,3150,1.0,1.0
0,1063212347,3151,1.0,1.0
0,1063212347,3152,1.0,1.0
0,1063212347,3153,1.0,1.0
0,1063212347,3154,1.0,1.0
0,1063212347,3155,1.0,1.0
0,1063212347,3156,1.0,1.0
0,1063212347,3157,1.0,1.0
0,1063212347,3158,1.0,1.0
0,1063212347,3159,1.0,1.0
0,1063212347,3160,1.0,1.0
0,1063212347,3161,1.0,1.0
0,1063212347,3162,1.0,1.0
0,1063212347,3163,1.0,1.0
0,1063212347,3164,1.0,1.0
0,1063212347,3165,1.0,1.0
0,1063212347,3166,1.0,1.0
0,1063212347,3167,1.0,1.0
0,1063212347,3168,1.0,1.0
0,1063212347,3169,1.0,1.0
0,1063212347,3170,1.0,1.0
0,1063212347,3171,1.0,1.0
0,1063212347,3172,1.0,1.0
0,1063212347,3173,1.0,1.0
0,1063212347,3174,1.0,1.0
0,1063212347,3175,1.0,1.0
0,1063212347,3176,1.0,1.0
0,1063212347,3177,1.0,1.0
0,1063212347,3178,1.0,1.0
0,1063212347,3179,1.0,1.0
0,1063212347,3180,1.0,1.0
0,1063212347,3181,1.0,1.0
0,1063212347,3182,1.0,1.0
0,1063212347,3183,1.0,1.0
0,1063212347,3184,1.0,1.0
0,1063212347,3185,1.0,1.0
0,1063212347,3186,1.0,1.0
0,1063212347,3187,1.0,1.0
0,1063212347,3188,1.0,1.0
0,1063212347,3189,1.0,1.0
0,1063212347,3190,1.0,1.0
0,1063212347,3191,1.0,1.0
0,1063212347,3192,1.0,1.0
0,1063212347,3193,1.0,1.0
0,1063212347,3194,1.0,1.0
0,1063212347,3195,1.0,1.0
0,1063212347,3196,1.0,1.0
0,1063212347,3197,1.0,1.0
0,1063212347,3198,1.0,1.0
0,1063212347,3199,1.0,1.0
0,1063212347,3200,1.0,1.0
0,1063212347,3201,1.0,1.0
0,1063212347,3202,1.0,1.0
0,1063212347,3203,1.0,1.0
0,1063212347,3204,1.0,1.0
0,1063212347,3205,1.0,1.0
0,1063212347,3206,1.0,1.0
0,1063212347,3207,1.0,1.0
0,1063212347,3208,1.0,1.0
0,1063212347,3209,1.0,1.0
0,1063212347,3210,1.0,1.0
0,1063212347,3211,1.0,1.0
0,1063212347,3212,1.0,1.0
0,1063212347,3213,1.0,1.0
0,1063212347,3214,1.0,1.0
0,1063212347,3215,1.0,1.0
0,1063212347,3216,1.0,1.0
0,1063212347,3217,1.0,1.0
0,1063212347,3218,1.0,1.0
0,1063212347,3219,1.0,1.0
0,1063212347,3220,1.0,1.0
0,1063212347,3221,1.0,1.0
0,1063212347,3222,1.0,1.0
0,1063212347,3223,1.0,1.0
0,1063212347,3224,1.0,1.0
0,1063212347,3225,1.0,1.0
0,1063212347,3226,1.0,1.0
0,1063212347,3227,1.0,1.0
0,1063212347,3228,1.0,1.0
0,1063212347,3229,1.0,1.0
0,1063212347,3230,1.0,1.0
0,1063212347,3231,1.0,1.0
0,1063212347,3232,1.0,1.0
0,1063212347,3233,1.0,1.0
0,1063212347,3234,1.0,1.0
0,1063212347,3235,1.0,1.0
0,1063212347,3236,1.0,1.0
0,1063212347,3237,1.0,1.0
0,1063212347,3238,1.0,1.0
0,1063212347,3239,1.0,1.0
0,1063212347,3240,1.0,1.0
0,1063212347,3241,1.0,1.0
0,1063212347,3242,1.0,1.0
0,1063212347,3243,1.0,1.0
0,1063212347,3244,1.0,1.0
0,1063212347,3245,1.0,1.0
0,1063212347,3246,1.0,1.0
0,1063212347,3247,1.0,1.0
0,1063212347,3248,1.0,1.0
0,1063212347,3249,1.0,1.0
0,1063212347,3250,1.0,1.0
0,1063212347,3251,1.0,1.0
0,1063212347,3252,1.0,1.0
0,1063212347,3253,1.0,1.0
0,1063212347,3254,1.0,1.0
0,1063212347,3255,1.0,1.0
0,1063212347,3256,1.0,1.0
0,1063212347,3257,1.0,1.0
0,1063212347,3258,1.0,1.0
0,1063212347,3259,1.0,1.0
0,1063212347,3260,1.0,1.0
0,1063212347,3261,1.0,1.0
0,1063212347,3262,1.0,1.0
0,1063212347,3263,1.0,1.0
0,1063212347,3264,1.0,1.0
0,1063212347,3265,1.0,1.0
0,1063212347,3266,1.0,1.0
0,1063212347,3267,1.0,1.0
0,1063212347,3268,1.0,1.0
0,1063212347,3269,1.0,1.0
0,1063212347,3270,1.0,1.0
0,1063212347,3271,1.0,1.0
0,1063212347,3272,1.0,1.0
0,1063212347,3273,1.0,1.0
0,1063212347,3274,1.0,1.0
0,1063212347,3275,1.0,1.0
0,1063212347,3276,1.0,1.0
0,1063212347,3277,1.0,1.0
0,1063212347,3278,1.0,1.0
0,1063212347,3279,1.0,1.0
0,1063212347,3280,1.0,1.0
0,1063212347,3281,1.0,1.0
0,1063212347,3282,1.0,1.0
0,1063212347,3283,1.0,1.0
0,1063212347,3284,1.0,1.0
0,1063212347,3285,1.0,1.0
0,1063212347,3286,1.0,1.0
0,1063212347,3287,1.0,1.0
0,1063212347,3288,1.0,1.0
0,1063212347,3289,1.0,1.0
0,1063212347,3290,1.0,1.0
0,1063212347,3291,1.0,1.0
0,1063212347,3292,1.0,1.0
0,1063212347,3293,1.0,1.0
0,1063212347,3294,1.0,1.0
0,1063212347,3295,1.0,1.0
0,1063212347,3296,1.0,1.0
0,1063212347,3297,1.0,1.0
0,1063212347,3298,1.0,1.0
0,1063212347,3299,1.0,1.0
0,1063212347,3300,1.0,1.0
0,1063212347,3301,1.0,1.0
0,1063212347,3302,1.0,1.0
0,1063212347,3303,1.0,1.0
0,1063212347,3304,1.0,1.0
0,1063212347,3305,1.0,1.0
0,1063212347,3306,1.0,1.0
0,1063212347,3307,1.0,1.0
0,1063212347,3308,1.0,1.0
0,1063212347,3309,1.0,1.0
0,1063212347,3310,1.0,1.0
0,1063212347,3311,1.0,1.0
0,1063212347,3312,1.0,1.0
0,1063212347,3313,1.0,1.0
0,1063212347,3314,1.0,1.0
0,1063212347,3315,1.0,1.0
0,1063212347,3316,1.0,1.0
0,1063212347,3317,1.0,1.0
0,1063212347,3318,1.0,1.0
0,1063212347,3319,1.0,1.0
0,1063212347,3320,1.0,1.0
0,1063212347,3321,1.0,1.0
0,1063212347,3322,1.0,1.0
0,1063212347,3323,1.0,1.0
0,1063212347,3324,1.0,1.0
0,1063212347,3325,1.0,1.0
0,1063212347,3326,1.0,1.0
0,1063212347,3327,1.0,1.0
0,1063212347,3328,1.0,1.0
0,1063212347,3329,1.0,1.0
0,1063212347,3330,1.0,1.0
0,1063212347,3331,1.0,1.0
0,1063212347,3332,1.0,1.0
0,1063212347,3333,1.0,1.0
0,1063212347,3334,1.0,1.0
0,1063212347,3335,1.0,1.0
0,1063212347,3336,1.0,1.0
0,1063212347,3337,1.0,1.0
0,1063212347,3338,1.0,1.0
0,1063212347,3339,1.0,1.0
0,1063212347,3340,1.0,1.0
0,1063212347,3341,1.0,1.0
0,1063212347,3342,1.0,1.0
0,1063212347,3343,1.0,1.0
0,1063212347,3344,1.0,1.0
0,1063212347,3345,1.0,1.0
0,1063212347,3346,1.0,1.0
0,1063212347,3347,1.0,1.0
0,1063212347,3348,1.0,1.0
0,1063212347,3349,1.0,1.0
0,1063212347,3350,1.0,1.0
0,1063212347,3351,1.0,1.0
0,1063212347,3352,1.0,1.0
0,1063212347,3353,1.0,1.0
0,1063212347,3354,1.0,1.0
0,1063212347,3355,1.0,1.0
0,1063212347,3356,1.0,1.0
0,1063212347,3357,1.0,1.0
0,1063212347,3358,1.0,1.0
0,1063212347,3359,1.0,1.0
0,1063212347,3360,1.0,1.0
0,1063212347,3361,1.0,1.0
0,1063212347,3362,1.0,1.0
0,1063212347,3363,1.0,1.0
0,1063212347,3364,1.0,1.0
0,1063212347,3365,1.0,1.0
0,1063212347,3366,1.0,1.0
0,1063212347,3367,1.0,1.0
0,1063212347,3368,1.0,1.0
0,1063212347,3369,1.0,1.0
0,1063212347,3370,1.0,1.0
0,1063212347,3371,1.0,1.0
0,1063212347,3372,1.0,1.0
0,1063212347,3373,1.0,1.0
0,1063212347,3374,1.0,1.0
0,1063212347,3375,1.0,1.0
0,1063212347,3376,1.0,1.0
0,1063212347,3377,1.0,1.0
0,1063212347,3378,1.0,1.0
0,1063212347,3379,1.0,1.0
0,1063212347,3380,1.0,1.0
0,1063212347,3381,1.0,1.0
0,1063212347,3382,1.0,1.0
0,1063212347,3383,1.0,1.0
0,1063212347,3384,1.0,1.0
0,1063212347,3385,1.0,1.0
0,1063212347,3386,1.0,1.0
0,1063212347,3387,1.0,1.0
0,1063212347,3388,1.0,1.0
0,1063212347,3389,1.0,1.0
0,1063212347,3390,1.0,1.0
0,1063212347,3391,1.0,1.0
0,1063212347,3392,1.0,1.0
0,1063212347,3393,1.0,1.0
0,1063212347,3394,1.0,1.0
0,1063212347,3395,1.0,1.0
0,1063212347,3396,1.0,1.0
0,1063212347,3397,1.0,1.0
0,1063212347,3398,1.0,1.0
0,1063212347,3399,1.0,1.0
0,1063212347,3400,1.0,1.0
0,1063212347,3401,1.0,1.0
0,1063212347,3402,1.0,1.0
0,1063212347,3403,1.0,1.0
0,1063212347,3404,1.0,1.0
0,1063212347,3405,1.0,1.0
0,1063212347,3406,1.0,1.0
0,1063212347,3407,1.0,1.0
0,1063212347,3408,1.0,1.0
0,1063212347,3409,1.0,1.0
0,1063212347,3410,1.0,1.0
0,1063212347,3411,1.0,1.0
0,1063212347,3412,1.0,1.0
0,1063212347,3413,1.0,1.0
0,1063212347,3414,1.0,1.0
0,1063212347,3415,1.0,1.0
0,1063212347,3416,1.0,1.0
0,1063212347,3417,1.0,1.0
0,1063212347,3418,1.0,1.0
0,1063212347,3419,1.0,1.0
0,1063212347,3420,1.0,1.0
0,1063212347,3421,1.0,1.0
0,1063212347,3422,1.0,1.0
0,1063212347,3423,1.0,1.0
0,1063212347,3424,1.0,1.0
0,1063212347,3425,1.0,1.0
0,1063212347,3426,1.0,1.0
0,1063212347,3427,1.0,1.0
0,1063212347,3428,1.0,1.0
0,1063212347,3429,1.0,1.0
0,1063212347,3430,1.0,1.0
0,1063212347,3431,1.0,1.0
0,1063212347,3432,1.0,1.0
0,1063212347,3433,1.0,1.0
0,1063212347,3434,1.0,1.0
0,1063212347,3435,1.0,1.0
0,1063212347,3436,1.0,1.0
0,1063212347,3437,1.0,1.0
0,1063212347,3438,1.0,1.0
0,1063212347,3439,1.0,1.0
0,1063212347,3440,1.0,1.0
0,1063212347,3441,1.0,1.0
0,1063212347,3442,1.0,1.0
0,1063212347,3443,1.0,1.0
0,1063212347,3444,1.0,1.0
0,1063212347,3445,1.0,1.0
0,1063212347,3446,1.0,1.0
0,1063212347,3447,1.0,1.0
0,1063212347,3448,1.0,1.0
0,1063212347,3449,1.0,1.0
0,1063212347,3450,1.0,1.0
0,1063212347,3451,1.0,1.0
0,1063212347,3452,1.0,1.0
0,1063212347,3453,1.0,1.0
0,1063212347,3454,1.0,1.0
0,1063212347,3455,1.0,1.0
0,1063212347,3456,1.0,1.0
0,1063212347,3457,1.0,1.0
0,1063212347,3458,1.0,1.0
0,1063212347,3459,1.0,1.0
0,1063212347,3460,1.0,1.0
0,1063212347,3461,1.0,1.0
0,1063212347,3462,1.0,1.0
0,1063212347,3463,1.0,1.0
0,1063212347,3464,1.0,1.0
0,1063212347,3465,1.0,1.0
0,1063212347,3466,1.0,1.0
0,1063212347,3467,1.0,1.0
0,1063212347,3468,1.0,1.0
0,1063212347,3469,1.0,1.0
0,1063212347,3470,1.0,1.0
0,1063212347,3471,1.0,1.0
0,1063212347,3472,1.0,1.0
0,1063212347,3473,1.0,1.0
0,1063212347,3474,1.0,1.0
0,1063212347,3475,1.0,1.0
0,1063212347,3476,1.0,1.0
0,1063212347,3477,1.0,1.0
0,1063212347,3478,1.0,1.0
0,1063212347,3479,1.0,1.0
0,1063212347,3480,1.0,1.0
0,1063212347,3481,1.0,1.0
0,1063212347,3482,1.0,1.0
0,1063212347,3483,1.0,1.0
0,1063212347,3484,1.0,1.0
0,1063212347,3485,1.0,1.0
0,1063212347,3486,1.0,1.0
0,1063212347,3487,1.0,1.0
0,1063212347,3488,1.0,1.0
0,1063212347,3489,1.0,1.0
0,1063212347,3490,1.0,1.0
0,1063212347,3491,1.0,1.0
0,1063212347,3492,1.0,1.0
0,1063212347,3493,1.0,1.0
0,1063212347,3494,1.0,1.0
0,1063212347,3495,1.0,1.0
0,1063212347,3496,1.0,1.0
0,1063212347,3497,1.0,1.0
0,1063212347,3498,1.0,1.0
0,1063212347,3499,1.0,1.0
0,1063212347,3500,1.0,1.0
0,1063212347,3501,1.0,1.0
0,1063212347,3502,1.0,1.0
0,1063212347,3503,1.0,1.0
0,1063212347,3504,1.0,1.0
0,1063212347,3505,1.0,1.0
0,1063212347,3506,1.0,1.0
0,1063212347,3507,1.0,1.0
0,1063212347,3508,1.0,1.0
0,1063212347,3509,1.0,1.0
0,1063212347,3510,1.0,1.0
0,1063212347,3511,1.0,1.0
0,1063212347,3512,1.0,1.0
0,1063212347,3513,1.0,1.0
0,1063212347,3514,1.0,1.0
0,1063212347,3515,1.0,1.0
0,1063212347,3516,1.0,1.0
0,1063212347,3517,1.0,1.0
0,1063212347,3518,1.0,1.0
0,1063212347,3519,1.0,1.0
0,1063212347,3520,1.0,1.0
0,1063212347,3521,1.0,1.0
0,1063212347,3522,1.0,1.0
0,1063212347,3523,1.0,1.0
0,1063212347,3524,1.0,1.0
0,1063212347,3525,1.0,1.0
0,1063212347,3526,1.0,1.0
0,1063212347,3527,1.0,1.0
0,1063212347,3528,1.0,1.0
0,1063212347,3529,1.0,1.0
0,1063212347,3530,1.0,1.0
0,1063212347,3531,1.0,1.0
0,1063212347,3532,1.0,1.0
0,1063212347,3533,1.0,1.0
0,1063212347,3534,1.0,1.0
0,1063212347,3535,1.0,1.0
0,1063212347,3536,1.0,1.0
0,1063212347,3537,1.0,1.0
0,1063212347,3538,1.0,1.0
0,1063212347,3539,1.0,1.0
0,1063212347,3540,1.0,1.0
0,1063212347,3541,1.0,1.0
0,1063212347,3542,1.0,1.0
0,1063212347,3543,1.0,1.0
0,1063212347,3544,1.0,1.0
0,1063212347,3545,1.0,1.0
0,1063212347,3546,1.0,1.0
0,1063212347,3547,1.0,1.0
0,1063212347,3548,1.0,1.0
0,1063212347,3549,1.0,1.0
0,1063212347,3550,1.0,1.0
0,1063212347,3551,1.0,1.0
0,1063212347,3552,1.0,1.0
0,1063212347,3553,1.0,1.0
0,1063212347,3554,1.0,1.0
0,1063212347,3555,1.0,1.0
0,1063212347,3556,1.0,1.0
0,1063212347,3557,1.0,1.0
0,1063212347,3558,1.0,1.0
0,1063212347,3559,1.0,1.0
0,1063212347,3560,1.0,1.0
0,1063212347,3561,1.0,1.0
0,1063212347,3562,1.0,1.0
0,1063212347,3563,1.0,1.0
0,1063212347,3564,1.0,1.0
0,1063212347,3565,1.0,1.0
0,1063212347,3566,1.0,1.0
0,1063212347,3567,1.0,1.0
0,1063212347,3568,1.0,1.0
0,1063212347,3569,1.0,1.0
0,1063212347,3570,0.9950000047683716,1.0
0,1063212347,3571,1.0,1.0
0,1063212347,3572,0.9950000047683716,1.0
0,1063212347,3573,0.9950000047683716,1.0
0,1063212347,3574,0.9950000047683716,1.0
0,1063212347,3575,0.9950000047683716,1.0
0,1063212347,3576,0.9950000047683716,1.0
0,1063212347,3577,0.9950000047683716,1.0
0,1063212347,3578,0.9950000047683716,1.0
0,1063212347,3579,0.9950000047683716,1.0
0,1063212347,3580,0.9950000047683716,1.0
0,1063212347,3581,0.9950000047683716,1.0
0,1063212347,3582,0.9950000047683716,1.0
0,1063212347,3583,0.9950000047683716,1.0
0,1063212347,3584,0.9950000047683716,1.0
0,1063212347,3585,0.9950000047683716,1.0
0,1063212347,3586,0.9950000047683716,1.0
0,1063212347,3587,0.9950000047683716,1.0
0,1063212347,3588,0.9950000047683716,1.0
0,1063212347,3589,0.9950000047683716,1.0
0,1063212347,3590,0.9950000047683716,1.0
0,1063212347,3591,0.9950000047683716,1.0
0,1063212347,3592,0.9950000047683716,1.0
0,1063212347,3593,0.9950000047683716,1.0
0,1063212347,3594,0.9950000047683716,1.0
0,1063212347,3595,0.9950000047683716,1.0
0,1063212347,3596,0.9950000047683716,1.0
0,1063212347,3597,0.9950000047683716,1.0
0,1063212347,3598,0.9950000047683716,1.0
0,1063212347,3599,0.9950000047683716,1.0
0,1063212347,3600,0.9950000047683716,1.0
0,1063212347,3601,0.9950000047683716,1.0
0,1063212347,3602,0.9950000047683716,1.0
0,1063212347,3603,0.9950000047683716,1.0
0,1063212347,3604,0.9950000047683716,1.0
0,1063212347,3605,0.9899999499320984,1.0
0,1063212347,3606,0.9899999499320984,1.0
0,1063212347,3607,0.9899999499320984,1.0
0,1063212347,3608,0.9899999499320984,1.0
0,1063212347,3609,0.9899999499320984,1.0
0,1063212347,3610,0.9899999499320984,1.0
0,1063212347,3611,0.9899999499320984,1.0
0,1063212347,3612,0.9899999499320984,1.0
0,1063212347,3613,0.9899999499320984,1.0
0,1063212347,3614,0.9899999499320984,1.0
0,1063212347,3615,0.9899999499320984,1.0
0,1063212347,3616,0.9899999499320984,1.0
0,1063212347,3617,0.9899999499320984,1.0
0,1063212347,3618,0.9899999499320984,1.0
0,1063212347,3619,0.9899999499320984,1.0
0,1063212347,3620,0.9899999499320984,1.0
0,1063212347,3621,0.9899999499320984,1.0
0,1063212347,3622,0.9899999499320984,1.0
0,1063212347,3623,0.9899999499320984,1.0
0,1063212347,3624,0.9899999499320984,1.0
0,1063212347,3625,0.9899999499320984,1.0
0,1063212347,3626,0.9899999499320984,1.0
0,1063212347,3627,0.9899999499320984,1.0
0,1063212347,3628,0.9899999499320984,1.0
0,1063212347,3629,0.9899999499320984,1.0
0,1063212347,3630,0.9899999499320984,1.0
0,1063212347,3631,0.9899999499320984,1.0
0,1063212347,3632,0.9899999499320984,1.0
0,1063212347,3633,0.9899999499320984,1.0
0,1063212347,3634,0.9899999499320984,1.0
0,1063212347,3635,0.9899999499320984,1.0
0,1063212347,3636,0.9899999499320984,1.0
0,1063212347,3637,0.9899999499320984,1.0
0,1063212347,3638,0.9899999499320984,1.0
0,1063212347,3639,0.9899999499320984,1.0
0,1063212347,3640,0.9899999499320984,1.0
0,1063212347,3641,0.9899999499320984,1.0
0,1063212347,3642,0.9899999499320984,1.0
0,1063212347,3643,0.9899999499320984,1.0
0,1063212347,3644,0.9899999499320984,1.0
0,1063212347,3645,0.9899999499320984,1.0
0,1063212347,3646,0.9899999499320984,1.0
0,1063212347,3647,0.9899999499320984,1.0
0,1063212347,3648,0.9899999499320984,1.0
0,1063212347,3649,0.9899999499320984,1.0
0,1063212347,3650,0.9899999499320984,1.0
0,1063212347,3651,0.9899999499320984,1.0
0,1063212347,3652,0.9899999499320984,1.0
0,1063212347,3653,0.9899999499320984,1.0
0,1063212347,3654,0.9899999499320984,1.0
0,1063212347,3655,0.9899999499320984,1.0
0,1063212347,3656,0.9899999499320984,1.0
0,1063212347,3657,0.9899999499320984,1.0
0,1063212347,3658,0.9899999499320984,1.0
0,1063212347,3659,0.9899999499320984,1.0
0,1063212347,3660,0.9899999499320984,1.0
0,1063212347,3661,0.9899999499320984,1.0
0,1063212347,3662,0.9899999499320984,1.0
0,1063212347,3663,0.9899999499320984,1.0
0,1063212347,3664,0.9899999499320984,1.0
0,1063212347,3665,0.9899999499320984,1.0
0,1063212347,3666,0.9899999499320984,1.0
0,1063212347,3667,0.9899999499320984,1.0
0,1063212347,3668,0.9899999499320984,1.0
0,1063212347,3669,0.9899999499320984,1.0
0,1063212347,3670,0.9899999499320984,1.0
0,1063212347,3671,0.9899999499320984,1.0
0,1063212347,3672,0.9899999499320984,1.0
0,1063212347,3673,0.9899999499320984,1.0
0,1063212347,3674,0.9899999499320984,1.0
0,1063212347,3675,0.9899999499320984,1.0
0,1063212347,3676,0.9899999499320984,1.0
0,1063212347,3677,0.9899999499320984,1.0
0,1063212347,3678,0.9899999499320984,1.0
0,1063212347,3679,0.9899999499320984,1.0
0,1063212347,3680,0.9899999499320984,1.0
0,1063212347,3681,0.9899999499320984,1.0
0,1063212347,3682,0.9899999499320984,1.0
0,1063212347,3683,0.9899999499320984,1.0
0,1063212347,3684,0.9899999499320984,1.0
0,1063212347,3685,0.9899999499320984,1.0
0,1063212347,3686,0.9899999499320984,1.0
0,1063212347,3687,0.9899999499320984,1.0
0,1063212347,3688,0.9899999499320984,1.0
0,1063212347,3689,0.9899999499320984,1.0
0,1063212347,3690,0.9899999499320984,1.0
0,1063212347,3691,0.9899999499320984,1.0
0,1063212347,3692,0.9899999499320984,1.0
0,1063212347,3693,0.9899999499320984,1.0
0,1063212347,3694,0.9899999499320984,1.0
0,1063212347,3695,0.9899999499320984,1.0
0,1063212347,3696,0.9899999499320984,1.0
0,1063212347,3697,0.9899999499320984,1.0
0,1063212347,3698,0.9899999499320984,1.0
0,1063212347,3699,0.9899999499320984,1.0
0,1063212347,3700,0.9899999499320984,1.0
0,1063212347,3701,0.9899999499320984,1.0
0,1063212347,3702,0.9899999499320984,1.0
0,1063212347,3703,0.9899999499320984,1.0
0,1063212347,3704,0.9899999499320984,1.0
0,1063212347,3705,0.9899999499320984,1.0
0,1063212347,3706,0.9899999499320984,1.0
0,1063212347,3707,0.9899999499320984,1.0
0,1063212347,3708,0.9899999499320984,1.0
0,1063212347,3709,0.9899999499320984,1.0
0,1063212347,3710,0.9899999499320984,1.0
0,1063212347,3711,0.9899999499320984,1.0
0,1063212347,3712,0.9899999499320984,1.0
0,1063212347,3713,0.9899999499320984,1.0
0,1063212347,3714,0.9899999499320984,1.0
0,1063212347,3715,0.9899999499320984,1.0
0,1063212347,3716,0.9899999499320984,1.0
0,1063212347,3717,0.9899999499320984,1.0
0,1063212347,3718,0.9899999499320984,1.0
0,1063212347,3719,0.9899999499320984,1.0
0,1063212347,3720,0.9899999499320984,1.0
0,1063212347,3721,0.9899999499320984,1.0
0,1063212347,3722,0.9899999499320984,1.0
0,1063212347,3723,0.9899999499320984,1.0
0,1063212347,3724,0.9899999499320984,1.0
0,1063212347,3725,0.9899999499320984,1.0
0,1063212347,3726,0.9899999499320984,1.0
0,1063212347,3727,0.9899999499320984,1.0
0,1063212347,3728,0.9899999499320984,1.0
0,1063212347,3729,0.9899999499320984,1.0
0,1063212347,3730,0.9899999499320984,1.0
0,1063212347,3731,0.9899999499320984,1.0
0,1063212347,3732,0.9899999499320984,1.0
0,1063212347,3733,0.9899999499320984,1.0
0,1063212347,3734,0.9899999499320984,1.0
0,1063212347,3735,0.9899999499320984,1.0
0,1063212347,3736,0.98499995470047,1.0
0,1063212347,3737,0.9899999499320984,1.0
0,1063212347,3738,0.98499995470047,1.0
0,1063212347,3739,0.9899999499320984,1.0
0,1063212347,3740,0.98499995470047,1.0
0,1063212347,3741,0.9899999499320984,1.0
0,1063212347,3742,0.98499995470047,1.0
0,1063212347,3743,0.98499995470047,1.0
0,1063212347,3744,0.98499995470047,1.0
0,1063212347,3745,0.98499995470047,1.0
0,1063212347,3746,0.98499995470047,1.0
0,1063212347,3747,0.98499995470047,1.0
0,1063212347,3748,0.98499995470047,1.0
0,1063212347,3749,0.98499995470047,1.0
0,1063212347,3750,0.98499995470047,1.0
0,1063212347,3751,0.98499995470047,1.0
0,1063212347,3752,0.98499995470047,1.0
0,1063212347,3753,0.98499995470047,1.0
0,1063212347,3754,0.98499995470047,1.0
0,1063212347,3755,0.98499995470047,1.0
0,1063212347,3756,0.98499995470047,1.0
0,1063212347,3757,0.98499995470047,1.0
0,1063212347,3758,0.98499995470047,1.0
0,1063212347,3759,0.98499995470047,1.0
0,1063212347,3760,0.98499995470047,1.0
0,1063212347,3761,0.98499995470047,1.0
0,1063212347,3762,0.98499995470047,1.0
0,1063212347,3763,0.98499995470047,1.0
0,1063212347,3764,0.98499995470047,1.0
0,1063212347,3765,0.98499995470047,1.0
0,1063212347,3766,0.98499995470047,1.0
0,1063212347,3767,0.98499995470047,1.0
0,1063212347,3768,0.98499995470047,1.0
0,1063212347,3769,0.98499995470047,1.0
0,1063212347,3770,0.98499995470047,1.0
0,1063212347,3771,0.98499995470047,1.0
0,1063212347,3772,0.98499995470047,1.0
0,1063212347,3773,0.98499995470047,1.0
0,1063212347,3774,0.98499995470047,1.0
0,1063212347,3775,0.98499995470047,1.0
0,1063212347,3776,0.98499995470047,1.0
0,1063212347,3777,0.98499995470047,1.0
0,1063212347,3778,0.98499995470047,1.0
0,1063212347,3779,0.98499995470047,1.0
0,1063212347,3780,0.98499995470047,1.0
0,1063212347,3781,0.98499995470047,1.0
0,1063212347,3782,0.98499995470047,1.0
0,1063212347,3783,0.98499995470047,1.0
0,1063212347,3784,0.98499995470047,1.0
0,1063212347,3785,0.98499995470047,1.0
0,1063212347,3786,0.98499995470047,1.0
0,1063212347,3787,0.98499995470047,1.0
0,1063212347,3788,0.98499995470047,1.0
0,1063212347,3789,0.98499995470047,1.0
0,1063212347,3790,0.98499995470047,1.0
0,1063212347,3791,0.98499995470047,1.0
0,1063212347,3792,0.98499995470047,1.0
0,1063212347,3793,0.98499995470047,1.0
0,1063212347,3794,0.98499995470047,1.0
0,1063212347,3795,0.98499995470047,1.0
0,1063212347,3796,0.98499995470047,1.0
0,1063212347,3797,0.9799999594688416,1.0
0,1063212347,3798,0.98499995470047,1.0
0,1063212347,3799,0.9799999594688416,1.0
0,1063212347,3800,0.9799999594688416,1.0
0,1063212347,3801,0.9799999594688416,1.0
0,1063212347,3802,0.9799999594688416,1.0
0,1063212347,3803,0.9799999594688416,1.0
0,1063212347,3804,0.9799999594688416,1.0
0,1063212347,3805,0.9799999594688416,1.0
0,1063212347,3806,0.9799999594688416,1.0
0,1063212347,3807,0.9799999594688416,1.0
0,1063212347,3808,0.9799999594688416,1.0
0,1063212347,3809,0.9799999594688416,1.0
0,1063212347,3810,0.9799999594688416,1.0
0,1063212347,3811,0.9799999594688416,1.0
0,1063212347,3812,0.9799999594688416,1.0
0,1063212347,3813,0.9799999594688416,1.0
0,1063212347,3814,0.9799999594688416,1.0
0,1063212347,3815,0.9799999594688416,1.0
0,1063212347,3816,0.9799999594688416,1.0
0,1063212347,3817,0.9799999594688416,1.0
0,1063212347,3818,0.9799999594688416,1.0
0,1063212347,3819,0.9799999594688416,1.0
0,1063212347,3820,0.9799999594688416,1.0
0,1063212347,3821,0.9799999594688416,1.0
0,1063212347,3822,0.9799999594688416,1.0
0,1063212347,3823,0.9799999594688416,1.0
0,1063212347,3824,0.9799999594688416,1.0
0,1063212347,3825,0.9799999594688416,1.0
0,1063212347,3826,0.9799999594688416,1.0
0,1063212347,3827,0.9799999594688416,1.0
0,1063212347,3828,0.9799999594688416,1.0
0,1063212347,3829,0.9799999594688416,1.0
0,1063212347,3830,0.9799999594688416,1.0
0,1063212347,3831,0.9799999594688416,1.0
0,1063212347,3832,0.9799999594688416,1.0
0,1063212347,3833,0.9799999594688416,1.0
0,1063212347,3834,0.9799999594688416,1.0
0,1063212347,3835,0.9799999594688416,1.0
0,1063212347,3836,0.9799999594688416,1.0
0,1063212347,3837,0.9799999594688416,1.0
0,1063212347,3838,0.9799999594688416,1.0
0,1063212347,3839,0.9799999594688416,1.0
0,1063212347,3840,0.9799999594688416,1.0
0,1063212347,3841,0.9799999594688416,1.0
0,1063212347,3842,0.9799999594688416,1.0
0,1063212347,3843,0.9749999642372131,1.0
0,1063212347,3844,0.9749999642372131,1.0
0,1063212347,3845,0.9799999594688416,1.0
0,1063212347,3846,0.9749999642372131,1.0
0,1063212347,3847,0.9749999642372131,1.0
0,1063212347,3848,0.9749999642372131,1.0
0,1063212347,3849,0.9749999642372131,1.0
0,1063212347,3850,0.9749999642372131,1.0
0,1063212347,3851,0.9749999642372131,1.0
0,1063212347,3852,0.9749999642372131,1.0
0,1063212347,3853,0.9749999642372131,1.0
0,1063212347,3854,0.9749999642372131,1.0
0,1063212347,3855,0.9749999642372131,1.0
0,1063212347,3856,0.9749999642372131,1.0
0,1063212347,3857,0.9749999642372131,1.0
0,1063212347,3858,0.9749999642372131,1.0
0,1063212347,3859,0.9749999642372131,1.0
0,1063212347,3860,0.9749999642372131,1.0
0,1063212347,3861,0.9749999642372131,1.0
0,1063212347,3862,0.9749999642372131,1.0
0,1063212347,3863,0.9749999642372131,1.0
0,1063212347,3864,0.9749999642372131,1.0
0,1063212347,3865,0.9749999642372131,1.0
0,1063212347,3866,0.9749999642372131,1.0
0,1063212347,3867,0.9749999642372131,1.0
0,1063212347,3868,0.9749999642372131,1.0
0,1063212347,3869,0.9749999642372131,1.0
0,1063212347,3870,0.9749999642372131,1.0
0,1063212347,3871,0.9749999642372131,1.0
0,1063212347,3872,0.9749999642372131,1.0
0,1063212347,3873,0.9749999642372131,1.0
0,1063212347,3874,0.9749999642372131,1.0
0,1063212347,3875,0.9749999642372131,1.0
0,1063212347,3876,0.9749999642372131,1.0
0,1063212347,3877,0.9749999642372131,1.0
0,1063212347,3878,0.9749999642372131,1.0
0,1063212347,3879,0.9749999642372131,1.0
0,1063212347,3880,0.9749999642372131,1.0
0,1063212347,3881,0.9749999642372131,1.0
0,1063212347,3882,0.9749999642372131,1.0
0,1063212347,3883,0.9749999642372131,1.0
0,1063212347,3884,0.9749999642372131,1.0
0,1063212347,3885,0.9749999642372131,1.0
0,1063212347,3886,0.9749999642372131,1.0
0,1063212347,3887,0.9749999642372131,1.0
0,1063212347,3888,0.9749999642372131,1.0
0,1063212347,3889,0.9749999642372131,1.0
0,1063212347,3890,0.9749999642372131,1.0
0,1063212347,3891,0.9749999642372131,1.0
0,1063212347,3892,0.9699999690055847,1.0
0,1063212347,3893,0.9749999642372131,1.0
0,1063212347,3894,0.9749999642372131,1.0
0,1063212347,3895,0.9749999642372131,1.0
0,1063212347,3896,0.9749999642372131,1.0
0,1063212347,3897,0.9749999642372131,1.0
0,1063212347,3898,0.9749999642372131,1.0
0,1063212347,3899,0.9699999690055847,1.0
0,1063212347,3900,0.9749999642372131,1.0
0,1063212347,3901,0.9699999690055847,1.0
0,1063212347,3902,0.9749999642372131,1.0
0,1063212347,3903,0.9749999642372131,1.0
0,1063212347,3904,0.9749999642372131,1.0
0,1063212347,3905,0.9749999642372131,1.0
0,1063212347,3906,0.9749999642372131,1.0
0,1063212347,3907,0.9699999690055847,1.0
0,1063212347,3908,0.9749999642372131,1.0
0,1063212347,3909,0.9749999642372131,1.0
0,1063212347,3910,0.9699999690055847,1.0
0,1063212347,3911,0.9749999642372131,1.0
0,1063212347,3912,0.9699999690055847,1.0
0,1063212347,3913,0.9699999690055847,1.0
0,1063212347,3914,0.9699999690055847,1.0
0,1063212347,3915,0.9749999642372131,1.0
0,1063212347,3916,0.9699999690055847,1.0
0,1063212347,3917,0.9699999690055847,1.0
0,1063212347,3918,0.9749999642372131,1.0
0,1063212347,3919,0.9699999690055847,1.0
0,1063212347,3920,0.9749999642372131,1.0
0,1063212347,3921,0.9699999690055847,1.0
0,1063212347,3922,0.9699999690055847,1.0
0,1063212347,3923,0.9749999642372131,1.0
0,1063212347,3924,0.9749999642372131,1.0
0,1063212347,3925,0.9699999690055847,1.0
0,1063212347,3926,0.9749999642372131,1.0
0,1063212347,3927,0.9699999690055847,1.0
0,1063212347,3928,0.9699999690055847,1.0
0,1063212347,3929,0.9699999690055847,1.0
0,1063212347,3930,0.9749999642372131,1.0
0,1063212347,3931,0.9699999690055847,1.0
0,1063212347,3932,0.9749999642372131,1.0
0,1063212347,3933,0.9699999690055847,1.0
0,1063212347,3934,0.9699999690055847,1.0
0,1063212347,3935,0.9699999690055847,1.0
0,1063212347,3936,0.9699999690055847,1.0
0,1063212347,3937,0.9749999642372131,1.0
0,1063212347,3938,0.9699999690055847,1.0
0,1063212347,3939,0.9699999690055847,1.0
0,1063212347,3940,0.9699999690055847,1.0
0,1063212347,3941,0.9699999690055847,1.0
0,1063212347,3942,0.9699999690055847,1.0
0,1063212347,3943,0.9699999690055847,1.0
0,1063212347,3944,0.9699999690055847,1.0
0,1063212347,3945,0.9699999690055847,1.0
0,1063212347,3946,0.9699999690055847,1.0
0,1063212347,3947,0.9699999690055847,1.0
0,1063212347,3948,0.9699999690055847,1.0
0,1063212347,3949,0.9749999642372131,1.0
0,1063212347,3950,0.9749999642372131,1.0
0,1063212347,3951,0.9699999690055847,1.0
0,1063212347,3952,0.9699999690055847,1.0
0,1063212347,3953,0.9749999642372131,1.0
0,1063212347,3954,0.9699999690055847,1.0
0,1063212347,3955,0.9699999690055847,1.0
0,1063212347,3956,0.9749999642372131,1.0
0,1063212347,3957,0.9699999690055847,1.0
0,1063212347,3958,0.9699999690055847,1.0
0,1063212347,3959,0.9699999690055847,1.0
0,1063212347,3960,0.9699999690055847,1.0
0,1063212347,3961,0.9699999690055847,1.0
0,1063212347,3962,0.9749999642372131,1.0
0,1063212347,3963,0.9699999690055847,1.0
0,1063212347,3964,0.9699999690055847,1.0
0,1063212347,3965,0.9749999642372131,1.0
0,1063212347,3966,0.9699999690055847,1.0
0,1063212347,3967,0.9699999690055847,1.0
0,1063212347,3968,0.9749999642372131,1.0
0,1063212347,3969,0.9699999690055847,1.0
0,1063212347,3970,0.9749999642372131,1.0
0,1063212347,3971,0.9699999690055847,1.0
0,1063212347,3972,0.9699999690055847,1.0
0,1063212347,3973,0.9699999690055847,1.0
0,1063212347,3974,0.9749999642372131,1.0
0,1063212347,3975,0.9699999690055847,1.0
0,1063212347,3976,0.9699999690055847,1.0
0,1063212347,3977,0.9749999642372131,1.0
0,1063212347,3978,0.9699999690055847,1.0
0,1063212347,3979,0.9749999642372131,1.0
0,1063212347,3980,0.9699999690055847,1.0
0,1063212347,3981,0.9749999642372131,1.0
0,1063212347,3982,0.9699999690055847,1.0
0,1063212347,3983,0.9749999642372131,1.0
0,1063212347,3984,0.9699999690055847,1.0
0,1063212347,3985,0.9749999642372131,1.0
0,1063212347,3986,0.9699999690055847,1.0
0,1063212347,3987,0.9749999642372131,1.0
0,1063212347,3988,0.9699999690055847,1.0
0,1063212347,3989,0.9749999642372131,1.0
0,1063212347,3990,0.9699999690055847,1.0
0,1063212347,3991,0.9749999642372131,1.0
0,1063212347,3992,0.9749999642372131,1.0
0,1063212347,3993,0.9749999642372131,1.0
0,1063212347,3994,0.9749999642372131,1.0
0,1063212347,3995,0.9749999642372131,1.0
0,1063212347,3996,0.9699999690055847,1.0
0,1063212347,3997,0.9749999642372131,1.0
0,1063212347,3998,0.9699999690055847,1.0
0,1063212347,3999,0.9749999642372131,1.0
0,1063212347,4000,0.9749999642372131,1.0
0,1063212347,4001,0.9749999642372131,1.0
0,1063212347,4002,0.9749999642372131,1.0
0,1063212347,4003,0.9749999642372131,1.0
0,1063212347,4004,0.9749999642372131,1.0
0,1063212347,4005,0.9749999642372131,1.0
0,1063212347,4006,0.9749999642372131,1.0
0,1063212347,4007,0.9749999642372131,1.0
0,1063212347,4008,0.9749999642372131,1.0
0,1063212347,4009,0.9749999642372131,1.0
0,1063212347,4010,0.9749999642372131,1.0
0,1063212347,4011,0.9749999642372131,1.0
0,1063212347,4012,0.9749999642372131,1.0
0,1063212347,4013,0.9749999642372131,1.0
0,1063212347,4014,0.9749999642372131,1.0
0,1063212347,4015,0.9749999642372131,1.0
0,1063212347,4016,0.9749999642372131,1.0
0,1063212347,4017,0.9749999642372131,1.0
0,1063212347,4018,0.9749999642372131,1.0
0,1063212347,4019,0.9749999642372131,1.0
0,1063212347,4020,0.9749999642372131,1.0
0,1063212347,4021,0.9749999642372131,1.0
0,1063212347,4022,0.9749999642372131,1.0
0,1063212347,4023,0.9749999642372131,1.0
0,1063212347,4024,0.9749999642372131,1.0
0,1063212347,4025,0.9749999642372131,1.0
0,1063212347,4026,0.9749999642372131,1.0
0,1063212347,4027,0.9749999642372131,1.0
0,1063212347,4028,0.9749999642372131,1.0
0,1063212347,4029,0.9749999642372131,1.0
0,1063212347,4030,0.9749999642372131,1.0
0,1063212347,4031,0.9749999642372131,1.0
0,1063212347,4032,0.9749999642372131,1.0
0,1063212347,4033,0.9749999642372131,1.0
0,1063212347,4034,0.9749999642372131,1.0
0,1063212347,4035,0.9749999642372131,1.0
0,1063212347,4036,0.9749999642372131,1.0
0,1063212347,4037,0.9749999642372131,1.0
0,1063212347,4038,0.9749999642372131,1.0
0,1063212347,4039,0.9749999642372131,1.0
0,1063212347,4040,0.9749999642372131,1.0
0,1063212347,4041,0.9749999642372131,1.0
0,1063212347,4042,0.9749999642372131,1.0
0,1063212347,4043,0.9749999642372131,1.0
0,1063212347,4044,0.9749999642372131,1.0
0,1063212347,4045,0.9749999642372131,1.0
0,1063212347,4046,0.9749999642372131,1.0
0,1063212347,4047,0.9749999642372131,1.0
0,1063212347,4048,0.9749999642372131,1.0
0,1063212347,4049,0.9749999642372131,1.0
0,1063212347,4050,0.9749999642372131,1.0
0,1063212347,4051,0.9749999642372131,1.0
0,1063212347,4052,0.9749999642372131,1.0
0,1063212347,4053,0.9749999642372131,1.0
0,1063212347,4054,0.9749999642372131,1.0
0,1063212347,4055,0.9749999642372131,1.0
0,1063212347,4056,0.9749999642372131,1.0
0,1063212347,4057,0.9749999642372131,1.0
0,1063212347,4058,0.9749999642372131,1.0
0,1063212347,4059,0.9749999642372131,1.0
0,1063212347,4060,0.9749999642372131,1.0
0,1063212347,4061,0.9749999642372131,1.0
0,1063212347,4062,0.9749999642372131,1.0
0,1063212347,4063,0.9749999642372131,1.0
0,1063212347,4064,0.9749999642372131,1.0
0,1063212347,4065,0.9749999642372131,1.0
0,1063212347,4066,0.9749999642372131,1.0
0,1063212347,4067,0.9749999642372131,1.0
0,1063212347,4068,0.9749999642372131,1.0
0,1063212347,4069,0.9749999642372131,1.0
0,1063212347,4070,0.9749999642372131,1.0
0,1063212347,4071,0.9749999642372131,1.0
0,1063212347,4072,0.9749999642372131,1.0
0,1063212347,4073,0.9749999642372131,1.0
0,1063212347,4074,0.9749999642372131,1.0
0,1063212347,4075,0.9749999642372131,1.0
0,1063212347,4076,0.9749999642372131,1.0
0,1063212347,4077,0.9799999594688416,1.0
0,1063212347,4078,0.9749999642372131,1.0
0,1063212347,4079,0.9749999642372131,1.0
0,1063212347,4080,0.9749999642372131,1.0
0,1063212347,4081,0.9799999594688416,1.0
0,1063212347,4082,0.9749999642372131,1.0
0,1063212347,4083,0.9799999594688416,1.0
0,1063212347,4084,0.9749999642372131,1.0
0,1063212347,4085,0.9799999594688416,1.0
0,1063212347,4086,0.9799999594688416,1.0
0,1063212347,4087,0.9799999594688416,1.0
0,1063212347,4088,0.9799999594688416,1.0
0,1063212347,4089,0.9799999594688416,1.0
0,1063212347,4090,0.9799999594688416,1.0
0,1063212347,4091,0.9799999594688416,1.0
0,1063212347,4092,0.9799999594688416,1.0
0,1063212347,4093,0.9799999594688416,1.0
0,1063212347,4094,0.9799999594688416,1.0
0,1063212347,4095,0.9799999594688416,1.0
0,1063212347,4096,0.9799999594688416,1.0
0,1063212347,4097,0.9799999594688416,1.0
0,1063212347,4098,0.9799999594688416,1.0
0,1063212347,4099,0.9799999594688416,1.0
0,1063212347,4100,0.9799999594688416,1.0
0,1063212347,4101,0.9799999594688416,1.0
0,1063212347,4102,0.9799999594688416,1.0
0,1063212347,4103,0.9799999594688416,1.0
0,1063212347,4104,0.9799999594688416,1.0
0,1063212347,4105,0.9799999594688416,1.0
0,1063212347,4106,0.9799999594688416,1.0
0,1063212347,4107,0.9799999594688416,1.0
0,1063212347,4108,0.9799999594688416,1.0
0,1063212347,4109,0.9799999594688416,1.0
0,1063212347,4110,0.9799999594688416,1.0
0,1063212347,4111,0.9799999594688416,1.0
0,1063212347,4112,0.9799999594688416,1.0
0,1063212347,4113,0.9799999594688416,1.0
0,1063212347,4114,0.9799999594688416,1.0
0,1063212347,4115,0.9799999594688416,1.0
0,1063212347,4116,0.9799999594688416,1.0
0,1063212347,4117,0.9799999594688416,1.0
0,1063212347,4118,0.9799999594688416,1.0
0,1063212347,4119,0.9799999594688416,1.0
0,1063212347,4120,0.9799999594688416,1.0
0,1063212347,4121,0.9799999594688416,1.0
0,1063212347,4122,0.9799999594688416,1.0
0,1063212347,4123,0.9799999594688416,1.0
0,1063212347,4124,0.9799999594688416,1.0
0,1063212347,4125,0.9799999594688416,1.0
0,1063212347,4126,0.9799999594688416,1.0
0,1063212347,4127,0.9799999594688416,1.0
0,1063212347,4128,0.9799999594688416,1.0
0,1063212347,4129,0.9799999594688416,1.0
0,1063212347,4130,0.9799999594688416,1.0
0,1063212347,4131,0.9799999594688416,1.0
0,1063212347,4132,0.9799999594688416,1.0
0,1063212347,4133,0.9799999594688416,1.0
0,1063212347,4134,0.9799999594688416,1.0
0,1063212347,4135,0.9799999594688416,1.0
0,1063212347,4136,0.9799999594688416,1.0
0,1063212347,4137,0.9799999594688416,1.0
0,1063212347,4138,0.9799999594688416,1.0
0,1063212347,4139,0.9799999594688416,1.0
0,1063212347,4140,0.9799999594688416,1.0
0,1063212347,4141,0.9799999594688416,1.0
0,1063212347,4142,0.9799999594688416,1.0
0,1063212347,4143,0.9799999594688416,1.0
0,1063212347,4144,0.9799999594688416,1.0
0,1063212347,4145,0.9799999594688416,1.0
0,1063212347,4146,0.9799999594688416,1.0
0,1063212347,4147,0.9799999594688416,1.0
0,1063212347,4148,0.9799999594688416,1.0
0,1063212347,4149,0.9799999594688416,1.0
0,1063212347,4150,0.9799999594688416,1.0
0,1063212347,4151,0.9799999594688416,1.0
0,1063212347,4152,0.9799999594688416,1.0
0,1063212347,4153,0.9799999594688416,1.0
0,1063212347,4154,0.9799999594688416,1.0
0,1063212347,4155,0.9799999594688416,1.0
0,1063212347,4156,0.9799999594688416,1.0
0,1063212347,4157,0.9799999594688416,1.0
0,1063212347,4158,0.9799999594688416,1.0
0,1063212347,4159,0.9799999594688416,1.0
0,1063212347,4160,0.9799999594688416,1.0
0,1063212347,4161,0.9799999594688416,1.0
0,1063212347,4162,0.9799999594688416,1.0
0,1063212347,4163,0.9799999594688416,1.0
0,1063212347,4164,0.9799999594688416,1.0
0,1063212347,4165,0.9799999594688416,1.0
0,1063212347,4166,0.9799999594688416,1.0
0,1063212347,4167,0.9799999594688416,1.0
0,1063212347,4168,0.9799999594688416,1.0
0,1063212347,4169,0.9799999594688416,1.0
0,1063212347,4170,0.9799999594688416,1.0
0,1063212347,4171,0.9799999594688416,1.0
0,1063212347,4172,0.9799999594688416,1.0
0,1063212347,4173,0.9799999594688416,1.0
0,1063212347,4174,0.9799999594688416,1.0
0,1063212347,4175,0.9799999594688416,1.0
0,1063212347,4176,0.9799999594688416,1.0
0,1063212347,4177,0.9799999594688416,1.0
0,1063212347,4178,0.9799999594688416,1.0
0,1063212347,4179,0.9799999594688416,1.0
0,1063212347,4180,0.9799999594688416,1.0
0,1063212347,4181,0.9799999594688416,1.0
0,1063212347,4182,0.98499995470047,1.0
0,1063212347,4183,0.98499995470047,1.0
0,1063212347,4184,0.98499995470047,1.0
0,1063212347,4185,0.98499995470047,1.0
0,1063212347,4186,0.98499995470047,1.0
0,1063212347,4187,0.98499995470047,1.0
0,1063212347,4188,0.98499995470047,1.0
0,1063212347,4189,0.98499995470047,1.0
0,1063212347,4190,0.98499995470047,1.0
0,1063212347,4191,0.9899999499320984,1.0
0,1063212347,4192,0.98499995470047,1.0
0,1063212347,4193,0.9899999499320984,1.0
0,1063212347,4194,0.9899999499320984,1.0
0,1063212347,4195,0.98499995470047,1.0
0,1063212347,4196,0.9899999499320984,1.0
0,1063212347,4197,0.9899999499320984,1.0
0,1063212347,4198,0.9899999499320984,1.0
0,1063212347,4199,0.9899999499320984,1.0
0,1063212347,4200,0.9899999499320984,1.0
0,1063212347,4201,0.9899999499320984,1.0
0,1063212347,4202,0.9899999499320984,1.0
0,1063212347,4203,0.9899999499320984,1.0
0,1063212347,4204,0.9899999499320984,1.0
0,1063212347,4205,0.9899999499320984,1.0
0,1063212347,4206,0.9899999499320984,1.0
0,1063212347,4207,0.9899999499320984,1.0
0,1063212347,4208,0.9899999499320984,1.0
0,1063212347,4209,0.9899999499320984,1.0
0,1063212347,4210,0.9899999499320984,1.0
0,1063212347,4211,0.9899999499320984,1.0
0,1063212347,4212,0.9899999499320984,1.0
0,1063212347,4213,0.9899999499320984,1.0
0,1063212347,4214,0.9899999499320984,1.0
0,1063212347,4215,0.9899999499320984,1.0
0,1063212347,4216,0.9899999499320984,1.0
0,1063212347,4217,0.9899999499320984,1.0
0,1063212347,4218,0.9899999499320984,1.0
0,1063212347,4219,0.9899999499320984,1.0
0,1063212347,4220,0.9899999499320984,1.0
0,1063212347,4221,0.9899999499320984,1.0
0,1063212347,4222,0.9899999499320984,1.0
0,1063212347,4223,0.9899999499320984,1.0
0,1063212347,4224,0.9899999499320984,1.0
0,1063212347,4225,0.9899999499320984,1.0
0,1063212347,4226,0.9899999499320984,1.0
0,1063212347,4227,0.9899999499320984,1.0
0,1063212347,4228,0.9899999499320984,1.0
0,1063212347,4229,0.9899999499320984,1.0
0,1063212347,4230,0.9899999499320984,1.0
0,1063212347,4231,0.9899999499320984,1.0
0,1063212347,4232,0.9899999499320984,1.0
0,1063212347,4233,0.9899999499320984,1.0
0,1063212347,4234,0.9899999499320984,1.0
0,1063212347,4235,0.9899999499320984,1.0
0,1063212347,4236,0.9899999499320984,1.0
0,1063212347,4237,0.9899999499320984,1.0
0,1063212347,4238,0.9899999499320984,1.0
0,1063212347,4239,0.9899999499320984,1.0
0,1063212347,4240,0.9899999499320984,1.0
0,1063212347,4241,0.9899999499320984,1.0
0,1063212347,4242,0.9899999499320984,1.0
0,1063212347,4243,0.9899999499320984,1.0
0,1063212347,4244,0.9899999499320984,1.0
0,1063212347,4245,0.9899999499320984,1.0
0,1063212347,4246,0.9899999499320984,1.0
0,1063212347,4247,0.9899999499320984,1.0
0,1063212347,4248,0.9899999499320984,1.0
0,1063212347,4249,0.9899999499320984,1.0
0,1063212347,4250,0.9899999499320984,1.0
0,1063212347,4251,0.9899999499320984,1.0
0,1063212347,4252,0.9899999499320984,1.0
0,1063212347,4253,0.9899999499320984,1.0
0,1063212347,4254,0.9899999499320984,1.0
0,1063212347,4255,0.9899999499320984,1.0
0,1063212347,4256,0.9899999499320984,1.0
0,1063212347,4257,0.9899999499320984,1.0
0,1063212347,4258,0.9899999499320984,1.0
0,1063212347,4259,0.9899999499320984,1.0
0,1063212347,4260,0.9899999499320984,1.0
0,1063212347,4261,0.9899999499320984,1.0
0,1063212347,4262,0.9899999499320984,1.0
0,1063212347,4263,0.9899999499320984,1.0
0,1063212347,4264,0.9899999499320984,1.0
0,1063212347,4265,0.9899999499320984,1.0
0,1063212347,4266,0.9899999499320984,1.0
0,1063212347,4267,0.9899999499320984,1.0
0,1063212347,4268,0.9899999499320984,1.0
0,1063212347,4269,0.9899999499320984,1.0
0,1063212347,4270,0.9899999499320984,1.0
0,1063212347,4271,0.9899999499320984,1.0
0,1063212347,4272,0.9899999499320984,1.0
0,1063212347,4273,0.9899999499320984,1.0
0,1063212347,4274,0.9899999499320984,1.0
0,1063212347,4275,0.9899999499320984,1.0
0,1063212347,4276,0.9899999499320984,1.0
0,1063212347,4277,0.9899999499320984,1.0
0,1063212347,4278,0.9899999499320984,1.0
0,1063212347,4279,0.9899999499320984,1.0
0,1063212347,4280,0.9899999499320984,1.0
0,1063212347,4281,0.9899999499320984,1.0
0,1063212347,4282,0.9899999499320984,1.0
0,1063212347,4283,0.9899999499320984,1.0
0,1063212347,4284,0.9899999499320984,1.0
0,1063212347,4285,0.9899999499320984,1.0
0,1063212347,4286,0.9899999499320984,1.0
0,1063212347,4287,0.9899999499320984,1.0
0,1063212347,4288,0.9899999499320984,1.0
0,1063212347,4289,0.9899999499320984,1.0
0,1063212347,4290,0.9899999499320984,1.0
0,1063212347,4291,0.9899999499320984,1.0
0,1063212347,4292,0.9899999499320984,1.0
0,1063212347,4293,0.9899999499320984,1.0
0,1063212347,4294,0.9899999499320984,1.0
0,1063212347,4295,0.9899999499320984,1.0
0,1063212347,4296,0.9899999499320984,1.0
0,1063212347,4297,0.9899999499320984,1.0
0,1063212347,4298,0.9899999499320984,1.0
0,1063212347,4299,0.9899999499320984,1.0
0,1063212347,4300,0.9899999499320984,1.0
0,1063212347,4301,0.9899999499320984,1.0
0,1063212347,4302,0.9899999499320984,1.0
0,1063212347,4303,0.9899999499320984,1.0
0,1063212347,4304,0.9899999499320984,1.0
0,1063212347,4305,0.9899999499320984,1.0
0,1063212347,4306,0.9899999499320984,1.0
0,1063212347,4307,0.9899999499320984,1.0
0,1063212347,4308,0.9899999499320984,1.0
0,1063212347,4309,0.9899999499320984,1.0
0,1063212347,4310,0.9899999499320984,1.0
0,1063212347,4311,0.9899999499320984,1.0
0,1063212347,4312,0.9899999499320984,1.0
0,1063212347,4313,0.9899999499320984,1.0
0,1063212347,4314,0.9899999499320984,1.0
0,1063212347,4315,0.9899999499320984,1.0
0,1063212347,4316,0.9899999499320984,1.0
0,1063212347,4317,0.9899999499320984,1.0
0,1063212347,4318,0.9899999499320984,1.0
0,1063212347,4319,0.9899999499320984,1.0
0,1063212347,4320,0.9899999499320984,1.0
0,1063212347,4321,0.9899999499320984,1.0
0,1063212347,4322,0.9899999499320984,1.0
0,1063212347,4323,0.9899999499320984,1.0
0,1063212347,4324,0.9899999499320984,1.0
0,1063212347,4325,0.9899999499320984,1.0
0,1063212347,4326,0.9899999499320984,1.0
0,1063212347,4327,0.9899999499320984,1.0
0,1063212347,4328,0.9899999499320984,1.0
0,1063212347,4329,0.9899999499320984,1.0
0,1063212347,4330,0.9899999499320984,1.0
0,1063212347,4331,0.9899999499320984,1.0
0,1063212347,4332,0.9899999499320984,1.0
0,1063212347,4333,0.9899999499320984,1.0
0,1063212347,4334,0.9899999499320984,1.0
0,1063212347,4335,0.9899999499320984,1.0
0,1063212347,4336,0.9899999499320984,1.0
0,1063212347,4337,0.9899999499320984,1.0
0,1063212347,4338,0.9899999499320984,1.0
0,1063212347,4339,0.9899999499320984,1.0
0,1063212347,4340,0.9899999499320984,1.0
0,1063212347,4341,0.9899999499320984,1.0
0,1063212347,4342,0.9899999499320984,1.0
0,1063212347,4343,0.9899999499320984,1.0
0,1063212347,4344,0.9899999499320984,1.0
0,1063212347,4345,0.9899999499320984,1.0
0,1063212347,4346,0.9899999499320984,1.0
0,1063212347,4347,0.9899999499320984,1.0
0,1063212347,4348,0.9899999499320984,1.0
0,1063212347,4349,0.9899999499320984,1.0
0,1063212347,4350,0.9899999499320984,1.0
0,1063212347,4351,0.9899999499320984,1.0
0,1063212347,4352,0.9899999499320984,1.0
0,1063212347,4353,0.9899999499320984,1.0
0,1063212347,4354,0.9899999499320984,1.0
0,1063212347,4355,0.9899999499320984,1.0
0,1063212347,4356,0.9899999499320984,1.0
0,1063212347,4357,0.9899999499320984,1.0
0,1063212347,4358,0.9899999499320984,1.0
0,1063212347,4359,0.9899999499320984,1.0
0,1063212347,4360,0.9899999499320984,1.0
0,1063212347,4361,0.9899999499320984,1.0
0,1063212347,4362,0.9899999499320984,1.0
0,1063212347,4363,0.9899999499320984,1.0
0,1063212347,4364,0.9899999499320984,1.0
0,1063212347,4365,0.9899999499320984,1.0
0,1063212347,4366,0.9899999499320984,1.0
0,1063212347,4367,0.9899999499320984,1.0
0,1063212347,4368,0.9899999499320984,1.0
0,1063212347,4369,0.9899999499320984,1.0
0,1063212347,4370,0.9899999499320984,1.0
0,1063212347,4371,0.9950000047683716,1.0
0,1063212347,4372,0.9950000047683716,1.0
0,1063212347,4373,0.9950000047683716,1.0
0,1063212347,4374,0.9950000047683716,1.0
0,1063212347,4375,0.9950000047683716,1.0
0,1063212347,4376,0.9950000047683716,1.0
0,1063212347,4377,0.9950000047683716,1.0
0,1063212347,4378,0.9950000047683716,1.0
0,1063212347,4379,0.9950000047683716,1.0
0,1063212347,4380,0.9950000047683716,1.0
0,1063212347,4381,0.9950000047683716,1.0
0,1063212347,4382,0.9950000047683716,1.0
0,1063212347,4383,0.9950000047683716,1.0
0,1063212347,4384,0.9950000047683716,1.0
0,1063212347,4385,0.9950000047683716,1.0
0,1063212347,4386,0.9950000047683716,1.0
0,1063212347,4387,0.9950000047683716,1.0
0,1063212347,4388,0.9950000047683716,1.0
0,1063212347,4389,0.9950000047683716,1.0
0,1063212347,4390,0.9950000047683716,1.0
0,1063212347,4391,0.9950000047683716,1.0
0,1063212347,4392,0.9950000047683716,1.0
0,1063212347,4393,0.9950000047683716,1.0
0,1063212347,4394,0.9950000047683716,1.0
0,1063212347,4395,0.9950000047683716,1.0
0,1063212347,4396,0.9950000047683716,1.0
0,1063212347,4397,0.9950000047683716,1.0
0,1063212347,4398,0.9950000047683716,1.0
0,1063212347,4399,0.9950000047683716,1.0
0,1063212347,4400,0.9950000047683716,1.0
0,1063212347,4401,0.9950000047683716,1.0
0,1063212347,4402,0.9950000047683716,1.0
0,1063212347,4403,1.0,1.0
0,1063212347,4404,1.0,1.0
0,1063212347,4405,1.0,1.0
0,1063212347,4406,1.0,1.0
0,1063212347,4407,1.0,1.0
0,1063212347,4408,1.0,1.0
0,1063212347,4409,1.0,1.0
0,1063212347,4410,1.0,1.0
0,1063212347,4411,1.0,1.0
0,1063212347,4412,1.0,1.0
0,1063212347,4413,1.0,1.0
0,1063212347,4414,1.0,1.0
0,1063212347,4415,1.0,1.0
0,1063212347,4416,1.0,1.0
0,1063212347,4417,1.0,1.0
0,1063212347,4418,1.0,1.0
0,1063212347,4419,1.0,1.0
0,1063212347,4420,1.0,1.0
0,1063212347,4421,1.0,1.0
0,1063212347,4422,1.0,1.0
0,1063212347,4423,1.0,1.0
0,1063212347,4424,1.0,1.0
0,1063212347,4425,1.0,1.0
0,1063212347,4426,1.0,1.0
0,1063212347,4427,1.0,1.0
0,1063212347,4428,1.0,1.0
0,1063212347,4429,1.0,1.0
0,1063212347,4430,1.0,1.0
0,1063212347,4431,1.0,1.0
0,1063212347,4432,1.0,1.0
0,1063212347,4433,1.0,1.0
0,1063212347,4434,1.0,1.0
0,1063212347,4435,1.0,1.0
0,1063212347,4436,1.0,1.0
0,1063212347,4437,1.0,1.0
0,1063212347,4438,1.0,1.0
0,1063212347,4439,1.0,1.0
0,1063212347,4440,1.0,1.0
0,1063212347,4441,1.0,1.0
0,1063212347,4442,1.0,1.0
0,1063212347,4443,1.0,1.0
0,1063212347,4444,1.0,1.0
0,1063212347,4445,1.0,1.0
0,1063212347,4446,1.0,1.0
0,1063212347,4447,1.0,1.0
0,1063212347,4448,1.0,1.0
0,1063212347,4449,1.0,1.0
0,1063212347,4450,1.0,1.0
0,1063212347,4451,1.0,1.0
0,1063212347,4452,1.0,1.0
0,1063212347,4453,1.0,1.0
0,1063212347,4454,1.0,1.0
0,1063212347,4455,1.0,1.0
0,1063212347,4456,1.0,1.0
0,1063212347,4457,1.0,1.0
0,1063212347,4458,1.0,1.0
0,1063212347,4459,1.0,1.0
0,1063212347,4460,1.0,1.0
0,1063212347,4461,1.0,1.0
0,1063212347,4462,1.0,1.0
0,1063212347,4463,1.0,1.0
0,1063212347,4464,1.0,1.0
0,1063212347,4465,1.0,1.0
0,1063212347,4466,1.0,1.0
0,1063212347,4467,1.0,1.0
0,1063212347,4468,1.0,1.0
0,1063212347,4469,1.0,1.0
0,1063212347,4470,1.0,1.0
0,1063212347,4471,1.0,1.0
0,1063212347,4472,1.0,1.0
0,1063212347,4473,1.0,1.0
0,1063212347,4474,1.0,1.0
0,1063212347,4475,1.0,1.0
0,1063212347,4476,1.0,1.0
0,1063212347,4477,1.0,1.0
0,1063212347,4478,1.0,1.0
0,1063212347,4479,1.0,1.0
0,1063212347,4480,1.0,1.0
0,1063212347,4481,1.0,1.0
0,1063212347,4482,1.0,1.0
0,1063212347,4483,1.0,1.0
0,1063212347,4484,1.0,1.0
0,1063212347,4485,1.0,1.0
0,1063212347,4486,1.0,1.0
0,1063212347,4487,1.0,1.0
0,1063212347,4488,1.0,1.0
0,1063212347,4489,1.0,1.0
0,1063212347,4490,1.0,1.0
0,1063212347,4491,1.0,1.0
0,1063212347,4492,1.0,1.0
0,1063212347,4493,1.0,1.0
0,1063212347,4494,1.0,1.0
0,1063212347,4495,1.0,1.0
0,1063212347,4496,1.0,1.0
0,1063212347,4497,1.0,1.0
0,1063212347,4498,1.0,1.0
0,1063212347,4499,1.0,1.0
0,1063212347,4500,1.0,1.0
0,1063212347,4501,1.0,1.0
0,1063212347,4502,1.0,1.0
0,1063212347,4503,1.0,1.0
0,1063212347,4504,1.0,1.0
0,1063212347,4505,1.0,1.0
0,1063212347,4506,1.0,1.0
0,1063212347,4507,1.0,1.0
0,1063212347,4508,1.0,1.0
0,1063212347,4509,1.0,1.0
0,1063212347,4510,1.0,1.0
0,1063212347,4511,1.0,1.0
0,1063212347,4512,1.0,1.0
0,1063212347,4513,1.0,1.0
0,1063212347,4514,1.0,1.0
0,1063212347,4515,1.0,1.0
0,1063212347,4516,1.0,1.0
0,1063212347,4517,1.0,1.0
0,1063212347,4518,1.0,1.0
0,1063212347,4519,1.0,1.0
0,1063212347,4520,1.0,1.0
0,1063212347,4521,1.0,1.0
0,1063212347,4522,1.0,1.0
0,1063212347,4523,1.0,1.0
0,1063212347,4524,1.0,1.0
0,1063212347,4525,1.0,1.0
0,1063212347,4526,1.0,1.0
0,1063212347,4527,1.0,1.0
0,1063212347,4528,1.0,1.0
0,1063212347,4529,1.0,1.0
0,1063212347,4530,1.0,1.0
0,1063212347,4531,1.0,1.0
0,1063212347,4532,1.0,1.0
0,1063212347,4533,1.0,1.0
0,1063212347,4534,1.0,1.0
0,1063212347,4535,1.0,1.0
0,1063212347,4536,1.0,1.0
0,1063212347,4537,1.0,1.0
0,1063212347,4538,1.0,1.0
0,1063212347,4539,1.0,1.0
0,1063212347,4540,1.0,1.0
0,1063212347,4541,1.0,1.0
0,1063212347,4542,1.0,1.0
0,1063212347,4543,1.0,1.0
0,1063212347,4544,1.0,1.0
0,1063212347,4545,1.0,1.0
0,1063212347,4546,1.0,1.0
0,1063212347,4547,1.0,1.0
0,1063212347,4548,1.0,1.0
0,1063212347,4549,1.0,1.0
0,1063212347,4550,1.0,1.0
0,1063212347,4551,1.0,1.0
0,1063212347,4552,1.0,1.0
0,1063212347,4553,1.0,1.0
0,1063212347,4554,1.0,1.0
0,1063212347,4555,1.0,1.0
0,1063212347,4556,1.0,1.0
0,1063212347,4557,1.0,1.0
0,1063212347,4558,1.0,1.0
0,1063212347,4559,1.0,1.0
0,1063212347,4560,1.0,1.0
0,1063212347,4561,1.0,1.0
0,1063212347,4562,1.0,1.0
0,1063212347,4563,1.0,1.0
0,1063212347,4564,1.0,1.0
0,1063212347,4565,1.0,1.0
0,1063212347,4566,1.0,1.0
0,1063212347,4567,1.0,1.0
0,1063212347,4568,1.0,1.0
0,1063212347,4569,1.0,1.0
0,1063212347,4570,1.0,1.0
0,1063212347,4571,1.0,1.0
0,1063212347,4572,1.0,1.0
0,1063212347,4573,1.0,1.0
0,1063212347,4574,1.0,1.0
0,1063212347,4575,1.0,1.0
0,1063212347,4576,1.0,1.0
0,1063212347,4577,1.0,1.0
0,1063212347,4578,1.0,1.0
0,1063212347,4579,1.0,1.0
0,1063212347,4580,1.0,1.0
0,1063212347,4581,1.0,1.0
0,1063212347,4582,1.0,1.0
0,1063212347,4583,1.0,1.0
0,1063212347,4584,1.0,1.0
0,1063212347,4585,1.0,1.0
0,1063212347,4586,1.0,1.0
0,1063212347,4587,1.0,1.0
0,1063212347,4588,1.0,1.0
0,1063212347,4589,1.0,1.0
0,1063212347,4590,1.0,1.0
0,1063212347,4591,1.0,1.0
0,1063212347,4592,1.0,1.0
0,1063212347,4593,1.0,1.0
0,1063212347,4594,1.0,1.0
0,1063212347,4595,1.0,1.0
0,1063212347,4596,1.0,1.0
0,1063212347,4597,1.0,1.0
0,1063212347,4598,1.0,1.0
0,1063212347,4599,1.0,1.0
0,1063212347,4600,1.0,1.0
0,1063212347,4601,1.0,1.0
0,1063212347,4602,1.0,1.0
0,1063212347,4603,1.0,1.0
0,1063212347,4604,1.0,1.0
0,1063212347,4605,1.0,1.0
0,1063212347,4606,1.0,1.0
0,1063212347,4607,1.0,1.0
0,1063212347,4608,1.0,1.0
0,1063212347,4609,1.0,1.0
0,1063212347,4610,1.0,1.0
0,1063212347,4611,1.0,1.0
0,1063212347,4612,1.0,1.0
0,1063212347,4613,1.0,1.0
0,1063212347,4614,1.0,1.0
0,1063212347,4615,1.0,1.0
0,1063212347,4616,1.0,1.0
0,1063212347,4617,1.0,1.0
0,1063212347,4618,1.0,1.0
0,1063212347,4619,1.0,1.0
0,1063212347,4620,1.0,1.0
0,1063212347,4621,1.0,1.0
0,1063212347,4622,1.0,1.0
0,1063212347,4623,1.0,1.0
0,1063212347,4624,1.0,1.0
0,1063212347,4625,1.0,1.0
0,1063212347,4626,1.0,1.0
0,1063212347,4627,1.0,1.0
0,1063212347,4628,1.0,1.0
0,1063212347,4629,1.0,1.0
0,1063212347,4630,1.0,1.0
0,1063212347,4631,1.0,1.0
0,1063212347,4632,1.0,1.0
0,1063212347,4633,1.0,1.0
0,1063212347,4634,1.0,1.0
0,1063212347,4635,1.0,1.0
0,1063212347,4636,1.0,1.0
0,1063212347,4637,1.0,1.0
0,1063212347,4638,1.0,1.0
0,1063212347,4639,1.0,1.0
0,1063212347,4640,1.0,1.0
0,1063212347,4641,1.0,1.0
0,1063212347,4642,1.0,1.0
0,1063212347,4643,1.0,1.0
0,1063212347,4644,1.0,1.0
0,1063212347,4645,1.0,1.0
0,1063212347,4646,1.0,1.0
0,1063212347,4647,1.0,1.0
0,1063212347,4648,1.0,1.0
0,1063212347,4649,1.0,1.0
0,1063212347,4650,1.0,1.0
0,1063212347,4651,1.0,1.0
0,1063212347,4652,1.0,1.0
0,1063212347,4653,1.0,1.0
0,1063212347,4654,1.0,1.0
0,1063212347,4655,1.0,1.0
0,1063212347,4656,1.0,1.0
0,1063212347,4657,1.0,1.0
0,1063212347,4658,1.0,1.0
0,1063212347,4659,1.0,1.0
0,1063212347,4660,1.0,1.0
0,1063212347,4661,1.0,1.0
0,1063212347,4662,1.0,1.0
0,1063212347,4663,1.0,1.0
0,1063212347,4664,1.0,1.0
0,1063212347,4665,1.0,1.0
0,1063212347,4666,1.0,1.0
0,1063212347,4667,1.0,1.0
0,1063212347,4668,1.0,1.0
0,1063212347,4669,1.0,1.0
0,1063212347,4670,1.0,1.0
0,1063212347,4671,1.0,1.0
0,1063212347,4672,1.0,1.0
0,1063212347,4673,1.0,1.0
0,1063212347,4674,1.0,1.0
0,1063212347,4675,1.0,1.0
0,1063212347,4676,1.0,1.0
0,1063212347,4677,1.0,1.0
0,1063212347,4678,1.0,1.0
0,1063212347,4679,1.0,1.0
0,1063212347,4680,1.0,1.0
0,1063212347,4681,1.0,1.0
0,1063212347,4682,1.0,1.0
0,1063212347,4683,1.0,1.0
0,1063212347,4684,1.0,1.0
0,1063212347,4685,1.0,1.0
0,1063212347,4686,1.0,1.0
0,1063212347,4687,1.0,1.0
0,1063212347,4688,1.0,1.0
0,1063212347,4689,1.0,1.0
0,1063212347,4690,1.0,1.0
0,1063212347,4691,1.0,1.0
0,1063212347,4692,1.0,1.0
0,1063212347,4693,1.0,1.0
0,1063212347,4694,1.0,1.0
0,1063212347,4695,1.0,1.0
0,1063212347,4696,1.0,1.0
0,1063212347,4697,1.0,1.0
0,1063212347,4698,1.0,1.0
0,1063212347,4699,1.0,1.0
0,1063212347,4700,1.0,1.0
0,1063212347,4701,1.0,1.0
0,1063212347,4702,1.0,1.0
0,1063212347,4703,1.0,1.0
0,1063212347,4704,1.0,1.0
0,1063212347,4705,1.0,1.0
0,1063212347,4706,1.0,1.0
0,1063212347,4707,1.0,1.0
0,1063212347,4708,1.0,1.0
0,1063212347,4709,1.0,1.0
0,1063212347,4710,1.0,1.0
0,1063212347,4711,1.0,1.0
0,1063212347,4712,1.0,1.0
0,1063212347,4713,1.0,1.0
0,1063212347,4714,1.0,1.0
0,1063212347,4715,1.0,1.0
0,1063212347,4716,1.0,1.0
0,1063212347,4717,1.0,1.0
0,1063212347,4718,1.0,1.0
0,1063212347,4719,1.0,1.0
0,1063212347,4720,1.0,1.0
0,1063212347,4721,1.0,1.0
0,1063212347,4722,1.0,1.0
0,1063212347,4723,1.0,1.0
0,1063212347,4724,1.0,1.0
0,1063212347,4725,1.0,1.0
0,1063212347,4726,1.0,1.0
0,1063212347,4727,1.0,1.0
0,1063212347,4728,1.0,1.0
0,1063212347,4729,1.0,1.0
0,1063212347,4730,1.0,1.0
0,1063212347,4731,1.0,1.0
0,1063212347,4732,1.0,1.0
0,1063212347,4733,1.0,1.0
0,1063212347,4734,1.0,1.0
0,1063212347,4735,1.0,1.0
0,1063212347,4736,1.0,1.0
0,1063212347,4737,1.0,1.0
0,1063212347,4738,1.0,1.0
0,1063212347,4739,1.0,1.0
0,1063212347,4740,1.0,1.0
0,1063212347,4741,1.0,1.0
0,1063212347,4742,1.0,1.0
0,1063212347,4743,1.0,1.0
0,1063212347,4744,1.0,1.0
0,1063212347,4745,1.0,1.0
0,1063212347,4746,1.0,1.0
0,1063212347,4747,1.0,1.0
0,1063212347,4748,1.0,1.0
0,1063212347,4749,1.0,1.0
0,1063212347,4750,1.0,1.0
0,1063212347,4751,1.0,1.0
0,1063212347,4752,1.0,1.0
0,1063212347,4753,1.0,1.0
0,1063212347,4754,1.0,1.0
0,1063212347,4755,1.0,1.0
0,1063212347,4756,1.0,1.0
0,1063212347,4757,1.0,1.0
0,1063212347,4758,1.0,1.0
0,1063212347,4759,1.0,1.0
0,1063212347,4760,1.0,1.0
0,1063212347,4761,1.0,1.0
0,1063212347,4762,1.0,1.0
0,1063212347,4763,1.0,1.0
0,1063212347,4764,1.0,1.0
0,1063212347,4765,1.0,1.0
0,1063212347,4766,1.0,1.0
0,1063212347,4767,1.0,1.0
0,1063212347,4768,1.0,1.0
0,1063212347,4769,1.0,1.0
0,1063212347,4770,1.0,1.0
0,1063212347,4771,1.0,1.0
0,1063212347,4772,1.0,1.0
0,1063212347,4773,1.0,1.0
0,1063212347,4774,1.0,1.0
0,1063212347,4775,1.0,1.0
0,1063212347,4776,1.0,1.0
0,1063212347,4777,1.0,1.0
0,1063212347,4778,1.0,1.0
0,1063212347,4779,1.0,1.0
0,1063212347,4780,1.0,1.0
0,1063212347,4781,1.0,1.0
0,1063212347,4782,1.0,1.0
0,1063212347,4783,1.0,1.0
0,1063212347,4784,1.0,1.0
0,1063212347,4785,1.0,1.0
0,1063212347,4786,1.0,1.0
0,1063212347,4787,1.0,1.0
0,1063212347,4788,1.0,1.0
0,1063212347,4789,1.0,1.0
0,1063212347,4790,1.0,1.0
0,1063212347,4791,1.0,1.0
0,1063212347,4792,1.0,1.0
0,1063212347,4793,1.0,1.0
0,1063212347,4794,1.0,1.0
0,1063212347,4795,1.0,1.0
0,1063212347,4796,1.0,1.0
0,1063212347,4797,1.0,1.0
0,1063212347,4798,1.0,1.0
0,1063212347,4799,1.0,1.0
0,1063212347,4800,1.0,1.0
0,1063212347,4801,1.0,1.0
0,1063212347,4802,1.0,1.0
0,1063212347,4803,1.0,1.0
0,1063212347,4804,1.0,1.0
0,1063212347,4805,1.0,1.0
0,1063212347,4806,1.0,1.0
0,1063212347,4807,1.0,1.0
0,1063212347,4808,1.0,1.0
0,1063212347,4809,1.0,1.0
0,1063212347,4810,1.0,1.0
0,1063212347,4811,1.0,1.0
0,1063212347,4812,1.0,1.0
0,1063212347,4813,1.0,1.0
0,1063212347,4814,1.0,1.0
0,1063212347,4815,1.0,1.0
0,1063212347,4816,1.0,1.0
0,1063212347,4817,1.0,1.0
0,1063212347,4818,1.0,1.0
0,1063212347,4819,1.0,1.0
0,1063212347,4820,1.0,1.0
0,1063212347,4821,1.0,1.0
0,1063212347,4822,1.0,1.0
0,1063212347,4823,1.0,1.0
0,1063212347,4824,1.0,1.0
0,1063212347,4825,1.0,1.0
0,1063212347,4826,1.0,1.0
0,1063212347,4827,1.0,1.0
0,1063212347,4828,1.0,1.0
0,1063212347,4829,1.0,1.0
0,1063212347,4830,1.0,1.0
0,1063212347,4831,1.0,1.0
0,1063212347,4832,1.0,1.0
0,1063212347,4833,1.0,1.0
0,1063212347,4834,1.0,1.0
0,1063212347,4835,1.0,1.0
0,1063212347,4836,1.0,1.0
0,1063212347,4837,1.0,1.0
0,1063212347,4838,1.0,1.0
0,1063212347,4839,1.0,1.0
0,1063212347,4840,1.0,1.0
0,1063212347,4841,1.0,1.0
0,1063212347,4842,1.0,1.0
0,1063212347,4843,1.0,1.0
0,1063212347,4844,1.0,1.0
0,1063212347,4845,1.0,1.0
0,1063212347,4846,1.0,1.0
0,1063212347,4847,1.0,1.0
0,1063212347,4848,1.0,1.0
0,1063212347,4849,1.0,1.0
0,1063212347,4850,1.0,1.0
0,1063212347,4851,1.0,1.0
0,1063212347,4852,1.0,1.0
0,1063212347,4853,1.0,1.0
0,1063212347,4854,1.0,1.0
0,1063212347,4855,1.0,1.0
0,1063212347,4856,1.0,1.0
0,1063212347,4857,1.0,1.0
0,1063212347,4858,1.0,1.0
0,1063212347,4859,1.0,1.0
0,1063212347,4860,1.0,1.0
0,1063212347,4861,1.0,1.0
0,1063212347,4862,1.0,1.0
0,1063212347,4863,1.0,1.0
0,1063212347,4864,1.0,1.0
0,1063212347,4865,1.0,1.0
0,1063212347,4866,1.0,1.0
0,1063212347,4867,1.0,1.0
0,1063212347,4868,1.0,1.0
0,1063212347,4869,1.0,1.0
0,1063212347,4870,1.0,1.0
0,1063212347,4871,1.0,1.0
0,1063212347,4872,1.0,1.0
0,1063212347,4873,1.0,1.0
0,1063212347,4874,1.0,1.0
0,1063212347,4875,1.0,1.0
0,1063212347,4876,1.0,1.0
0,1063212347,4877,1.0,1.0
0,1063212347,4878,1.0,1.0
0,1063212347,4879,1.0,1.0
0,1063212347,4880,1.0,1.0
0,1063212347,4881,1.0,1.0
0,1063212347,4882,1.0,1.0
0,1063212347,4883,1.0,1.0
0,1063212347,4884,1.0,1.0
0,1063212347,4885,1.0,1.0
0,1063212347,4886,1.0,1.0
0,1063212347,4887,1.0,1.0
0,1063212347,4888,1.0,1.0
0,1063212347,4889,1.0,1.0
0,1063212347,4890,1.0,1.0
0,1063212347,4891,1.0,1.0
0,1063212347,4892,1.0,1.0
0,1063212347,4893,1.0,1.0
0,1063212347,4894,1.0,1.0
0,1063212347,4895,1.0,1.0
0,1063212347,4896,1.0,1.0
0,1063212347,4897,1.0,1.0
0,1063212347,4898,1.0,1.0
0,1063212347,4899,1.0,1.0
0,1063212347,4900,1.0,1.0
0,1063212347,4901,1.0,1.0
0,1063212347,4902,1.0,1.0
0,1063212347,4903,1.0,1.0
0,1063212347,4904,1.0,1.0
0,1063212347,4905,1.0,1.0
0,1063212347,4906,1.0,1.0
0,1063212347,4907,1.0,1.0
0,1063212347,4908,1.0,1.0
0,1063212347,4909,1.0,1.0
0,1063212347,4910,1.0,1.0
0,1063212347,4911,1.0,1.0
0,1063212347,4912,1.0,1.0
0,1063212347,4913,1.0,1.0
0,1063212347,4914,1.0,1.0
0,1063212347,4915,1.0,1.0
0,1063212347,4916,1.0,1.0
0,1063212347,4917,1.0,1.0
0,1063212347,4918,1.0,1.0
0,1063212347,4919,1.0,1.0
0,1063212347,4920,1.0,1.0
0,1063212347,4921,1.0,1.0
0,1063212347,4922,1.0,1.0
0,1063212347,4923,1.0,1.0
0,1063212347,4924,1.0,1.0
0,1063212347,4925,1.0,1.0
0,1063212347,4926,1.0,1.0
0,1063212347,4927,1.0,1.0
0,1063212347,4928,1.0,1.0
0,1063212347,4929,1.0,1.0
0,1063212347,4930,1.0,1.0
0,1063212347,4931,1.0,1.0
0,1063212347,4932,1.0,1.0
0,1063212347,4933,1.0,1.0
0,1063212347,4934,1.0,1.0
0,1063212347,4935,1.0,1.0
0,1063212347,4936,1.0,1.0
0,1063212347,4937,1.0,1.0
0,1063212347,4938,1.0,1.0
0,1063212347,4939,1.0,1.0
0,1063212347,4940,1.0,1.0
0,1063212347,4941,1.0,1.0
0,1063212347,4942,1.0,1.0
0,1063212347,4943,1.0,1.0
0,1063212347,4944,1.0,1.0
0,1063212347,4945,1.0,1.0
0,1063212347,4946,1.0,1.0
0,1063212347,4947,1.0,1.0
0,1063212347,4948,1.0,1.0
0,1063212347,4949,1.0,1.0
0,1063212347,4950,1.0,1.0
0,1063212347,4951,1.0,1.0
0,1063212347,4952,1.0,1.0
0,1063212347,4953,1.0,1.0
0,1063212347,4954,1.0,1.0
0,1063212347,4955,1.0,1.0
0,1063212347,4956,1.0,1.0
0,1063212347,4957,1.0,1.0
0,1063212347,4958,1.0,1.0
0,1063212347,4959,1.0,1.0
0,1063212347,4960,1.0,1.0
0,1063212347,4961,1.0,1.0
0,1063212347,4962,1.0,1.0
0,1063212347,4963,1.0,1.0
0,1063212347,4964,1.0,1.0
0,1063212347,4965,1.0,1.0
0,1063212347,4966,1.0,1.0
0,1063212347,4967,1.0,1.0
0,1063212347,4968,1.0,1.0
0,1063212347,4969,1.0,1.0
0,1063212347,4970,1.0,1.0
0,1063212347,4971,1.0,1.0
0,1063212347,4972,1.0,1.0
0,1063212347,4973,1.0,1.0
0,1063212347,4974,1.0,1.0
0,1063212347,4975,1.0,1.0
0,1063212347,4976,1.0,1.0
0,1063212347,4977,1.0,1.0
0,1063212347,4978,1.0,1.0
0,1063212347,4979,1.0,1.0
0,1063212347,4980,1.0,1.0
0,1063212347,4981,1.0,1.0
0,1063212347,4982,1.0,1.0
0,1063212347,4983,1.0,1.0
0,1063212347,4984,1.0,1.0
0,1063212347,4985,1.0,1.0
0,1063212347,4986,1.0,1.0
0,1063212347,4987,1.0,1.0
0,1063212347,4988,1.0,1.0
0,1063212347,4989,1.0,1.0
0,1063212347,4990,1.0,1.0
0,1063212347,4991,1.0,1.0
0,1063212347,4992,1.0,1.0
0,1063212347,4993,1.0,1.0
0,1063212347,4994,1.0,1.0
0,1063212347,4995,1.0,1.0
0,1063212347,4996,1.0,1.0
0,1063212347,4997,1.0,1.0
0,1063212347,4998,1.0,1.0
0,1063212347,4999,1.0,1.0
0,1063212347,5000,1.0,1.0
1,1718514980,0,0.5199999809265137,0.4599999785423279
1,1718514980,1,0.5149999856948853,0.4599999785423279
1,1718514980,2,0.5349999666213989,0.5
1,1718514980,3,0.5649999976158142,0.5049999952316284
1,1718514980,4,0.5600000023841858,0.5
1,1718514980,5,0.5699999928474426,0.4949999749660492
1,1718514980,6,0.5699999928474426,0.5
1,1718514980,7,0.574999988079071,0.4949999749660492
1,1718514980,8,0.574999988079071,0.5049999952316284
1,1718514980,9,0.5899999737739563,0.4949999749660492
1,1718514980,10,0.5799999833106995,0.5049999952316284
1,1718514980,11,0.5949999690055847,0.5
1,1718514980,12,0.5949999690055847,0.5
1,1718514980,13,0.5999999642372131,0.5
1,1718514980,14,0.6049999594688416,0.5049999952316284
1,1718514980,15,0.5999999642372131,0.5049999952316284
1,1718514980,16,0.6049999594688416,0.5049999952316284
1,1718514980,17,0.6150000095367432,0.5049999952316284
1,1718514980,18,0.6100000143051147,0.5049999952316284
1,1718514980,19,0.6150000095367432,0.5099999904632568
1,1718514980,20,0.6100000143051147,0.4949999749660492
1,1718514980,21,0.6150000095367432,0.5049999952316284
1,1718514980,22,0.6200000047683716,0.5
1,1718514980,23,0.6200000047683716,0.5049999952316284
1,1718514980,24,0.6200000047683716,0.5049999952316284
1,1718514980,25,0.6299999952316284,0.5049999952316284
1,1718514980,26,0.625,0.5049999952316284
1,1718514980,27,0.6349999904632568,0.5099999904632568
1,1718514980,28,0.6399999856948853,0.5
1,1718514980,29,0.6499999761581421,0.5149999856948853
1,1718514980,30,0.6599999666213989,0.5099999904632568
1,1718514980,31,0.6599999666213989,0.5099999904632568
1,1718514980,32,0.6699999570846558,0.5099999904632568
1,1718514980,33,0.675000011920929,0.5049999952316284
1,1718514980,34,0.6800000071525574,0.5149999856948853
1,1718514980,35,0.6800000071525574,0.5099999904632568
1,1718514980,36,0.6899999976158142,0.5099999904632568
1,1718514980,37,0.6899999976158142,0.5049999952316284
1,1718514980,38,0.6899999976158142,0.5099999904632568
1,1718514980,39,0.6899999976158142,0.5199999809265137
1,1718514980,40,0.699999988079071,0.5099999904632568
1,1718514980,41,0.6949999928474426,0.5099999904632568
1,1718514980,42,0.7149999737739563,0.5149999856948853
1,1718514980,43,0.7099999785423279,0.5099999904632568
1,1718514980,44,0.7299999594688416,0.5199999809265137
1,1718514980,45,0.7249999642372131,0.5099999904632568
1,1718514980,46,0.73499995470047,0.5149999856948853
1,1718514980,47,0.73499995470047,0.5149999856948853
1,1718514980,48,0.7400000095367432,0.5099999904632568
1,1718514980,49,0.7400000095367432,0.5099999904632568
1,1718514980,50,0.7400000095367432,0.5199999809265137
1,1718514980,51,0.7400000095367432,0.5149999856948853
1,1718514980,52,0.7400000095367432,0.5199999809265137
1,1718514980,53,0.7450000047683716,0.5149999856948853
1,1718514980,54,0.7400000095367432,0.5149999856948853
1,1718514980,55,0.7450000047683716,0.5099999904632568
1,1718514980,56,0.75,0.5199999809265137
1,1718514980,57,0.7649999856948853,0.5149999856948853
1,1718514980,58,0.7649999856948853,0.5199999809265137
1,1718514980,59,0.7699999809265137,0.5149999856948853
1,1718514980,60,0.7749999761581421,0.5199999809265137
1,1718514980,61,0.7799999713897705,0.5149999856948853
1,1718514980,62,0.7849999666213989,0.5149999856948853
1,1718514980,63,0.7999999523162842,0.5099999904632568
1,1718514980,64,0.7999999523162842,0.5249999761581421
1,1718514980,65,0.8100000023841858,0.5099999904632568
1,1718514980,66,0.8199999928474426,0.5199999809265137
1,1718514980,67,0.8349999785423279,0.5149999856948853
1,1718514980,68,0.8299999833106995,0.5249999761581421
1,1718514980,69,0.8399999737739563,0.5199999809265137
1,1718514980,70,0.8499999642372131,0.5249999761581421
1,1718514980,71,0.8549999594688416,0.5199999809265137
1,1718514980,72,0.85999995470047,0.5199999809265137
1,1718514980,73,0.8549999594688416,0.5199999809265137
1,1718514980,74,0.8650000095367432,0.5199999809265137
1,1718514980,75,0.85999995470047,0.5249999761581421
1,1718514980,76,0.8650000095367432,0.5249999761581421
1,1718514980,77,0.85999995470047,0.5149999856948853
1,1718514980,78,0.8700000047683716,0.5199999809265137
1,1718514980,79,0.8650000095367432,0.5049999952316284
1,1718514980,80,0.875,0.5249999761581421
1,1718514980,81,0.875,0.5199999809265137
1,1718514980,82,0.8899999856948853,0.5249999761581421
1,1718514980,83,0.8849999904632568,0.5099999904632568
1,1718514980,84,0.8899999856948853,0.5199999809265137
1,1718514980,85,0.8899999856948853,0.5149999856948853
1,1718514980,86,0.8949999809265137,0.5249999761581421
1,1718514980,87,0.8999999761581421,0.5149999856948853
1,1718514980,88,0.8999999761581421,0.5199999809265137
1,1718514980,89,0.8999999761581421,0.5149999856948853
1,1718514980,90,0.9049999713897705,0.5199999809265137
1,1718514980,91,0.8999999761581421,0.5199999809265137
1,1718514980,92,0.9099999666213989,0.5149999856948853
1,1718514980,93,0.9099999666213989,0.5199999809265137
1,1718514980,94,0.9099999666213989,0.5299999713897705
1,1718514980,95,0.9149999618530273,0.5099999904632568
1,1718514980,96,0.9149999618530273,0.5199999809265137
1,1718514980,97,0.9249999523162842,0.5299999713897705
1,1718514980,98,0.9199999570846558,0.5099999904632568
1,1718514980,99,0.9199999570846558,0.5249999761581421
1,1718514980,100,0.9300000071525574,0.5149999856948853
1,1718514980,101,0.9300000071525574,0.5199999809265137
1,1718514980,102,0.9300000071525574,0.5149999856948853
1,1718514980,103,0.9300000071525574,0.5199999809265137
1,1718514980,104,0.9350000023841858,0.5349999666213989
1,1718514980,105,0.9399999976158142,0.5149999856948853
1,1718514980,106,0.9399999976158142,0.5249999761581421
1,1718514980,107,0.9399999976158142,0.5199999809265137
1,1718514980,108,0.9449999928474426,0.5249999761581421
1,1718514980,109,0.9449999928474426,0.5199999809265137
1,1718514980,110,0.9449999928474426,0.5199999809265137
1,1718514980,111,0.9449999928474426,0.5249999761581421
1,1718514980,112,0.9449999928474426,0.5149999856948853
1,1718514980,113,0.9449999928474426,0.5299999713897705
1,1718514980,114,0.9449999928474426,0.5249999761581421
1,1718514980,115,0.9449999928474426,0.5249999761581421
1,1718514980,116,0.9449999928474426,0.5249999761581421
1,1718514980,117,0.9449999928474426,0.5299999713897705
1,1718514980,118,0.9549999833106995,0.5199999809265137
1,1718514980,119,0.9599999785423279,0.5349999666213989
1,1718514980,120,0.949999988079071,0.5299999713897705
1,1718514980,121,0.9599999785423279,0.5299999713897705
1,1718514980,122,0.9599999785423279,0.5249999761581421
1,1718514980,123,0.9599999785423279,0.5349999666213989
1,1718514980,124,0.9749999642372131,0.5099999904632568
1,1718514980,125,0.9599999785423279,0.5299999713897705
1,1718514980,126,0.9699999690055847,0.5199999809265137
1,1718514980,127,0.98499995470047,0.5249999761581421
1,1718514980,128,0.9749999642372131,0.5199999809265137
1,1718514980,129,0.98499995470047,0.5349999666213989
1,1718514980,130,0.9799999594688416,0.5199999809265137
1,1718514980,131,0.98499995470047,0.5299999713897705
1,1718514980,132,0.98499995470047,0.5249999761581421
1,1718514980,133,0.98499995470047,0.5299999713897705
1,1718514980,134,0.98499995470047,0.5249999761581421
1,1718514980,135,0.98499995470047,0.5349999666213989
1,1718514980,136,0.98499995470047,0.5199999809265137
1,1718514980,137,0.98499995470047,0.5249999761581421
1,1718514980,138,0.98499995470047,0.5299999713897705
1,1718514980,139,0.98499995470047,0.5399999618530273
1,1718514980,140,0.9899999499320984,0.5199999809265137
1,1718514980,141,0.98499995470047,0.5199999809265137
1,1718514980,142,0.9899999499320984,0.5149999856948853
1,1718514980,143,0.98499995470047,0.5299999713897705
1,1718514980,144,0.9899999499320984,0.5399999618530273
1,1718514980,145,0.9899999499320984,0.5249999761581421
1,1718514980,146,0.9899999499320984,0.5199999809265137
1,1718514980,147,0.9950000047683716,0.5299999713897705
1,1718514980,148,0.9950000047683716,0.5199999809265137
1,1718514980,149,0.9950000047683716,0.5299999713897705
1,1718514980,150,0.9950000047683716,0.5349999666213989
1,1718514980,151,0.9950000047683716,0.5349999666213989
1,1718514980,152,0.9950000047683716,0.5349999666213989
1,1718514980,153,0.9950000047683716,0.5299999713897705
1,1718514980,154,0.9950000047683716,0.5199999809265137
1,1718514980,155,0.9950000047683716,0.5199999809265137
1,1718514980,156,0.9950000047683716,0.5349999666213989
1,1718514980,157,0.9950000047683716,0.5249999761581421
1,1718514980,158,0.9950000047683716,0.5299999713897705
1,1718514980,159,0.9950000047683716,0.5199999809265137
1,1718514980,160,0.9950000047683716,0.5299999713897705
1,1718514980,161,0.9950000047683716,0.5450000166893005
1,1718514980,162,0.9950000047683716,0.5450000166893005
1,1718514980,163,0.9950000047683716,0.5249999761581421
1,1718514980,164,0.9950000047683716,0.5399999618530273
1,1718514980,165,0.9950000047683716,0.5099999904632568
1,1718514980,166,0.9950000047683716,0.5349999666213989
1,1718514980,167,0.9950000047683716,0.5299999713897705
1,1718514980,168,0.9950000047683716,0.5349999666213989
1,1718514980,169,0.9950000047683716,0.5349999666213989
1,1718514980,170,0.9950000047683716,0.550000011920929
1,1718514980,171,0.9950000047683716,0.5349999666213989
1,1718514980,172,1.0,0.5399999618530273
1,1718514980,173,0.9950000047683716,0.5249999761581421
1,1718514980,174,1.0,0.5399999618530273
1,1718514980,175,0.9950000047683716,0.5299999713897705
1,1718514980,176,1.0,0.5399999618530273
1,1718514980,177,1.0,0.5450000166893005
1,1718514980,178,1.0,0.5299999713897705
1,1718514980,179,1.0,0.550000011920929
1,1718514980,180,1.0,0.5349999666213989
1,1718514980,181,1.0,0.550000011920929
1,1718514980,182,1.0,0.5450000166893005
1,1718514980,183,1.0,0.5399999618530273
1,1718514980,184,1.0,0.5399999618530273
1,1718514980,185,1.0,0.550000011920929
1,1718514980,186,1.0,0.5450000166893005
1,1718514980,187,1.0,0.5399999618530273
1,1718514980,188,1.0,0.5450000166893005
1,1718514980,189,1.0,0.5349999666213989
1,1718514980,190,1.0,0.5450000166893005
1,1718514980,191,1.0,0.550000011920929
1,1718514980,192,1.0,0.5450000166893005
1,1718514980,193,1.0,0.5450000166893005
1,1718514980,194,1.0,0.5399999618530273
1,1718514980,195,1.0,0.5399999618530273
1,1718514980,196,1.0,0.5299999713897705
1,1718514980,197,1.0,0.5450000166893005
1,1718514980,198,1.0,0.5299999713897705
1,1718514980,199,1.0,0.5399999618530273
1,1718514980,200,1.0,0.550000011920929
1,1718514980,201,1.0,0.5450000166893005
1,1718514980,202,1.0,0.5399999618530273
1,1718514980,203,1.0,0.550000011920929
1,1718514980,204,1.0,0.5349999666213989
1,1718514980,205,1.0,0.5550000071525574
1,1718514980,206,1.0,0.5349999666213989
1,1718514980,207,1.0,0.5399999618530273
1,1718514980,208,1.0,0.5450000166893005
1,1718514980,209,1.0,0.5450000166893005
1,1718514980,210,1.0,0.5349999666213989
1,1718514980,211,1.0,0.5550000071525574
1,1718514980,212,1.0,0.5399999618530273
1,1718514980,213,1.0,0.5399999618530273
1,1718514980,214,1.0,0.5399999618530273
1,1718514980,215,1.0,0.5550000071525574
1,1718514980,216,1.0,0.5399999618530273
1,1718514980,217,1.0,0.5450000166893005
1,1718514980,218,1.0,0.550000011920929
1,1718514980,219,1.0,0.5299999713897705
1,1718514980,220,1.0,0.5399999618530273
1,1718514980,221,1.0,0.5550000071525574
1,1718514980,222,1.0,0.550000011920929
1,1718514980,223,1.0,0.5550000071525574
1,1718514980,224,1.0,0.5450000166893005
1,1718514980,225,1.0,0.550000011920929
1,1718514980,226,1.0,0.5299999713897705
1,1718514980,227,1.0,0.5550000071525574
1,1718514980,228,1.0,0.5450000166893005
1,1718514980,229,1.0,0.550000011920929
1,1718514980,230,1.0,0.550000011920929
1,1718514980,231,1.0,0.5550000071525574
1,1718514980,232,1.0,0.5299999713897705
1,1718514980,233,1.0,0.5550000071525574
1,1718514980,234,1.0,0.550000011920929
1,1718514980,235,1.0,0.5550000071525574
1,1718514980,236,1.0,0.5450000166893005
1,1718514980,237,1.0,0.5399999618530273
1,1718514980,238,1.0,0.5450000166893005
1,1718514980,239,1.0,0.550000011920929
1,1718514980,240,1.0,0.550000011920929
1,1718514980,241,1.0,0.550000011920929
1,1718514980,242,1.0,0.5399999618530273
1,1718514980,243,1.0,0.550000011920929
1,1718514980,244,1.0,0.5399999618530273
1,1718514980,245,1.0,0.5550000071525574
1,1718514980,246,1.0,0.5299999713897705
1,1718514980,247,1.0,0.550000011920929
1,1718514980,248,1.0,0.5450000166893005
1,1718514980,249,1.0,0.5399999618530273
1,1718514980,250,1.0,0.5399999618530273
1,1718514980,251,1.0,0.5550000071525574
1,1718514980,252,1.0,0.5450000166893005
1,1718514980,253,1.0,0.5550000071525574
1,1718514980,254,1.0,0.550000011920929
1,1718514980,255,1.0,0.550000011920929
1,1718514980,256,1.0,0.550000011920929
1,1718514980,257,1.0,0.5699999928474426
1,1718514980,258,1.0,0.5550000071525574
1,1718514980,259,1.0,0.5450000166893005
1,1718514980,260,1.0,0.5550000071525574
1,1718514980,261,1.0,0.5600000023841858
1,1718514980,262,1.0,0.550000011920929
1,1718514980,263,1.0,0.5600000023841858
1,1718514980,264,1.0,0.5550000071525574
1,1718514980,265,1.0,0.550000011920929
1,1718514980,266,1.0,0.5550000071525574
1,1718514980,267,1.0,0.5550000071525574
1,1718514980,268,1.0,0.5550000071525574
1,1718514980,269,1.0,0.5649999976158142
1,1718514980,270,1.0,0.5550000071525574
1,1718514980,271,1.0,0.5550000071525574
1,1718514980,272,1.0,0.5600000023841858
1,1718514980,273,1.0,0.550000011920929
1,1718514980,274,1.0,0.5450000166893005
1,1718514980,275,1.0,0.5550000071525574
1,1718514980,276,1.0,0.550000011920929
1,1718514980,277,1.0,0.5450000166893005
1,1718514980,278,1.0,0.5600000023841858
1,1718514980,279,1.0,0.5600000023841858
1,1718514980,280,1.0,0.5550000071525574
1,1718514980,281,1.0,0.5550000071525574
1,1718514980,282,1.0,0.5550000071525574
1,1718514980,283,1.0,0.550000011920929
1,1718514980,284,1.0,0.5600000023841858
1,1718514980,285,1.0,0.5450000166893005
1,1718514980,286,1.0,0.5600000023841858
1,1718514980,287,1.0,0.550000011920929
1,1718514980,288,1.0,0.5550000071525574
1,1718514980,289,1.0,0.5550000071525574
1,1718514980,290,1.0,0.5649999976158142
1,1718514980,291,1.0,0.5450000166893005
1,1718514980,292,1.0,0.5699999928474426
1,1718514980,293,1.0,0.5550000071525574
1,1718514980,294,1.0,0.5450000166893005
1,1718514980,295,1.0,0.5550000071525574
1,1718514980,296,1.0,0.550000011920929
1,1718514980,297,1.0,0.5550000071525574
1,1718514980,298,1.0,0.5600000023841858
1,1718514980,299,1.0,0.5600000023841858
1,1718514980,300,1.0,0.5450000166893005
1,1718514980,301,1.0,0.5550000071525574
1,1718514980,302,1.0,0.5649999976158142
1,1718514980,303,1.0,0.5600000023841858
1,1718514980,304,1.0,0.5600000023841858
1,1718514980,305,1.0,0.5600000023841858
1,1718514980,306,1.0,0.5550000071525574
1,1718514980,307,1.0,0.5649999976158142
1,1718514980,308,1.0,0.550000011920929
1,1718514980,309,1.0,0.5600000023841858
1,1718514980,310,1.0,0.5600000023841858
1,1718514980,311,1.0,0.5600000023841858
1,1718514980,312,1.0,0.550000011920929
1,1718514980,313,1.0,0.5649999976158142
1,1718514980,314,1.0,0.5550000071525574
1,1718514980,315,1.0,0.5550000071525574
1,1718514980,316,1.0,0.5450000166893005
1,1718514980,317,1.0,0.5649999976158142
1,1718514980,318,1.0,0.5550000071525574
1,1718514980,319,1.0,0.5550000071525574
1,1718514980,320,1.0,0.5600000023841858
1,1718514980,321,1.0,0.5649999976158142
1,1718514980,322,1.0,0.5550000071525574
1,1718514980,323,1.0,0.5649999976158142
1,1718514980,324,1.0,0.5600000023841858
1,1718514980,325,1.0,0.5550000071525574
1,1718514980,326,1.0,0.5600000023841858
1,1718514980,327,1.0,0.5450000166893005
1,1718514980,328,1.0,0.5699999928474426
1,1718514980,329,1.0,0.5600000023841858
1,1718514980,330,1.0,0.5600000023841858
1,1718514980,331,1.0,0.5550000071525574
1,1718514980,332,1.0,0.5699999928474426
1,1718514980,333,1.0,0.5600000023841858
1,1718514980,334,1.0,0.5699999928474426
1,1718514980,335,1.0,0.5550000071525574
1,1718514980,336,1.0,0.5699999928474426
1,1718514980,337,1.0,0.5450000166893005
1,1718514980,338,1.0,0.5550000071525574
1,1718514980,339,1.0,0.5600000023841858
1,1718514980,340,1.0,0.574999988079071
1,1718514980,341,1.0,0.5649999976158142
1,1718514980,342,1.0,0.5649999976158142
1,1718514980,343,1.0,0.5600000023841858
1,1718514980,344,1.0,0.5649999976158142
1,1718514980,345,1.0,0.5550000071525574
1,1718514980,346,1.0,0.5600000023841858
1,1718514980,347,1.0,0.574999988079071
1,1718514980,348,1.0,0.5649999976158142
1,1718514980,349,1.0,0.5649999976158142
1,1718514980,350,1.0,0.5600000023841858
1,1718514980,351,1.0,0.5649999976158142
1,1718514980,352,1.0,0.574999988079071
1,1718514980,353,1.0,0.5600000023841858
1,1718514980,354,1.0,0.5550000071525574
1,1718514980,355,1.0,0.5699999928474426
1,1718514980,356,1.0,0.5699999928474426
1,1718514980,357,1.0,0.5649999976158142
1,1718514980,358,1.0,0.5550000071525574
1,1718514980,359,1.0,0.5600000023841858
1,1718514980,360,1.0,0.5799999833106995
1,1718514980,361,1.0,0.5699999928474426
1,1718514980,362,1.0,0.5600000023841858
1,1718514980,363,1.0,0.5649999976158142
1,1718514980,364,1.0,0.5649999976158142
1,1718514980,365,1.0,0.5649999976158142
1,1718514980,366,1.0,0.5699999928474426
1,1718514980,367,1.0,0.5649999976158142
1,1718514980,368,1.0,0.574999988079071
1,1718514980,369,1.0,0.5649999976158142
1,1718514980,370,1.0,0.5699999928474426
1,1718514980,371,1.0,0.5799999833106995
1,1718514980,372,1.0,0.5600000023841858
1,1718514980,373,1.0,0.574999988079071
1,1718514980,374,1.0,0.5699999928474426
1,1718514980,375,1.0,0.5799999833106995
1,1718514980,376,1.0,0.5799999833106995
1,1718514980,377,1.0,0.5649999976158142
1,1718514980,378,1.0,0.5649999976158142
1,1718514980,379,1.0,0.5699999928474426
1,1718514980,380,1.0,0.5649999976158142
1,1718514980,381,1.0,0.5649999976158142
1,1718514980,382,1.0,0.5649999976158142
1,1718514980,383,1.0,0.5550000071525574
1,1718514980,384,1.0,0.5699999928474426
1,1718514980,385,1.0,0.5649999976158142
1,1718514980,386,1.0,0.5600000023841858
1,1718514980,387,1.0,0.5799999833106995
1,1718514980,388,1.0,0.5849999785423279
1,1718514980,389,1.0,0.5699999928474426
1,1718514980,390,1.0,0.5899999737739563
1,1718514980,391,1.0,0.5699999928474426
1,1718514980,392,1.0,0.5550000071525574
1,1718514980,393,1.0,0.5699999928474426
1,1718514980,394,1.0,0.5699999928474426
1,1718514980,395,1.0,0.574999988079071
1,1718514980,396,1.0,0.5699999928474426
1,1718514980,397,1.0,0.5799999833106995
1,1718514980,398,1.0,0.550000011920929
1,1718514980,399,1.0,0.5849999785423279
1,1718514980,400,1.0,0.5849999785423279
1,1718514980,401,1.0,0.5849999785423279
1,1718514980,402,1.0,0.5849999785423279
1,1718514980,403,1.0,0.5699999928474426
1,1718514980,404,1.0,0.5649999976158142
1,1718514980,405,1.0,0.574999988079071
1,1718514980,406,1.0,0.574999988079071
1,1718514980,407,1.0,0.574999988079071
1,1718514980,408,1.0,0.5999999642372131
1,1718514980,409,1.0,0.5649999976158142
1,1718514980,410,1.0,0.5600000023841858
1,1718514980,411,1.0,0.574999988079071
1,1718514980,412,1.0,0.574999988079071
1,1718514980,413,1.0,0.5799999833106995
1,1718514980,414,1.0,0.5899999737739563
1,1718514980,415,1.0,0.5799999833106995
1,1718514980,416,1.0,0.5799999833106995
1,1718514980,417,1.0,0.5699999928474426
1,1718514980,418,1.0,0.574999988079071
1,1718514980,419,1.0,0.574999988079071
1,1718514980,420,1.0,0.5699999928474426
1,1718514980,421,1.0,0.5649999976158142
1,1718514980,422,1.0,0.5699999928474426
1,1718514980,423,1.0,0.5699999928474426
1,1718514980,424,1.0,0.5899999737739563
1,1718514980,425,1.0,0.5849999785423279
1,1718514980,426,1.0,0.5899999737739563
1,1718514980,427,1.0,0.5699999928474426
1,1718514980,428,1.0,0.574999988079071
1,1718514980,429,1.0,0.574999988079071
1,1718514980,430,1.0,0.5799999833106995
1,1718514980,431,1.0,0.5649999976158142
1,1718514980,432,1.0,0.5899999737739563
1,1718514980,433,1.0,0.574999988079071
1,1718514980,434,1.0,0.5699999928474426
1,1718514980,435,1.0,0.5799999833106995
1,1718514980,436,1.0,0.5799999833106995
1,1718514980,437,1.0,0.5849999785423279
1,1718514980,438,1.0,0.574999988079071
1,1718514980,439,1.0,0.5600000023841858
1,1718514980,440,1.0,0.5849999785423279
1,1718514980,441,1.0,0.5899999737739563
1,1718514980,442,1.0,0.5799999833106995
1,1718514980,443,1.0,0.574999988079071
1,1718514980,444,1.0,0.6049999594688416
1,1718514980,445,1.0,0.5899999737739563
1,1718514980,446,1.0,0.5649999976158142
1,1718514980,447,1.0,0.5949999690055847
1,1718514980,448,1.0,0.574999988079071
1,1718514980,449,1.0,0.5799999833106995
1,1718514980,450,1.0,0.5999999642372131
1,1718514980,451,1.0,0.5849999785423279
1,1718514980,452,1.0,0.5699999928474426
1,1718514980,453,1.0,0.5899999737739563
1,1718514980,454,1.0,0.5849999785423279
1,1718514980,455,1.0,0.5699999928474426
1,1718514980,456,1.0,0.5949999690055847
1,1718514980,457,1.0,0.574999988079071
1,1718514980,458,1.0,0.5949999690055847
1,1718514980,459,1.0,0.5999999642372131
1,1718514980,460,1.0,0.5799999833106995
1,1718514980,461,1.0,0.5849999785423279
1,1718514980,462,1.0,0.5849999785423279
1,1718514980,463,1.0,0.5799999833106995
1,1718514980,464,1.0,0.5899999737739563
1,1718514980,465,1.0,0.5849999785423279
1,1718514980,466,1.0,0.5899999737739563
1,1718514980,467,1.0,0.5899999737739563
1,1718514980,468,1.0,0.5949999690055847
1,1718514980,469,1.0,0.574999988079071
1,1718514980,470,1.0,0.5849999785423279
1,1718514980,471,1.0,0.5899999737739563
1,1718514980,472,1.0,0.5899999737739563
1,1718514980,473,1.0,0.5849999785423279
1,1718514980,474,1.0,0.5699999928474426
1,1718514980,475,1.0,0.5849999785423279
1,1718514980,476,1.0,0.574999988079071
1,1718514980,477,1.0,0.5899999737739563
1,1718514980,478,1.0,0.5849999785423279
1,1718514980,479,1.0,0.5949999690055847
1,1718514980,480,1.0,0.574999988079071
1,1718514980,481,1.0,0.574999988079071
1,1718514980,482,1.0,0.5899999737739563
1,1718514980,483,1.0,0.5849999785423279
1,1718514980,484,1.0,0.5849999785423279
1,1718514980,485,1.0,0.5999999642372131
1,1718514980,486,1.0,0.5699999928474426
1,1718514980,487,1.0,0.5999999642372131
1,1718514980,488,1.0,0.5849999785423279
1,1718514980,489,1.0,0.574999988079071
1,1718514980,490,1.0,0.5799999833106995
1,1718514980,491,1.0,0.5899999737739563
1,1718514980,492,1.0,0.6049999594688416
1,1718514980,493,1.0,0.5899999737739563
1,1718514980,494,1.0,0.5699999928474426
1,1718514980,495,1.0,0.5899999737739563
1,1718514980,496,1.0,0.5949999690055847
1,1718514980,497,1.0,0.5899999737739563
1,1718514980,498,1.0,0.5899999737739563
1,1718514980,499,1.0,0.5899999737739563
1,1718514980,500,1.0,0.5899999737739563
1,1718514980,501,1.0,0.574999988079071
1,1718514980,502,1.0,0.5849999785423279
1,1718514980,503,1.0,0.5799999833106995
1,1718514980,504,1.0,0.5799999833106995
1,1718514980,505,1.0,0.5799999833106995
1,1718514980,506,1.0,0.5949999690055847
1,1718514980,507,1.0,0.5849999785423279
1,1718514980,508,1.0,0.5849999785423279
1,1718514980,509,1.0,0.5999999642372131
1,1718514980,510,1.0,0.5699999928474426
1,1718514980,511,1.0,0.5899999737739563
1,1718514980,512,1.0,0.5949999690055847
1,1718514980,513,1.0,0.5999999642372131
1,1718514980,514,1.0,0.5649999976158142
1,1718514980,515,1.0,0.5949999690055847
1,1718514980,516,1.0,0.6049999594688416
1,1718514980,517,1.0,0.5999999642372131
1,1718514980,518,1.0,0.574999988079071
1,1718514980,519,1.0,0.6049999594688416
1,1718514980,520,1.0,0.5949999690055847
1,1718514980,521,1.0,0.5999999642372131
1,1718514980,522,1.0,0.5949999690055847
1,1718514980,523,1.0,0.5999999642372131
1,1718514980,524,1.0,0.5899999737739563
1,1718514980,525,1.0,0.5899999737739563
1,1718514980,526,1.0,0.5949999690055847
1,1718514980,527,1.0,0.5799999833106995
1,1718514980,528,1.0,0.5899999737739563
1,1718514980,529,1.0,0.5899999737739563
1,1718514980,530,1.0,0.5899999737739563
1,1718514980,531,1.0,0.5849999785423279
1,1718514980,532,1.0,0.5949999690055847
1,1718514980,533,1.0,0.5949999690055847
1,1718514980,534,1.0,0.574999988079071
1,1718514980,535,1.0,0.5899999737739563
1,1718514980,536,1.0,0.5999999642372131
1,1718514980,537,1.0,0.6200000047683716
1,1718514980,538,1.0,0.5899999737739563
1,1718514980,539,1.0,0.5899999737739563
1,1718514980,540,1.0,0.5999999642372131
1,1718514980,541,1.0,0.5999999642372131
1,1718514980,542,1.0,0.5849999785423279
1,1718514980,543,1.0,0.5899999737739563
1,1718514980,544,1.0,0.5949999690055847
1,1718514980,545,1.0,0.6049999594688416
1,1718514980,546,1.0,0.5849999785423279
1,1718514980,547,1.0,0.6049999594688416
1,1718514980,548,1.0,0.6049999594688416
1,1718514980,549,1.0,0.5899999737739563
1,1718514980,550,1.0,0.5949999690055847
1,1718514980,551,1.0,0.6100000143051147
1,1718514980,552,1.0,0.5849999785423279
1,1718514980,553,1.0,0.5999999642372131
1,1718514980,554,1.0,0.5849999785423279
1,1718514980,555,1.0,0.5949999690055847
1,1718514980,556,1.0,0.5899999737739563
1,1718514980,557,1.0,0.5949999690055847
1,1718514980,558,1.0,0.5899999737739563
1,1718514980,559,1.0,0.5999999642372131
1,1718514980,560,1.0,0.5949999690055847
1,1718514980,561,1.0,0.5999999642372131
1,1718514980,562,1.0,0.5899999737739563
1,1718514980,563,1.0,0.6100000143051147
1,1718514980,564,1.0,0.5899999737739563
1,1718514980,565,1.0,0.5999999642372131
1,1718514980,566,1.0,0.5949999690055847
1,1718514980,567,1.0,0.5799999833106995
1,1718514980,568,1.0,0.5849999785423279
1,1718514980,569,1.0,0.5949999690055847
1,1718514980,570,1.0,0.6299999952316284
1,1718514980,571,1.0,0.6049999594688416
1,1718514980,572,1.0,0.5799999833106995
1,1718514980,573,1.0,0.5949999690055847
1,1718514980,574,1.0,0.5949999690055847
1,1718514980,575,1.0,0.5999999642372131
1,1718514980,576,1.0,0.5899999737739563
1,1718514980,577,1.0,0.6049999594688416
1,1718514980,578,1.0,0.5799999833106995
1,1718514980,579,1.0,0.5899999737739563
1,1718514980,580,1.0,0.5999999642372131
1,1718514980,581,1.0,0.5899999737739563
1,1718514980,582,1.0,0.6049999594688416
1,1718514980,583,1.0,0.5949999690055847
1,1718514980,584,1.0,0.5799999833106995
1,1718514980,585,1.0,0.6049999594688416
1,1718514980,586,1.0,0.6150000095367432
1,1718514980,587,1.0,0.5949999690055847
1,1718514980,588,1.0,0.5999999642372131
1,1718514980,589,1.0,0.5949999690055847
1,1718514980,590,1.0,0.6049999594688416
1,1718514980,591,1.0,0.6100000143051147
1,1718514980,592,1.0,0.5849999785423279
1,1718514980,593,1.0,0.5999999642372131
1,1718514980,594,1.0,0.6150000095367432
1,1718514980,595,1.0,0.6200000047683716
1,1718514980,596,1.0,0.5949999690055847
1,1718514980,597,1.0,0.6100000143051147
1,1718514980,598,1.0,0.5899999737739563
1,1718514980,599,1.0,0.6049999594688416
1,1718514980,600,1.0,0.6200000047683716
1,1718514980,601,1.0,0.6049999594688416
1,1718514980,602,1.0,0.6100000143051147
1,1718514980,603,1.0,0.6200000047683716
1,1718514980,604,1.0,0.5999999642372131
1,1718514980,605,1.0,0.6150000095367432
1,1718514980,606,1.0,0.6100000143051147
1,1718514980,607,1.0,0.6100000143051147
1,1718514980,608,1.0,0.5899999737739563
1,1718514980,609,1.0,0.6100000143051147
1,1718514980,610,1.0,0.6200000047683716
1,1718514980,611,1.0,0.6150000095367432
1,1718514980,612,1.0,0.6200000047683716
1,1718514980,613,1.0,0.5999999642372131
1,1718514980,614,1.0,0.6100000143051147
1,1718514980,615,1.0,0.6200000047683716
1,1718514980,616,1.0,0.5999999642372131
1,1718514980,617,1.0,0.6049999594688416
1,1718514980,618,1.0,0.5999999642372131
1,1718514980,619,1.0,0.6100000143051147
1,1718514980,620,1.0,0.6299999952316284
1,1718514980,621,1.0,0.6100000143051147
1,1718514980,622,1.0,0.5999999642372131
1,1718514980,623,1.0,0.5949999690055847
1,1718514980,624,1.0,0.5999999642372131
1,1718514980,625,1.0,0.6200000047683716
1,1718514980,626,1.0,0.625
1,1718514980,627,1.0,0.6150000095367432
1,1718514980,628,1.0,0.5999999642372131
1,1718514980,629,1.0,0.6100000143051147
1,1718514980,630,1.0,0.6049999594688416
1,1718514980,631,1.0,0.6349999904632568
1,1718514980,632,1.0,0.6150000095367432
1,1718514980,633,1.0,0.6100000143051147
1,1718514980,634,1.0,0.5999999642372131
1,1718514980,635,1.0,0.6150000095367432
1,1718514980,636,1.0,0.625
1,1718514980,637,1.0,0.6100000143051147
1,1718514980,638,1.0,0.6049999594688416
1,1718514980,639,1.0,0.6049999594688416
1,1718514980,640,1.0,0.6200000047683716
1,1718514980,641,1.0,0.6399999856948853
1,1718514980,642,1.0,0.6150000095367432
1,1718514980,643,1.0,0.6150000095367432
1,1718514980,644,1.0,0.6299999952316284
1,1718514980,645,1.0,0.6200000047683716
1,1718514980,646,1.0,0.6100000143051147
1,1718514980,647,1.0,0.6299999952316284
1,1718514980,648,1.0,0.6100000143051147
1,1718514980,649,1.0,0.625
1,1718514980,650,1.0,0.6449999809265137
1,1718514980,651,1.0,0.6399999856948853
1,1718514980,652,1.0,0.6349999904632568
1,1718514980,653,1.0,0.6349999904632568
1,1718514980,654,1.0,0.6049999594688416
1,1718514980,655,1.0,0.6200000047683716
1,1718514980,656,1.0,0.6399999856948853
1,1718514980,657,1.0,0.5999999642372131
1,1718514980,658,1.0,0.6200000047683716
1,1718514980,659,1.0,0.6499999761581421
1,1718514980,660,1.0,0.6100000143051147
1,1718514980,661,1.0,0.625
1,1718514980,662,1.0,0.6349999904632568
1,1718514980,663,1.0,0.6349999904632568
1,1718514980,664,1.0,0.6399999856948853
1,1718514980,665,1.0,0.6299999952316284
1,1718514980,666,1.0,0.625
1,1718514980,667,1.0,0.6200000047683716
1,1718514980,668,1.0,0.6449999809265137
1,1718514980,669,1.0,0.6299999952316284
1,1718514980,670,1.0,0.6200000047683716
1,1718514980,671,1.0,0.6299999952316284
1,1718514980,672,1.0,0.6299999952316284
1,1718514980,673,1.0,0.6299999952316284
1,1718514980,674,1.0,0.6449999809265137
1,1718514980,675,1.0,0.6399999856948853
1,1718514980,676,1.0,0.625
1,1718514980,677,1.0,0.625
1,1718514980,678,1.0,0.6449999809265137
1,1718514980,679,1.0,0.6499999761581421
1,1718514980,680,1.0,0.6399999856948853
1,1718514980,681,1.0,0.6399999856948853
1,1718514980,682,1.0,0.6299999952316284
1,1718514980,683,1.0,0.6200000047683716
1,1718514980,684,1.0,0.6599999666213989
1,1718514980,685,1.0,0.6299999952316284
1,1718514980,686,1.0,0.6449999809265137
1,1718514980,687,1.0,0.6449999809265137
1,1718514980,688,1.0,0.6299999952316284
1,1718514980,689,1.0,0.6299999952316284
1,1718514980,690,1.0,0.6349999904632568
1,1718514980,691,1.0,0.6499999761581421
1,1718514980,692,1.0,0.6499999761581421
1,1718514980,693,1.0,0.6449999809265137
1,1718514980,694,1.0,0.6499999761581421
1,1718514980,695,1.0,0.6200000047683716
1,1718514980,696,1.0,0.6399999856948853
1,1718514980,697,1.0,0.6349999904632568
1,1718514980,698,1.0,0.6349999904632568
1,1718514980,699,1.0,0.6399999856948853
1,1718514980,700,1.0,0.6399999856948853
1,1718514980,701,1.0,0.6499999761581421
1,1718514980,702,1.0,0.6549999713897705
1,1718514980,703,1.0,0.6349999904632568
1,1718514980,704,1.0,0.6399999856948853
1,1718514980,705,1.0,0.6549999713897705
1,1718514980,706,1.0,0.6549999713897705
1,1718514980,707,1.0,0.6349999904632568
1,1718514980,708,1.0,0.6399999856948853
1,1718514980,709,1.0,0.6299999952316284
1,1718514980,710,1.0,0.6399999856948853
1,1718514980,711,1.0,0.6399999856948853
1,1718514980,712,1.0,0.6399999856948853
1,1718514980,713,1.0,0.6549999713897705
1,1718514980,714,1.0,0.6549999713897705
1,1718514980,715,1.0,0.6599999666213989
1,1718514980,716,1.0,0.6349999904632568
1,1718514980,717,1.0,0.6499999761581421
1,1718514980,718,1.0,0.6399999856948853
1,1718514980,719,1.0,0.6549999713897705
1,1718514980,720,1.0,0.6449999809265137
1,1718514980,721,1.0,0.6499999761581421
1,1718514980,722,1.0,0.6499999761581421
1,1718514980,723,1.0,0.6449999809265137
1,1718514980,724,1.0,0.6499999761581421
1,1718514980,725,1.0,0.6299999952316284
1,1718514980,726,1.0,0.6449999809265137
1,1718514980,727,1.0,0.6699999570846558
1,1718514980,728,1.0,0.6549999713897705
1,1718514980,729,1.0,0.6549999713897705
1,1718514980,730,1.0,0.6449999809265137
1,1718514980,731,1.0,0.6599999666213989
1,1718514980,732,1.0,0.6499999761581421
1,1718514980,733,1.0,0.6299999952316284
1,1718514980,734,1.0,0.6499999761581421
1,1718514980,735,1.0,0.6499999761581421
1,1718514980,736,1.0,0.6599999666213989
1,1718514980,737,1.0,0.6399999856948853
1,1718514980,738,1.0,0.6499999761581421
1,1718514980,739,1.0,0.6699999570846558
1,1718514980,740,1.0,0.6649999618530273
1,1718514980,741,1.0,0.6449999809265137
1,1718514980,742,1.0,0.6549999713897705
1,1718514980,743,1.0,0.6599999666213989
1,1718514980,744,1.0,0.6649999618530273
1,1718514980,745,1.0,0.6449999809265137
1,1718514980,746,1.0,0.6649999618530273
1,1718514980,747,1.0,0.6499999761581421
1,1718514980,748,1.0,0.6549999713897705
1,1718514980,749,1.0,0.6499999761581421
1,1718514980,750,1.0,0.6699999570846558
1,1718514980,751,1.0,0.6549999713897705
1,1718514980,752,1.0,0.6449999809265137
1,1718514980,753,1.0,0.6549999713897705
1,1718514980,754,1.0,0.6599999666213989
1,1718514980,755,1.0,0.6549999713897705
1,1718514980,756,1.0,0.6499999761581421
1,1718514980,757,1.0,0.6549999713897705
1,1718514980,758,1.0,0.6449999809265137
1,1718514980,759,1.0,0.6499999761581421
1,1718514980,760,1.0,0.6549999713897705
1,1718514980,761,1.0,0.6599999666213989
1,1718514980,762,1.0,0.6599999666213989
1,1718514980,763,1.0,0.6549999713897705
1,1718514980,764,1.0,0.6549999713897705
1,1718514980,765,1.0,0.6499999761581421
1,1718514980,766,1.0,0.6699999570846558
1,1718514980,767,1.0,0.6499999761581421
1,1718514980,768,1.0,0.6599999666213989
1,1718514980,769,1.0,0.6549999713897705
1,1718514980,770,1.0,0.6649999618530273
1,1718514980,771,1.0,0.6549999713897705
1,1718514980,772,1.0,0.675000011920929
1,1718514980,773,1.0,0.675000011920929
1,1718514980,774,1.0,0.6649999618530273
1,1718514980,775,1.0,0.6449999809265137
1,1718514980,776,1.0,0.6549999713897705
1,1718514980,777,1.0,0.6649999618530273
1,1718514980,778,1.0,0.6649999618530273
1,1718514980,779,1.0,0.6549999713897705
1,1718514980,780,1.0,0.6699999570846558
1,1718514980,781,1.0,0.6649999618530273
1,1718514980,782,1.0,0.675000011920929
1,1718514980,783,1.0,0.6599999666213989
1,1718514980,784,1.0,0.6649999618530273
1,1718514980,785,1.0,0.6649999618530273
1,1718514980,786,1.0,0.6699999570846558
1,1718514980,787,1.0,0.6449999809265137
1,1718514980,788,1.0,0.6699999570846558
1,1718514980,789,1.0,0.6549999713897705
1,1718514980,790,1.0,0.6649999618530273
1,1718514980,791,1.0,0.675000011920929
1,1718514980,792,1.0,0.6549999713897705
1,1718514980,793,1.0,0.675000011920929
1,1718514980,794,1.0,0.6599999666213989
1,1718514980,795,1.0,0.6850000023841858
1,1718514980,796,1.0,0.6699999570846558
1,1718514980,797,1.0,0.6599999666213989
1,1718514980,798,1.0,0.6699999570846558
1,1718514980,799,1.0,0.6800000071525574
1,1718514980,800,1.0,0.675000011920929
1,1718514980,801,1.0,0.6949999928474426
1,1718514980,802,1.0,0.6649999618530273
1,1718514980,803,1.0,0.6649999618530273
1,1718514980,804,1.0,0.6850000023841858
1,1718514980,805,1.0,0.6699999570846558
1,1718514980,806,1.0,0.6699999570846558
1,1718514980,807,1.0,0.675000011920929
1,1718514980,808,1.0,0.675000011920929
1,1718514980,809,1.0,0.6699999570846558
1,1718514980,810,1.0,0.6800000071525574
1,1718514980,811,1.0,0.6699999570846558
1,1718514980,812,1.0,0.6599999666213989
1,1718514980,813,1.0,0.6850000023841858
1,1718514980,814,1.0,0.675000011920929
1,1718514980,815,1.0,0.675000011920929
1,1718514980,816,1.0,0.6800000071525574
1,1718514980,817,1.0,0.675000011920929
1,1718514980,818,1.0,0.675000011920929
1,1718514980,819,1.0,0.6800000071525574
1,1718514980,820,1.0,0.6899999976158142
1,1718514980,821,1.0,0.6899999976158142
1,1718514980,822,1.0,0.6850000023841858
1,1718514980,823,1.0,0.6800000071525574
1,1718514980,824,1.0,0.6800000071525574
1,1718514980,825,1.0,0.6949999928474426
1,1718514980,826,1.0,0.6649999618530273
1,1718514980,827,1.0,0.6649999618530273
1,1718514980,828,1.0,0.6850000023841858
1,1718514980,829,1.0,0.675000011920929
1,1718514980,830,1.0,0.6699999570846558
1,1718514980,831,1.0,0.699999988079071
1,1718514980,832,1.0,0.6949999928474426
1,1718514980,833,1.0,0.6949999928474426
1,1718514980,834,1.0,0.6800000071525574
1,1718514980,835,1.0,0.6899999976158142
1,1718514980,836,1.0,0.6649999618530273
1,1718514980,837,1.0,0.6899999976158142
1,1718514980,838,1.0,0.6699999570846558
1,1718514980,839,1.0,0.675000011920929
1,1718514980,840,1.0,0.675000011920929
1,1718514980,841,1.0,0.7049999833106995
1,1718514980,842,1.0,0.6699999570846558
1,1718514980,843,1.0,0.675000011920929
1,1718514980,844,1.0,0.675000011920929
1,1718514980,845,1.0,0.6800000071525574
1,1718514980,846,1.0,0.6800000071525574
1,1718514980,847,1.0,0.6850000023841858
1,1718514980,848,1.0,0.6899999976158142
1,1718514980,849,1.0,0.6949999928474426
1,1718514980,850,1.0,0.6899999976158142
1,1718514980,851,1.0,0.6800000071525574
1,1718514980,852,1.0,0.6800000071525574
1,1718514980,853,1.0,0.6850000023841858
1,1718514980,854,1.0,0.6850000023841858
1,1718514980,855,1.0,0.6800000071525574
1,1718514980,856,1.0,0.6800000071525574
1,1718514980,857,1.0,0.6800000071525574
1,1718514980,858,1.0,0.6899999976158142
1,1718514980,859,1.0,0.675000011920929
1,1718514980,860,1.0,0.6699999570846558
1,1718514980,861,1.0,0.699999988079071
1,1718514980,862,1.0,0.6899999976158142
1,1718514980,863,1.0,0.6949999928474426
1,1718514980,864,1.0,0.6699999570846558
1,1718514980,865,1.0,0.6850000023841858
1,1718514980,866,1.0,0.6699999570846558
1,1718514980,867,1.0,0.675000011920929
1,1718514980,868,1.0,0.6899999976158142
1,1718514980,869,1.0,0.6949999928474426
1,1718514980,870,1.0,0.6800000071525574
1,1718514980,871,1.0,0.6899999976158142
1,1718514980,872,1.0,0.6850000023841858
1,1718514980,873,1.0,0.6899999976158142
1,1718514980,874,1.0,0.6850000023841858
1,1718514980,875,1.0,0.6899999976158142
1,1718514980,876,1.0,0.6949999928474426
1,1718514980,877,1.0,0.699999988079071
1,1718514980,878,1.0,0.6949999928474426
1,1718514980,879,1.0,0.7049999833106995
1,1718514980,880,1.0,0.6800000071525574
1,1718514980,881,1.0,0.6949999928474426
1,1718514980,882,1.0,0.6800000071525574
1,1718514980,883,1.0,0.6949999928474426
1,1718514980,884,1.0,0.6850000023841858
1,1718514980,885,1.0,0.6899999976158142
1,1718514980,886,1.0,0.7099999785423279
1,1718514980,887,1.0,0.6949999928474426
1,1718514980,888,1.0,0.6949999928474426
1,1718514980,889,1.0,0.6949999928474426
1,1718514980,890,1.0,0.6899999976158142
1,1718514980,891,1.0,0.6949999928474426
1,1718514980,892,1.0,0.7049999833106995
1,1718514980,893,1.0,0.6850000023841858
1,1718514980,894,1.0,0.6800000071525574
1,1718514980,895,1.0,0.6899999976158142
1,1718514980,896,1.0,0.7049999833106995
1,1718514980,897,1.0,0.7149999737739563
1,1718514980,898,1.0,0.699999988079071
1,1718514980,899,1.0,0.675000011920929
1,1718514980,900,1.0,0.699999988079071
1,1718514980,901,1.0,0.7099999785423279
1,1718514980,902,1.0,0.6949999928474426
1,1718514980,903,1.0,0.6899999976158142
1,1718514980,904,1.0,0.6850000023841858
1,1718514980,905,1.0,0.6949999928474426
1,1718514980,906,1.0,0.7049999833106995
1,1718514980,907,1.0,0.7049999833106995
1,1718514980,908,1.0,0.699999988079071
1,1718514980,909,1.0,0.7049999833106995
1,1718514980,910,1.0,0.699999988079071
1,1718514980,911,1.0,0.7149999737739563
1,1718514980,912,1.0,0.6949999928474426
1,1718514980,913,1.0,0.699999988079071
1,1718514980,914,1.0,0.6800000071525574
1,1718514980,915,1.0,0.7099999785423279
1,1718514980,916,1.0,0.7199999690055847
1,1718514980,917,1.0,0.699999988079071
1,1718514980,918,1.0,0.7049999833106995
1,1718514980,919,1.0,0.6899999976158142
1,1718514980,920,1.0,0.7049999833106995
1,1718514980,921,1.0,0.699999988079071
1,1718514980,922,1.0,0.7149999737739563
1,1718514980,923,1.0,0.7099999785423279
1,1718514980,924,1.0,0.7049999833106995
1,1718514980,925,1.0,0.7049999833106995
1,1718514980,926,1.0,0.7049999833106995
1,1718514980,927,1.0,0.7199999690055847
1,1718514980,928,1.0,0.7099999785423279
1,1718514980,929,1.0,0.6949999928474426
1,1718514980,930,1.0,0.7049999833106995
1,1718514980,931,1.0,0.699999988079071
1,1718514980,932,1.0,0.7049999833106995
1,1718514980,933,1.0,0.7149999737739563
1,1718514980,934,1.0,0.699999988079071
1,1718514980,935,1.0,0.7099999785423279
1,1718514980,936,1.0,0.7149999737739563
1,1718514980,937,1.0,0.7099999785423279
1,1718514980,938,1.0,0.7049999833106995
1,1718514980,939,1.0,0.7149999737739563
1,1718514980,940,1.0,0.7049999833106995
1,1718514980,941,1.0,0.7099999785423279
1,1718514980,942,1.0,0.6949999928474426
1,1718514980,943,1.0,0.699999988079071
1,1718514980,944,1.0,0.7149999737739563
1,1718514980,945,1.0,0.7149999737739563
1,1718514980,946,1.0,0.7199999690055847
1,1718514980,947,1.0,0.699999988079071
1,1718514980,948,1.0,0.7199999690055847
1,1718514980,949,1.0,0.7099999785423279
1,1718514980,950,1.0,0.7049999833106995
1,1718514980,951,1.0,0.7049999833106995
1,1718514980,952,1.0,0.7049999833106995
1,1718514980,953,1.0,0.73499995470047
1,1718514980,954,1.0,0.7149999737739563
1,1718514980,955,1.0,0.7199999690055847
1,1718514980,956,1.0,0.7149999737739563
1,1718514980,957,1.0,0.7049999833106995
1,1718514980,958,1.0,0.7149999737739563
1,1718514980,959,1.0,0.7049999833106995
1,1718514980,960,1.0,0.7149999737739563
1,1718514980,961,1.0,0.7149999737739563
1,1718514980,962,1.0,0.7199999690055847
1,1718514980,963,1.0,0.7199999690055847
1,1718514980,964,1.0,0.7099999785423279
1,1718514980,965,1.0,0.7049999833106995
1,1718514980,966,1.0,0.7299999594688416
1,1718514980,967,1.0,0.7199999690055847
1,1718514980,968,1.0,0.7149999737739563
1,1718514980,969,1.0,0.7049999833106995
1,1718514980,970,1.0,0.7199999690055847
1,1718514980,971,1.0,0.73499995470047
1,1718514980,972,1.0,0.7199999690055847
1,1718514980,973,1.0,0.6949999928474426
1,1718514980,974,1.0,0.7149999737739563
1,1718514980,975,1.0,0.7199999690055847
1,1718514980,976,1.0,0.7400000095367432
1,1718514980,977,1.0,0.7049999833106995
1,1718514980,978,1.0,0.7149999737739563
1,1718514980,979,1.0,0.7249999642372131
1,1718514980,980,1.0,0.7400000095367432
1,1718514980,981,1.0,0.7049999833106995
1,1718514980,982,1.0,0.7199999690055847
1,1718514980,983,1.0,0.7249999642372131
1,1718514980,984,1.0,0.7299999594688416
1,1718514980,985,1.0,0.7049999833106995
1,1718514980,986,1.0,0.7149999737739563
1,1718514980,987,1.0,0.7249999642372131
1,1718514980,988,1.0,0.7149999737739563
1,1718514980,989,1.0,0.7099999785423279
1,1718514980,990,1.0,0.7249999642372131
1,1718514980,991,1.0,0.73499995470047
1,1718514980,992,1.0,0.7549999952316284
1,1718514980,993,1.0,0.7249999642372131
1,1718514980,994,1.0,0.7249999642372131
1,1718514980,995,1.0,0.7049999833106995
1,1718514980,996,1.0,0.7199999690055847
1,1718514980,997,1.0,0.7049999833106995
1,1718514980,998,1.0,0.73499995470047
1,1718514980,999,1.0,0.7199999690055847
1,1718514980,1000,1.0,0.7299999594688416
1,1718514980,1001,1.0,0.73499995470047
1,1718514980,1002,1.0,0.7199999690055847
1,1718514980,1003,1.0,0.7199999690055847
1,1718514980,1004,1.0,0.7249999642372131
1,1718514980,1005,1.0,0.7149999737739563
1,1718514980,1006,1.0,0.7249999642372131
1,1718514980,1007,1.0,0.73499995470047
1,1718514980,1008,1.0,0.7299999594688416
1,1718514980,1009,1.0,0.7199999690055847
1,1718514980,1010,1.0,0.7400000095367432
1,1718514980,1011,1.0,0.73499995470047
1,1718514980,1012,1.0,0.73499995470047
1,1718514980,1013,1.0,0.7299999594688416
1,1718514980,1014,1.0,0.7199999690055847
1,1718514980,1015,1.0,0.7549999952316284
1,1718514980,1016,1.0,0.73499995470047
1,1718514980,1017,1.0,0.7199999690055847
1,1718514980,1018,1.0,0.7249999642372131
1,1718514980,1019,1.0,0.7400000095367432
1,1718514980,1020,1.0,0.7400000095367432
1,1718514980,1021,1.0,0.7199999690055847
1,1718514980,1022,1.0,0.7199999690055847
1,1718514980,1023,1.0,0.7450000047683716
1,1718514980,1024,1.0,0.7299999594688416
1,1718514980,1025,1.0,0.7299999594688416
1,1718514980,1026,1.0,0.7149999737739563
1,1718514980,1027,1.0,0.7299999594688416
1,1718514980,1028,1.0,0.75
1,1718514980,1029,1.0,0.7249999642372131
1,1718514980,1030,1.0,0.7249999642372131
1,1718514980,1031,1.0,0.7450000047683716
1,1718514980,1032,1.0,0.7549999952316284
1,1718514980,1033,1.0,0.7249999642372131
1,1718514980,1034,1.0,0.7199999690055847
1,1718514980,1035,1.0,0.75
1,1718514980,1036,1.0,0.7299999594688416
1,1718514980,1037,1.0,0.7299999594688416
1,1718514980,1038,1.0,0.7249999642372131
1,1718514980,1039,1.0,0.73499995470047
1,1718514980,1040,1.0,0.7400000095367432
1,1718514980,1041,1.0,0.7199999690055847
1,1718514980,1042,1.0,0.7299999594688416
1,1718514980,1043,1.0,0.7400000095367432
1,1718514980,1044,1.0,0.7549999952316284
1,1718514980,1045,1.0,0.7450000047683716
1,1718514980,1046,1.0,0.7450000047683716
1,1718514980,1047,1.0,0.7450000047683716
1,1718514980,1048,1.0,0.73499995470047
1,1718514980,1049,1.0,0.73499995470047
1,1718514980,1050,1.0,0.75
1,1718514980,1051,1.0,0.7450000047683716
1,1718514980,1052,1.0,0.7549999952316284
1,1718514980,1053,1.0,0.75
1,1718514980,1054,1.0,0.7400000095367432
1,1718514980,1055,1.0,0.7249999642372131
1,1718514980,1056,1.0,0.75
1,1718514980,1057,1.0,0.7249999642372131
1,1718514980,1058,1.0,0.7549999952316284
1,1718514980,1059,1.0,0.7450000047683716
1,1718514980,1060,1.0,0.7450000047683716
1,1718514980,1061,1.0,0.7400000095367432
1,1718514980,1062,1.0,0.7249999642372131
1,1718514980,1063,1.0,0.73499995470047
1,1718514980,1064,1.0,0.7400000095367432
1,1718514980,1065,1.0,0.7400000095367432
1,1718514980,1066,1.0,0.7400000095367432
1,1718514980,1067,1.0,0.7400000095367432
1,1718514980,1068,1.0,0.7400000095367432
1,1718514980,1069,1.0,0.7299999594688416
1,1718514980,1070,1.0,0.73499995470047
1,1718514980,1071,1.0,0.7400000095367432
1,1718514980,1072,1.0,0.7299999594688416
1,1718514980,1073,1.0,0.7549999952316284
1,1718514980,1074,1.0,0.7549999952316284
1,1718514980,1075,1.0,0.73499995470047
1,1718514980,1076,1.0,0.7299999594688416
1,1718514980,1077,1.0,0.73499995470047
1,1718514980,1078,1.0,0.7549999952316284
1,1718514980,1079,1.0,0.7549999952316284
1,1718514980,1080,1.0,0.7649999856948853
1,1718514980,1081,1.0,0.7299999594688416
1,1718514980,1082,1.0,0.7400000095367432
1,1718514980,1083,1.0,0.7450000047683716
1,1718514980,1084,1.0,0.75
1,1718514980,1085,1.0,0.73499995470047
1,1718514980,1086,1.0,0.7450000047683716
1,1718514980,1087,1.0,0.7450000047683716
1,1718514980,1088,1.0,0.75
1,1718514980,1089,1.0,0.75
1,1718514980,1090,1.0,0.7400000095367432
1,1718514980,1091,1.0,0.75
1,1718514980,1092,1.0,0.7400000095367432
1,1718514980,1093,1.0,0.7549999952316284
1,1718514980,1094,1.0,0.7450000047683716
1,1718514980,1095,1.0,0.7450000047683716
1,1718514980,1096,1.0,0.7249999642372131
1,1718514980,1097,1.0,0.75
1,1718514980,1098,1.0,0.7549999952316284
1,1718514980,1099,1.0,0.7549999952316284
1,1718514980,1100,1.0,0.75
1,1718514980,1101,1.0,0.7599999904632568
1,1718514980,1102,1.0,0.75
1,1718514980,1103,1.0,0.7400000095367432
1,1718514980,1104,1.0,0.75
1,1718514980,1105,1.0,0.73499995470047
1,1718514980,1106,1.0,0.75
1,1718514980,1107,1.0,0.7549999952316284
1,1718514980,1108,1.0,0.7599999904632568
1,1718514980,1109,1.0,0.7450000047683716
1,1718514980,1110,1.0,0.7599999904632568
1,1718514980,1111,1.0,0.73499995470047
1,1718514980,1112,1.0,0.7450000047683716
1,1718514980,1113,1.0,0.7599999904632568
1,1718514980,1114,1.0,0.7549999952316284
1,1718514980,1115,1.0,0.7450000047683716
1,1718514980,1116,1.0,0.75
1,1718514980,1117,1.0,0.7749999761581421
1,1718514980,1118,1.0,0.7599999904632568
1,1718514980,1119,1.0,0.7649999856948853
1,1718514980,1120,1.0,0.7649999856948853
1,1718514980,1121,1.0,0.75
1,1718514980,1122,1.0,0.75
1,1718514980,1123,1.0,0.7649999856948853
1,1718514980,1124,1.0,0.7549999952316284
1,1718514980,1125,1.0,0.75
1,1718514980,1126,1.0,0.75
1,1718514980,1127,1.0,0.7699999809265137
1,1718514980,1128,1.0,0.75
1,1718514980,1129,1.0,0.7549999952316284
1,1718514980,1130,1.0,0.7749999761581421
1,1718514980,1131,1.0,0.7599999904632568
1,1718514980,1132,1.0,0.75
1,1718514980,1133,1.0,0.7599999904632568
1,1718514980,1134,1.0,0.75
1,1718514980,1135,1.0,0.7599999904632568
1,1718514980,1136,1.0,0.7599999904632568
1,1718514980,1137,1.0,0.7599999904632568
1,1718514980,1138,1.0,0.7450000047683716
1,1718514980,1139,1.0,0.7549999952316284
1,1718514980,1140,1.0,0.7649999856948853
1,1718514980,1141,1.0,0.7599999904632568
1,1718514980,1142,1.0,0.75
1,1718514980,1143,1.0,0.7699999809265137
1,1718514980,1144,1.0,0.7649999856948853
1,1718514980,1145,1.0,0.75
1,1718514980,1146,1.0,0.75
1,1718514980,1147,1.0,0.7649999856948853
1,1718514980,1148,1.0,0.7599999904632568
1,1718514980,1149,1.0,0.7599999904632568
1,1718514980,1150,1.0,0.7699999809265137
1,1718514980,1151,1.0,0.7699999809265137
1,1718514980,1152,1.0,0.7649999856948853
1,1718514980,1153,1.0,0.7599999904632568
1,1718514980,1154,1.0,0.7549999952316284
1,1718514980,1155,1.0,0.7599999904632568
1,1718514980,1156,1.0,0.7649999856948853
1,1718514980,1157,1.0,0.7599999904632568
1,1718514980,1158,1.0,0.7649999856948853
1,1718514980,1159,1.0,0.7749999761581421
1,1718514980,1160,1.0,0.7699999809265137
1,1718514980,1161,1.0,0.7599999904632568
1,1718514980,1162,1.0,0.7649999856948853
1,1718514980,1163,1.0,0.7699999809265137
1,1718514980,1164,1.0,0.7699999809265137
1,1718514980,1165,1.0,0.7649999856948853
1,1718514980,1166,1.0,0.7749999761581421
1,1718514980,1167,1.0,0.7549999952316284
1,1718514980,1168,1.0,0.7699999809265137
1,1718514980,1169,1.0,0.7599999904632568
1,1718514980,1170,1.0,0.7649999856948853
1,1718514980,1171,1.0,0.7599999904632568
1,1718514980,1172,1.0,0.7699999809265137
1,1718514980,1173,1.0,0.7649999856948853
1,1718514980,1174,1.0,0.7699999809265137
1,1718514980,1175,1.0,0.7899999618530273
1,1718514980,1176,1.0,0.7599999904632568
1,1718514980,1177,1.0,0.7599999904632568
1,1718514980,1178,1.0,0.7699999809265137
1,1718514980,1179,1.0,0.7699999809265137
1,1718514980,1180,1.0,0.7849999666213989
1,1718514980,1181,1.0,0.7599999904632568
1,1718514980,1182,1.0,0.7549999952316284
1,1718514980,1183,1.0,0.7749999761581421
1,1718514980,1184,1.0,0.7599999904632568
1,1718514980,1185,1.0,0.7749999761581421
1,1718514980,1186,1.0,0.7649999856948853
1,1718514980,1187,1.0,0.7649999856948853
1,1718514980,1188,1.0,0.7799999713897705
1,1718514980,1189,1.0,0.7699999809265137
1,1718514980,1190,1.0,0.7699999809265137
1,1718514980,1191,1.0,0.7549999952316284
1,1718514980,1192,1.0,0.7699999809265137
1,1718514980,1193,1.0,0.7749999761581421
1,1718514980,1194,1.0,0.7699999809265137
1,1718514980,1195,1.0,0.7749999761581421
1,1718514980,1196,1.0,0.7699999809265137
1,1718514980,1197,1.0,0.7799999713897705
1,1718514980,1198,1.0,0.7699999809265137
1,1718514980,1199,1.0,0.7799999713897705
1,1718514980,1200,1.0,0.7849999666213989
1,1718514980,1201,1.0,0.7799999713897705
1,1718514980,1202,1.0,0.7799999713897705
1,1718514980,1203,1.0,0.7649999856948853
1,1718514980,1204,1.0,0.7899999618530273
1,1718514980,1205,1.0,0.7799999713897705
1,1718514980,1206,1.0,0.7799999713897705
1,1718514980,1207,1.0,0.7699999809265137
1,1718514980,1208,1.0,0.7699999809265137
1,1718514980,1209,1.0,0.7849999666213989
1,1718514980,1210,1.0,0.7849999666213989
1,1718514980,1211,1.0,0.7699999809265137
1,1718514980,1212,1.0,0.7849999666213989
1,1718514980,1213,1.0,0.7949999570846558
1,1718514980,1214,1.0,0.7749999761581421
1,1718514980,1215,1.0,0.7849999666213989
1,1718514980,1216,1.0,0.7649999856948853
1,1718514980,1217,1.0,0.7649999856948853
1,1718514980,1218,1.0,0.7849999666213989
1,1718514980,1219,1.0,0.7849999666213989
1,1718514980,1220,1.0,0.7799999713897705
1,1718514980,1221,1.0,0.7949999570846558
1,1718514980,1222,1.0,0.7799999713897705
1,1718514980,1223,1.0,0.7799999713897705
1,1718514980,1224,1.0,0.7799999713897705
1,1718514980,1225,1.0,0.7849999666213989
1,1718514980,1226,1.0,0.7799999713897705
1,1718514980,1227,1.0,0.7849999666213989
1,1718514980,1228,1.0,0.7949999570846558
1,1718514980,1229,1.0,0.7999999523162842
1,1718514980,1230,1.0,0.7849999666213989
1,1718514980,1231,1.0,0.7799999713897705
1,1718514980,1232,1.0,0.7799999713897705
1,1718514980,1233,1.0,0.7899999618530273
1,1718514980,1234,1.0,0.7699999809265137
1,1718514980,1235,1.0,0.7949999570846558
1,1718514980,1236,1.0,0.7949999570846558
1,1718514980,1237,1.0,0.7799999713897705
1,1718514980,1238,1.0,0.7799999713897705
1,1718514980,1239,1.0,0.7849999666213989
1,1718514980,1240,1.0,0.7999999523162842
1,1718514980,1241,1.0,0.7899999618530273
1,1718514980,1242,1.0,0.7899999618530273
1,1718514980,1243,1.0,0.7899999618530273
1,1718514980,1244,1.0,0.7899999618530273
1,1718514980,1245,1.0,0.7999999523162842
1,1718514980,1246,1.0,0.7799999713897705
1,1718514980,1247,1.0,0.7899999618530273
1,1718514980,1248,1.0,0.7999999523162842
1,1718514980,1249,1.0,0.7849999666213989
1,1718514980,1250,1.0,0.7949999570846558
1,1718514980,1251,1.0,0.7949999570846558
1,1718514980,1252,1.0,0.7849999666213989
1,1718514980,1253,1.0,0.7849999666213989
1,1718514980,1254,1.0,0.7949999570846558
1,1718514980,1255,1.0,0.7999999523162842
1,1718514980,1256,1.0,0.8050000071525574
1,1718514980,1257,1.0,0.7999999523162842
1,1718514980,1258,1.0,0.7899999618530273
1,1718514980,1259,1.0,0.7849999666213989
1,1718514980,1260,1.0,0.8100000023841858
1,1718514980,1261,1.0,0.7899999618530273
1,1718514980,1262,1.0,0.7849999666213989
1,1718514980,1263,1.0,0.7999999523162842
1,1718514980,1264,1.0,0.8050000071525574
1,1718514980,1265,1.0,0.7949999570846558
1,1718514980,1266,1.0,0.824999988079071
1,1718514980,1267,1.0,0.7999999523162842
1,1718514980,1268,1.0,0.8149999976158142
1,1718514980,1269,1.0,0.8050000071525574
1,1718514980,1270,1.0,0.7949999570846558
1,1718514980,1271,1.0,0.7849999666213989
1,1718514980,1272,1.0,0.7949999570846558
1,1718514980,1273,1.0,0.8050000071525574
1,1718514980,1274,1.0,0.8100000023841858
1,1718514980,1275,1.0,0.8050000071525574
1,1718514980,1276,1.0,0.8050000071525574
1,1718514980,1277,1.0,0.8050000071525574
1,1718514980,1278,1.0,0.7999999523162842
1,1718514980,1279,1.0,0.7899999618530273
1,1718514980,1280,1.0,0.7999999523162842
1,1718514980,1281,1.0,0.7949999570846558
1,1718514980,1282,1.0,0.7999999523162842
1,1718514980,1283,1.0,0.8050000071525574
1,1718514980,1284,1.0,0.8100000023841858
1,1718514980,1285,1.0,0.8199999928474426
1,1718514980,1286,1.0,0.7949999570846558
1,1718514980,1287,1.0,0.8050000071525574
1,1718514980,1288,1.0,0.8100000023841858
1,1718514980,1289,1.0,0.7999999523162842
1,1718514980,1290,1.0,0.7949999570846558
1,1718514980,1291,1.0,0.7999999523162842
1,1718514980,1292,1.0,0.8050000071525574
1,1718514980,1293,1.0,0.8199999928474426
1,1718514980,1294,1.0,0.8100000023841858
1,1718514980,1295,1.0,0.8149999976158142
1,1718514980,1296,1.0,0.8050000071525574
1,1718514980,1297,1.0,0.8199999928474426
1,1718514980,1298,1.0,0.8149999976158142
1,1718514980,1299,1.0,0.8050000071525574
1,1718514980,1300,1.0,0.8050000071525574
1,1718514980,1301,1.0,0.8199999928474426
1,1718514980,1302,1.0,0.8100000023841858
1,1718514980,1303,1.0,0.7999999523162842
1,1718514980,1304,1.0,0.7999999523162842
1,1718514980,1305,1.0,0.8050000071525574
1,1718514980,1306,1.0,0.8100000023841858
1,1718514980,1307,1.0,0.8199999928474426
1,1718514980,1308,1.0,0.8050000071525574
1,1718514980,1309,1.0,0.824999988079071
1,1718514980,1310,1.0,0.8199999928474426
1,1718514980,1311,1.0,0.8100000023841858
1,1718514980,1312,1.0,0.8199999928474426
1,1718514980,1313,1.0,0.8100000023841858
1,1718514980,1314,1.0,0.8149999976158142
1,1718514980,1315,1.0,0.8199999928474426
1,1718514980,1316,1.0,0.824999988079071
1,1718514980,1317,1.0,0.8199999928474426
1,1718514980,1318,1.0,0.8149999976158142
1,1718514980,1319,1.0,0.8199999928474426
1,1718514980,1320,1.0,0.8050000071525574
1,1718514980,1321,1.0,0.8199999928474426
1,1718514980,1322,1.0,0.8149999976158142
1,1718514980,1323,1.0,0.8050000071525574
1,1718514980,1324,1.0,0.8199999928474426
1,1718514980,1325,1.0,0.8299999833106995
1,1718514980,1326,1.0,0.8199999928474426
1,1718514980,1327,1.0,0.824999988079071
1,1718514980,1328,1.0,0.8199999928474426
1,1718514980,1329,1.0,0.824999988079071
1,1718514980,1330,1.0,0.824999988079071
1,1718514980,1331,1.0,0.8050000071525574
1,1718514980,1332,1.0,0.8299999833106995
1,1718514980,1333,1.0,0.8199999928474426
1,1718514980,1334,1.0,0.8199999928474426
1,1718514980,1335,1.0,0.824999988079071
1,1718514980,1336,1.0,0.8149999976158142
1,1718514980,1337,1.0,0.8199999928474426
1,1718514980,1338,1.0,0.8199999928474426
1,1718514980,1339,1.0,0.8299999833106995
1,1718514980,1340,1.0,0.8299999833106995
1,1718514980,1341,1.0,0.8299999833106995
1,1718514980,1342,1.0,0.8399999737739563
1,1718514980,1343,1.0,0.824999988079071
1,1718514980,1344,1.0,0.824999988079071
1,1718514980,1345,1.0,0.824999988079071
1,1718514980,1346,1.0,0.8299999833106995
1,1718514980,1347,1.0,0.8299999833106995
1,1718514980,1348,1.0,0.824999988079071
1,1718514980,1349,1.0,0.8349999785423279
1,1718514980,1350,1.0,0.8299999833106995
1,1718514980,1351,1.0,0.8349999785423279
1,1718514980,1352,1.0,0.8050000071525574
1,1718514980,1353,1.0,0.8349999785423279
1,1718514980,1354,1.0,0.8399999737739563
1,1718514980,1355,1.0,0.8449999690055847
1,1718514980,1356,1.0,0.8499999642372131
1,1718514980,1357,1.0,0.8349999785423279
1,1718514980,1358,1.0,0.8299999833106995
1,1718514980,1359,1.0,0.8349999785423279
1,1718514980,1360,1.0,0.8449999690055847
1,1718514980,1361,1.0,0.8349999785423279
1,1718514980,1362,1.0,0.8349999785423279
1,1718514980,1363,1.0,0.8299999833106995
1,1718514980,1364,1.0,0.8449999690055847
1,1718514980,1365,1.0,0.8349999785423279
1,1718514980,1366,1.0,0.8449999690055847
1,1718514980,1367,1.0,0.8449999690055847
1,1718514980,1368,1.0,0.8299999833106995
1,1718514980,1369,1.0,0.8349999785423279
1,1718514980,1370,1.0,0.8349999785423279
1,1718514980,1371,1.0,0.8299999833106995
1,1718514980,1372,1.0,0.8349999785423279
1,1718514980,1373,1.0,0.824999988079071
1,1718514980,1374,1.0,0.8499999642372131
1,1718514980,1375,1.0,0.8399999737739563
1,1718514980,1376,1.0,0.8349999785423279
1,1718514980,1377,1.0,0.8299999833106995
1,1718514980,1378,1.0,0.8399999737739563
1,1718514980,1379,1.0,0.8499999642372131
1,1718514980,1380,1.0,0.8399999737739563
1,1718514980,1381,1.0,0.8449999690055847
1,1718514980,1382,1.0,0.8449999690055847
1,1718514980,1383,1.0,0.8299999833106995
1,1718514980,1384,1.0,0.8449999690055847
1,1718514980,1385,1.0,0.8349999785423279
1,1718514980,1386,1.0,0.8499999642372131
1,1718514980,1387,1.0,0.8549999594688416
1,1718514980,1388,1.0,0.8349999785423279
1,1718514980,1389,1.0,0.8449999690055847
1,1718514980,1390,1.0,0.8299999833106995
1,1718514980,1391,1.0,0.8299999833106995
1,1718514980,1392,1.0,0.8349999785423279
1,1718514980,1393,1.0,0.8399999737739563
1,1718514980,1394,1.0,0.8499999642372131
1,1718514980,1395,1.0,0.8399999737739563
1,1718514980,1396,1.0,0.8549999594688416
1,1718514980,1397,1.0,0.8499999642372131
1,1718514980,1398,1.0,0.8449999690055847
1,1718514980,1399,1.0,0.8549999594688416
1,1718514980,1400,1.0,0.8399999737739563
1,1718514980,1401,1.0,0.8549999594688416
1,1718514980,1402,1.0,0.85999995470047
1,1718514980,1403,1.0,0.8449999690055847
1,1718514980,1404,1.0,0.8449999690055847
1,1718514980,1405,1.0,0.8299999833106995
1,1718514980,1406,1.0,0.8399999737739563
1,1718514980,1407,1.0,0.8549999594688416
1,1718514980,1408,1.0,0.8499999642372131
1,1718514980,1409,1.0,0.8449999690055847
1,1718514980,1410,1.0,0.8349999785423279
1,1718514980,1411,1.0,0.8349999785423279
1,1718514980,1412,1.0,0.8449999690055847
1,1718514980,1413,1.0,0.8499999642372131
1,1718514980,1414,1.0,0.8499999642372131
1,1718514980,1415,1.0,0.8449999690055847
1,1718514980,1416,1.0,0.8449999690055847
1,1718514980,1417,1.0,0.8449999690055847
1,1718514980,1418,1.0,0.8499999642372131
1,1718514980,1419,1.0,0.8549999594688416
1,1718514980,1420,1.0,0.85999995470047
1,1718514980,1421,1.0,0.8549999594688416
1,1718514980,1422,1.0,0.8549999594688416
1,1718514980,1423,1.0,0.8499999642372131
1,1718514980,1424,1.0,0.85999995470047
1,1718514980,1425,1.0,0.8549999594688416
1,1718514980,1426,1.0,0.8549999594688416
1,1718514980,1427,1.0,0.8650000095367432
1,1718514980,1428,1.0,0.8650000095367432
1,1718514980,1429,1.0,0.8549999594688416
1,1718514980,1430,1.0,0.8499999642372131
1,1718514980,1431,1.0,0.8349999785423279
1,1718514980,1432,1.0,0.8650000095367432
1,1718514980,1433,1.0,0.85999995470047
1,1718514980,1434,1.0,0.8650000095367432
1,1718514980,1435,1.0,0.85999995470047
1,1718514980,1436,1.0,0.8499999642372131
1,1718514980,1437,1.0,0.8549999594688416
1,1718514980,1438,1.0,0.8549999594688416
1,1718514980,1439,1.0,0.8499999642372131
1,1718514980,1440,1.0,0.8700000047683716
1,1718514980,1441,1.0,0.8549999594688416
1,1718514980,1442,1.0,0.8650000095367432
1,1718514980,1443,1.0,0.85999995470047
1,1718514980,1444,1.0,0.8549999594688416
1,1718514980,1445,1.0,0.8499999642372131
1,1718514980,1446,1.0,0.8700000047683716
1,1718514980,1447,1.0,0.8700000047683716
1,1718514980,1448,1.0,0.8650000095367432
1,1718514980,1449,1.0,0.85999995470047
1,1718514980,1450,1.0,0.85999995470047
1,1718514980,1451,1.0,0.8650000095367432
1,1718514980,1452,1.0,0.85999995470047
1,1718514980,1453,1.0,0.8650000095367432
1,1718514980,1454,1.0,0.8650000095367432
1,1718514980,1455,1.0,0.8700000047683716
1,1718514980,1456,1.0,0.8799999952316284
1,1718514980,1457,1.0,0.8700000047683716
1,1718514980,1458,1.0,0.8650000095367432
1,1718514980,1459,1.0,0.8499999642372131
1,1718514980,1460,1.0,0.85999995470047
1,1718514980,1461,1.0,0.85999995470047
1,1718514980,1462,1.0,0.8700000047683716
1,1718514980,1463,1.0,0.8799999952316284
1,1718514980,1464,1.0,0.8700000047683716
1,1718514980,1465,1.0,0.85999995470047
1,1718514980,1466,1.0,0.875
1,1718514980,1467,1.0,0.8650000095367432
1,1718514980,1468,1.0,0.8549999594688416
1,1718514980,1469,1.0,0.8650000095367432
1,1718514980,1470,1.0,0.8700000047683716
1,1718514980,1471,1.0,0.8700000047683716
1,1718514980,1472,1.0,0.8799999952316284
1,1718514980,1473,1.0,0.8700000047683716
1,1718514980,1474,1.0,0.8650000095367432
1,1718514980,1475,1.0,0.875
1,1718514980,1476,1.0,0.8650000095367432
1,1718514980,1477,1.0,0.8700000047683716
1,1718514980,1478,1.0,0.8799999952316284
1,1718514980,1479,1.0,0.85999995470047
1,1718514980,1480,1.0,0.8700000047683716
1,1718514980,1481,1.0,0.8700000047683716
1,1718514980,1482,1.0,0.8700000047683716
1,1718514980,1483,1.0,0.8700000047683716
1,1718514980,1484,1.0,0.875
1,1718514980,1485,1.0,0.875
1,1718514980,1486,1.0,0.8799999952316284
1,1718514980,1487,1.0,0.8849999904632568
1,1718514980,1488,1.0,0.8650000095367432
1,1718514980,1489,1.0,0.8700000047683716
1,1718514980,1490,1.0,0.8650000095367432
1,1718514980,1491,1.0,0.875
1,1718514980,1492,1.0,0.8650000095367432
1,1718514980,1493,1.0,0.875
1,1718514980,1494,1.0,0.8799999952316284
1,1718514980,1495,1.0,0.875
1,1718514980,1496,1.0,0.8849999904632568
1,1718514980,1497,1.0,0.875
1,1718514980,1498,1.0,0.8899999856948853
1,1718514980,1499,1.0,0.8899999856948853
1,1718514980,1500,1.0,0.875
1,1718514980,1501,1.0,0.8949999809265137
1,1718514980,1502,1.0,0.8700000047683716
1,1718514980,1503,1.0,0.8899999856948853
1,1718514980,1504,1.0,0.8799999952316284
1,1718514980,1505,1.0,0.875
1,1718514980,1506,1.0,0.8999999761581421
1,1718514980,1507,1.0,0.8949999809265137
1,1718514980,1508,1.0,0.875
1,1718514980,1509,1.0,0.8799999952316284
1,1718514980,1510,1.0,0.8799999952316284
1,1718514980,1511,1.0,0.8799999952316284
1,1718514980,1512,1.0,0.8949999809265137
1,1718514980,1513,1.0,0.8799999952316284
1,1718514980,1514,1.0,0.8849999904632568
1,1718514980,1515,1.0,0.875
1,1718514980,1516,1.0,0.8700000047683716
1,1718514980,1517,1.0,0.8650000095367432
1,1718514980,1518,1.0,0.8799999952316284
1,1718514980,1519,1.0,0.8949999809265137
1,1718514980,1520,1.0,0.8799999952316284
1,1718514980,1521,1.0,0.8849999904632568
1,1718514980,1522,1.0,0.8899999856948853
1,1718514980,1523,1.0,0.8799999952316284
1,1718514980,1524,1.0,0.8899999856948853
1,1718514980,1525,1.0,0.8849999904632568
1,1718514980,1526,1.0,0.8949999809265137
1,1718514980,1527,1.0,0.8849999904632568
1,1718514980,1528,1.0,0.8799999952316284
1,1718514980,1529,1.0,0.875
1,1718514980,1530,1.0,0.8849999904632568
1,1718514980,1531,1.0,0.8949999809265137
1,1718514980,1532,1.0,0.8999999761581421
1,1718514980,1533,1.0,0.9049999713897705
1,1718514980,1534,1.0,0.8949999809265137
1,1718514980,1535,1.0,0.875
1,1718514980,1536,1.0,0.8799999952316284
1,1718514980,1537,1.0,0.8799999952316284
1,1718514980,1538,1.0,0.8650000095367432
1,1718514980,1539,1.0,0.8849999904632568
1,1718514980,1540,1.0,0.8999999761581421
1,1718514980,1541,1.0,0.8849999904632568
1,1718514980,1542,1.0,0.9049999713897705
1,1718514980,1543,1.0,0.8949999809265137
1,1718514980,1544,1.0,0.8899999856948853
1,1718514980,1545,1.0,0.875
1,1718514980,1546,1.0,0.8799999952316284
1,1718514980,1547,1.0,0.875
1,1718514980,1548,1.0,0.8799999952316284
1,1718514980,1549,1.0,0.8799999952316284
1,1718514980,1550,1.0,0.8949999809265137
1,1718514980,1551,1.0,0.8899999856948853
1,1718514980,1552,1.0,0.9099999666213989
1,1718514980,1553,1.0,0.8949999809265137
1,1718514980,1554,1.0,0.8949999809265137
1,1718514980,1555,1.0,0.8949999809265137
1,1718514980,1556,1.0,0.8899999856948853
1,1718514980,1557,1.0,0.8799999952316284
1,1718514980,1558,1.0,0.8999999761581421
1,1718514980,1559,1.0,0.8899999856948853
1,1718514980,1560,1.0,0.9049999713897705
1,1718514980,1561,1.0,0.9049999713897705
1,1718514980,1562,1.0,0.8999999761581421
1,1718514980,1563,1.0,0.8899999856948853
1,1718514980,1564,1.0,0.8949999809265137
1,1718514980,1565,1.0,0.8949999809265137
1,1718514980,1566,1.0,0.9049999713897705
1,1718514980,1567,1.0,0.8999999761581421
1,1718514980,1568,1.0,0.8899999856948853
1,1718514980,1569,1.0,0.8949999809265137
1,1718514980,1570,1.0,0.8999999761581421
1,1718514980,1571,1.0,0.9049999713897705
1,1718514980,1572,1.0,0.9049999713897705
1,1718514980,1573,1.0,0.9149999618530273
1,1718514980,1574,1.0,0.9099999666213989
1,1718514980,1575,1.0,0.9099999666213989
1,1718514980,1576,1.0,0.9149999618530273
1,1718514980,1577,1.0,0.9149999618530273
1,1718514980,1578,1.0,0.9099999666213989
1,1718514980,1579,1.0,0.9049999713897705
1,1718514980,1580,1.0,0.8999999761581421
1,1718514980,1581,1.0,0.875
1,1718514980,1582,1.0,0.8949999809265137
1,1718514980,1583,1.0,0.9049999713897705
1,1718514980,1584,1.0,0.9099999666213989
1,1718514980,1585,1.0,0.8999999761581421
1,1718514980,1586,1.0,0.9099999666213989
1,1718514980,1587,1.0,0.8999999761581421
1,1718514980,1588,1.0,0.9099999666213989
1,1718514980,1589,1.0,0.9099999666213989
1,1718514980,1590,1.0,0.9099999666213989
1,1718514980,1591,1.0,0.9199999570846558
1,1718514980,1592,1.0,0.8999999761581421
1,1718514980,1593,1.0,0.9149999618530273
1,1718514980,1594,1.0,0.9099999666213989
1,1718514980,1595,1.0,0.9199999570846558
1,1718514980,1596,1.0,0.9049999713897705
1,1718514980,1597,1.0,0.9099999666213989
1,1718514980,1598,1.0,0.9149999618530273
1,1718514980,1599,1.0,0.9199999570846558
1,1718514980,1600,1.0,0.9099999666213989
1,1718514980,1601,1.0,0.8999999761581421
1,1718514980,1602,1.0,0.8999999761581421
1,1718514980,1603,1.0,0.9199999570846558
1,1718514980,1604,1.0,0.9149999618530273
1,1718514980,1605,1.0,0.9149999618530273
1,1718514980,1606,1.0,0.9199999570846558
1,1718514980,1607,1.0,0.9099999666213989
1,1718514980,1608,1.0,0.9049999713897705
1,1718514980,1609,1.0,0.9099999666213989
1,1718514980,1610,1.0,0.8999999761581421
1,1718514980,1611,1.0,0.9149999618530273
1,1718514980,1612,1.0,0.9199999570846558
1,1718514980,1613,1.0,0.9199999570846558
1,1718514980,1614,1.0,0.9099999666213989
1,1718514980,1615,1.0,0.9099999666213989
1,1718514980,1616,1.0,0.9099999666213989
1,1718514980,1617,1.0,0.9149999618530273
1,1718514980,1618,1.0,0.9199999570846558
1,1718514980,1619,1.0,0.9249999523162842
1,1718514980,1620,1.0,0.9249999523162842
1,1718514980,1621,1.0,0.9149999618530273
1,1718514980,1622,1.0,0.9199999570846558
1,1718514980,1623,1.0,0.9049999713897705
1,1718514980,1624,1.0,0.9049999713897705
1,1718514980,1625,1.0,0.9049999713897705
1,1718514980,1626,1.0,0.9249999523162842
1,1718514980,1627,1.0,0.9300000071525574
1,1718514980,1628,1.0,0.9099999666213989
1,1718514980,1629,1.0,0.9149999618530273
1,1718514980,1630,1.0,0.9149999618530273
1,1718514980,1631,1.0,0.9099999666213989
1,1718514980,1632,1.0,0.9149999618530273
1,1718514980,1633,1.0,0.9350000023841858
1,1718514980,1634,1.0,0.9249999523162842
1,1718514980,1635,1.0,0.9249999523162842
1,1718514980,1636,1.0,0.9199999570846558
1,1718514980,1637,1.0,0.9199999570846558
1,1718514980,1638,1.0,0.9149999618530273
1,1718514980,1639,1.0,0.9350000023841858
1,1718514980,1640,1.0,0.9300000071525574
1,1718514980,1641,1.0,0.9300000071525574
1,1718514980,1642,1.0,0.9249999523162842
1,1718514980,1643,1.0,0.9249999523162842
1,1718514980,1644,1.0,0.9149999618530273
1,1718514980,1645,1.0,0.9149999618530273
1,1718514980,1646,1.0,0.9149999618530273
1,1718514980,1647,1.0,0.9300000071525574
1,1718514980,1648,1.0,0.9249999523162842
1,1718514980,1649,1.0,0.9300000071525574
1,1718514980,1650,1.0,0.9199999570846558
1,1718514980,1651,1.0,0.9199999570846558
1,1718514980,1652,1.0,0.9199999570846558
1,1718514980,1653,1.0,0.9300000071525574
1,1718514980,1654,1.0,0.9300000071525574
1,1718514980,1655,1.0,0.9149999618530273
1,1718514980,1656,1.0,0.9199999570846558
1,1718514980,1657,1.0,0.9399999976158142
1,1718514980,1658,1.0,0.9199999570846558
1,1718514980,1659,1.0,0.9249999523162842
1,1718514980,1660,1.0,0.9199999570846558
1,1718514980,1661,1.0,0.9300000071525574
1,1718514980,1662,1.0,0.9350000023841858
1,1718514980,1663,1.0,0.9199999570846558
1,1718514980,1664,1.0,0.9249999523162842
1,1718514980,1665,1.0,0.9249999523162842
1,1718514980,1666,1.0,0.9199999570846558
1,1718514980,1667,1.0,0.9249999523162842
1,1718514980,1668,1.0,0.9199999570846558
1,1718514980,1669,1.0,0.9350000023841858
1,1718514980,1670,1.0,0.9399999976158142
1,1718514980,1671,1.0,0.9350000023841858
1,1718514980,1672,1.0,0.9300000071525574
1,1718514980,1673,1.0,0.9199999570846558
1,1718514980,1674,1.0,0.9199999570846558
1,1718514980,1675,1.0,0.9249999523162842
1,1718514980,1676,1.0,0.9300000071525574
1,1718514980,1677,1.0,0.9149999618530273
1,1718514980,1678,1.0,0.9300000071525574
1,1718514980,1679,1.0,0.9300000071525574
1,1718514980,1680,1.0,0.9350000023841858
1,1718514980,1681,1.0,0.9399999976158142
1,1718514980,1682,1.0,0.9399999976158142
1,1718514980,1683,1.0,0.9199999570846558
1,1718514980,1684,1.0,0.9199999570846558
1,1718514980,1685,1.0,0.9300000071525574
1,1718514980,1686,1.0,0.9249999523162842
1,1718514980,1687,1.0,0.9249999523162842
1,1718514980,1688,1.0,0.9300000071525574
1,1718514980,1689,1.0,0.9350000023841858
1,1718514980,1690,1.0,0.9350000023841858
1,1718514980,1691,1.0,0.9149999618530273
1,1718514980,1692,1.0,0.9249999523162842
1,1718514980,1693,1.0,0.9350000023841858
1,1718514980,1694,1.0,0.9350000023841858
1,1718514980,1695,1.0,0.9399999976158142
1,1718514980,1696,1.0,0.9399999976158142
1,1718514980,1697,1.0,0.9249999523162842
1,1718514980,1698,1.0,0.9350000023841858
1,1718514980,1699,1.0,0.9249999523162842
1,1718514980,1700,1.0,0.9249999523162842
1,1718514980,1701,1.0,0.9300000071525574
1,1718514980,1702,1.0,0.9300000071525574
1,1718514980,1703,1.0,0.9300000071525574
1,1718514980,1704,1.0,0.9199999570846558
1,1718514980,1705,1.0,0.9399999976158142
1,1718514980,1706,1.0,0.9350000023841858
1,1718514980,1707,1.0,0.9199999570846558
1,1718514980,1708,1.0,0.9149999618530273
1,1718514980,1709,1.0,0.9249999523162842
1,1718514980,1710,1.0,0.9399999976158142
1,1718514980,1711,1.0,0.9399999976158142
1,1718514980,1712,1.0,0.9300000071525574
1,1718514980,1713,1.0,0.9300000071525574
1,1718514980,1714,1.0,0.9350000023841858
1,1718514980,1715,1.0,0.9399999976158142
1,1718514980,1716,1.0,0.9300000071525574
1,1718514980,1717,1.0,0.9350000023841858
1,1718514980,1718,1.0,0.9449999928474426
1,1718514980,1719,1.0,0.9300000071525574
1,1718514980,1720,1.0,0.9249999523162842
1,1718514980,1721,1.0,0.9199999570846558
1,1718514980,1722,1.0,0.9199999570846558
1,1718514980,1723,1.0,0.9350000023841858
1,1718514980,1724,1.0,0.9300000071525574
1,1718514980,1725,1.0,0.9399999976158142
1,1718514980,1726,1.0,0.9399999976158142
1,1718514980,1727,1.0,0.9399999976158142
1,1718514980,1728,1.0,0.9350000023841858
1,1718514980,1729,1.0,0.9199999570846558
1,1718514980,1730,1.0,0.9199999570846558
1,1718514980,1731,1.0,0.9350000023841858
1,1718514980,1732,1.0,0.9300000071525574
1,1718514980,1733,1.0,0.9350000023841858
1,1718514980,1734,1.0,0.9399999976158142
1,1718514980,1735,1.0,0.9399999976158142
1,1718514980,1736,1.0,0.9399999976158142
1,1718514980,1737,1.0,0.9300000071525574
1,1718514980,1738,1.0,0.9300000071525574
1,1718514980,1739,1.0,0.9350000023841858
1,1718514980,1740,1.0,0.9399999976158142
1,1718514980,1741,1.0,0.9350000023841858
1,1718514980,1742,1.0,0.9300000071525574
1,1718514980,1743,1.0,0.9300000071525574
1,1718514980,1744,1.0,0.9399999976158142
1,1718514980,1745,1.0,0.9300000071525574
1,1718514980,1746,1.0,0.9350000023841858
1,1718514980,1747,1.0,0.9399999976158142
1,1718514980,1748,1.0,0.9399999976158142
1,1718514980,1749,1.0,0.9199999570846558
1,1718514980,1750,1.0,0.9350000023841858
1,1718514980,1751,1.0,0.9350000023841858
1,1718514980,1752,1.0,0.9300000071525574
1,1718514980,1753,1.0,0.9399999976158142
1,1718514980,1754,1.0,0.9350000023841858
1,1718514980,1755,1.0,0.9399999976158142
1,1718514980,1756,1.0,0.9399999976158142
1,1718514980,1757,1.0,0.9350000023841858
1,1718514980,1758,1.0,0.9350000023841858
1,1718514980,1759,1.0,0.9350000023841858
1,1718514980,1760,1.0,0.9399999976158142
1,1718514980,1761,1.0,0.9249999523162842
1,1718514980,1762,1.0,0.9350000023841858
1,1718514980,1763,1.0,0.9350000023841858
1,1718514980,1764,1.0,0.9300000071525574
1,1718514980,1765,1.0,0.9249999523162842
1,1718514980,1766,1.0,0.9199999570846558
1,1718514980,1767,1.0,0.9399999976158142
1,1718514980,1768,1.0,0.9350000023841858
1,1718514980,1769,1.0,0.9350000023841858
1,1718514980,1770,1.0,0.9449999928474426
1,1718514980,1771,1.0,0.9399999976158142
1,1718514980,1772,1.0,0.9399999976158142
1,1718514980,1773,1.0,0.9449999928474426
1,1718514980,1774,1.0,0.9399999976158142
1,1718514980,1775,1.0,0.9350000023841858
1,1718514980,1776,1.0,0.9399999976158142
1,1718514980,1777,1.0,0.9399999976158142
1,1718514980,1778,1.0,0.9350000023841858
1,1718514980,1779,1.0,0.9350000023841858
1,1718514980,1780,1.0,0.9350000023841858
1,1718514980,1781,1.0,0.9199999570846558
1,1718514980,1782,1.0,0.9300000071525574
1,1718514980,1783,1.0,0.9399999976158142
1,1718514980,1784,1.0,0.9399999976158142
1,1718514980,1785,1.0,0.9399999976158142
1,1718514980,1786,1.0,0.9399999976158142
1,1718514980,1787,1.0,0.9350000023841858
1,1718514980,1788,1.0,0.9399999976158142
1,1718514980,1789,1.0,0.9249999523162842
1,1718514980,1790,1.0,0.9300000071525574
1,1718514980,1791,1.0,0.9350000023841858
1,1718514980,1792,1.0,0.9350000023841858
1,1718514980,1793,1.0,0.9399999976158142
1,1718514980,1794,1.0,0.9350000023841858
1,1718514980,1795,1.0,0.9350000023841858
1,1718514980,1796,1.0,0.9199999570846558
1,1718514980,1797,1.0,0.9449999928474426
1,1718514980,1798,1.0,0.9399999976158142
1,1718514980,1799,1.0,0.9399999976158142
1,1718514980,1800,1.0,0.9449999928474426
1,1718514980,1801,1.0,0.9399999976158142
1,1718514980,1802,1.0,0.9399999976158142
1,1718514980,1803,1.0,0.9199999570846558
1,1718514980,1804,1.0,0.9249999523162842
1,1718514980,1805,1.0,0.9300000071525574
1,1718514980,1806,1.0,0.9249999523162842
1,1718514980,1807,1.0,0.9399999976158142
1,1718514980,1808,1.0,0.9399999976158142
1,1718514980,1809,1.0,0.9350000023841858
1,1718514980,1810,1.0,0.9350000023841858
1,1718514980,1811,1.0,0.9300000071525574
1,1718514980,1812,1.0,0.9449999928474426
1,1718514980,1813,1.0,0.9300000071525574
1,1718514980,1814,1.0,0.9399999976158142
1,1718514980,1815,1.0,0.9350000023841858
1,1718514980,1816,1.0,0.9449999928474426
1,1718514980,1817,1.0,0.9399999976158142
1,1718514980,1818,1.0,0.9399999976158142
1,1718514980,1819,1.0,0.9350000023841858
1,1718514980,1820,1.0,0.9399999976158142
1,1718514980,1821,1.0,0.9300000071525574
1,1718514980,1822,1.0,0.9350000023841858
1,1718514980,1823,1.0,0.9300000071525574
1,1718514980,1824,1.0,0.9350000023841858
1,1718514980,1825,1.0,0.9249999523162842
1,1718514980,1826,1.0,0.9249999523162842
1,1718514980,1827,1.0,0.9350000023841858
1,1718514980,1828,1.0,0.9399999976158142
1,1718514980,1829,1.0,0.9350000023841858
1,1718514980,1830,1.0,0.9350000023841858
1,1718514980,1831,1.0,0.9350000023841858
1,1718514980,1832,1.0,0.9399999976158142
1,1718514980,1833,1.0,0.9350000023841858
1,1718514980,1834,1.0,0.9399999976158142
1,1718514980,1835,1.0,0.9399999976158142
1,1718514980,1836,1.0,0.9399999976158142
1,1718514980,1837,1.0,0.9300000071525574
1,1718514980,1838,1.0,0.9350000023841858
1,1718514980,1839,1.0,0.9350000023841858
1,1718514980,1840,1.0,0.9399999976158142
1,1718514980,1841,1.0,0.9399999976158142
1,1718514980,1842,1.0,0.9350000023841858
1,1718514980,1843,1.0,0.9399999976158142
1,1718514980,1844,1.0,0.9449999928474426
1,1718514980,1845,1.0,0.9350000023841858
1,1718514980,1846,1.0,0.9449999928474426
1,1718514980,1847,1.0,0.9399999976158142
1,1718514980,1848,1.0,0.9399999976158142
1,1718514980,1849,1.0,0.9449999928474426
1,1718514980,1850,1.0,0.9399999976158142
1,1718514980,1851,1.0,0.9399999976158142
1,1718514980,1852,1.0,0.949999988079071
1,1718514980,1853,1.0,0.949999988079071
1,1718514980,1854,1.0,0.9399999976158142
1,1718514980,1855,1.0,0.9399999976158142
1,1718514980,1856,1.0,0.9449999928474426
1,1718514980,1857,1.0,0.9350000023841858
1,1718514980,1858,1.0,0.9399999976158142
1,1718514980,1859,1.0,0.9300000071525574
1,1718514980,1860,1.0,0.9399999976158142
1,1718514980,1861,1.0,0.9449999928474426
1,1718514980,1862,1.0,0.9350000023841858
1,1718514980,1863,1.0,0.9350000023841858
1,1718514980,1864,1.0,0.9350000023841858
1,1718514980,1865,1.0,0.9350000023841858
1,1718514980,1866,1.0,0.9399999976158142
1,1718514980,1867,1.0,0.9350000023841858
1,1718514980,1868,1.0,0.9350000023841858
1,1718514980,1869,1.0,0.9399999976158142
1,1718514980,1870,1.0,0.9399999976158142
1,1718514980,1871,1.0,0.9350000023841858
1,1718514980,1872,1.0,0.9449999928474426
1,1718514980,1873,1.0,0.9549999833106995
1,1718514980,1874,1.0,0.9399999976158142
1,1718514980,1875,1.0,0.949999988079071
1,1718514980,1876,1.0,0.949999988079071
1,1718514980,1877,1.0,0.9449999928474426
1,1718514980,1878,1.0,0.9399999976158142
1,1718514980,1879,1.0,0.9399999976158142
1,1718514980,1880,1.0,0.9399999976158142
1,1718514980,1881,1.0,0.9350000023841858
1,1718514980,1882,1.0,0.9399999976158142
1,1718514980,1883,1.0,0.9399999976158142
1,1718514980,1884,1.0,0.9399999976158142
1,1718514980,1885,1.0,0.9449999928474426
1,1718514980,1886,1.0,0.949999988079071
1,1718514980,1887,1.0,0.949999988079071
1,1718514980,1888,1.0,0.949999988079071
1,1718514980,1889,1.0,0.9300000071525574
1,1718514980,1890,1.0,0.9399999976158142
1,1718514980,1891,1.0,0.9350000023841858
1,1718514980,1892,1.0,0.949999988079071
1,1718514980,1893,1.0,0.9449999928474426
1,1718514980,1894,1.0,0.9449999928474426
1,1718514980,1895,1.0,0.9350000023841858
1,1718514980,1896,1.0,0.9350000023841858
1,1718514980,1897,1.0,0.9399999976158142
1,1718514980,1898,1.0,0.9449999928474426
1,1718514980,1899,1.0,0.949999988079071
1,1718514980,1900,1.0,0.9599999785423279
1,1718514980,1901,1.0,0.949999988079071
1,1718514980,1902,1.0,0.949999988079071
1,1718514980,1903,1.0,0.949999988079071
1,1718514980,1904,1.0,0.9449999928474426
1,1718514980,1905,1.0,0.9399999976158142
1,1718514980,1906,1.0,0.9399999976158142
1,1718514980,1907,1.0,0.9399999976158142
1,1718514980,1908,1.0,0.9449999928474426
1,1718514980,1909,1.0,0.9449999928474426
1,1718514980,1910,1.0,0.9350000023841858
1,1718514980,1911,1.0,0.9249999523162842
1,1718514980,1912,1.0,0.9449999928474426
1,1718514980,1913,1.0,0.9549999833106995
1,1718514980,1914,1.0,0.9599999785423279
1,1718514980,1915,1.0,0.9649999737739563
1,1718514980,1916,1.0,0.9599999785423279
1,1718514980,1917,1.0,0.9449999928474426
1,1718514980,1918,1.0,0.9399999976158142
1,1718514980,1919,1.0,0.9300000071525574
1,1718514980,1920,1.0,0.9350000023841858
1,1718514980,1921,1.0,0.9350000023841858
1,1718514980,1922,1.0,0.9350000023841858
1,1718514980,1923,1.0,0.9449999928474426
1,1718514980,1924,1.0,0.9249999523162842
1,1718514980,1925,1.0,0.9399999976158142
1,1718514980,1926,1.0,0.9449999928474426
1,1718514980,1927,1.0,0.9399999976158142
1,1718514980,1928,1.0,0.9449999928474426
1,1718514980,1929,1.0,0.949999988079071
1,1718514980,1930,1.0,0.9649999737739563
1,1718514980,1931,1.0,0.9350000023841858
1,1718514980,1932,1.0,0.9549999833106995
1,1718514980,1933,1.0,0.9350000023841858
1,1718514980,1934,1.0,0.9449999928474426
1,1718514980,1935,1.0,0.9549999833106995
1,1718514980,1936,1.0,0.9549999833106995
1,1718514980,1937,1.0,0.949999988079071
1,1718514980,1938,1.0,0.949999988079071
1,1718514980,1939,1.0,0.949999988079071
1,1718514980,1940,1.0,0.949999988079071
1,1718514980,1941,1.0,0.949999988079071
1,1718514980,1942,1.0,0.949999988079071
1,1718514980,1943,1.0,0.9449999928474426
1,1718514980,1944,1.0,0.9399999976158142
1,1718514980,1945,1.0,0.9649999737739563
1,1718514980,1946,1.0,0.9549999833106995
1,1718514980,1947,1.0,0.9549999833106995
1,1718514980,1948,1.0,0.9549999833106995
1,1718514980,1949,1.0,0.9549999833106995
1,1718514980,1950,1.0,0.949999988079071
1,1718514980,1951,1.0,0.9549999833106995
1,1718514980,1952,1.0,0.9549999833106995
1,1718514980,1953,1.0,0.9649999737739563
1,1718514980,1954,1.0,0.9599999785423279
1,1718514980,1955,1.0,0.9599999785423279
1,1718514980,1956,1.0,0.949999988079071
1,1718514980,1957,1.0,0.9549999833106995
1,1718514980,1958,1.0,0.9549999833106995
1,1718514980,1959,1.0,0.9599999785423279
1,1718514980,1960,1.0,0.9649999737739563
1,1718514980,1961,1.0,0.9599999785423279
1,1718514980,1962,1.0,0.9599999785423279
1,1718514980,1963,1.0,0.9599999785423279
1,1718514980,1964,1.0,0.9549999833106995
1,1718514980,1965,1.0,0.9549999833106995
1,1718514980,1966,1.0,0.9599999785423279
1,1718514980,1967,1.0,0.9649999737739563
1,1718514980,1968,1.0,0.9599999785423279
1,1718514980,1969,1.0,0.9549999833106995
1,1718514980,1970,1.0,0.9649999737739563
1,1718514980,1971,1.0,0.9599999785423279
1,1718514980,1972,1.0,0.9599999785423279
1,1718514980,1973,1.0,0.9599999785423279
1,1718514980,1974,1.0,0.9549999833106995
1,1718514980,1975,1.0,0.9549999833106995
1,1718514980,1976,1.0,0.9599999785423279
1,1718514980,1977,1.0,0.9549999833106995
1,1718514980,1978,1.0,0.9549999833106995
1,1718514980,1979,1.0,0.9599999785423279
1,1718514980,1980,1.0,0.9599999785423279
1,1718514980,1981,1.0,0.9599999785423279
1,1718514980,1982,1.0,0.9699999690055847
1,1718514980,1983,1.0,0.9649999737739563
1,1718514980,1984,1.0,0.9549999833106995
1,1718514980,1985,1.0,0.9549999833106995
1,1718514980,1986,1.0,0.9549999833106995
1,1718514980,1987,1.0,0.949999988079071
1,1718514980,1988,1.0,0.9549999833106995
1,1718514980,1989,1.0,0.9649999737739563
1,1718514980,1990,1.0,0.9649999737739563
1,1718514980,1991,1.0,0.9599999785423279
1,1718514980,1992,1.0,0.9649999737739563
1,1718514980,1993,1.0,0.9599999785423279
1,1718514980,1994,1.0,0.9649999737739563
1,1718514980,1995,1.0,0.9649999737739563
1,1718514980,1996,1.0,0.9599999785423279
1,1718514980,1997,1.0,0.9649999737739563
1,1718514980,1998,1.0,0.9599999785423279
1,1718514980,1999,1.0,0.9599999785423279
1,1718514980,2000,1.0,0.9649999737739563
1,1718514980,2001,1.0,0.9599999785423279
1,1718514980,2002,1.0,0.9549999833106995
1,1718514980,2003,1.0,0.949999988079071
1,1718514980,2004,1.0,0.9649999737739563
1,1718514980,2005,1.0,0.9699999690055847
1,1718514980,2006,1.0,0.9649999737739563
1,1718514980,2007,1.0,0.9599999785423279
1,1718514980,2008,1.0,0.9649999737739563
1,1718514980,2009,1.0,0.9699999690055847
1,1718514980,2010,1.0,0.9699999690055847
1,1718514980,2011,1.0,0.9749999642372131
1,1718514980,2012,1.0,0.9749999642372131
1,1718514980,2013,1.0,0.9749999642372131
1,1718514980,2014,1.0,0.9699999690055847
1,1718514980,2015,1.0,0.9599999785423279
1,1718514980,2016,1.0,0.9549999833106995
1,1718514980,2017,1.0,0.9699999690055847
1,1718514980,2018,1.0,0.9649999737739563
1,1718514980,2019,1.0,0.9699999690055847
1,1718514980,2020,1.0,0.9749999642372131
1,1718514980,2021,1.0,0.9649999737739563
1,1718514980,2022,1.0,0.9699999690055847
1,1718514980,2023,1.0,0.9699999690055847
1,1718514980,2024,1.0,0.9699999690055847
1,1718514980,2025,1.0,0.9549999833106995
1,1718514980,2026,1.0,0.9699999690055847
1,1718514980,2027,1.0,0.9649999737739563
1,1718514980,2028,1.0,0.9599999785423279
1,1718514980,2029,1.0,0.9649999737739563
1,1718514980,2030,1.0,0.9749999642372131
1,1718514980,2031,1.0,0.9699999690055847
1,1718514980,2032,1.0,0.9749999642372131
1,1718514980,2033,1.0,0.9749999642372131
1,1718514980,2034,1.0,0.9799999594688416
1,1718514980,2035,1.0,0.9699999690055847
1,1718514980,2036,1.0,0.9649999737739563
1,1718514980,2037,1.0,0.9749999642372131
1,1718514980,2038,1.0,0.9749999642372131
1,1718514980,2039,1.0,0.9799999594688416
1,1718514980,2040,1.0,0.9749999642372131
1,1718514980,2041,1.0,0.9699999690055847
1,1718514980,2042,1.0,0.9699999690055847
1,1718514980,2043,1.0,0.9749999642372131
1,1718514980,2044,1.0,0.9749999642372131
1,1718514980,2045,1.0,0.9749999642372131
1,1718514980,2046,1.0,0.9799999594688416
1,1718514980,2047,1.0,0.9749999642372131
1,1718514980,2048,1.0,0.9749999642372131
1,1718514980,2049,1.0,0.9749999642372131
1,1718514980,2050,1.0,0.9749999642372131
1,1718514980,2051,1.0,0.9749999642372131
1,1718514980,2052,1.0,0.9749999642372131
1,1718514980,2053,1.0,0.9749999642372131
1,1718514980,2054,1.0,0.9749999642372131
1,1718514980,2055,1.0,0.9749999642372131
1,1718514980,2056,1.0,0.9749999642372131
1,1718514980,2057,1.0,0.9799999594688416
1,1718514980,2058,1.0,0.9799999594688416
1,1718514980,2059,1.0,0.9799999594688416
1,1718514980,2060,1.0,0.9699999690055847
1,1718514980,2061,1.0,0.9699999690055847
1,1718514980,2062,1.0,0.9799999594688416
1,1718514980,2063,1.0,0.9799999594688416
1,1718514980,2064,1.0,0.9799999594688416
1,1718514980,2065,1.0,0.9749999642372131
1,1718514980,2066,1.0,0.9749999642372131
1,1718514980,2067,1.0,0.9749999642372131
1,1718514980,2068,1.0,0.9749999642372131
1,1718514980,2069,1.0,0.9749999642372131
1,1718514980,2070,1.0,0.9799999594688416
1,1718514980,2071,1.0,0.9749999642372131
1,1718514980,2072,1.0,0.9799999594688416
1,1718514980,2073,1.0,0.9799999594688416
1,1718514980,2074,1.0,0.9799999594688416
1,1718514980,2075,1.0,0.9799999594688416
1,1718514980,2076,1.0,0.9799999594688416
1,1718514980,2077,1.0,0.9749999642372131
1,1718514980,2078,1.0,0.9749999642372131
1,1718514980,2079,1.0,0.9799999594688416
1,1718514980,2080,1.0,0.9799999594688416
1,1718514980,2081,1.0,0.9749999642372131
1,1718514980,2082,1.0,0.9799999594688416
1,1718514980,2083,1.0,0.9799999594688416
1,1718514980,2084,1.0,0.9799999594688416
1,1718514980,2085,1.0,0.9799999594688416
1,1718514980,2086,1.0,0.9799999594688416
1,1718514980,2087,1.0,0.9799999594688416
1,1718514980,2088,1.0,0.9799999594688416
1,1718514980,2089,1.0,0.9799999594688416
1,1718514980,2090,1.0,0.9799999594688416
1,1718514980,2091,1.0,0.9799999594688416
1,1718514980,2092,1.0,0.9799999594688416
1,1718514980,2093,1.0,0.9799999594688416
1,1718514980,2094,1.0,0.9799999594688416
1,1718514980,2095,1.0,0.9799999594688416
1,1718514980,2096,1.0,0.9799999594688416
1,1718514980,2097,1.0,0.9799999594688416
1,1718514980,2098,1.0,0.9799999594688416
1,1718514980,2099,1.0,0.9799999594688416
1,1718514980,2100,1.0,0.9799999594688416
1,1718514980,2101,1.0,0.9799999594688416
1,1718514980,2102,1.0,0.9799999594688416
1,1718514980,2103,1.0,0.9799999594688416
1,1718514980,2104,1.0,0.9799999594688416
1,1718514980,2105,1.0,0.9799999594688416
1,1718514980,2106,1.0,0.9799999594688416
1,1718514980,2107,1.0,0.9799999594688416
1,1718514980,2108,1.0,0.9799999594688416
1,1718514980,2109,1.0,0.9799999594688416
1,1718514980,2110,1.0,0.9799999594688416
1,1718514980,2111,1.0,0.9799999594688416
1,1718514980,2112,1.0,0.9799999594688416
1,1718514980,2113,1.0,0.9799999594688416
1,1718514980,2114,1.0,0.9799999594688416
1,1718514980,2115,1.0,0.9799999594688416
1,1718514980,2116,1.0,0.9799999594688416
1,1718514980,2117,1.0,0.9799999594688416
1,1718514980,2118,1.0,0.9799999594688416
1,1718514980,2119,1.0,0.9799999594688416
1,1718514980,2120,1.0,0.9799999594688416
1,1718514980,2121,1.0,0.9799999594688416
1,1718514980,2122,1.0,0.9799999594688416
1,1718514980,2123,1.0,0.9749999642372131
1,1718514980,2124,1.0,0.9799999594688416
1,1718514980,2125,1.0,0.9799999594688416
1,1718514980,2126,1.0,0.9799999594688416
1,1718514980,2127,1.0,0.9799999594688416
1,1718514980,2128,1.0,0.9799999594688416
1,1718514980,2129,1.0,0.9799999594688416
1,1718514980,2130,1.0,0.9799999594688416
1,1718514980,2131,1.0,0.9799999594688416
1,1718514980,2132,1.0,0.9799999594688416
1,1718514980,2133,1.0,0.9799999594688416
1,1718514980,2134,1.0,0.9799999594688416
1,1718514980,2135,1.0,0.9799999594688416
1,1718514980,2136,1.0,0.9799999594688416
1,1718514980,2137,1.0,0.9799999594688416
1,1718514980,2138,1.0,0.9799999594688416
1,1718514980,2139,1.0,0.9799999594688416
1,1718514980,2140,1.0,0.9799999594688416
1,1718514980,2141,1.0,0.9799999594688416
1,1718514980,2142,1.0,0.9799999594688416
1,1718514980,2143,1.0,0.9799999594688416
1,1718514980,2144,1.0,0.9799999594688416
1,1718514980,2145,1.0,0.9799999594688416
1,1718514980,2146,1.0,0.9799999594688416
1,1718514980,2147,1.0,0.98499995470047
1,1718514980,2148,1.0,0.9799999594688416
1,1718514980,2149,1.0,0.98499995470047
1,1718514980,2150,1.0,0.98499995470047
1,1718514980,2151,1.0,0.98499995470047
1,1718514980,2152,1.0,0.9799999594688416
1,1718514980,2153,1.0,0.9799999594688416
1,1718514980,2154,1.0,0.9799999594688416
1,1718514980,2155,1.0,0.9799999594688416
1,1718514980,2156,1.0,0.9799999594688416
1,1718514980,2157,1.0,0.98499995470047
1,1718514980,2158,1.0,0.98499995470047
1,1718514980,2159,1.0,0.9799999594688416
1,1718514980,2160,1.0,0.9799999594688416
1,1718514980,2161,1.0,0.98499995470047
1,1718514980,2162,1.0,0.98499995470047
1,1718514980,2163,1.0,0.9799999594688416
1,1718514980,2164,1.0,0.9799999594688416
1,1718514980,2165,1.0,0.98499995470047
1,1718514980,2166,1.0,0.98499995470047
1,1718514980,2167,1.0,0.98499995470047
1,1718514980,2168,1.0,0.98499995470047
1,1718514980,2169,1.0,0.98499995470047
1,1718514980,2170,1.0,0.98499995470047
1,1718514980,2171,1.0,0.98499995470047
1,1718514980,2172,1.0,0.9799999594688416
1,1718514980,2173,1.0,0.98499995470047
1,1718514980,2174,1.0,0.9799999594688416
1,1718514980,2175,1.0,0.98499995470047
1,1718514980,2176,1.0,0.98499995470047
1,1718514980,2177,1.0,0.98499995470047
1,1718514980,2178,1.0,0.98499995470047
1,1718514980,2179,1.0,0.98499995470047
1,1718514980,2180,1.0,0.98499995470047
1,1718514980,2181,1.0,0.98499995470047
1,1718514980,2182,1.0,0.98499995470047
1,1718514980,2183,1.0,0.98499995470047
1,1718514980,2184,1.0,0.98499995470047
1,1718514980,2185,1.0,0.98499995470047
1,1718514980,2186,1.0,0.98499995470047
1,1718514980,2187,1.0,0.98499995470047
1,1718514980,2188,1.0,0.98499995470047
1,1718514980,2189,1.0,0.9899999499320984
1,1718514980,2190,1.0,0.9899999499320984
1,1718514980,2191,1.0,0.98499995470047
1,1718514980,2192,1.0,0.98499995470047
1,1718514980,2193,1.0,0.98499995470047
1,1718514980,2194,1.0,0.98499995470047
1,1718514980,2195,1.0,0.98499995470047
1,1718514980,2196,1.0,0.98499995470047
1,1718514980,2197,1.0,0.98499995470047
1,1718514980,2198,1.0,0.98499995470047
1,1718514980,2199,1.0,0.98499995470047
1,1718514980,2200,1.0,0.98499995470047
1,1718514980,2201,1.0,0.9899999499320984
1,1718514980,2202,1.0,0.9899999499320984
1,1718514980,2203,1.0,0.98499995470047
1,1718514980,2204,1.0,0.98499995470047
1,1718514980,2205,1.0,0.98499995470047
1,1718514980,2206,1.0,0.98499995470047
1,1718514980,2207,1.0,0.98499995470047
1,1718514980,2208,1.0,0.98499995470047
1,1718514980,2209,1.0,0.9899999499320984
1,1718514980,2210,1.0,0.9899999499320984
1,1718514980,2211,1.0,0.9899999499320984
1,1718514980,2212,1.0,0.9899999499320984
1,1718514980,2213,1.0,0.9899999499320984
1,1718514980,2214,1.0,0.9899999499320984
1,1718514980,2215,1.0,0.9899999499320984
1,1718514980,2216,1.0,0.9899999499320984
1,1718514980,2217,1.0,0.9899999499320984
1,1718514980,2218,1.0,0.9899999499320984
1,1718514980,2219,1.0,0.9899999499320984
1,1718514980,2220,1.0,0.98499995470047
1,1718514980,2221,1.0,0.98499995470047
1,1718514980,2222,1.0,0.98499995470047
1,1718514980,2223,1.0,0.9899999499320984
1,1718514980,2224,1.0,0.98499995470047
1,1718514980,2225,1.0,0.98499995470047
1,1718514980,2226,1.0,0.98499995470047
1,1718514980,2227,1.0,0.98499995470047
1,1718514980,2228,1.0,0.9899999499320984
1,1718514980,2229,1.0,0.9899999499320984
1,1718514980,2230,1.0,0.9899999499320984
1,1718514980,2231,1.0,0.9899999499320984
1,1718514980,2232,1.0,0.9899999499320984
1,1718514980,2233,1.0,0.9899999499320984
1,1718514980,2234,1.0,0.9899999499320984
1,1718514980,2235,1.0,0.9899999499320984
1,1718514980,2236,1.0,0.9899999499320984
1,1718514980,2237,1.0,0.98499995470047
1,1718514980,2238,1.0,0.9899999499320984
1,1718514980,2239,1.0,0.98499995470047
1,1718514980,2240,1.0,0.9899999499320984
1,1718514980,2241,1.0,0.9899999499320984
1,1718514980,2242,1.0,0.9899999499320984
1,1718514980,2243,1.0,0.9899999499320984
1,1718514980,2244,1.0,0.98499995470047
1,1718514980,2245,1.0,0.98499995470047
1,1718514980,2246,1.0,0.98499995470047
1,1718514980,2247,1.0,0.98499995470047
1,1718514980,2248,1.0,0.9899999499320984
1,1718514980,2249,1.0,0.9899999499320984
1,1718514980,2250,1.0,0.9899999499320984
1,1718514980,2251,1.0,0.9899999499320984
1,1718514980,2252,1.0,0.9899999499320984
1,1718514980,2253,1.0,0.9899999499320984
1,1718514980,2254,1.0,0.9899999499320984
1,1718514980,2255,1.0,0.9899999499320984
1,1718514980,2256,1.0,0.9899999499320984
1,1718514980,2257,1.0,0.9899999499320984
1,1718514980,2258,1.0,0.9899999499320984
1,1718514980,2259,1.0,0.9899999499320984
1,1718514980,2260,1.0,0.9899999499320984
1,1718514980,2261,1.0,0.9899999499320984
1,1718514980,2262,1.0,0.9899999499320984
1,1718514980,2263,1.0,0.9899999499320984
1,1718514980,2264,1.0,0.9899999499320984
1,1718514980,2265,1.0,0.9899999499320984
1,1718514980,2266,1.0,0.9899999499320984
1,1718514980,2267,1.0,0.98499995470047
1,1718514980,2268,1.0,0.9899999499320984
1,1718514980,2269,1.0,0.9899999499320984
1,1718514980,2270,1.0,0.9899999499320984
1,1718514980,2271,1.0,0.98499995470047
1,1718514980,2272,1.0,0.9899999499320984
1,1718514980,2273,1.0,0.9899999499320984
1,1718514980,2274,1.0,0.9899999499320984
1,1718514980,2275,1.0,0.9899999499320984
1,1718514980,2276,1.0,0.9899999499320984
1,1718514980,2277,1.0,0.9899999499320984
1,1718514980,2278,1.0,0.9899999499320984
1,1718514980,2279,1.0,0.9899999499320984
1,1718514980,2280,1.0,0.9899999499320984
1,1718514980,2281,1.0,0.98499995470047
1,1718514980,2282,1.0,0.9899999499320984
1,1718514980,2283,1.0,0.9899999499320984
1,1718514980,2284,1.0,0.98499995470047
1,1718514980,2285,1.0,0.9899999499320984
1,1718514980,2286,1.0,0.9899999499320984
1,1718514980,2287,1.0,0.9899999499320984
1,1718514980,2288,1.0,0.9899999499320984
1,1718514980,2289,1.0,0.9899999499320984
1,1718514980,2290,1.0,0.9899999499320984
1,1718514980,2291,1.0,0.9899999499320984
1,1718514980,2292,1.0,0.9899999499320984
1,1718514980,2293,1.0,0.9899999499320984
1,1718514980,2294,1.0,0.9899999499320984
1,1718514980,2295,1.0,0.9899999499320984
1,1718514980,2296,1.0,0.9899999499320984
1,1718514980,2297,1.0,0.9899999499320984
1,1718514980,2298,1.0,0.9899999499320984
1,1718514980,2299,1.0,0.9899999499320984
1,1718514980,2300,1.0,0.9899999499320984
1,1718514980,2301,1.0,0.9899999499320984
1,1718514980,2302,1.0,0.9899999499320984
1,1718514980,2303,1.0,0.9899999499320984
1,1718514980,2304,1.0,0.9899999499320984
1,1718514980,2305,1.0,0.9899999499320984
1,1718514980,2306,1.0,0.9899999499320984
1,1718514980,2307,1.0,0.9899999499320984
1,1718514980,2308,1.0,0.9899999499320984
1,1718514980,2309,1.0,0.9899999499320984
1,1718514980,2310,1.0,0.9899999499320984
1,1718514980,2311,1.0,0.9899999499320984
1,1718514980,2312,1.0,0.9899999499320984
1,1718514980,2313,1.0,0.9899999499320984
1,1718514980,2314,1.0,0.9899999499320984
1,1718514980,2315,1.0,0.9899999499320984
1,1718514980,2316,1.0,0.9899999499320984
1,1718514980,2317,1.0,0.9899999499320984
1,1718514980,2318,1.0,0.9899999499320984
1,1718514980,2319,1.0,0.9899999499320984
1,1718514980,2320,1.0,0.9899999499320984
1,1718514980,2321,1.0,0.9899999499320984
1,1718514980,2322,1.0,0.9899999499320984
1,1718514980,2323,1.0,0.9899999499320984
1,1718514980,2324,1.0,0.9899999499320984
1,1718514980,2325,1.0,0.9899999499320984
1,1718514980,2326,1.0,0.9899999499320984
1,1718514980,2327,1.0,0.9899999499320984
1,1718514980,2328,1.0,0.9899999499320984
1,1718514980,2329,1.0,0.9899999499320984
1,1718514980,2330,1.0,0.9899999499320984
1,1718514980,2331,1.0,0.9899999499320984
1,1718514980,2332,1.0,0.9899999499320984
1,1718514980,2333,1.0,0.9899999499320984
1,1718514980,2334,1.0,0.9899999499320984
1,1718514980,2335,1.0,0.9950000047683716
1,1718514980,2336,1.0,0.9899999499320984
1,1718514980,2337,1.0,0.9899999499320984
1,1718514980,2338,1.0,0.9899999499320984
1,1718514980,2339,1.0,0.9950000047683716
1,1718514980,2340,1.0,0.9899999499320984
1,1718514980,2341,1.0,0.9899999499320984
1,1718514980,2342,1.0,0.9899999499320984
1,1718514980,2343,1.0,0.9899999499320984
1,1718514980,2344,1.0,0.9899999499320984
1,1718514980,2345,1.0,0.9899999499320984
1,1718514980,2346,1.0,0.9899999499320984
1,1718514980,2347,1.0,0.9950000047683716
1,1718514980,2348,1.0,0.9899999499320984
1,1718514980,2349,1.0,0.9950000047683716
1,1718514980,2350,1.0,0.9950000047683716
1,1718514980,2351,1.0,0.9950000047683716
1,1718514980,2352,1.0,0.9950000047683716
1,1718514980,2353,1.0,0.9950000047683716
1,1718514980,2354,1.0,0.9899999499320984
1,1718514980,2355,1.0,0.9899999499320984
1,1718514980,2356,1.0,0.9899999499320984
1,1718514980,2357,1.0,0.9899999499320984
1,1718514980,2358,1.0,0.9899999499320984
1,1718514980,2359,1.0,0.9950000047683716
1,1718514980,2360,1.0,0.9950000047683716
1,1718514980,2361,1.0,0.9950000047683716
1,1718514980,2362,1.0,0.9950000047683716
1,1718514980,2363,1.0,0.9950000047683716
1,1718514980,2364,1.0,0.9950000047683716
1,1718514980,2365,1.0,0.9950000047683716
1,1718514980,2366,1.0,1.0
1,1718514980,2367,1.0,1.0
1,1718514980,2368,1.0,1.0
1,1718514980,2369,1.0,0.9950000047683716
1,1718514980,2370,1.0,0.9950000047683716
1,1718514980,2371,1.0,0.9950000047683716
1,1718514980,2372,1.0,1.0
1,1718514980,2373,1.0,1.0
1,1718514980,2374,1.0,1.0
1,1718514980,2375,1.0,0.9950000047683716
1,1718514980,2376,1.0,1.0
1,1718514980,2377,1.0,1.0
1,1718514980,2378,1.0,1.0
1,1718514980,2379,1.0,1.0
1,1718514980,2380,1.0,1.0
1,1718514980,2381,1.0,0.9950000047683716
1,1718514980,2382,1.0,1.0
1,1718514980,2383,1.0,1.0
1,1718514980,2384,1.0,1.0
1,1718514980,2385,1.0,1.0
1,1718514980,2386,1.0,1.0
1,1718514980,2387,1.0,1.0
1,1718514980,2388,1.0,1.0
1,1718514980,2389,1.0,1.0
1,1718514980,2390,1.0,1.0
1,1718514980,2391,1.0,1.0
1,1718514980,2392,1.0,1.0
1,1718514980,2393,1.0,1.0
1,1718514980,2394,1.0,1.0
1,1718514980,2395,1.0,1.0
1,1718514980,2396,1.0,1.0
1,1718514980,2397,1.0,1.0
1,1718514980,2398,1.0,1.0
1,1718514980,2399,1.0,1.0
1,1718514980,2400,1.0,1.0
1,1718514980,2401,1.0,0.9950000047683716
1,1718514980,2402,1.0,1.0
1,1718514980,2403,1.0,1.0
1,1718514980,2404,1.0,1.0
1,1718514980,2405,1.0,1.0
1,1718514980,2406,1.0,1.0
1,1718514980,2407,1.0,1.0
1,1718514980,2408,1.0,1.0
1,1718514980,2409,1.0,1.0
1,1718514980,2410,1.0,1.0
1,1718514980,2411,1.0,1.0
1,1718514980,2412,1.0,1.0
1,1718514980,2413,1.0,1.0
1,1718514980,2414,1.0,1.0
1,1718514980,2415,1.0,1.0
1,1718514980,2416,1.0,1.0
1,1718514980,2417,1.0,1.0
1,1718514980,2418,1.0,1.0
1,1718514980,2419,1.0,1.0
1,1718514980,2420,1.0,1.0
1,1718514980,2421,1.0,1.0
1,1718514980,2422,1.0,1.0
1,1718514980,2423,1.0,1.0
1,1718514980,2424,1.0,1.0
1,1718514980,2425,1.0,1.0
1,1718514980,2426,1.0,1.0
1,1718514980,2427,1.0,1.0
1,1718514980,2428,1.0,1.0
1,1718514980,2429,1.0,1.0
1,1718514980,2430,1.0,1.0
1,1718514980,2431,1.0,1.0
1,1718514980,2432,1.0,1.0
1,1718514980,2433,1.0,1.0
1,1718514980,2434,1.0,1.0
1,1718514980,2435,1.0,1.0
1,1718514980,2436,1.0,1.0
1,1718514980,2437,1.0,1.0
1,1718514980,2438,1.0,1.0
1,1718514980,2439,1.0,1.0
1,1718514980,2440,1.0,1.0
1,1718514980,2441,1.0,1.0
1,1718514980,2442,1.0,1.0
1,1718514980,2443,1.0,1.0
1,1718514980,2444,1.0,1.0
1,1718514980,2445,1.0,1.0
1,1718514980,2446,1.0,1.0
1,1718514980,2447,1.0,1.0
1,1718514980,2448,1.0,1.0
1,1718514980,2449,1.0,1.0
1,1718514980,2450,1.0,1.0
1,1718514980,2451,1.0,1.0
1,1718514980,2452,1.0,1.0
1,1718514980,2453,1.0,1.0
1,1718514980,2454,1.0,1.0
1,1718514980,2455,1.0,1.0
1,1718514980,2456,1.0,1.0
1,1718514980,2457,1.0,1.0
1,1718514980,2458,1.0,1.0
1,1718514980,2459,1.0,1.0
1,1718514980,2460,1.0,1.0
1,1718514980,2461,1.0,1.0
1,1718514980,2462,1.0,1.0
1,1718514980,2463,1.0,1.0
1,1718514980,2464,1.0,1.0
1,1718514980,2465,1.0,1.0
1,1718514980,2466,1.0,1.0
1,1718514980,2467,1.0,1.0
1,1718514980,2468,1.0,1.0
1,1718514980,2469,1.0,1.0
1,1718514980,2470,1.0,1.0
1,1718514980,2471,1.0,1.0
1,1718514980,2472,1.0,1.0
1,1718514980,2473,1.0,1.0
1,1718514980,2474,1.0,1.0
1,1718514980,2475,1.0,1.0
1,1718514980,2476,1.0,1.0
1,1718514980,2477,1.0,1.0
1,1718514980,2478,1.0,1.0
1,1718514980,2479,1.0,1.0
1,1718514980,2480,1.0,1.0
1,1718514980,2481,1.0,1.0
1,1718514980,2482,1.0,1.0
1,1718514980,2483,1.0,1.0
1,1718514980,2484,1.0,1.0
1,1718514980,2485,1.0,1.0
1,1718514980,2486,1.0,1.0
1,1718514980,2487,1.0,1.0
1,1718514980,2488,1.0,1.0
1,1718514980,2489,1.0,1.0
1,1718514980,2490,1.0,1.0
1,1718514980,2491,1.0,1.0
1,1718514980,2492,1.0,1.0
1,1718514980,2493,1.0,1.0
1,1718514980,2494,1.0,1.0
1,1718514980,2495,1.0,1.0
1,1718514980,2496,1.0,1.0
1,1718514980,2497,1.0,1.0
1,1718514980,2498,1.0,1.0
1,1718514980,2499,1.0,1.0
1,1718514980,2500,1.0,1.0
1,1718514980,2501,1.0,1.0
1,1718514980,2502,1.0,1.0
1,1718514980,2503,1.0,1.0
1,1718514980,2504,1.0,1.0
1,1718514980,2505,1.0,1.0
1,1718514980,2506,1.0,1.0
1,1718514980,2507,1.0,1.0
1,1718514980,2508,1.0,1.0
1,1718514980,2509,1.0,1.0
1,1718514980,2510,1.0,1.0
1,1718514980,2511,1.0,1.0
1,1718514980,2512,1.0,1.0
1,1718514980,2513,1.0,1.0
1,1718514980,2514,1.0,1.0
1,1718514980,2515,1.0,1.0
1,1718514980,2516,1.0,1.0
1,1718514980,2517,1.0,1.0
1,1718514980,2518,1.0,1.0
1,1718514980,2519,1.0,1.0
1,1718514980,2520,1.0,1.0
1,1718514980,2521,1.0,1.0
1,1718514980,2522,1.0,1.0
1,1718514980,2523,1.0,1.0
1,1718514980,2524,1.0,1.0
1,1718514980,2525,1.0,1.0
1,1718514980,2526,1.0,1.0
1,1718514980,2527,1.0,1.0
1,1718514980,2528,1.0,1.0
1,1718514980,2529,1.0,1.0
1,1718514980,2530,1.0,1.0
1,1718514980,2531,1.0,1.0
1,1718514980,2532,1.0,1.0
1,1718514980,2533,1.0,1.0
1,1718514980,2534,1.0,1.0
1,1718514980,2535,1.0,1.0
1,1718514980,2536,1.0,1.0
1,1718514980,2537,1.0,1.0
1,1718514980,2538,1.0,1.0
1,1718514980,2539,1.0,1.0
1,1718514980,2540,1.0,1.0
1,1718514980,2541,1.0,1.0
1,1718514980,2542,1.0,1.0
1,1718514980,2543,1.0,1.0
1,1718514980,2544,1.0,1.0
1,1718514980,2545,1.0,1.0
1,1718514980,2546,1.0,1.0
1,1718514980,2547,1.0,1.0
1,1718514980,2548,1.0,1.0
1,1718514980,2549,1.0,1.0
1,1718514980,2550,1.0,1.0
1,1718514980,2551,1.0,1.0
1,1718514980,2552,1.0,1.0
1,1718514980,2553,1.0,1.0
1,1718514980,2554,1.0,1.0
1,1718514980,2555,1.0,1.0
1,1718514980,2556,1.0,1.0
1,1718514980,2557,1.0,1.0
1,1718514980,2558,1.0,1.0
1,1718514980,2559,1.0,1.0
1,1718514980,2560,1.0,1.0
1,1718514980,2561,1.0,1.0
1,1718514980,2562,1.0,1.0
1,1718514980,2563,1.0,1.0
1,1718514980,2564,1.0,1.0
1,1718514980,2565,1.0,1.0
1,1718514980,2566,1.0,1.0
1,1718514980,2567,1.0,1.0
1,1718514980,2568,1.0,1.0
1,1718514980,2569,1.0,1.0
1,1718514980,2570,1.0,1.0
1,1718514980,2571,1.0,1.0
1,1718514980,2572,1.0,1.0
1,1718514980,2573,1.0,1.0
1,1718514980,2574,1.0,1.0
1,1718514980,2575,1.0,1.0
1,1718514980,2576,1.0,1.0
1,1718514980,2577,1.0,1.0
1,1718514980,2578,1.0,1.0
1,1718514980,2579,1.0,1.0
1,1718514980,2580,1.0,1.0
1,1718514980,2581,1.0,1.0
1,1718514980,2582,1.0,1.0
1,1718514980,2583,1.0,1.0
1,1718514980,2584,1.0,1.0
1,1718514980,2585,1.0,1.0
1,1718514980,2586,1.0,1.0
1,1718514980,2587,1.0,1.0
1,1718514980,2588,1.0,1.0
1,1718514980,2589,1.0,1.0
1,1718514980,2590,1.0,1.0
1,1718514980,2591,1.0,1.0
1,1718514980,2592,1.0,1.0
1,1718514980,2593,1.0,1.0
1,1718514980,2594,1.0,1.0
1,1718514980,2595,1.0,1.0
1,1718514980,2596,1.0,1.0
1,1718514980,2597,1.0,1.0
1,1718514980,2598,1.0,1.0
1,1718514980,2599,1.0,1.0
1,1718514980,2600,1.0,1.0
1,1718514980,2601,1.0,1.0
1,1718514980,2602,1.0,1.0
1,1718514980,2603,1.0,1.0
1,1718514980,2604,1.0,1.0
1,1718514980,2605,1.0,1.0
1,1718514980,2606,1.0,1.0
1,1718514980,2607,1.0,1.0
1,1718514980,2608,1.0,1.0
1,1718514980,2609,1.0,1.0
1,1718514980,2610,1.0,1.0
1,1718514980,2611,1.0,1.0
1,1718514980,2612,1.0,1.0
1,1718514980,2613,1.0,1.0
1,1718514980,2614,1.0,1.0
1,1718514980,2615,1.0,1.0
1,1718514980,2616,1.0,1.0
1,1718514980,2617,1.0,1.0
1,1718514980,2618,1.0,1.0
1,1718514980,2619,1.0,1.0
1,1718514980,2620,1.0,1.0
1,1718514980,2621,1.0,1.0
1,1718514980,2622,1.0,1.0
1,1718514980,2623,1.0,1.0
1,1718514980,2624,1.0,1.0
1,1718514980,2625,1.0,1.0
1,1718514980,2626,1.0,1.0
1,1718514980,2627,1.0,1.0
1,1718514980,2628,1.0,1.0
1,1718514980,2629,1.0,1.0
1,1718514980,2630,1.0,1.0
1,1718514980,2631,1.0,1.0
1,1718514980,2632,1.0,1.0
1,1718514980,2633,1.0,1.0
1,1718514980,2634,1.0,1.0
1,1718514980,2635,1.0,1.0
1,1718514980,2636,1.0,1.0
1,1718514980,2637,1.0,1.0
1,1718514980,2638,1.0,1.0
1,1718514980,2639,1.0,1.0
1,1718514980,2640,1.0,1.0
1,1718514980,2641,1.0,1.0
1,1718514980,2642,1.0,1.0
1,1718514980,2643,1.0,1.0
1,1718514980,2644,1.0,1.0
1,1718514980,2645,1.0,1.0
1,1718514980,2646,1.0,1.0
1,1718514980,2647,1.0,1.0
1,1718514980,2648,1.0,1.0
1,1718514980,2649,1.0,1.0
1,1718514980,2650,1.0,1.0
1,1718514980,2651,1.0,1.0
1,1718514980,2652,1.0,1.0
1,1718514980,2653,1.0,1.0
1,1718514980,2654,1.0,1.0
1,1718514980,2655,1.0,1.0
1,1718514980,2656,1.0,1.0
1,1718514980,2657,1.0,1.0
1,1718514980,2658,1.0,1.0
1,1718514980,2659,1.0,1.0
1,1718514980,2660,1.0,1.0
1,1718514980,2661,1.0,1.0
1,1718514980,2662,1.0,1.0
1,1718514980,2663,1.0,1.0
1,1718514980,2664,1.0,1.0
1,1718514980,2665,1.0,1.0
1,1718514980,2666,1.0,1.0
1,1718514980,2667,1.0,1.0
1,1718514980,2668,1.0,1.0
1,1718514980,2669,1.0,1.0
1,1718514980,2670,1.0,1.0
1,1718514980,2671,1.0,1.0
1,1718514980,2672,1.0,1.0
1,1718514980,2673,1.0,1.0
1,1718514980,2674,1.0,1.0
1,1718514980,2675,1.0,1.0
1,1718514980,2676,1.0,1.0
1,1718514980,2677,1.0,1.0
1,1718514980,2678,1.0,1.0
1,1718514980,2679,1.0,1.0
1,1718514980,2680,1.0,1.0
1,1718514980,2681,1.0,1.0
1,1718514980,2682,1.0,1.0
1,1718514980,2683,1.0,1.0
1,1718514980,2684,1.0,1.0
1,1718514980,2685,1.0,1.0
1,1718514980,2686,1.0,1.0
1,1718514980,2687,1.0,1.0
1,1718514980,2688,1.0,1.0
1,1718514980,2689,1.0,1.0
1,1718514980,2690,1.0,1.0
1,1718514980,2691,1.0,1.0
1,1718514980,2692,1.0,1.0
1,1718514980,2693,1.0,1.0
1,1718514980,2694,1.0,1.0
1,1718514980,2695,1.0,1.0
1,1718514980,2696,1.0,1.0
1,1718514980,2697,1.0,1.0
1,1718514980,2698,1.0,1.0
1,1718514980,2699,1.0,1.0
1,1718514980,2700,1.0,1.0
1,1718514980,2701,1.0,1.0
1,1718514980,2702,1.0,1.0
1,1718514980,2703,1.0,1.0
1,1718514980,2704,1.0,1.0
1,1718514980,2705,1.0,1.0
1,1718514980,2706,1.0,1.0
1,1718514980,2707,1.0,1.0
1,1718514980,2708,1.0,1.0
1,1718514980,2709,1.0,1.0
1,1718514980,2710,1.0,1.0
1,1718514980,2711,1.0,1.0
1,1718514980,2712,1.0,1.0
1,1718514980,2713,1.0,1.0
1,1718514980,2714,1.0,1.0
1,1718514980,2715,1.0,1.0
1,1718514980,2716,1.0,1.0
1,1718514980,2717,1.0,1.0
1,1718514980,2718,1.0,1.0
1,1718514980,2719,1.0,1.0
1,1718514980,2720,1.0,1.0
1,1718514980,2721,1.0,1.0
1,1718514980,2722,1.0,1.0
1,1718514980,2723,1.0,1.0
1,1718514980,2724,1.0,1.0
1,1718514980,2725,1.0,1.0
1,1718514980,2726,1.0,1.0
1,1718514980,2727,1.0,1.0
1,1718514980,2728,1.0,1.0
1,1718514980,2729,1.0,1.0
1,1718514980,2730,1.0,1.0
1,1718514980,2731,1.0,1.0
1,1718514980,2732,1.0,1.0
1,1718514980,2733,1.0,1.0
1,1718514980,2734,1.0,1.0
1,1718514980,2735,1.0,1.0
1,1718514980,2736,1.0,1.0
1,1718514980,2737,1.0,1.0
1,1718514980,2738,1.0,1.0
1,1718514980,2739,1.0,1.0
1,1718514980,2740,1.0,1.0
1,1718514980,2741,1.0,1.0
1,1718514980,2742,1.0,1.0
1,1718514980,2743,1.0,1.0
1,1718514980,2744,1.0,1.0
1,1718514980,2745,1.0,1.0
1,1718514980,2746,1.0,1.0
1,1718514980,2747,1.0,1.0
1,1718514980,2748,1.0,1.0
1,1718514980,2749,1.0,1.0
1,1718514980,2750,1.0,1.0
1,1718514980,2751,1.0,1.0
1,1718514980,2752,1.0,1.0
1,1718514980,2753,1.0,1.0
1,1718514980,2754,1.0,1.0
1,1718514980,2755,1.0,1.0
1,1718514980,2756,1.0,1.0
1,1718514980,2757,1.0,1.0
1,1718514980,2758,1.0,1.0
1,1718514980,2759,1.0,1.0
1,1718514980,2760,1.0,1.0
1,1718514980,2761,1.0,1.0
1,1718514980,2762,1.0,1.0
1,1718514980,2763,1.0,1.0
1,1718514980,2764,1.0,1.0
1,1718514980,2765,1.0,1.0
1,1718514980,2766,1.0,1.0
1,1718514980,2767,1.0,1.0
1,1718514980,2768,1.0,1.0
1,1718514980,2769,1.0,1.0
1,1718514980,2770,1.0,1.0
1,1718514980,2771,1.0,1.0
1,1718514980,2772,1.0,1.0
1,1718514980,2773,1.0,1.0
1,1718514980,2774,1.0,1.0
1,1718514980,2775,1.0,1.0
1,1718514980,2776,1.0,1.0
1,1718514980,2777,1.0,1.0
1,1718514980,2778,1.0,1.0
1,1718514980,2779,1.0,1.0
1,1718514980,2780,1.0,1.0
1,1718514980,2781,1.0,1.0
1,1718514980,2782,1.0,1.0
1,1718514980,2783,1.0,1.0
1,1718514980,2784,1.0,1.0
1,1718514980,2785,1.0,1.0
1,1718514980,2786,1.0,1.0
1,1718514980,2787,1.0,1.0
1,1718514980,2788,1.0,1.0
1,1718514980,2789,1.0,1.0
1,1718514980,2790,1.0,1.0
1,1718514980,2791,1.0,1.0
1,1718514980,2792,1.0,1.0
1,1718514980,2793,1.0,1.0
1,1718514980,2794,1.0,1.0
1,1718514980,2795,1.0,1.0
1,1718514980,2796,1.0,1.0
1,1718514980,2797,1.0,1.0
1,1718514980,2798,1.0,1.0
1,1718514980,2799,1.0,1.0
1,1718514980,2800,1.0,1.0
1,1718514980,2801,1.0,1.0
1,1718514980,2802,1.0,1.0
1,1718514980,2803,1.0,1.0
1,1718514980,2804,1.0,1.0
1,1718514980,2805,1.0,1.0
1,1718514980,2806,1.0,1.0
1,1718514980,2807,1.0,1.0
1,1718514980,2808,1.0,1.0
1,1718514980,2809,1.0,1.0
1,1718514980,2810,1.0,1.0
1,1718514980,2811,1.0,1.0
1,1718514980,2812,1.0,1.0
1,1718514980,2813,1.0,1.0
1,1718514980,2814,1.0,1.0
1,1718514980,2815,1.0,1.0
1,1718514980,2816,1.0,1.0
1,1718514980,2817,1.0,1.0
1,1718514980,2818,1.0,1.0
1,1718514980,2819,1.0,1.0
1,1718514980,2820,1.0,1.0
1,1718514980,2821,1.0,1.0
1,1718514980,2822,1.0,1.0
1,1718514980,2823,1.0,1.0
1,1718514980,2824,1.0,1.0
1,1718514980,2825,1.0,1.0
1,1718514980,2826,1.0,1.0
1,1718514980,2827,1.0,1.0
1,1718514980,2828,1.0,1.0
1,1718514980,2829,1.0,1.0
1,1718514980,2830,1.0,1.0
1,1718514980,2831,1.0,1.0
1,1718514980,2832,1.0,1.0
1,1718514980,2833,1.0,1.0
1,1718514980,2834,1.0,1.0
1,1718514980,2835,1.0,1.0
1,1718514980,2836,1.0,1.0
1,1718514980,2837,1.0,1.0
1,1718514980,2838,1.0,1.0
1,1718514980,2839,1.0,1.0
1,1718514980,2840,1.0,1.0
1,1718514980,2841,1.0,1.0
1,1718514980,2842,1.0,1.0
1,1718514980,2843,1.0,1.0
1,1718514980,2844,1.0,1.0
1,1718514980,2845,1.0,1.0
1,1718514980,2846,1.0,1.0
1,1718514980,2847,1.0,1.0
1,1718514980,2848,1.0,1.0
1,1718514980,2849,1.0,1.0
1,1718514980,2850,1.0,1.0
1,1718514980,2851,1.0,1.0
1,1718514980,2852,1.0,1.0
1,1718514980,2853,1.0,1.0
1,1718514980,2854,1.0,1.0
1,1718514980,2855,1.0,1.0
1,1718514980,2856,1.0,1.0
1,1718514980,2857,1.0,1.0
1,1718514980,2858,1.0,1.0
1,1718514980,2859,1.0,1.0
1,1718514980,2860,1.0,1.0
1,1718514980,2861,1.0,1.0
1,1718514980,2862,1.0,1.0
1,1718514980,2863,1.0,1.0
1,1718514980,2864,1.0,1.0
1,1718514980,2865,1.0,1.0
1,1718514980,2866,1.0,1.0
1,1718514980,2867,1.0,1.0
1,1718514980,2868,1.0,1.0
1,1718514980,2869,1.0,1.0
1,1718514980,2870,1.0,1.0
1,1718514980,2871,1.0,1.0
1,1718514980,2872,1.0,1.0
1,1718514980,2873,1.0,1.0
1,1718514980,2874,1.0,1.0
1,1718514980,2875,1.0,1.0
1,1718514980,2876,1.0,1.0
1,1718514980,2877,1.0,1.0
1,1718514980,2878,1.0,1.0
1,1718514980,2879,1.0,1.0
1,1718514980,2880,1.0,1.0
1,1718514980,2881,1.0,1.0
1,1718514980,2882,1.0,1.0
1,1718514980,2883,1.0,1.0
1,1718514980,2884,1.0,1.0
1,1718514980,2885,1.0,1.0
1,1718514980,2886,1.0,1.0
1,1718514980,2887,1.0,1.0
1,1718514980,2888,1.0,1.0
1,1718514980,2889,1.0,1.0
1,1718514980,2890,1.0,1.0
1,1718514980,2891,1.0,1.0
1,1718514980,2892,1.0,1.0
1,1718514980,2893,1.0,1.0
1,1718514980,2894,1.0,1.0
1,1718514980,2895,1.0,1.0
1,1718514980,2896,1.0,1.0
1,1718514980,2897,1.0,1.0
1,1718514980,2898,1.0,1.0
1,1718514980,2899,1.0,1.0
1,1718514980,2900,1.0,1.0
1,1718514980,2901,1.0,1.0
1,1718514980,2902,1.0,1.0
1,1718514980,2903,1.0,1.0
1,1718514980,2904,1.0,1.0
1,1718514980,2905,1.0,1.0
1,1718514980,2906,1.0,1.0
1,1718514980,2907,1.0,1.0
1,1718514980,2908,1.0,1.0
1,1718514980,2909,1.0,1.0
1,1718514980,2910,1.0,1.0
1,1718514980,2911,1.0,1.0
1,1718514980,2912,1.0,1.0
1,1718514980,2913,1.0,1.0
1,1718514980,2914,1.0,1.0
1,1718514980,2915,1.0,1.0
1,1718514980,2916,1.0,1.0
1,1718514980,2917,1.0,1.0
1,1718514980,2918,1.0,1.0
1,1718514980,2919,1.0,1.0
1,1718514980,2920,1.0,1.0
1,1718514980,2921,1.0,1.0
1,1718514980,2922,1.0,1.0
1,1718514980,2923,1.0,1.0
1,1718514980,2924,1.0,1.0
1,1718514980,2925,1.0,1.0
1,1718514980,2926,1.0,1.0
1,1718514980,2927,1.0,1.0
1,1718514980,2928,1.0,1.0
1,1718514980,2929,1.0,1.0
1,1718514980,2930,1.0,1.0
1,1718514980,2931,1.0,1.0
1,1718514980,2932,1.0,1.0
1,1718514980,2933,1.0,1.0
1,1718514980,2934,1.0,1.0
1,1718514980,2935,1.0,1.0
1,1718514980,2936,1.0,1.0
1,1718514980,2937,1.0,1.0
1,1718514980,2938,1.0,1.0
1,1718514980,2939,1.0,1.0
1,1718514980,2940,1.0,1.0
1,1718514980,2941,1.0,1.0
1,1718514980,2942,1.0,1.0
1,1718514980,2943,1.0,1.0
1,1718514980,2944,1.0,1.0
1,1718514980,2945,1.0,1.0
1,1718514980,2946,1.0,1.0
1,1718514980,2947,1.0,1.0
1,1718514980,2948,1.0,1.0
1,1718514980,2949,1.0,1.0
1,1718514980,2950,1.0,1.0
1,1718514980,2951,1.0,1.0
1,1718514980,2952,1.0,1.0
1,1718514980,2953,1.0,1.0
1,1718514980,2954,1.0,1.0
1,1718514980,2955,1.0,1.0
1,1718514980,2956,1.0,1.0
1,1718514980,2957,1.0,1.0
1,1718514980,2958,1.0,1.0
1,1718514980,2959,1.0,1.0
1,1718514980,2960,1.0,1.0
1,1718514980,2961,1.0,1.0
1,1718514980,2962,1.0,1.0
1,1718514980,2963,1.0,1.0
1,1718514980,2964,1.0,1.0
1,1718514980,2965,1.0,1.0
1,1718514980,2966,1.0,1.0
1,1718514980,2967,1.0,1.0
1,1718514980,2968,1.0,1.0
1,1718514980,2969,1.0,1.0
1,1718514980,2970,1.0,1.0
1,1718514980,2971,1.0,1.0
1,1718514980,2972,1.0,1.0
1,1718514980,2973,1.0,1.0
1,1718514980,2974,1.0,1.0
1,1718514980,2975,1.0,1.0
1,1718514980,2976,1.0,1.0
1,1718514980,2977,1.0,1.0
1,1718514980,2978,1.0,1.0
1,1718514980,2979,1.0,1.0
1,1718514980,2980,1.0,1.0
1,1718514980,2981,1.0,1.0
1,1718514980,2982,1.0,1.0
1,1718514980,2983,1.0,1.0
1,1718514980,2984,1.0,1.0
1,1718514980,2985,1.0,1.0
1,1718514980,2986,1.0,1.0
1,1718514980,2987,1.0,1.0
1,1718514980,2988,1.0,1.0
1,1718514980,2989,1.0,1.0
1,1718514980,2990,1.0,1.0
1,1718514980,2991,1.0,1.0
1,1718514980,2992,1.0,1.0
1,1718514980,2993,1.0,1.0
1,1718514980,2994,1.0,1.0
1,1718514980,2995,1.0,1.0
1,1718514980,2996,1.0,1.0
1,1718514980,2997,1.0,1.0
1,1718514980,2998,1.0,1.0
1,1718514980,2999,1.0,1.0
1,1718514980,3000,1.0,1.0
1,1718514980,3001,1.0,1.0
1,1718514980,3002,1.0,1.0
1,1718514980,3003,1.0,1.0
1,1718514980,3004,1.0,1.0
1,1718514980,3005,1.0,1.0
1,1718514980,3006,1.0,1.0
1,1718514980,3007,1.0,1.0
1,1718514980,3008,1.0,1.0
1,1718514980,3009,1.0,1.0
1,1718514980,3010,1.0,1.0
1,1718514980,3011,1.0,1.0
1,1718514980,3012,1.0,1.0
1,1718514980,3013,1.0,1.0
1,1718514980,3014,1.0,1.0
1,1718514980,3015,1.0,1.0
1,1718514980,3016,1.0,1.0
1,1718514980,3017,1.0,1.0
1,1718514980,3018,1.0,1.0
1,1718514980,3019,1.0,1.0
1,1718514980,3020,1.0,1.0
1,1718514980,3021,1.0,1.0
1,1718514980,3022,1.0,1.0
1,1718514980,3023,1.0,1.0
1,1718514980,3024,1.0,1.0
1,1718514980,3025,1.0,1.0
1,1718514980,3026,1.0,1.0
1,1718514980,3027,1.0,1.0
1,1718514980,3028,1.0,1.0
1,1718514980,3029,1.0,1.0
1,1718514980,3030,1.0,1.0
1,1718514980,3031,1.0,1.0
1,1718514980,3032,1.0,1.0
1,1718514980,3033,1.0,1.0
1,1718514980,3034,1.0,1.0
1,1718514980,3035,1.0,1.0
1,1718514980,3036,1.0,1.0
1,1718514980,3037,1.0,1.0
1,1718514980,3038,1.0,1.0
1,1718514980,3039,1.0,1.0
1,1718514980,3040,1.0,1.0
1,1718514980,3041,1.0,1.0
1,1718514980,3042,1.0,1.0
1,1718514980,3043,1.0,1.0
1,1718514980,3044,1.0,1.0
1,1718514980,3045,1.0,1.0
1,1718514980,3046,1.0,1.0
1,1718514980,3047,1.0,1.0
1,1718514980,3048,1.0,1.0
1,1718514980,3049,1.0,1.0
1,1718514980,3050,1.0,1.0
1,1718514980,3051,1.0,1.0
1,1718514980,3052,1.0,1.0
1,1718514980,3053,1.0,1.0
1,1718514980,3054,1.0,1.0
1,1718514980,3055,1.0,1.0
1,1718514980,3056,1.0,1.0
1,1718514980,3057,1.0,1.0
1,1718514980,3058,1.0,1.0
1,1718514980,3059,1.0,1.0
1,1718514980,3060,1.0,1.0
1,1718514980,3061,1.0,1.0
1,1718514980,3062,1.0,1.0
1,1718514980,3063,1.0,1.0
1,1718514980,3064,1.0,1.0
1,1718514980,3065,1.0,1.0
1,1718514980,3066,1.0,1.0
1,1718514980,3067,1.0,1.0
1,1718514980,3068,1.0,1.0
1,1718514980,3069,1.0,1.0
1,1718514980,3070,1.0,1.0
1,1718514980,3071,1.0,1.0
1,1718514980,3072,1.0,1.0
1,1718514980,3073,1.0,1.0
1,1718514980,3074,1.0,1.0
1,1718514980,3075,1.0,1.0
1,1718514980,3076,1.0,1.0
1,1718514980,3077,1.0,1.0
1,1718514980,3078,1.0,1.0
1,1718514980,3079,1.0,1.0
1,1718514980,3080,1.0,1.0
1,1718514980,3081,1.0,1.0
1,1718514980,3082,1.0,1.0
1,1718514980,3083,1.0,1.0
1,1718514980,3084,1.0,1.0
1,1718514980,3085,1.0,1.0
1,1718514980,3086,1.0,1.0
1,1718514980,3087,1.0,1.0
1,1718514980,3088,1.0,1.0
1,1718514980,3089,1.0,1.0
1,1718514980,3090,1.0,1.0
1,1718514980,3091,1.0,1.0
1,1718514980,3092,1.0,1.0
1,1718514980,3093,1.0,1.0
1,1718514980,3094,1.0,1.0
1,1718514980,3095,1.0,1.0
1,1718514980,3096,1.0,1.0
1,1718514980,3097,1.0,1.0
1,1718514980,3098,1.0,1.0
1,1718514980,3099,1.0,1.0
1,1718514980,3100,1.0,1.0
1,1718514980,3101,1.0,1.0
1,1718514980,3102,1.0,1.0
1,1718514980,3103,1.0,1.0
1,1718514980,3104,1.0,1.0
1,1718514980,3105,1.0,1.0
1,1718514980,3106,1.0,1.0
1,1718514980,3107,1.0,1.0
1,1718514980,3108,1.0,1.0
1,1718514980,3109,1.0,1.0
1,1718514980,3110,1.0,1.0
1,1718514980,3111,1.0,1.0
1,1718514980,3112,1.0,1.0
1,1718514980,3113,1.0,1.0
1,1718514980,3114,1.0,1.0
1,1718514980,3115,1.0,1.0
1,1718514980,3116,1.0,1.0
1,1718514980,3117,1.0,1.0
1,1718514980,3118,1.0,1.0
1,1718514980,3119,1.0,1.0
1,1718514980,3120,1.0,1.0
1,1718514980,3121,1.0,1.0
1,1718514980,3122,1.0,1.0
1,1718514980,3123,1.0,1.0
1,1718514980,3124,1.0,1.0
1,1718514980,3125,1.0,1.0
1,1718514980,3126,1.0,1.0
1,1718514980,3127,1.0,1.0
1,1718514980,3128,1.0,1.0
1,1718514980,3129,1.0,1.0
1,1718514980,3130,1.0,1.0
1,1718514980,3131,1.0,1.0
1,1718514980,3132,1.0,1.0
1,1718514980,3133,1.0,1.0
1,1718514980,3134,1.0,1.0
1,1718514980,3135,1.0,1.0
1,1718514980,3136,1.0,1.0
1,1718514980,3137,1.0,1.0
1,1718514980,3138,1.0,1.0
1,1718514980,3139,1.0,1.0
1,1718514980,3140,1.0,1.0
1,1718514980,3141,1.0,1.0
1,1718514980,3142,1.0,1.0
1,1718514980,3143,1.0,1.0
1,1718514980,3144,1.0,1.0
1,1718514980,3145,1.0,1.0
1,1718514980,3146,1.0,1.0
1,1718514980,3147,1.0,1.0
1,1718514980,3148,1.0,1.0
1,1718514980,3149,1.0,1.0
1,1718514980,3150,1.0,1.0
1,1718514980,3151,1.0,1.0
1,1718514980,3152,1.0,1.0
1,1718514980,3153,1.0,1.0
1,1718514980,3154,1.0,1.0
1,1718514980,3155,1.0,1.0
1,1718514980,3156,1.0,1.0
1,1718514980,3157,1.0,1.0
1,1718514980,3158,1.0,1.0
1,1718514980,3159,1.0,1.0
1,1718514980,3160,1.0,1.0
1,1718514980,3161,1.0,1.0
1,1718514980,3162,1.0,1.0
1,1718514980,3163,1.0,1.0
1,1718514980,3164,1.0,1.0
1,1718514980,3165,1.0,1.0
1,1718514980,3166,1.0,1.0
1,1718514980,3167,1.0,1.0
1,1718514980,3168,1.0,1.0
1,1718514980,3169,1.0,1.0
1,1718514980,3170,1.0,1.0
1,1718514980,3171,1.0,1.0
1,1718514980,3172,1.0,1.0
1,1718514980,3173,1.0,1.0
1,1718514980,3174,1.0,1.0
1,1718514980,3175,1.0,1.0
1,1718514980,3176,1.0,1.0
1,1718514980,3177,1.0,1.0
1,1718514980,3178,1.0,1.0
1,1718514980,3179,1.0,1.0
1,1718514980,3180,1.0,1.0
1,1718514980,3181,1.0,1.0
1,1718514980,3182,1.0,1.0
1,1718514980,3183,1.0,1.0
1,1718514980,3184,1.0,1.0
1,1718514980,3185,1.0,1.0
1,1718514980,3186,1.0,1.0
1,1718514980,3187,1.0,1.0
1,1718514980,3188,1.0,1.0
1,1718514980,3189,1.0,1.0
1,1718514980,3190,1.0,1.0
1,1718514980,3191,1.0,1.0
1,1718514980,3192,1.0,1.0
1,1718514980,3193,1.0,1.0
1,1718514980,3194,1.0,1.0
1,1718514980,3195,1.0,1.0
1,1718514980,3196,1.0,1.0
1,1718514980,3197,1.0,1.0
1,1718514980,3198,1.0,1.0
1,1718514980,3199,1.0,1.0
1,1718514980,3200,1.0,1.0
1,1718514980,3201,1.0,1.0
1,1718514980,3202,1.0,1.0
1,1718514980,3203,1.0,1.0
1,1718514980,3204,1.0,1.0
1,1718514980,3205,1.0,1.0
1,1718514980,3206,1.0,1.0
1,1718514980,3207,1.0,1.0
1,1718514980,3208,1.0,1.0
1,1718514980,3209,1.0,1.0
1,1718514980,3210,1.0,1.0
1,1718514980,3211,1.0,1.0
1,1718514980,3212,1.0,1.0
1,1718514980,3213,1.0,1.0
1,1718514980,3214,1.0,1.0
1,1718514980,3215,1.0,1.0
1,1718514980,3216,1.0,1.0
1,1718514980,3217,1.0,1.0
1,1718514980,3218,1.0,1.0
1,1718514980,3219,1.0,1.0
1,1718514980,3220,1.0,1.0
1,1718514980,3221,1.0,1.0
1,1718514980,3222,1.0,1.0
1,1718514980,3223,1.0,1.0
1,1718514980,3224,1.0,1.0
1,1718514980,3225,1.0,1.0
1,1718514980,3226,1.0,1.0
1,1718514980,3227,1.0,1.0
1,1718514980,3228,1.0,1.0
1,1718514980,3229,1.0,1.0
1,1718514980,3230,1.0,1.0
1,1718514980,3231,1.0,1.0
1,1718514980,3232,1.0,1.0
1,1718514980,3233,1.0,1.0
1,1718514980,3234,1.0,1.0
1,1718514980,3235,1.0,1.0
1,1718514980,3236,1.0,1.0
1,1718514980,3237,1.0,1.0
1,1718514980,3238,1.0,1.0
1,1718514980,3239,1.0,1.0
1,1718514980,3240,1.0,1.0
1,1718514980,3241,1.0,1.0
1,1718514980,3242,1.0,1.0
1,1718514980,3243,1.0,1.0
1,1718514980,3244,1.0,1.0
1,1718514980,3245,1.0,1.0
1,1718514980,3246,1.0,1.0
1,1718514980,3247,1.0,1.0
1,1718514980,3248,1.0,1.0
1,1718514980,3249,1.0,1.0
1,1718514980,3250,1.0,1.0
1,1718514980,3251,1.0,1.0
1,1718514980,3252,1.0,1.0
1,1718514980,3253,1.0,1.0
1,1718514980,3254,1.0,1.0
1,1718514980,3255,1.0,1.0
1,1718514980,3256,1.0,1.0
1,1718514980,3257,1.0,1.0
1,1718514980,3258,1.0,1.0
1,1718514980,3259,1.0,1.0
1,1718514980,3260,1.0,1.0
1,1718514980,3261,1.0,1.0
1,1718514980,3262,1.0,1.0
1,1718514980,3263,1.0,1.0
1,1718514980,3264,1.0,1.0
1,1718514980,3265,1.0,1.0
1,1718514980,3266,1.0,1.0
1,1718514980,3267,1.0,1.0
1,1718514980,3268,1.0,1.0
1,1718514980,3269,1.0,1.0
1,1718514980,3270,1.0,1.0
1,1718514980,3271,1.0,1.0
1,1718514980,3272,1.0,1.0
1,1718514980,3273,1.0,1.0
1,1718514980,3274,1.0,1.0
1,1718514980,3275,1.0,1.0
1,1718514980,3276,1.0,1.0
1,1718514980,3277,1.0,1.0
1,1718514980,3278,1.0,1.0
1,1718514980,3279,1.0,1.0
1,1718514980,3280,1.0,1.0
1,1718514980,3281,1.0,1.0
1,1718514980,3282,1.0,1.0
1,1718514980,3283,1.0,1.0
1,1718514980,3284,1.0,1.0
1,1718514980,3285,1.0,1.0
1,1718514980,3286,1.0,1.0
1,1718514980,3287,1.0,1.0
1,1718514980,3288,1.0,1.0
1,1718514980,3289,1.0,1.0
1,1718514980,3290,1.0,1.0
1,1718514980,3291,1.0,1.0
1,1718514980,3292,1.0,1.0
1,1718514980,3293,1.0,1.0
1,1718514980,3294,1.0,1.0
1,1718514980,3295,1.0,1.0
1,1718514980,3296,1.0,1.0
1,1718514980,3297,1.0,1.0
1,1718514980,3298,1.0,1.0
1,1718514980,3299,1.0,1.0
1,1718514980,3300,1.0,1.0
1,1718514980,3301,1.0,1.0
1,1718514980,3302,1.0,1.0
1,1718514980,3303,1.0,1.0
1,1718514980,3304,1.0,1.0
1,1718514980,3305,1.0,1.0
1,1718514980,3306,1.0,1.0
1,1718514980,3307,1.0,1.0
1,1718514980,3308,1.0,1.0
1,1718514980,3309,1.0,1.0
1,1718514980,3310,1.0,1.0
1,1718514980,3311,1.0,1.0
1,1718514980,3312,1.0,1.0
1,1718514980,3313,1.0,1.0
1,1718514980,3314,1.0,1.0
1,1718514980,3315,1.0,1.0
1,1718514980,3316,1.0,1.0
1,1718514980,3317,1.0,1.0
1,1718514980,3318,1.0,1.0
1,1718514980,3319,1.0,1.0
1,1718514980,3320,1.0,1.0
1,1718514980,3321,1.0,1.0
1,1718514980,3322,1.0,1.0
1,1718514980,3323,1.0,1.0
1,1718514980,3324,1.0,1.0
1,1718514980,3325,1.0,1.0
1,1718514980,3326,1.0,1.0
1,1718514980,3327,1.0,1.0
1,1718514980,3328,1.0,1.0
1,1718514980,3329,1.0,1.0
1,1718514980,3330,1.0,1.0
1,1718514980,3331,1.0,1.0
1,1718514980,3332,1.0,1.0
1,1718514980,3333,1.0,1.0
1,1718514980,3334,1.0,1.0
1,1718514980,3335,1.0,1.0
1,1718514980,3336,1.0,1.0
1,1718514980,3337,1.0,1.0
1,1718514980,3338,1.0,1.0
1,1718514980,3339,1.0,1.0
1,1718514980,3340,1.0,1.0
1,1718514980,3341,1.0,1.0
1,1718514980,3342,1.0,1.0
1,1718514980,3343,1.0,1.0
1,1718514980,3344,1.0,1.0
1,1718514980,3345,1.0,1.0
1,1718514980,3346,1.0,1.0
1,1718514980,3347,1.0,1.0
1,1718514980,3348,1.0,1.0
1,1718514980,3349,1.0,1.0
1,1718514980,3350,1.0,1.0
1,1718514980,3351,1.0,1.0
1,1718514980,3352,1.0,1.0
1,1718514980,3353,1.0,1.0
1,1718514980,3354,1.0,1.0
1,1718514980,3355,1.0,1.0
1,1718514980,3356,1.0,1.0
1,1718514980,3357,1.0,1.0
1,1718514980,3358,1.0,1.0
1,1718514980,3359,1.0,1.0
1,1718514980,3360,1.0,1.0
1,1718514980,3361,1.0,1.0
1,1718514980,3362,1.0,1.0
1,1718514980,3363,1.0,1.0
1,1718514980,3364,1.0,1.0
1,1718514980,3365,1.0,1.0
1,1718514980,3366,1.0,1.0
1,1718514980,3367,1.0,1.0
1,1718514980,3368,1.0,1.0
1,1718514980,3369,1.0,1.0
1,1718514980,3370,1.0,1.0
1,1718514980,3371,1.0,1.0
1,1718514980,3372,1.0,1.0
1,1718514980,3373,1.0,1.0
1,1718514980,3374,1.0,1.0
1,1718514980,3375,1.0,1.0
1,1718514980,3376,1.0,1.0
1,1718514980,3377,1.0,1.0
1,1718514980,3378,1.0,1.0
1,1718514980,3379,1.0,1.0
1,1718514980,3380,1.0,1.0
1,1718514980,3381,1.0,1.0
1,1718514980,3382,1.0,1.0
1,1718514980,3383,1.0,1.0
1,1718514980,3384,1.0,1.0
1,1718514980,3385,1.0,1.0
1,1718514980,3386,1.0,1.0
1,1718514980,3387,1.0,1.0
1,1718514980,3388,1.0,1.0
1,1718514980,3389,1.0,1.0
1,1718514980,3390,1.0,1.0
1,1718514980,3391,1.0,1.0
1,1718514980,3392,1.0,1.0
1,1718514980,3393,1.0,1.0
1,1718514980,3394,1.0,1.0
1,1718514980,3395,1.0,1.0
1,1718514980,3396,1.0,1.0
1,1718514980,3397,1.0,1.0
1,1718514980,3398,1.0,1.0
1,1718514980,3399,1.0,1.0
1,1718514980,3400,1.0,1.0
1,1718514980,3401,1.0,1.0
1,1718514980,3402,1.0,1.0
1,1718514980,3403,1.0,1.0
1,1718514980,3404,1.0,1.0
1,1718514980,3405,1.0,1.0
1,1718514980,3406,1.0,1.0
1,1718514980,3407,1.0,1.0
1,1718514980,3408,1.0,1.0
1,1718514980,3409,1.0,1.0
1,1718514980,3410,1.0,1.0
1,1718514980,3411,1.0,1.0
1,1718514980,3412,1.0,1.0
1,1718514980,3413,1.0,1.0
1,1718514980,3414,1.0,1.0
1,1718514980,3415,1.0,1.0
1,1718514980,3416,1.0,1.0
1,1718514980,3417,1.0,1.0
1,1718514980,3418,1.0,1.0
1,1718514980,3419,1.0,1.0
1,1718514980,3420,1.0,1.0
1,1718514980,3421,1.0,1.0
1,1718514980,3422,1.0,1.0
1,1718514980,3423,1.0,1.0
1,1718514980,3424,1.0,1.0
1,1718514980,3425,1.0,1.0
1,1718514980,3426,1.0,1.0
1,1718514980,3427,1.0,1.0
1,1718514980,3428,1.0,1.0
1,1718514980,3429,1.0,1.0
1,1718514980,3430,1.0,1.0
1,1718514980,3431,1.0,1.0
1,1718514980,3432,1.0,1.0
1,1718514980,3433,1.0,1.0
1,1718514980,3434,1.0,1.0
1,1718514980,3435,1.0,1.0
1,1718514980,3436,1.0,1.0
1,1718514980,3437,1.0,1.0
1,1718514980,3438,1.0,1.0
1,1718514980,3439,1.0,1.0
1,1718514980,3440,1.0,1.0
1,1718514980,3441,1.0,1.0
1,1718514980,3442,1.0,1.0
1,1718514980,3443,1.0,1.0
1,1718514980,3444,1.0,1.0
1,1718514980,3445,1.0,1.0
1,1718514980,3446,1.0,1.0
1,1718514980,3447,1.0,1.0
1,1718514980,3448,1.0,1.0
1,1718514980,3449,1.0,1.0
1,1718514980,3450,1.0,1.0
1,1718514980,3451,1.0,1.0
1,1718514980,3452,1.0,1.0
1,1718514980,3453,1.0,1.0
1,1718514980,3454,1.0,1.0
1,1718514980,3455,1.0,1.0
1,1718514980,3456,1.0,1.0
1,1718514980,3457,1.0,1.0
1,1718514980,3458,1.0,1.0
1,1718514980,3459,1.0,1.0
1,1718514980,3460,1.0,1.0
1,1718514980,3461,1.0,1.0
1,1718514980,3462,1.0,1.0
1,1718514980,3463,1.0,1.0
1,1718514980,3464,1.0,1.0
1,1718514980,3465,1.0,1.0
1,1718514980,3466,1.0,1.0
1,1718514980,3467,1.0,1.0
1,1718514980,3468,1.0,1.0
1,1718514980,3469,1.0,1.0
1,1718514980,3470,1.0,1.0
1,1718514980,3471,1.0,1.0
1,1718514980,3472,1.0,1.0
1,1718514980,3473,1.0,1.0
1,1718514980,3474,1.0,1.0
1,1718514980,3475,1.0,1.0
1,1718514980,3476,1.0,1.0
1,1718514980,3477,1.0,1.0
1,1718514980,3478,1.0,1.0
1,1718514980,3479,1.0,1.0
1,1718514980,3480,1.0,1.0
1,1718514980,3481,1.0,1.0
1,1718514980,3482,1.0,1.0
1,1718514980,3483,1.0,1.0
1,1718514980,3484,1.0,1.0
1,1718514980,3485,1.0,1.0
1,1718514980,3486,1.0,1.0
1,1718514980,3487,1.0,1.0
1,1718514980,3488,1.0,1.0
1,1718514980,3489,1.0,1.0
1,1718514980,3490,1.0,1.0
1,1718514980,3491,1.0,1.0
1,1718514980,3492,1.0,1.0
1,1718514980,3493,1.0,1.0
1,1718514980,3494,1.0,1.0
1,1718514980,3495,1.0,1.0
1,1718514980,3496,1.0,1.0
1,1718514980,3497,1.0,1.0
1,1718514980,3498,1.0,1.0
1,1718514980,3499,1.0,1.0
1,1718514980,3500,1.0,1.0
1,1718514980,3501,1.0,1.0
1,1718514980,3502,1.0,1.0
1,1718514980,3503,1.0,1.0
1,1718514980,3504,1.0,1.0
1,1718514980,3505,1.0,1.0
1,1718514980,3506,1.0,1.0
1,1718514980,3507,1.0,1.0
1,1718514980,3508,1.0,1.0
1,1718514980,3509,1.0,1.0
1,1718514980,3510,1.0,1.0
1,1718514980,3511,1.0,1.0
1,1718514980,3512,1.0,1.0
1,1718514980,3513,1.0,1.0
1,1718514980,3514,1.0,1.0
1,1718514980,3515,1.0,1.0
1,1718514980,3516,1.0,1.0
1,1718514980,3517,1.0,1.0
1,1718514980,3518,1.0,1.0
1,1718514980,3519,1.0,1.0
1,1718514980,3520,1.0,1.0
1,1718514980,3521,1.0,1.0
1,1718514980,3522,1.0,1.0
1,1718514980,3523,1.0,1.0
1,1718514980,3524,1.0,1.0
1,1718514980,3525,1.0,1.0
1,1718514980,3526,1.0,1.0
1,1718514980,3527,1.0,1.0
1,1718514980,3528,1.0,1.0
1,1718514980,3529,1.0,1.0
1,1718514980,3530,1.0,1.0
1,1718514980,3531,1.0,1.0
1,1718514980,3532,1.0,1.0
1,1718514980,3533,1.0,1.0
1,1718514980,3534,1.0,1.0
1,1718514980,3535,1.0,1.0
1,1718514980,3536,1.0,1.0
1,1718514980,3537,1.0,1.0
1,1718514980,3538,1.0,1.0
1,1718514980,3539,1.0,1.0
1,1718514980,3540,1.0,1.0
1,1718514980,3541,1.0,1.0
1,1718514980,3542,1.0,1.0
1,1718514980,3543,1.0,1.0
1,1718514980,3544,1.0,1.0
1,1718514980,3545,1.0,1.0
1,1718514980,3546,1.0,1.0
1,1718514980,3547,1.0,1.0
1,1718514980,3548,1.0,1.0
1,1718514980,3549,1.0,1.0
1,1718514980,3550,1.0,1.0
1,1718514980,3551,1.0,1.0
1,1718514980,3552,1.0,1.0
1,1718514980,3553,1.0,1.0
1,1718514980,3554,1.0,1.0
1,1718514980,3555,1.0,1.0
1,1718514980,3556,1.0,1.0
1,1718514980,3557,1.0,1.0
1,1718514980,3558,1.0,1.0
1,1718514980,3559,0.9950000047683716,1.0
1,1718514980,3560,0.9950000047683716,1.0
1,1718514980,3561,0.9950000047683716,1.0
1,1718514980,3562,0.9950000047683716,1.0
1,1718514980,3563,0.9950000047683716,1.0
1,1718514980,3564,0.9950000047683716,1.0
1,1718514980,3565,0.9950000047683716,1.0
1,1718514980,3566,0.9950000047683716,1.0
1,1718514980,3567,0.9950000047683716,1.0
1,1718514980,3568,0.9950000047683716,1.0
1,1718514980,3569,0.9950000047683716,1.0
1,1718514980,3570,0.9950000047683716,1.0
1,1718514980,3571,0.9950000047683716,1.0
1,1718514980,3572,0.9950000047683716,1.0
1,1718514980,3573,0.9950000047683716,1.0
1,1718514980,3574,0.9950000047683716,1.0
1,1718514980,3575,0.9950000047683716,1.0
1,1718514980,3576,0.9950000047683716,1.0
1,1718514980,3577,0.9950000047683716,1.0
1,1718514980,3578,0.9950000047683716,1.0
1,1718514980,3579,0.9950000047683716,1.0
1,1718514980,3580,0.9950000047683716,1.0
1,1718514980,3581,0.9950000047683716,1.0
1,1718514980,3582,0.9950000047683716,1.0
1,1718514980,3583,0.9950000047683716,1.0
1,1718514980,3584,0.9950000047683716,1.0
1,1718514980,3585,0.9950000047683716,1.0
1,1718514980,3586,0.9950000047683716,1.0
1,1718514980,3587,0.9950000047683716,1.0
1,1718514980,3588,0.9950000047683716,1.0
1,1718514980,3589,0.9950000047683716,1.0
1,1718514980,3590,0.9950000047683716,1.0
1,1718514980,3591,0.9950000047683716,1.0
1,1718514980,3592,0.9950000047683716,1.0
1,1718514980,3593,0.9950000047683716,1.0
1,1718514980,3594,0.9950000047683716,1.0
1,1718514980,3595,0.9950000047683716,1.0
1,1718514980,3596,0.9950000047683716,1.0
1,1718514980,3597,0.9950000047683716,1.0
1,1718514980,3598,0.9950000047683716,1.0
1,1718514980,3599,0.9950000047683716,1.0
1,1718514980,3600,0.9950000047683716,1.0
1,1718514980,3601,0.9950000047683716,1.0
1,1718514980,3602,0.9950000047683716,1.0
1,1718514980,3603,0.9950000047683716,1.0
1,1718514980,3604,0.9950000047683716,1.0
1,1718514980,3605,0.9950000047683716,1.0
1,1718514980,3606,0.9950000047683716,1.0
1,1718514980,3607,0.9950000047683716,1.0
1,1718514980,3608,0.9950000047683716,1.0
1,1718514980,3609,0.9950000047683716,1.0
1,1718514980,3610,0.9950000047683716,1.0
1,1718514980,3611,0.9950000047683716,1.0
1,1718514980,3612,0.9950000047683716,1.0
1,1718514980,3613,0.9950000047683716,1.0
1,1718514980,3614,0.9950000047683716,1.0
1,1718514980,3615,0.9950000047683716,1.0
1,1718514980,3616,0.9950000047683716,1.0
1,1718514980,3617,0.9950000047683716,1.0
1,1718514980,3618,0.9950000047683716,1.0
1,1718514980,3619,0.9950000047683716,1.0
1,1718514980,3620,0.9950000047683716,1.0
1,1718514980,3621,0.9950000047683716,1.0
1,1718514980,3622,0.9950000047683716,1.0
1,1718514980,3623,0.9950000047683716,1.0
1,1718514980,3624,0.9950000047683716,1.0
1,1718514980,3625,0.9950000047683716,1.0
1,1718514980,3626,0.9950000047683716,1.0
1,1718514980,3627,0.9950000047683716,1.0
1,1718514980,3628,0.9950000047683716,1.0
1,1718514980,3629,0.9950000047683716,1.0
1,1718514980,3630,0.9950000047683716,1.0
1,1718514980,3631,0.9950000047683716,1.0
1,1718514980,3632,0.9950000047683716,1.0
1,1718514980,3633,0.9950000047683716,1.0
1,1718514980,3634,0.9950000047683716,1.0
1,1718514980,3635,0.9950000047683716,1.0
1,1718514980,3636,0.9950000047683716,1.0
1,1718514980,3637,0.9950000047683716,1.0
1,1718514980,3638,0.9950000047683716,1.0
1,1718514980,3639,0.9950000047683716,1.0
1,1718514980,3640,0.9950000047683716,1.0
1,1718514980,3641,0.9950000047683716,1.0
1,1718514980,3642,0.9950000047683716,1.0
1,1718514980,3643,0.9950000047683716,1.0
1,1718514980,3644,0.9950000047683716,1.0
1,1718514980,3645,0.9950000047683716,1.0
1,1718514980,3646,0.9950000047683716,1.0
1,1718514980,3647,0.9950000047683716,1.0
1,1718514980,3648,0.9899999499320984,1.0
1,1718514980,3649,0.9950000047683716,1.0
1,1718514980,3650,0.9899999499320984,1.0
1,1718514980,3651,0.9899999499320984,1.0
1,1718514980,3652,0.9899999499320984,1.0
1,1718514980,3653,0.9899999499320984,1.0
1,1718514980,3654,0.9899999499320984,1.0
1,1718514980,3655,0.9899999499320984,1.0
1,1718514980,3656,0.9899999499320984,1.0
1,1718514980,3657,0.9899999499320984,1.0
1,1718514980,3658,0.9899999499320984,1.0
1,1718514980,3659,0.9899999499320984,1.0
1,1718514980,3660,0.9899999499320984,1.0
1,1718514980,3661,0.9899999499320984,1.0
1,1718514980,3662,0.9899999499320984,1.0
1,1718514980,3663,0.9899999499320984,1.0
1,1718514980,3664,0.9899999499320984,1.0
1,1718514980,3665,0.9899999499320984,1.0
1,1718514980,3666,0.9899999499320984,1.0
1,1718514980,3667,0.9899999499320984,1.0
1,1718514980,3668,0.9899999499320984,1.0
1,1718514980,3669,0.9899999499320984,1.0
1,1718514980,3670,0.9899999499320984,1.0
1,1718514980,3671,0.9899999499320984,1.0
1,1718514980,3672,0.9899999499320984,1.0
1,1718514980,3673,0.9899999499320984,1.0
1,1718514980,3674,0.9899999499320984,1.0
1,1718514980,3675,0.9899999499320984,1.0
1,1718514980,3676,0.9899999499320984,1.0
1,1718514980,3677,0.9899999499320984,1.0
1,1718514980,3678,0.9899999499320984,1.0
1,1718514980,3679,0.9899999499320984,1.0
1,1718514980,3680,0.9899999499320984,1.0
1,1718514980,3681,0.9899999499320984,1.0
1,1718514980,3682,0.9899999499320984,1.0
1,1718514980,3683,0.9899999499320984,1.0
1,1718514980,3684,0.9899999499320984,1.0
1,1718514980,3685,0.9899999499320984,1.0
1,1718514980,3686,0.9899999499320984,1.0
1,1718514980,3687,0.9899999499320984,1.0
1,1718514980,3688,0.9899999499320984,1.0
1,1718514980,3689,0.9899999499320984,1.0
1,1718514980,3690,0.9899999499320984,1.0
1,1718514980,3691,0.9899999499320984,1.0
1,1718514980,3692,0.9899999499320984,1.0
1,1718514980,3693,0.9899999499320984,1.0
1,1718514980,3694,0.9899999499320984,1.0
1,1718514980,3695,0.9899999499320984,1.0
1,1718514980,3696,0.9899999499320984,1.0
1,1718514980,3697,0.9899999499320984,1.0
1,1718514980,3698,0.9899999499320984,1.0
1,1718514980,3699,0.9899999499320984,1.0
1,1718514980,3700,0.9899999499320984,1.0
1,1718514980,3701,0.9899999499320984,1.0
1,1718514980,3702,0.9899999499320984,1.0
1,1718514980,3703,0.9899999499320984,1.0
1,1718514980,3704,0.9899999499320984,1.0
1,1718514980,3705,0.9899999499320984,1.0
1,1718514980,3706,0.9899999499320984,1.0
1,1718514980,3707,0.9899999499320984,1.0
1,1718514980,3708,0.9899999499320984,1.0
1,1718514980,3709,0.9899999499320984,1.0
1,1718514980,3710,0.9899999499320984,1.0
1,1718514980,3711,0.9899999499320984,1.0
1,1718514980,3712,0.9899999499320984,1.0
1,1718514980,3713,0.9899999499320984,1.0
1,1718514980,3714,0.9899999499320984,1.0
1,1718514980,3715,0.9899999499320984,1.0
1,1718514980,3716,0.9899999499320984,1.0
1,1718514980,3717,0.9899999499320984,1.0
1,1718514980,3718,0.9899999499320984,1.0
1,1718514980,3719,0.9899999499320984,1.0
1,1718514980,3720,0.9899999499320984,1.0
1,1718514980,3721,0.9899999499320984,1.0
1,1718514980,3722,0.9899999499320984,1.0
1,1718514980,3723,0.9899999499320984,1.0
1,1718514980,3724,0.9899999499320984,1.0
1,1718514980,3725,0.9899999499320984,1.0
1,1718514980,3726,0.9899999499320984,1.0
1,1718514980,3727,0.9899999499320984,1.0
1,1718514980,3728,0.9899999499320984,1.0
1,1718514980,3729,0.98499995470047,1.0
1,1718514980,3730,0.9899999499320984,1.0
1,1718514980,3731,0.98499995470047,1.0
1,1718514980,3732,0.98499995470047,1.0
1,1718514980,3733,0.98499995470047,1.0
1,1718514980,3734,0.98499995470047,1.0
1,1718514980,3735,0.98499995470047,1.0
1,1718514980,3736,0.98499995470047,1.0
1,1718514980,3737,0.98499995470047,1.0
1,1718514980,3738,0.98499995470047,1.0
1,1718514980,3739,0.98499995470047,1.0
1,1718514980,3740,0.98499995470047,1.0
1,1718514980,3741,0.98499995470047,1.0
1,1718514980,3742,0.98499995470047,1.0
1,1718514980,3743,0.98499995470047,1.0
1,1718514980,3744,0.98499995470047,1.0
1,1718514980,3745,0.98499995470047,1.0
1,1718514980,3746,0.98499995470047,1.0
1,1718514980,3747,0.98499995470047,1.0
1,1718514980,3748,0.98499995470047,1.0
1,1718514980,3749,0.98499995470047,1.0
1,1718514980,3750,0.98499995470047,1.0
1,1718514980,3751,0.98499995470047,1.0
1,1718514980,3752,0.98499995470047,1.0
1,1718514980,3753,0.98499995470047,1.0
1,1718514980,3754,0.98499995470047,1.0
1,1718514980,3755,0.98499995470047,1.0
1,1718514980,3756,0.98499995470047,1.0
1,1718514980,3757,0.98499995470047,1.0
1,1718514980,3758,0.98499995470047,1.0
1,1718514980,3759,0.98499995470047,1.0
1,1718514980,3760,0.98499995470047,1.0
1,1718514980,3761,0.98499995470047,1.0
1,1718514980,3762,0.98499995470047,1.0
1,1718514980,3763,0.98499995470047,1.0
1,1718514980,3764,0.98499995470047,1.0
1,1718514980,3765,0.98499995470047,1.0
1,1718514980,3766,0.98499995470047,1.0
1,1718514980,3767,0.98499995470047,1.0
1,1718514980,3768,0.98499995470047,1.0
1,1718514980,3769,0.98499995470047,1.0
1,1718514980,3770,0.98499995470047,1.0
1,1718514980,3771,0.98499995470047,1.0
1,1718514980,3772,0.98499995470047,1.0
1,1718514980,3773,0.98499995470047,1.0
1,1718514980,3774,0.98499995470047,1.0
1,1718514980,3775,0.98499995470047,1.0
1,1718514980,3776,0.98499995470047,1.0
1,1718514980,3777,0.98499995470047,1.0
1,1718514980,3778,0.98499995470047,1.0
1,1718514980,3779,0.98499995470047,1.0
1,1718514980,3780,0.98499995470047,1.0
1,1718514980,3781,0.98499995470047,1.0
1,1718514980,3782,0.98499995470047,1.0
1,1718514980,3783,0.98499995470047,1.0
1,1718514980,3784,0.98499995470047,1.0
1,1718514980,3785,0.98499995470047,1.0
1,1718514980,3786,0.98499995470047,1.0
1,1718514980,3787,0.98499995470047,1.0
1,1718514980,3788,0.98499995470047,1.0
1,1718514980,3789,0.98499995470047,1.0
1,1718514980,3790,0.98499995470047,1.0
1,1718514980,3791,0.98499995470047,1.0
1,1718514980,3792,0.98499995470047,1.0
1,1718514980,3793,0.98499995470047,1.0
1,1718514980,3794,0.98499995470047,1.0
1,1718514980,3795,0.98499995470047,1.0
1,1718514980,3796,0.98499995470047,1.0
1,1718514980,3797,0.98499995470047,1.0
1,1718514980,3798,0.98499995470047,1.0
1,1718514980,3799,0.98499995470047,1.0
1,1718514980,3800,0.98499995470047,1.0
1,1718514980,3801,0.98499995470047,1.0
1,1718514980,3802,0.98499995470047,1.0
1,1718514980,3803,0.98499995470047,1.0
1,1718514980,3804,0.98499995470047,1.0
1,1718514980,3805,0.98499995470047,1.0
1,1718514980,3806,0.98499995470047,1.0
1,1718514980,3807,0.98499995470047,1.0
1,1718514980,3808,0.98499995470047,1.0
1,1718514980,3809,0.98499995470047,1.0
1,1718514980,3810,0.98499995470047,1.0
1,1718514980,3811,0.98499995470047,1.0
1,1718514980,3812,0.98499995470047,1.0
1,1718514980,3813,0.98499995470047,1.0
1,1718514980,3814,0.98499995470047,1.0
1,1718514980,3815,0.98499995470047,1.0
1,1718514980,3816,0.98499995470047,1.0
1,1718514980,3817,0.98499995470047,1.0
1,1718514980,3818,0.98499995470047,1.0
1,1718514980,3819,0.98499995470047,1.0
1,1718514980,3820,0.9799999594688416,1.0
1,1718514980,3821,0.9799999594688416,1.0
1,1718514980,3822,0.98499995470047,1.0
1,1718514980,3823,0.9749999642372131,1.0
1,1718514980,3824,0.9799999594688416,1.0
1,1718514980,3825,0.9799999594688416,1.0
1,1718514980,3826,0.9749999642372131,1.0
1,1718514980,3827,0.9749999642372131,1.0
1,1718514980,3828,0.9799999594688416,1.0
1,1718514980,3829,0.9749999642372131,1.0
1,1718514980,3830,0.9749999642372131,1.0
1,1718514980,3831,0.9749999642372131,1.0
1,1718514980,3832,0.9749999642372131,1.0
1,1718514980,3833,0.9749999642372131,1.0
1,1718514980,3834,0.9749999642372131,1.0
1,1718514980,3835,0.9749999642372131,1.0
1,1718514980,3836,0.9749999642372131,1.0
1,1718514980,3837,0.9749999642372131,1.0
1,1718514980,3838,0.9749999642372131,1.0
1,1718514980,3839,0.9749999642372131,1.0
1,1718514980,3840,0.9749999642372131,1.0
1,1718514980,3841,0.9749999642372131,1.0
1,1718514980,3842,0.9749999642372131,1.0
1,1718514980,3843,0.9749999642372131,1.0
1,1718514980,3844,0.9749999642372131,1.0
1,1718514980,3845,0.9749999642372131,1.0
1,1718514980,3846,0.9749999642372131,1.0
1,1718514980,3847,0.9749999642372131,1.0
1,1718514980,3848,0.9749999642372131,1.0
1,1718514980,3849,0.9749999642372131,1.0
1,1718514980,3850,0.9749999642372131,1.0
1,1718514980,3851,0.9749999642372131,1.0
1,1718514980,3852,0.9749999642372131,1.0
1,1718514980,3853,0.9749999642372131,1.0
1,1718514980,3854,0.9749999642372131,1.0
1,1718514980,3855,0.9749999642372131,1.0
1,1718514980,3856,0.9749999642372131,1.0
1,1718514980,3857,0.9749999642372131,1.0
1,1718514980,3858,0.9749999642372131,1.0
1,1718514980,3859,0.9749999642372131,1.0
1,1718514980,3860,0.9749999642372131,1.0
1,1718514980,3861,0.9749999642372131,1.0
1,1718514980,3862,0.9749999642372131,1.0
1,1718514980,3863,0.9749999642372131,1.0
1,1718514980,3864,0.9749999642372131,1.0
1,1718514980,3865,0.9749999642372131,1.0
1,1718514980,3866,0.9749999642372131,1.0
1,1718514980,3867,0.9749999642372131,1.0
1,1718514980,3868,0.9749999642372131,1.0
1,1718514980,3869,0.9749999642372131,1.0
1,1718514980,3870,0.9749999642372131,1.0
1,1718514980,3871,0.9749999642372131,1.0
1,1718514980,3872,0.9749999642372131,1.0
1,1718514980,3873,0.9749999642372131,1.0
1,1718514980,3874,0.9749999642372131,1.0
1,1718514980,3875,0.9749999642372131,1.0
1,1718514980,3876,0.9749999642372131,1.0
1,1718514980,3877,0.9749999642372131,1.0
1,1718514980,3878,0.9749999642372131,1.0
1,1718514980,3879,0.9749999642372131,1.0
1,1718514980,3880,0.9749999642372131,1.0
1,1718514980,3881,0.9749999642372131,1.0
1,1718514980,3882,0.9749999642372131,1.0
1,1718514980,3883,0.9749999642372131,1.0
1,1718514980,3884,0.9749999642372131,1.0
1,1718514980,3885,0.9749999642372131,1.0
1,1718514980,3886,0.9749999642372131,1.0
1,1718514980,3887,0.9749999642372131,1.0
1,1718514980,3888,0.9749999642372131,1.0
1,1718514980,3889,0.9749999642372131,1.0
1,1718514980,3890,0.9749999642372131,1.0
1,1718514980,3891,0.9749999642372131,1.0
1,1718514980,3892,0.9749999642372131,1.0
1,1718514980,3893,0.9749999642372131,1.0
1,1718514980,3894,0.9749999642372131,1.0
1,1718514980,3895,0.9749999642372131,1.0
1,1718514980,3896,0.9749999642372131,1.0
1,1718514980,3897,0.9749999642372131,1.0
1,1718514980,3898,0.9749999642372131,1.0
1,1718514980,3899,0.9749999642372131,1.0
1,1718514980,3900,0.9749999642372131,1.0
1,1718514980,3901,0.9749999642372131,1.0
1,1718514980,3902,0.9749999642372131,1.0
1,1718514980,3903,0.9749999642372131,1.0
1,1718514980,3904,0.9749999642372131,1.0
1,1718514980,3905,0.9749999642372131,1.0
1,1718514980,3906,0.9749999642372131,1.0
1,1718514980,3907,0.9749999642372131,1.0
1,1718514980,3908,0.9749999642372131,1.0
1,1718514980,3909,0.9749999642372131,1.0
1,1718514980,3910,0.9749999642372131,1.0
1,1718514980,3911,0.9749999642372131,1.0
1,1718514980,3912,0.9749999642372131,1.0
1,1718514980,3913,0.9749999642372131,1.0
1,1718514980,3914,0.9749999642372131,1.0
1,1718514980,3915,0.9749999642372131,1.0
1,1718514980,3916,0.9749999642372131,1.0
1,1718514980,3917,0.9749999642372131,1.0
1,1718514980,3918,0.9749999642372131,1.0
1,1718514980,3919,0.9749999642372131,1.0
1,1718514980,3920,0.9749999642372131,1.0
1,1718514980,3921,0.9749999642372131,1.0
1,1718514980,3922,0.9749999642372131,1.0
1,1718514980,3923,0.9749999642372131,1.0
1,1718514980,3924,0.9749999642372131,1.0
1,1718514980,3925,0.9749999642372131,1.0
1,1718514980,3926,0.9749999642372131,1.0
1,1718514980,3927,0.9749999642372131,1.0
1,1718514980,3928,0.9749999642372131,1.0
1,1718514980,3929,0.9749999642372131,1.0
1,1718514980,3930,0.9749999642372131,1.0
1,1718514980,3931,0.9749999642372131,1.0
1,1718514980,3932,0.9749999642372131,1.0
1,1718514980,3933,0.9749999642372131,1.0
1,1718514980,3934,0.9749999642372131,1.0
1,1718514980,3935,0.9749999642372131,1.0
1,1718514980,3936,0.9749999642372131,1.0
1,1718514980,3937,0.9749999642372131,1.0
1,1718514980,3938,0.9749999642372131,1.0
1,1718514980,3939,0.9749999642372131,1.0
1,1718514980,3940,0.9749999642372131,1.0
1,1718514980,3941,0.9749999642372131,1.0
1,1718514980,3942,0.9749999642372131,1.0
1,1718514980,3943,0.9749999642372131,1.0
1,1718514980,3944,0.9749999642372131,1.0
1,1718514980,3945,0.9749999642372131,1.0
1,1718514980,3946,0.9749999642372131,1.0
1,1718514980,3947,0.9749999642372131,1.0
1,1718514980,3948,0.9749999642372131,1.0
1,1718514980,3949,0.9749999642372131,1.0
1,1718514980,3950,0.9749999642372131,1.0
1,1718514980,3951,0.9749999642372131,1.0
1,1718514980,3952,0.9749999642372131,1.0
1,1718514980,3953,0.9749999642372131,1.0
1,1718514980,3954,0.9749999642372131,1.0
1,1718514980,3955,0.9749999642372131,1.0
1,1718514980,3956,0.9749999642372131,1.0
1,1718514980,3957,0.9749999642372131,1.0
1,1718514980,3958,0.9749999642372131,1.0
1,1718514980,3959,0.9749999642372131,1.0
1,1718514980,3960,0.9749999642372131,1.0
1,1718514980,3961,0.9749999642372131,1.0
1,1718514980,3962,0.9749999642372131,1.0
1,1718514980,3963,0.9749999642372131,1.0
1,1718514980,3964,0.9749999642372131,1.0
1,1718514980,3965,0.9749999642372131,1.0
1,1718514980,3966,0.9749999642372131,1.0
1,1718514980,3967,0.9749999642372131,1.0
1,1718514980,3968,0.9749999642372131,1.0
1,1718514980,3969,0.9749999642372131,1.0
1,1718514980,3970,0.9749999642372131,1.0
1,1718514980,3971,0.9749999642372131,1.0
1,1718514980,3972,0.9749999642372131,1.0
1,1718514980,3973,0.9749999642372131,1.0
1,1718514980,3974,0.9749999642372131,1.0
1,1718514980,3975,0.9749999642372131,1.0
1,1718514980,3976,0.9749999642372131,1.0
1,1718514980,3977,0.9749999642372131,1.0
1,1718514980,3978,0.9749999642372131,1.0
1,1718514980,3979,0.9749999642372131,1.0
1,1718514980,3980,0.9749999642372131,1.0
1,1718514980,3981,0.9749999642372131,1.0
1,1718514980,3982,0.9749999642372131,1.0
1,1718514980,3983,0.9749999642372131,1.0
1,1718514980,3984,0.9749999642372131,1.0
1,1718514980,3985,0.9749999642372131,1.0
1,1718514980,3986,0.9749999642372131,1.0
1,1718514980,3987,0.9749999642372131,1.0
1,1718514980,3988,0.9749999642372131,1.0
1,1718514980,3989,0.9749999642372131,1.0
1,1718514980,3990,0.9749999642372131,1.0
1,1718514980,3991,0.9749999642372131,1.0
1,1718514980,3992,0.9749999642372131,1.0
1,1718514980,3993,0.9749999642372131,1.0
1,1718514980,3994,0.9749999642372131,1.0
1,1718514980,3995,0.9749999642372131,1.0
1,1718514980,3996,0.9749999642372131,1.0
1,1718514980,3997,0.9749999642372131,1.0
1,1718514980,3998,0.9749999642372131,1.0
1,1718514980,3999,0.9749999642372131,1.0
1,1718514980,4000,0.9749999642372131,1.0
1,1718514980,4001,0.9749999642372131,1.0
1,1718514980,4002,0.9749999642372131,1.0
1,1718514980,4003,0.9749999642372131,1.0
1,1718514980,4004,0.9749999642372131,1.0
1,1718514980,4005,0.9749999642372131,1.0
1,1718514980,4006,0.9749999642372131,1.0
1,1718514980,4007,0.9749999642372131,1.0
1,1718514980,4008,0.9749999642372131,1.0
1,1718514980,4009,0.9749999642372131,1.0
1,1718514980,4010,0.9749999642372131,1.0
1,1718514980,4011,0.9749999642372131,1.0
1,1718514980,4012,0.9749999642372131,1.0
1,1718514980,4013,0.9749999642372131,1.0
1,1718514980,4014,0.9749999642372131,1.0
1,1718514980,4015,0.9749999642372131,1.0
1,1718514980,4016,0.9749999642372131,1.0
1,1718514980,4017,0.9749999642372131,1.0
1,1718514980,4018,0.9749999642372131,1.0
1,1718514980,4019,0.9749999642372131,1.0
1,1718514980,4020,0.9749999642372131,1.0
1,1718514980,4021,0.9749999642372131,1.0
1,1718514980,4022,0.9749999642372131,1.0
1,1718514980,4023,0.9749999642372131,1.0
1,1718514980,4024,0.9749999642372131,1.0
1,1718514980,4025,0.9749999642372131,1.0
1,1718514980,4026,0.9749999642372131,1.0
1,1718514980,4027,0.9749999642372131,1.0
1,1718514980,4028,0.9749999642372131,1.0
1,1718514980,4029,0.9749999642372131,1.0
1,1718514980,4030,0.9749999642372131,1.0
1,1718514980,4031,0.9749999642372131,1.0
1,1718514980,4032,0.9749999642372131,1.0
1,1718514980,4033,0.9749999642372131,1.0
1,1718514980,4034,0.9749999642372131,1.0
1,1718514980,4035,0.9749999642372131,1.0
1,1718514980,4036,0.9749999642372131,1.0
1,1718514980,4037,0.9749999642372131,1.0
1,1718514980,4038,0.9749999642372131,1.0
1,1718514980,4039,0.9749999642372131,1.0
1,1718514980,4040,0.9749999642372131,1.0
1,1718514980,4041,0.9749999642372131,1.0
1,1718514980,4042,0.9749999642372131,1.0
1,1718514980,4043,0.9749999642372131,1.0
1,1718514980,4044,0.9749999642372131,1.0
1,1718514980,4045,0.9749999642372131,1.0
1,1718514980,4046,0.9749999642372131,1.0
1,1718514980,4047,0.9749999642372131,1.0
1,1718514980,4048,0.9749999642372131,1.0
1,1718514980,4049,0.9749999642372131,1.0
1,1718514980,4050,0.9749999642372131,1.0
1,1718514980,4051,0.9749999642372131,1.0
1,1718514980,4052,0.9749999642372131,1.0
1,1718514980,4053,0.9749999642372131,1.0
1,1718514980,4054,0.9799999594688416,1.0
1,1718514980,4055,0.9749999642372131,1.0
1,1718514980,4056,0.9799999594688416,1.0
1,1718514980,4057,0.9799999594688416,1.0
1,1718514980,4058,0.9749999642372131,1.0
1,1718514980,4059,0.9799999594688416,1.0
1,1718514980,4060,0.9799999594688416,1.0
1,1718514980,4061,0.9799999594688416,1.0
1,1718514980,4062,0.9799999594688416,1.0
1,1718514980,4063,0.9799999594688416,1.0
1,1718514980,4064,0.9799999594688416,1.0
1,1718514980,4065,0.9799999594688416,1.0
1,1718514980,4066,0.9799999594688416,1.0
1,1718514980,4067,0.9799999594688416,1.0
1,1718514980,4068,0.9799999594688416,1.0
1,1718514980,4069,0.9799999594688416,1.0
1,1718514980,4070,0.9799999594688416,1.0
1,1718514980,4071,0.9799999594688416,1.0
1,1718514980,4072,0.9799999594688416,1.0
1,1718514980,4073,0.9799999594688416,1.0
1,1718514980,4074,0.9799999594688416,1.0
1,1718514980,4075,0.9799999594688416,1.0
1,1718514980,4076,0.9799999594688416,1.0
1,1718514980,4077,0.9799999594688416,1.0
1,1718514980,4078,0.98499995470047,1.0
1,1718514980,4079,0.9799999594688416,1.0
1,1718514980,4080,0.98499995470047,1.0
1,1718514980,4081,0.9799999594688416,1.0
1,1718514980,4082,0.98499995470047,1.0
1,1718514980,4083,0.98499995470047,1.0
1,1718514980,4084,0.98499995470047,1.0
1,1718514980,4085,0.9799999594688416,1.0
1,1718514980,4086,0.98499995470047,1.0
1,1718514980,4087,0.98499995470047,1.0
1,1718514980,4088,0.98499995470047,1.0
1,1718514980,4089,0.98499995470047,1.0
1,1718514980,4090,0.98499995470047,1.0
1,1718514980,4091,0.98499995470047,1.0
1,1718514980,4092,0.98499995470047,1.0
1,1718514980,4093,0.98499995470047,1.0
1,1718514980,4094,0.98499995470047,1.0
1,1718514980,4095,0.98499995470047,1.0
1,1718514980,4096,0.98499995470047,1.0
1,1718514980,4097,0.98499995470047,1.0
1,1718514980,4098,0.98499995470047,1.0
1,1718514980,4099,0.98499995470047,1.0
1,1718514980,4100,0.98499995470047,1.0
1,1718514980,4101,0.98499995470047,1.0
1,1718514980,4102,0.98499995470047,1.0
1,1718514980,4103,0.98499995470047,1.0
1,1718514980,4104,0.98499995470047,1.0
1,1718514980,4105,0.98499995470047,1.0
1,1718514980,4106,0.98499995470047,1.0
1,1718514980,4107,0.98499995470047,1.0
1,1718514980,4108,0.98499995470047,1.0
1,1718514980,4109,0.98499995470047,1.0
1,1718514980,4110,0.98499995470047,1.0
1,1718514980,4111,0.98499995470047,1.0
1,1718514980,4112,0.98499995470047,1.0
1,1718514980,4113,0.98499995470047,1.0
1,1718514980,4114,0.98499995470047,1.0
1,1718514980,4115,0.98499995470047,1.0
1,1718514980,4116,0.98499995470047,1.0
1,1718514980,4117,0.98499995470047,1.0
1,1718514980,4118,0.98499995470047,1.0
1,1718514980,4119,0.98499995470047,1.0
1,1718514980,4120,0.98499995470047,1.0
1,1718514980,4121,0.98499995470047,1.0
1,1718514980,4122,0.98499995470047,1.0
1,1718514980,4123,0.98499995470047,1.0
1,1718514980,4124,0.98499995470047,1.0
1,1718514980,4125,0.98499995470047,1.0
1,1718514980,4126,0.98499995470047,1.0
1,1718514980,4127,0.98499995470047,1.0
1,1718514980,4128,0.98499995470047,1.0
1,1718514980,4129,0.98499995470047,1.0
1,1718514980,4130,0.98499995470047,1.0
1,1718514980,4131,0.98499995470047,1.0
1,1718514980,4132,0.98499995470047,1.0
1,1718514980,4133,0.98499995470047,1.0
1,1718514980,4134,0.98499995470047,1.0
1,1718514980,4135,0.98499995470047,1.0
1,1718514980,4136,0.98499995470047,1.0
1,1718514980,4137,0.98499995470047,1.0
1,1718514980,4138,0.98499995470047,1.0
1,1718514980,4139,0.98499995470047,1.0
1,1718514980,4140,0.98499995470047,1.0
1,1718514980,4141,0.98499995470047,1.0
1,1718514980,4142,0.98499995470047,1.0
1,1718514980,4143,0.98499995470047,1.0
1,1718514980,4144,0.98499995470047,1.0
1,1718514980,4145,0.98499995470047,1.0
1,1718514980,4146,0.98499995470047,1.0
1,1718514980,4147,0.98499995470047,1.0
1,1718514980,4148,0.98499995470047,1.0
1,1718514980,4149,0.98499995470047,1.0
1,1718514980,4150,0.98499995470047,1.0
1,1718514980,4151,0.98499995470047,1.0
1,1718514980,4152,0.98499995470047,1.0
1,1718514980,4153,0.98499995470047,1.0
1,1718514980,4154,0.98499995470047,1.0
1,1718514980,4155,0.98499995470047,1.0
1,1718514980,4156,0.98499995470047,1.0
1,1718514980,4157,0.98499995470047,1.0
1,1718514980,4158,0.98499995470047,1.0
1,1718514980,4159,0.98499995470047,1.0
1,1718514980,4160,0.98499995470047,1.0
1,1718514980,4161,0.98499995470047,1.0
1,1718514980,4162,0.98499995470047,1.0
1,1718514980,4163,0.98499995470047,1.0
1,1718514980,4164,0.98499995470047,1.0
1,1718514980,4165,0.98499995470047,1.0
1,1718514980,4166,0.98499995470047,1.0
1,1718514980,4167,0.98499995470047,1.0
1,1718514980,4168,0.98499995470047,1.0
1,1718514980,4169,0.98499995470047,1.0
1,1718514980,4170,0.98499995470047,1.0
1,1718514980,4171,0.98499995470047,1.0
1,1718514980,4172,0.98499995470047,1.0
1,1718514980,4173,0.98499995470047,1.0
1,1718514980,4174,0.98499995470047,1.0
1,1718514980,4175,0.9899999499320984,1.0
1,1718514980,4176,0.9899999499320984,1.0
1,1718514980,4177,0.9899999499320984,1.0
1,1718514980,4178,0.9899999499320984,1.0
1,1718514980,4179,0.9899999499320984,1.0
1,1718514980,4180,0.9899999499320984,1.0
1,1718514980,4181,0.9899999499320984,1.0
1,1718514980,4182,0.9899999499320984,1.0
1,1718514980,4183,0.9899999499320984,1.0
1,1718514980,4184,0.9899999499320984,1.0
1,1718514980,4185,0.9899999499320984,1.0
1,1718514980,4186,0.9899999499320984,1.0
1,1718514980,4187,0.9899999499320984,1.0
1,1718514980,4188,0.9899999499320984,1.0
1,1718514980,4189,0.9899999499320984,1.0
1,1718514980,4190,0.9899999499320984,1.0
1,1718514980,4191,0.9899999499320984,1.0
1,1718514980,4192,0.9899999499320984,1.0
1,1718514980,4193,0.9899999499320984,1.0
1,1718514980,4194,0.9899999499320984,1.0
1,1718514980,4195,0.9899999499320984,1.0
1,1718514980,4196,0.9899999499320984,1.0
1,1718514980,4197,0.9899999499320984,1.0
1,1718514980,4198,0.9899999499320984,1.0
1,1718514980,4199,0.9899999499320984,1.0
1,1718514980,4200,0.9899999499320984,1.0
1,1718514980,4201,0.9899999499320984,1.0
1,1718514980,4202,0.9899999499320984,1.0
1,1718514980,4203,0.9899999499320984,1.0
1,1718514980,4204,0.9899999499320984,1.0
1,1718514980,4205,0.9899999499320984,1.0
1,1718514980,4206,0.9899999499320984,1.0
1,1718514980,4207,0.9899999499320984,1.0
1,1718514980,4208,0.9899999499320984,1.0
1,1718514980,4209,0.9899999499320984,1.0
1,1718514980,4210,0.9950000047683716,1.0
1,1718514980,4211,0.9950000047683716,1.0
1,1718514980,4212,0.9950000047683716,1.0
1,1718514980,4213,0.9950000047683716,1.0
1,1718514980,4214,0.9950000047683716,1.0
1,1718514980,4215,0.9950000047683716,1.0
1,1718514980,4216,0.9950000047683716,1.0
1,1718514980,4217,0.9950000047683716,1.0
1,1718514980,4218,0.9950000047683716,1.0
1,1718514980,4219,0.9950000047683716,1.0
1,1718514980,4220,0.9950000047683716,1.0
1,1718514980,4221,0.9950000047683716,1.0
1,1718514980,4222,0.9950000047683716,1.0
1,1718514980,4223,0.9950000047683716,1.0
1,1718514980,4224,0.9950000047683716,1.0
1,1718514980,4225,0.9950000047683716,1.0
1,1718514980,4226,0.9950000047683716,1.0
1,1718514980,4227,0.9950000047683716,1.0
1,1718514980,4228,0.9950000047683716,1.0
1,1718514980,4229,0.9950000047683716,1.0
1,1718514980,4230,0.9950000047683716,1.0
1,1718514980,4231,0.9950000047683716,1.0
1,1718514980,4232,0.9950000047683716,1.0
1,1718514980,4233,0.9950000047683716,1.0
1,1718514980,4234,0.9950000047683716,1.0
1,1718514980,4235,0.9950000047683716,1.0
1,1718514980,4236,0.9950000047683716,1.0
1,1718514980,4237,0.9950000047683716,1.0
1,1718514980,4238,0.9950000047683716,1.0
1,1718514980,4239,0.9950000047683716,1.0
1,1718514980,4240,0.9950000047683716,1.0
1,1718514980,4241,0.9950000047683716,1.0
1,1718514980,4242,0.9950000047683716,1.0
1,1718514980,4243,0.9950000047683716,1.0
1,1718514980,4244,0.9950000047683716,1.0
1,1718514980,4245,0.9950000047683716,1.0
1,1718514980,4246,0.9950000047683716,1.0
1,1718514980,4247,0.9950000047683716,1.0
1,1718514980,4248,0.9950000047683716,1.0
1,1718514980,4249,0.9950000047683716,1.0
1,1718514980,4250,0.9950000047683716,1.0
1,1718514980,4251,0.9950000047683716,1.0
1,1718514980,4252,0.9950000047683716,1.0
1,1718514980,4253,0.9950000047683716,1.0
1,1718514980,4254,0.9950000047683716,1.0
1,1718514980,4255,0.9950000047683716,1.0
1,1718514980,4256,0.9950000047683716,1.0
1,1718514980,4257,0.9950000047683716,1.0
1,1718514980,4258,0.9950000047683716,1.0
1,1718514980,4259,0.9950000047683716,1.0
1,1718514980,4260,0.9950000047683716,1.0
1,1718514980,4261,0.9950000047683716,1.0
1,1718514980,4262,0.9950000047683716,1.0
1,1718514980,4263,0.9950000047683716,1.0
1,1718514980,4264,0.9950000047683716,1.0
1,1718514980,4265,0.9950000047683716,1.0
1,1718514980,4266,0.9950000047683716,1.0
1,1718514980,4267,0.9950000047683716,1.0
1,1718514980,4268,0.9950000047683716,1.0
1,1718514980,4269,0.9950000047683716,1.0
1,1718514980,4270,0.9950000047683716,1.0
1,1718514980,4271,0.9950000047683716,1.0
1,1718514980,4272,0.9950000047683716,1.0
1,1718514980,4273,0.9950000047683716,1.0
1,1718514980,4274,0.9950000047683716,1.0
1,1718514980,4275,0.9950000047683716,1.0
1,1718514980,4276,0.9950000047683716,1.0
1,1718514980,4277,0.9950000047683716,1.0
1,1718514980,4278,0.9950000047683716,1.0
1,1718514980,4279,0.9950000047683716,1.0
1,1718514980,4280,0.9950000047683716,1.0
1,1718514980,4281,0.9950000047683716,1.0
1,1718514980,4282,0.9950000047683716,1.0
1,1718514980,4283,0.9950000047683716,1.0
1,1718514980,4284,0.9950000047683716,1.0
1,1718514980,4285,0.9950000047683716,1.0
1,1718514980,4286,0.9950000047683716,1.0
1,1718514980,4287,0.9950000047683716,1.0
1,1718514980,4288,0.9950000047683716,1.0
1,1718514980,4289,0.9950000047683716,1.0
1,1718514980,4290,0.9950000047683716,1.0
1,1718514980,4291,0.9950000047683716,1.0
1,1718514980,4292,0.9950000047683716,1.0
1,1718514980,4293,0.9950000047683716,1.0
1,1718514980,4294,0.9950000047683716,1.0
1,1718514980,4295,0.9950000047683716,1.0
1,1718514980,4296,0.9950000047683716,1.0
1,1718514980,4297,0.9950000047683716,1.0
1,1718514980,4298,0.9950000047683716,1.0
1,1718514980,4299,0.9950000047683716,1.0
1,1718514980,4300,0.9950000047683716,1.0
1,1718514980,4301,0.9950000047683716,1.0
1,1718514980,4302,0.9950000047683716,1.0
1,1718514980,4303,0.9950000047683716,1.0
1,1718514980,4304,0.9950000047683716,1.0
1,1718514980,4305,0.9950000047683716,1.0
1,1718514980,4306,0.9950000047683716,1.0
1,1718514980,4307,0.9950000047683716,1.0
1,1718514980,4308,0.9950000047683716,1.0
1,1718514980,4309,0.9950000047683716,1.0
1,1718514980,4310,0.9950000047683716,1.0
1,1718514980,4311,0.9950000047683716,1.0
1,1718514980,4312,0.9950000047683716,1.0
1,1718514980,4313,0.9950000047683716,1.0
1,1718514980,4314,0.9950000047683716,1.0
1,1718514980,4315,0.9950000047683716,1.0
1,1718514980,4316,0.9950000047683716,1.0
1,1718514980,4317,0.9950000047683716,1.0
1,1718514980,4318,0.9950000047683716,1.0
1,1718514980,4319,0.9950000047683716,1.0
1,1718514980,4320,0.9950000047683716,1.0
1,1718514980,4321,0.9950000047683716,1.0
1,1718514980,4322,0.9950000047683716,1.0
1,1718514980,4323,0.9950000047683716,1.0
1,1718514980,4324,0.9950000047683716,1.0
1,1718514980,4325,0.9950000047683716,1.0
1,1718514980,4326,1.0,1.0
1,1718514980,4327,0.9950000047683716,1.0
1,1718514980,4328,1.0,1.0
1,1718514980,4329,0.9950000047683716,1.0
1,1718514980,4330,1.0,1.0
1,1718514980,4331,0.9950000047683716,1.0
1,1718514980,4332,1.0,1.0
1,1718514980,4333,1.0,1.0
1,1718514980,4334,1.0,1.0
1,1718514980,4335,1.0,1.0
1,1718514980,4336,1.0,1.0
1,1718514980,4337,1.0,1.0
1,1718514980,4338,1.0,1.0
1,1718514980,4339,1.0,1.0
1,1718514980,4340,1.0,1.0
1,1718514980,4341,1.0,1.0
1,1718514980,4342,1.0,1.0
1,1718514980,4343,1.0,1.0
1,1718514980,4344,1.0,1.0
1,1718514980,4345,1.0,1.0
1,1718514980,4346,1.0,1.0
1,1718514980,4347,1.0,1.0
1,1718514980,4348,1.0,1.0
1,1718514980,4349,1.0,1.0
1,1718514980,4350,1.0,1.0
1,1718514980,4351,1.0,1.0
1,1718514980,4352,1.0,1.0
1,1718514980,4353,1.0,1.0
1,1718514980,4354,1.0,1.0
1,1718514980,4355,1.0,1.0
1,1718514980,4356,1.0,1.0
1,1718514980,4357,1.0,1.0
1,1718514980,4358,1.0,1.0
1,1718514980,4359,1.0,1.0
1,1718514980,4360,1.0,1.0
1,1718514980,4361,1.0,1.0
1,1718514980,4362,1.0,1.0
1,1718514980,4363,1.0,1.0
1,1718514980,4364,1.0,1.0
1,1718514980,4365,1.0,1.0
1,1718514980,4366,1.0,1.0
1,1718514980,4367,1.0,1.0
1,1718514980,4368,1.0,1.0
1,1718514980,4369,1.0,1.0
1,1718514980,4370,1.0,1.0
1,1718514980,4371,1.0,1.0
1,1718514980,4372,1.0,1.0
1,1718514980,4373,1.0,1.0
1,1718514980,4374,1.0,1.0
1,1718514980,4375,1.0,1.0
1,1718514980,4376,1.0,1.0
1,1718514980,4377,1.0,1.0
1,1718514980,4378,1.0,1.0
1,1718514980,4379,1.0,1.0
1,1718514980,4380,1.0,1.0
1,1718514980,4381,1.0,1.0
1,1718514980,4382,1.0,1.0
1,1718514980,4383,1.0,1.0
1,1718514980,4384,1.0,1.0
1,1718514980,4385,1.0,1.0
1,1718514980,4386,1.0,1.0
1,1718514980,4387,1.0,1.0
1,1718514980,4388,1.0,1.0
1,1718514980,4389,1.0,1.0
1,1718514980,4390,1.0,1.0
1,1718514980,4391,1.0,1.0
1,1718514980,4392,1.0,1.0
1,1718514980,4393,1.0,1.0
1,1718514980,4394,1.0,1.0
1,1718514980,4395,1.0,1.0
1,1718514980,4396,1.0,1.0
1,1718514980,4397,1.0,1.0
1,1718514980,4398,1.0,1.0
1,1718514980,4399,1.0,1.0
1,1718514980,4400,1.0,1.0
1,1718514980,4401,1.0,1.0
1,1718514980,4402,1.0,1.0
1,1718514980,4403,1.0,1.0
1,1718514980,4404,1.0,1.0
1,1718514980,4405,1.0,1.0
1,1718514980,4406,1.0,1.0
1,1718514980,4407,1.0,1.0
1,1718514980,4408,1.0,1.0
1,1718514980,4409,1.0,1.0
1,1718514980,4410,1.0,1.0
1,1718514980,4411,1.0,1.0
1,1718514980,4412,1.0,1.0
1,1718514980,4413,1.0,1.0
1,1718514980,4414,1.0,1.0
1,1718514980,4415,1.0,1.0
1,1718514980,4416,1.0,1.0
1,1718514980,4417,1.0,1.0
1,1718514980,4418,1.0,1.0
1,1718514980,4419,1.0,1.0
1,1718514980,4420,1.0,1.0
1,1718514980,4421,1.0,1.0
1,1718514980,4422,1.0,1.0
1,1718514980,4423,1.0,1.0
1,1718514980,4424,1.0,1.0
1,1718514980,4425,1.0,1.0
1,1718514980,4426,1.0,1.0
1,1718514980,4427,1.0,1.0
1,1718514980,4428,1.0,1.0
1,1718514980,4429,1.0,1.0
1,1718514980,4430,1.0,1.0
1,1718514980,4431,1.0,1.0
1,1718514980,4432,1.0,1.0
1,1718514980,4433,1.0,1.0
1,1718514980,4434,1.0,1.0
1,1718514980,4435,1.0,1.0
1,1718514980,4436,1.0,1.0
1,1718514980,4437,1.0,1.0
1,1718514980,4438,1.0,1.0
1,1718514980,4439,1.0,1.0
1,1718514980,4440,1.0,1.0
1,1718514980,4441,1.0,1.0
1,1718514980,4442,1.0,1.0
1,1718514980,4443,1.0,1.0
1,1718514980,4444,1.0,1.0
1,1718514980,4445,1.0,1.0
1,1718514980,4446,1.0,1.0
1,1718514980,4447,1.0,1.0
1,1718514980,4448,1.0,1.0
1,1718514980,4449,1.0,1.0
1,1718514980,4450,1.0,1.0
1,1718514980,4451,1.0,1.0
1,1718514980,4452,1.0,1.0
1,1718514980,4453,1.0,1.0
1,1718514980,4454,1.0,1.0
1,1718514980,4455,1.0,1.0
1,1718514980,4456,1.0,1.0
1,1718514980,4457,1.0,1.0
1,1718514980,4458,1.0,1.0
1,1718514980,4459,1.0,1.0
1,1718514980,4460,1.0,1.0
1,1718514980,4461,1.0,1.0
1,1718514980,4462,1.0,1.0
1,1718514980,4463,1.0,1.0
1,1718514980,4464,1.0,1.0
1,1718514980,4465,1.0,1.0
1,1718514980,4466,1.0,1.0
1,1718514980,4467,1.0,1.0
1,1718514980,4468,1.0,1.0
1,1718514980,4469,1.0,1.0
1,1718514980,4470,1.0,1.0
1,1718514980,4471,1.0,1.0
1,1718514980,4472,1.0,1.0
1,1718514980,4473,1.0,1.0
1,1718514980,4474,1.0,1.0
1,1718514980,4475,1.0,1.0
1,1718514980,4476,1.0,1.0
1,1718514980,4477,1.0,1.0
1,1718514980,4478,1.0,1.0
1,1718514980,4479,1.0,1.0
1,1718514980,4480,1.0,1.0
1,1718514980,4481,1.0,1.0
1,1718514980,4482,1.0,1.0
1,1718514980,4483,1.0,1.0
1,1718514980,4484,1.0,1.0
1,1718514980,4485,1.0,1.0
1,1718514980,4486,1.0,1.0
1,1718514980,4487,1.0,1.0
1,1718514980,4488,1.0,1.0
1,1718514980,4489,1.0,1.0
1,1718514980,4490,1.0,1.0
1,1718514980,4491,1.0,1.0
1,1718514980,4492,1.0,1.0
1,1718514980,4493,1.0,1.0
1,1718514980,4494,1.0,1.0
1,1718514980,4495,1.0,1.0
1,1718514980,4496,1.0,1.0
1,1718514980,4497,1.0,1.0
1,1718514980,4498,1.0,1.0
1,1718514980,4499,1.0,1.0
1,1718514980,4500,1.0,1.0
1,1718514980,4501,1.0,1.0
1,1718514980,4502,1.0,1.0
1,1718514980,4503,1.0,1.0
1,1718514980,4504,1.0,1.0
1,1718514980,4505,1.0,1.0
1,1718514980,4506,1.0,1.0
1,1718514980,4507,1.0,1.0
1,1718514980,4508,1.0,1.0
1,1718514980,4509,1.0,1.0
1,1718514980,4510,1.0,1.0
1,1718514980,4511,1.0,1.0
1,1718514980,4512,1.0,1.0
1,1718514980,4513,1.0,1.0
1,1718514980,4514,1.0,1.0
1,1718514980,4515,1.0,1.0
1,1718514980,4516,1.0,1.0
1,1718514980,4517,1.0,1.0
1,1718514980,4518,1.0,1.0
1,1718514980,4519,1.0,1.0
1,1718514980,4520,1.0,1.0
1,1718514980,4521,1.0,1.0
1,1718514980,4522,1.0,1.0
1,1718514980,4523,1.0,1.0
1,1718514980,4524,1.0,1.0
1,1718514980,4525,1.0,1.0
1,1718514980,4526,1.0,1.0
1,1718514980,4527,1.0,1.0
1,1718514980,4528,1.0,1.0
1,1718514980,4529,1.0,1.0
1,1718514980,4530,1.0,1.0
1,1718514980,4531,1.0,1.0
1,1718514980,4532,1.0,1.0
1,1718514980,4533,1.0,1.0
1,1718514980,4534,1.0,1.0
1,1718514980,4535,1.0,1.0
1,1718514980,4536,1.0,1.0
1,1718514980,4537,1.0,1.0
1,1718514980,4538,1.0,1.0
1,1718514980,4539,1.0,1.0
1,1718514980,4540,1.0,1.0
1,1718514980,4541,1.0,1.0
1,1718514980,4542,1.0,1.0
1,1718514980,4543,1.0,1.0
1,1718514980,4544,1.0,1.0
1,1718514980,4545,1.0,1.0
1,1718514980,4546,1.0,1.0
1,1718514980,4547,1.0,1.0
1,1718514980,4548,1.0,1.0
1,1718514980,4549,1.0,1.0
1,1718514980,4550,1.0,1.0
1,1718514980,4551,1.0,1.0
1,1718514980,4552,1.0,1.0
1,1718514980,4553,1.0,1.0
1,1718514980,4554,1.0,1.0
1,1718514980,4555,1.0,1.0
1,1718514980,4556,1.0,1.0
1,1718514980,4557,1.0,1.0
1,1718514980,4558,1.0,1.0
1,1718514980,4559,1.0,1.0
1,1718514980,4560,1.0,1.0
1,1718514980,4561,1.0,1.0
1,1718514980,4562,1.0,1.0
1,1718514980,4563,1.0,1.0
1,1718514980,4564,1.0,1.0
1,1718514980,4565,1.0,1.0
1,1718514980,4566,1.0,1.0
1,1718514980,4567,1.0,1.0
1,1718514980,4568,1.0,1.0
1,1718514980,4569,1.0,1.0
1,1718514980,4570,1.0,1.0
1,1718514980,4571,1.0,1.0
1,1718514980,4572,1.0,1.0
1,1718514980,4573,1.0,1.0
1,1718514980,4574,1.0,1.0
1,1718514980,4575,1.0,1.0
1,1718514980,4576,1.0,1.0
1,1718514980,4577,1.0,1.0
1,1718514980,4578,1.0,1.0
1,1718514980,4579,1.0,1.0
1,1718514980,4580,1.0,1.0
1,1718514980,4581,1.0,1.0
1,1718514980,4582,1.0,1.0
1,1718514980,4583,1.0,1.0
1,1718514980,4584,1.0,1.0
1,1718514980,4585,1.0,1.0
1,1718514980,4586,1.0,1.0
1,1718514980,4587,1.0,1.0
1,1718514980,4588,1.0,1.0
1,1718514980,4589,1.0,1.0
1,1718514980,4590,1.0,1.0
1,1718514980,4591,1.0,1.0
1,1718514980,4592,1.0,1.0
1,1718514980,4593,1.0,1.0
1,1718514980,4594,1.0,1.0
1,1718514980,4595,1.0,1.0
1,1718514980,4596,1.0,1.0
1,1718514980,4597,1.0,1.0
1,1718514980,4598,1.0,1.0
1,1718514980,4599,1.0,1.0
1,1718514980,4600,1.0,1.0
1,1718514980,4601,1.0,1.0
1,1718514980,4602,1.0,1.0
1,1718514980,4603,1.0,1.0
1,1718514980,4604,1.0,1.0
1,1718514980,4605,1.0,1.0
1,1718514980,4606,1.0,1.0
1,1718514980,4607,1.0,1.0
1,1718514980,4608,1.0,1.0
1,1718514980,4609,1.0,1.0
1,1718514980,4610,1.0,1.0
1,1718514980,4611,1.0,1.0
1,1718514980,4612,1.0,1.0
1,1718514980,4613,1.0,1.0
1,1718514980,4614,1.0,1.0
1,1718514980,4615,1.0,1.0
1,1718514980,4616,1.0,1.0
1,1718514980,4617,1.0,1.0
1,1718514980,4618,1.0,1.0
1,1718514980,4619,1.0,1.0
1,1718514980,4620,1.0,1.0
1,1718514980,4621,1.0,1.0
1,1718514980,4622,1.0,1.0
1,1718514980,4623,1.0,1.0
1,1718514980,4624,1.0,1.0
1,1718514980,4625,1.0,1.0
1,1718514980,4626,1.0,1.0
1,1718514980,4627,1.0,1.0
1,1718514980,4628,1.0,1.0
1,1718514980,4629,1.0,1.0
1,1718514980,4630,1.0,1.0
1,1718514980,4631,1.0,1.0
1,1718514980,4632,1.0,1.0
1,1718514980,4633,1.0,1.0
1,1718514980,4634,1.0,1.0
1,1718514980,4635,1.0,1.0
1,1718514980,4636,1.0,1.0
1,1718514980,4637,1.0,1.0
1,1718514980,4638,1.0,1.0
1,1718514980,4639,1.0,1.0
1,1718514980,4640,1.0,1.0
1,1718514980,4641,1.0,1.0
1,1718514980,4642,1.0,1.0
1,1718514980,4643,1.0,1.0
1,1718514980,4644,1.0,1.0
1,1718514980,4645,1.0,1.0
1,1718514980,4646,1.0,1.0
1,1718514980,4647,1.0,1.0
1,1718514980,4648,1.0,1.0
1,1718514980,4649,1.0,1.0
1,1718514980,4650,1.0,1.0
1,1718514980,4651,1.0,1.0
1,1718514980,4652,1.0,1.0
1,1718514980,4653,1.0,1.0
1,1718514980,4654,1.0,1.0
1,1718514980,4655,1.0,1.0
1,1718514980,4656,1.0,1.0
1,1718514980,4657,1.0,1.0
1,1718514980,4658,1.0,1.0
1,1718514980,4659,1.0,1.0
1,1718514980,4660,1.0,1.0
1,1718514980,4661,1.0,1.0
1,1718514980,4662,1.0,1.0
1,1718514980,4663,1.0,1.0
1,1718514980,4664,1.0,1.0
1,1718514980,4665,1.0,1.0
1,1718514980,4666,1.0,1.0
1,1718514980,4667,1.0,1.0
1,1718514980,4668,1.0,1.0
1,1718514980,4669,1.0,1.0
1,1718514980,4670,1.0,1.0
1,1718514980,4671,1.0,1.0
1,1718514980,4672,1.0,1.0
1,1718514980,4673,1.0,1.0
1,1718514980,4674,1.0,1.0
1,1718514980,4675,1.0,1.0
1,1718514980,4676,1.0,1.0
1,1718514980,4677,1.0,1.0
1,1718514980,4678,1.0,1.0
1,1718514980,4679,1.0,1.0
1,1718514980,4680,1.0,1.0
1,1718514980,4681,1.0,1.0
1,1718514980,4682,1.0,1.0
1,1718514980,4683,1.0,1.0
1,1718514980,4684,1.0,1.0
1,1718514980,4685,1.0,1.0
1,1718514980,4686,1.0,1.0
1,1718514980,4687,1.0,1.0
1,1718514980,4688,1.0,1.0
1,1718514980,4689,1.0,1.0
1,1718514980,4690,1.0,1.0
1,1718514980,4691,1.0,1.0
1,1718514980,4692,1.0,1.0
1,1718514980,4693,1.0,1.0
1,1718514980,4694,1.0,1.0
1,1718514980,4695,1.0,1.0
1,1718514980,4696,1.0,1.0
1,1718514980,4697,1.0,1.0
1,1718514980,4698,1.0,1.0
1,1718514980,4699,1.0,1.0
1,1718514980,4700,1.0,1.0
1,1718514980,4701,1.0,1.0
1,1718514980,4702,1.0,1.0
1,1718514980,4703,1.0,1.0
1,1718514980,4704,1.0,1.0
1,1718514980,4705,1.0,1.0
1,1718514980,4706,1.0,1.0
1,1718514980,4707,1.0,1.0
1,1718514980,4708,1.0,1.0
1,1718514980,4709,1.0,1.0
1,1718514980,4710,1.0,1.0
1,1718514980,4711,1.0,1.0
1,1718514980,4712,1.0,1.0
1,1718514980,4713,1.0,1.0
1,1718514980,4714,1.0,1.0
1,1718514980,4715,1.0,1.0
1,1718514980,4716,1.0,1.0
1,1718514980,4717,1.0,1.0
1,1718514980,4718,1.0,1.0
1,1718514980,4719,1.0,1.0
1,1718514980,4720,1.0,1.0
1,1718514980,4721,1.0,1.0
1,1718514980,4722,1.0,1.0
1,1718514980,4723,1.0,1.0
1,1718514980,4724,1.0,1.0
1,1718514980,4725,1.0,1.0
1,1718514980,4726,1.0,1.0
1,1718514980,4727,1.0,1.0
1,1718514980,4728,1.0,1.0
1,1718514980,4729,1.0,1.0
1,1718514980,4730,1.0,1.0
1,1718514980,4731,1.0,1.0
1,1718514980,4732,1.0,1.0
1,1718514980,4733,1.0,1.0
1,1718514980,4734,1.0,1.0
1,1718514980,4735,1.0,1.0
1,1718514980,4736,1.0,1.0
1,1718514980,4737,1.0,1.0
1,1718514980,4738,1.0,1.0
1,1718514980,4739,1.0,1.0
1,1718514980,4740,1.0,1.0
1,1718514980,4741,1.0,1.0
1,1718514980,4742,1.0,1.0
1,1718514980,4743,1.0,1.0
1,1718514980,4744,1.0,1.0
1,1718514980,4745,1.0,1.0
1,1718514980,4746,1.0,1.0
1,1718514980,4747,1.0,1.0
1,1718514980,4748,1.0,1.0
1,1718514980,4749,1.0,1.0
1,1718514980,4750,1.0,1.0
1,1718514980,4751,1.0,1.0
1,1718514980,4752,1.0,1.0
1,1718514980,4753,1.0,1.0
1,1718514980,4754,1.0,1.0
1,1718514980,4755,1.0,1.0
1,1718514980,4756,1.0,1.0
1,1718514980,4757,1.0,1.0
1,1718514980,4758,1.0,1.0
1,1718514980,4759,1.0,1.0
1,1718514980,4760,1.0,1.0
1,1718514980,4761,1.0,1.0
1,1718514980,4762,1.0,1.0
1,1718514980,4763,1.0,1.0
1,1718514980,4764,1.0,1.0
1,1718514980,4765,1.0,1.0
1,1718514980,4766,1.0,1.0
1,1718514980,4767,1.0,1.0
1,1718514980,4768,1.0,1.0
1,1718514980,4769,1.0,1.0
1,1718514980,4770,1.0,1.0
1,1718514980,4771,1.0,1.0
1,1718514980,4772,1.0,1.0
1,1718514980,4773,1.0,1.0
1,1718514980,4774,1.0,1.0
1,1718514980,4775,1.0,1.0
1,1718514980,4776,1.0,1.0
1,1718514980,4777,1.0,1.0
1,1718514980,4778,1.0,1.0
1,1718514980,4779,1.0,1.0
1,1718514980,4780,1.0,1.0
1,1718514980,4781,1.0,1.0
1,1718514980,4782,1.0,1.0
1,1718514980,4783,1.0,1.0
1,1718514980,4784,1.0,1.0
1,1718514980,4785,1.0,1.0
1,1718514980,4786,1.0,1.0
1,1718514980,4787,1.0,1.0
1,1718514980,4788,1.0,1.0
1,1718514980,4789,1.0,1.0
1,1718514980,4790,1.0,1.0
1,1718514980,4791,1.0,1.0
1,1718514980,4792,1.0,1.0
1,1718514980,4793,1.0,1.0
1,1718514980,4794,1.0,1.0
1,1718514980,4795,1.0,1.0
1,1718514980,4796,1.0,1.0
1,1718514980,4797,1.0,1.0
1,1718514980,4798,1.0,1.0
1,1718514980,4799,1.0,1.0
1,1718514980,4800,1.0,1.0
1,1718514980,4801,1.0,1.0
1,1718514980,4802,1.0,1.0
1,1718514980,4803,1.0,1.0
1,1718514980,4804,1.0,1.0
1,1718514980,4805,1.0,1.0
1,1718514980,4806,1.0,1.0
1,1718514980,4807,1.0,1.0
1,1718514980,4808,1.0,1.0
1,1718514980,4809,1.0,1.0
1,1718514980,4810,1.0,1.0
1,1718514980,4811,1.0,1.0
1,1718514980,4812,1.0,1.0
1,1718514980,4813,1.0,1.0
1,1718514980,4814,1.0,1.0
1,1718514980,4815,1.0,1.0
1,1718514980,4816,1.0,1.0
1,1718514980,4817,1.0,1.0
1,1718514980,4818,1.0,1.0
1,1718514980,4819,1.0,1.0
1,1718514980,4820,1.0,1.0
1,1718514980,4821,1.0,1.0
1,1718514980,4822,1.0,1.0
1,1718514980,4823,1.0,1.0
1,1718514980,4824,1.0,1.0
1,1718514980,4825,1.0,1.0
1,1718514980,4826,1.0,1.0
1,1718514980,4827,1.0,1.0
1,1718514980,4828,1.0,1.0
1,1718514980,4829,1.0,1.0
1,1718514980,4830,1.0,1.0
1,1718514980,4831,1.0,1.0
1,1718514980,4832,1.0,1.0
1,1718514980,4833,1.0,1.0
1,1718514980,4834,1.0,1.0
1,1718514980,4835,1.0,1.0
1,1718514980,4836,1.0,1.0
1,1718514980,4837,1.0,1.0
1,1718514980,4838,1.0,1.0
1,1718514980,4839,1.0,1.0
1,1718514980,4840,1.0,1.0
1,1718514980,4841,1.0,1.0
1,1718514980,4842,1.0,1.0
1,1718514980,4843,1.0,1.0
1,1718514980,4844,1.0,1.0
1,1718514980,4845,1.0,1.0
1,1718514980,4846,1.0,1.0
1,1718514980,4847,1.0,1.0
1,1718514980,4848,1.0,1.0
1,1718514980,4849,1.0,1.0
1,1718514980,4850,1.0,1.0
1,1718514980,4851,1.0,1.0
1,1718514980,4852,1.0,1.0
1,1718514980,4853,1.0,1.0
1,1718514980,4854,1.0,1.0
1,1718514980,4855,1.0,1.0
1,1718514980,4856,1.0,1.0
1,1718514980,4857,1.0,1.0
1,1718514980,4858,1.0,1.0
1,1718514980,4859,1.0,1.0
1,1718514980,4860,1.0,1.0
1,1718514980,4861,1.0,1.0
1,1718514980,4862,1.0,1.0
1,1718514980,4863,1.0,1.0
1,1718514980,4864,1.0,1.0
1,1718514980,4865,1.0,1.0
1,1718514980,4866,1.0,1.0
1,1718514980,4867,1.0,1.0
1,1718514980,4868,1.0,1.0
1,1718514980,4869,1.0,1.0
1,1718514980,4870,1.0,1.0
1,1718514980,4871,1.0,1.0
1,1718514980,4872,1.0,1.0
1,1718514980,4873,1.0,1.0
1,1718514980,4874,1.0,1.0
1,1718514980,4875,1.0,1.0
1,1718514980,4876,1.0,1.0
1,1718514980,4877,1.0,1.0
1,1718514980,4878,1.0,1.0
1,1718514980,4879,1.0,1.0
1,1718514980,4880,1.0,1.0
1,1718514980,4881,1.0,1.0
1,1718514980,4882,1.0,1.0
1,1718514980,4883,1.0,1.0
1,1718514980,4884,1.0,1.0
1,1718514980,4885,1.0,1.0
1,1718514980,4886,1.0,1.0
1,1718514980,4887,1.0,1.0
1,1718514980,4888,1.0,1.0
1,1718514980,4889,1.0,1.0
1,1718514980,4890,1.0,1.0
1,1718514980,4891,1.0,1.0
1,1718514980,4892,1.0,1.0
1,1718514980,4893,1.0,1.0
1,1718514980,4894,1.0,1.0
1,1718514980,4895,1.0,1.0
1,1718514980,4896,1.0,1.0
1,1718514980,4897,1.0,1.0
1,1718514980,4898,1.0,1.0
1,1718514980,4899,1.0,1.0
1,1718514980,4900,1.0,1.0
1,1718514980,4901,1.0,1.0
1,1718514980,4902,1.0,1.0
1,1718514980,4903,1.0,1.0
1,1718514980,4904,1.0,1.0
1,1718514980,4905,1.0,1.0
1,1718514980,4906,1.0,1.0
1,1718514980,4907,1.0,1.0
1,1718514980,4908,1.0,1.0
1,1718514980,4909,1.0,1.0
1,1718514980,4910,1.0,1.0
1,1718514980,4911,1.0,1.0
1,1718514980,4912,1.0,1.0
1,1718514980,4913,1.0,1.0
1,1718514980,4914,1.0,1.0
1,1718514980,4915,1.0,1.0
1,1718514980,4916,1.0,1.0
1,1718514980,4917,1.0,1.0
1,1718514980,4918,1.0,1.0
1,1718514980,4919,1.0,1.0
1,1718514980,4920,1.0,1.0
1,1718514980,4921,1.0,1.0
1,1718514980,4922,1.0,1.0
1,1718514980,4923,1.0,1.0
1,1718514980,4924,1.0,1.0
1,1718514980,4925,1.0,1.0
1,1718514980,4926,1.0,1.0
1,1718514980,4927,1.0,1.0
1,1718514980,4928,1.0,1.0
1,1718514980,4929,1.0,1.0
1,1718514980,4930,1.0,1.0
1,1718514980,4931,1.0,1.0
1,1718514980,4932,1.0,1.0
1,1718514980,4933,1.0,1.0
1,1718514980,4934,1.0,1.0
1,1718514980,4935,1.0,1.0
1,1718514980,4936,1.0,1.0
1,1718514980,4937,1.0,1.0
1,1718514980,4938,1.0,1.0
1,1718514980,4939,1.0,1.0
1,1718514980,4940,1.0,1.0
1,1718514980,4941,1.0,1.0
1,1718514980,4942,1.0,1.0
1,1718514980,4943,1.0,1.0
1,1718514980,4944,1.0,1.0
1,1718514980,4945,1.0,1.0
1,1718514980,4946,1.0,1.0
1,1718514980,4947,1.0,1.0
1,1718514980,4948,1.0,1.0
1,1718514980,4949,1.0,1.0
1,1718514980,4950,1.0,1.0
1,1718514980,4951,1.0,1.0
1,1718514980,4952,1.0,1.0
1,1718514980,4953,1.0,1.0
1,1718514980,4954,1.0,1.0
1,1718514980,4955,1.0,1.0
1,1718514980,4956,1.0,1.0
1,1718514980,4957,1.0,1.0
1,1718514980,4958,1.0,1.0
1,1718514980,4959,1.0,1.0
1,1718514980,4960,1.0,1.0
1,1718514980,4961,1.0,1.0
1,1718514980,4962,1.0,1.0
1,1718514980,4963,1.0,1.0
1,1718514980,4964,1.0,1.0
1,1718514980,4965,1.0,1.0
1,1718514980,4966,1.0,1.0
1,1718514980,4967,1.0,1.0
1,1718514980,4968,1.0,1.0
1,1718514980,4969,1.0,1.0
1,1718514980,4970,1.0,1.0
1,1718514980,4971,1.0,1.0
1,1718514980,4972,1.0,1.0
1,1718514980,4973,1.0,1.0
1,1718514980,4974,1.0,1.0
1,1718514980,4975,1.0,1.0
1,1718514980,4976,1.0,1.0
1,1718514980,4977,1.0,1.0
1,1718514980,4978,1.0,1.0
1,1718514980,4979,1.0,1.0
1,1718514980,4980,1.0,1.0
1,1718514980,4981,1.0,1.0
1,1718514980,4982,1.0,1.0
1,1718514980,4983,1.0,1.0
1,1718514980,4984,1.0,1.0
1,1718514980,4985,1.0,1.0
1,1718514980,4986,1.0,1.0
1,1718514980,4987,1.0,1.0
1,1718514980,4988,1.0,1.0
1,1718514980,4989,1.0,1.0
1,1718514980,4990,1.0,1.0
1,1718514980,4991,1.0,1.0
1,1718514980,4992,1.0,1.0
1,1718514980,4993,1.0,1.0
1,1718514980,4994,1.0,1.0
1,1718514980,4995,1.0,1.0
1,1718514980,4996,1.0,1.0
1,1718514980,4997,1.0,1.0
1,1718514980,4998,1.0,1.0
1,1718514980,4999,1.0,1.0
1,1718514980,5000,1.0,1.0
2,1197973900,0,0.5149999856948853,0.5249999761581421
2,1197973900,1,0.48499998450279236,0.5149999856948853
2,1197973900,2,0.48499998450279236,0.550000011920929
2,1197973900,3,0.48499998450279236,0.5450000166893005
2,1197973900,4,0.5,0.5450000166893005
2,1197973900,5,0.4949999749660492,0.5399999618530273
2,1197973900,6,0.5049999952316284,0.5399999618530273
2,1197973900,7,0.5199999809265137,0.5399999618530273
2,1197973900,8,0.5249999761581421,0.5399999618530273
2,1197973900,9,0.5199999809265137,0.5399999618530273
2,1197973900,10,0.5450000166893005,0.5399999618530273
2,1197973900,11,0.5450000166893005,0.5399999618530273
2,1197973900,12,0.5399999618530273,0.5450000166893005
2,1197973900,13,0.5600000023841858,0.5399999618530273
2,1197973900,14,0.5799999833106995,0.5450000166893005
2,1197973900,15,0.5899999737739563,0.5399999618530273
2,1197973900,16,0.5949999690055847,0.5450000166893005
2,1197973900,17,0.6049999594688416,0.5399999618530273
2,1197973900,18,0.6100000143051147,0.550000011920929
2,1197973900,19,0.6049999594688416,0.5399999618530273
2,1197973900,20,0.6200000047683716,0.550000011920929
2,1197973900,21,0.6200000047683716,0.5349999666213989
2,1197973900,22,0.6200000047683716,0.5450000166893005
2,1197973900,23,0.6299999952316284,0.5450000166893005
2,1197973900,24,0.6349999904632568,0.550000011920929
2,1197973900,25,0.6399999856948853,0.5550000071525574
2,1197973900,26,0.6349999904632568,0.5349999666213989
2,1197973900,27,0.6449999809265137,0.550000011920929
2,1197973900,28,0.6499999761581421,0.5399999618530273
2,1197973900,29,0.6549999713897705,0.5450000166893005
2,1197973900,30,0.6649999618530273,0.550000011920929
2,1197973900,31,0.675000011920929,0.5550000071525574
2,1197973900,32,0.6800000071525574,0.5450000166893005
2,1197973900,33,0.6899999976158142,0.5450000166893005
2,1197973900,34,0.6899999976158142,0.5450000166893005
2,1197973900,35,0.6899999976158142,0.5550000071525574
2,1197973900,36,0.6949999928474426,0.5399999618530273
2,1197973900,37,0.6949999928474426,0.550000011920929
2,1197973900,38,0.6949999928474426,0.5450000166893005
2,1197973900,39,0.7049999833106995,0.5399999618530273
2,1197973900,40,0.699999988079071,0.550000011920929
2,1197973900,41,0.7149999737739563,0.5450000166893005
2,1197973900,42,0.7199999690055847,0.550000011920929
2,1197973900,43,0.73499995470047,0.550000011920929
2,1197973900,44,0.73499995470047,0.5550000071525574
2,1197973900,45,0.73499995470047,0.5450000166893005
2,1197973900,46,0.73499995470047,0.550000011920929
2,1197973900,47,0.7400000095367432,0.550000011920929
2,1197973900,48,0.75,0.5550000071525574
2,1197973900,49,0.75,0.550000011920929
2,1197973900,50,0.7549999952316284,0.550000011920929
2,1197973900,51,0.7599999904632568,0.5450000166893005
2,1197973900,52,0.7649999856948853,0.550000011920929
2,1197973900,53,0.7699999809265137,0.5450000166893005
2,1197973900,54,0.7749999761581421,0.5699999928474426
2,1197973900,55,0.7699999809265137,0.5550000071525574
2,1197973900,56,0.7799999713897705,0.5399999618530273
2,1197973900,57,0.7899999618530273,0.5600000023841858
2,1197973900,58,0.7849999666213989,0.550000011920929
2,1197973900,59,0.7899999618530273,0.550000011920929
2,1197973900,60,0.7899999618530273,0.5550000071525574
2,1197973900,61,0.7999999523162842,0.5600000023841858
2,1197973900,62,0.7949999570846558,0.5550000071525574
2,1197973900,63,0.8100000023841858,0.5550000071525574
2,1197973900,64,0.8100000023841858,0.5600000023841858
2,1197973900,65,0.8050000071525574,0.5600000023841858
2,1197973900,66,0.8100000023841858,0.550000011920929
2,1197973900,67,0.8199999928474426,0.550000011920929
2,1197973900,68,0.8199999928474426,0.550000011920929
2,1197973900,69,0.8299999833106995,0.5600000023841858
2,1197973900,70,0.8349999785423279,0.550000011920929
2,1197973900,71,0.8349999785423279,0.5550000071525574
2,1197973900,72,0.8449999690055847,0.5600000023841858
2,1197973900,73,0.8449999690055847,0.5550000071525574
2,1197973900,74,0.8549999594688416,0.5550000071525574
2,1197973900,75,0.8499999642372131,0.5550000071525574
2,1197973900,76,0.8650000095367432,0.5600000023841858
2,1197973900,77,0.8549999594688416,0.5550000071525574
2,1197973900,78,0.8700000047683716,0.5550000071525574
2,1197973900,79,0.8700000047683716,0.5550000071525574
2,1197973900,80,0.8700000047683716,0.5550000071525574
2,1197973900,81,0.8700000047683716,0.5550000071525574
2,1197973900,82,0.8700000047683716,0.5649999976158142
2,1197973900,83,0.8700000047683716,0.5550000071525574
2,1197973900,84,0.8700000047683716,0.550000011920929
2,1197973900,85,0.875,0.5600000023841858
2,1197973900,86,0.8849999904632568,0.5600000023841858
2,1197973900,87,0.875,0.5550000071525574
2,1197973900,88,0.8949999809265137,0.5550000071525574
2,1197973900,89,0.8899999856948853,0.550000011920929
2,1197973900,90,0.8949999809265137,0.5550000071525574
2,1197973900,91,0.8949999809265137,0.5600000023841858
2,1197973900,92,0.9049999713897705,0.5550000071525574
2,1197973900,93,0.8999999761581421,0.5600000023841858
2,1197973900,94,0.9049999713897705,0.5550000071525574
2,1197973900,95,0.9049999713897705,0.5550000071525574
2,1197973900,96,0.9099999666213989,0.5550000071525574
2,1197973900,97,0.9049999713897705,0.5600000023841858
2,1197973900,98,0.9099999666213989,0.5550000071525574
2,1197973900,99,0.9099999666213989,0.550000011920929
2,1197973900,100,0.9099999666213989,0.5550000071525574
2,1197973900,101,0.9099999666213989,0.5649999976158142
2,1197973900,102,0.9099999666213989,0.550000011920929
2,1197973900,103,0.9049999713897705,0.5600000023841858
2,1197973900,104,0.9149999618530273,0.550000011920929
2,1197973900,105,0.9199999570846558,0.5600000023841858
2,1197973900,106,0.9149999618530273,0.550000011920929
2,1197973900,107,0.9199999570846558,0.5600000023841858
2,1197973900,108,0.9199999570846558,0.550000011920929
2,1197973900,109,0.9249999523162842,0.5649999976158142
2,1197973900,110,0.9249999523162842,0.5600000023841858
2,1197973900,111,0.9249999523162842,0.5550000071525574
2,1197973900,112,0.9350000023841858,0.5600000023841858
2,1197973900,113,0.9300000071525574,0.5649999976158142
2,1197973900,114,0.9399999976158142,0.5450000166893005
2,1197973900,115,0.9300000071525574,0.5600000023841858
2,1197973900,116,0.9449999928474426,0.5550000071525574
2,1197973900,117,0.9350000023841858,0.5550000071525574
2,1197973900,118,0.9399999976158142,0.5550000071525574
2,1197973900,119,0.9449999928474426,0.5649999976158142
2,1197973900,120,0.9449999928474426,0.5600000023841858
2,1197973900,121,0.949999988079071,0.5550000071525574
2,1197973900,122,0.949999988079071,0.5550000071525574
2,1197973900,123,0.949999988079071,0.5600000023841858
2,1197973900,124,0.9549999833106995,0.5550000071525574
2,1197973900,125,0.949999988079071,0.5649999976158142
2,1197973900,126,0.9549999833106995,0.5649999976158142
2,1197973900,127,0.9549999833106995,0.5649999976158142
2,1197973900,128,0.9549999833106995,0.5699999928474426
2,1197973900,129,0.9549999833106995,0.5649999976158142
2,1197973900,130,0.9549999833106995,0.5550000071525574
2,1197973900,131,0.9599999785423279,0.5649999976158142
2,1197973900,132,0.9599999785423279,0.5600000023841858
2,1197973900,133,0.9599999785423279,0.5649999976158142
2,1197973900,134,0.9599999785423279,0.5649999976158142
2,1197973900,135,0.9599999785423279,0.5649999976158142
2,1197973900,136,0.9599999785423279,0.5550000071525574
2,1197973900,137,0.9599999785423279,0.5649999976158142
2,1197973900,138,0.9599999785423279,0.5600000023841858
2,1197973900,139,0.9599999785423279,0.5600000023841858
2,1197973900,140,0.9599999785423279,0.5600000023841858
2,1197973900,141,0.9599999785423279,0.5649999976158142
2,1197973900,142,0.9599999785423279,0.5550000071525574
2,1197973900,143,0.9649999737739563,0.5649999976158142
2,1197973900,144,0.9599999785423279,0.5550000071525574
2,1197973900,145,0.9699999690055847,0.5600000023841858
2,1197973900,146,0.9599999785423279,0.5600000023841858
2,1197973900,147,0.9699999690055847,0.5600000023841858
2,1197973900,148,0.9649999737739563,0.5699999928474426
2,1197973900,149,0.9699999690055847,0.5699999928474426
2,1197973900,150,0.9599999785423279,0.5550000071525574
2,1197973900,151,0.9699999690055847,0.5550000071525574
2,1197973900,152,0.9699999690055847,0.5649999976158142
2,1197973900,153,0.9749999642372131,0.5699999928474426
2,1197973900,154,0.9749999642372131,0.5550000071525574
2,1197973900,155,0.9699999690055847,0.574999988079071
2,1197973900,156,0.9749999642372131,0.5649999976158142
2,1197973900,157,0.9749999642372131,0.5699999928474426
2,1197973900,158,0.9749999642372131,0.5600000023841858
2,1197973900,159,0.9749999642372131,0.5649999976158142
2,1197973900,160,0.9749999642372131,0.5649999976158142
2,1197973900,161,0.9749999642372131,0.5600000023841858
2,1197973900,162,0.9749999642372131,0.5600000023841858
2,1197973900,163,0.9749999642372131,0.5600000023841858
2,1197973900,164,0.9749999642372131,0.5550000071525574
2,1197973900,165,0.9799999594688416,0.5699999928474426
2,1197973900,166,0.9749999642372131,0.5550000071525574
2,1197973900,167,0.9749999642372131,0.5600000023841858
2,1197973900,168,0.9799999594688416,0.5649999976158142
2,1197973900,169,0.9799999594688416,0.5550000071525574
2,1197973900,170,0.9799999594688416,0.5600000023841858
2,1197973900,171,0.9799999594688416,0.5699999928474426
2,1197973900,172,0.9799999594688416,0.5649999976158142
2,1197973900,173,0.98499995470047,0.5600000023841858
2,1197973900,174,0.9799999594688416,0.5649999976158142
2,1197973900,175,0.98499995470047,0.5699999928474426
2,1197973900,176,0.9799999594688416,0.5600000023841858
2,1197973900,177,0.98499995470047,0.574999988079071
2,1197973900,178,0.98499995470047,0.5649999976158142
2,1197973900,179,0.98499995470047,0.5600000023841858
2,1197973900,180,0.98499995470047,0.5600000023841858
2,1197973900,181,0.98499995470047,0.5699999928474426
2,1197973900,182,0.98499995470047,0.5649999976158142
2,1197973900,183,0.98499995470047,0.5699999928474426
2,1197973900,184,0.98499995470047,0.5649999976158142
2,1197973900,185,0.98499995470047,0.574999988079071
2,1197973900,186,0.98499995470047,0.5649999976158142
2,1197973900,187,0.98499995470047,0.5600000023841858
2,1197973900,188,0.98499995470047,0.5699999928474426
2,1197973900,189,0.98499995470047,0.5600000023841858
2,1197973900,190,0.98499995470047,0.5699999928474426
2,1197973900,191,0.98499995470047,0.5600000023841858
2,1197973900,192,0.98499995470047,0.5600000023841858
2,1197973900,193,0.9899999499320984,0.5699999928474426
2,1197973900,194,0.98499995470047,0.5600000023841858
2,1197973900,195,0.9899999499320984,0.5649999976158142
2,1197973900,196,0.98499995470047,0.5649999976158142
2,1197973900,197,0.9899999499320984,0.5699999928474426
2,1197973900,198,0.98499995470047,0.5600000023841858
2,1197973900,199,0.9950000047683716,0.5600000023841858
2,1197973900,200,0.9899999499320984,0.5699999928474426
2,1197973900,201,0.9950000047683716,0.5649999976158142
2,1197973900,202,0.9950000047683716,0.5649999976158142
2,1197973900,203,0.9899999499320984,0.5699999928474426
2,1197973900,204,0.9950000047683716,0.5699999928474426
2,1197973900,205,0.9950000047683716,0.5649999976158142
2,1197973900,206,0.9950000047683716,0.574999988079071
2,1197973900,207,0.9950000047683716,0.5649999976158142
2,1197973900,208,0.9950000047683716,0.5550000071525574
2,1197973900,209,0.9950000047683716,0.5600000023841858
2,1197973900,210,0.9950000047683716,0.574999988079071
2,1197973900,211,0.9950000047683716,0.5699999928474426
2,1197973900,212,0.9950000047683716,0.5550000071525574
2,1197973900,213,0.9950000047683716,0.5799999833106995
2,1197973900,214,0.9950000047683716,0.5649999976158142
2,1197973900,215,0.9950000047683716,0.5699999928474426
2,1197973900,216,0.9950000047683716,0.5600000023841858
2,1197973900,217,0.9950000047683716,0.5699999928474426
2,1197973900,218,0.9950000047683716,0.5550000071525574
2,1197973900,219,0.9950000047683716,0.5649999976158142
2,1197973900,220,0.9950000047683716,0.5699999928474426
2,1197973900,221,0.9950000047683716,0.574999988079071
2,1197973900,222,0.9950000047683716,0.5550000071525574
2,1197973900,223,0.9950000047683716,0.5699999928474426
2,1197973900,224,0.9950000047683716,0.5699999928474426
2,1197973900,225,0.9950000047683716,0.574999988079071
2,1197973900,226,0.9950000047683716,0.5699999928474426
2,1197973900,227,0.9950000047683716,0.5649999976158142
2,1197973900,228,0.9950000047683716,0.5600000023841858
2,1197973900,229,0.9950000047683716,0.574999988079071
2,1197973900,230,0.9950000047683716,0.5600000023841858
2,1197973900,231,0.9950000047683716,0.5649999976158142
2,1197973900,232,0.9950000047683716,0.574999988079071
2,1197973900,233,0.9950000047683716,0.5799999833106995
2,1197973900,234,0.9950000047683716,0.5649999976158142
2,1197973900,235,0.9950000047683716,0.5699999928474426
2,1197973900,236,0.9950000047683716,0.5550000071525574
2,1197973900,237,0.9950000047683716,0.574999988079071
2,1197973900,238,0.9950000047683716,0.5600000023841858
2,1197973900,239,0.9950000047683716,0.5699999928474426
2,1197973900,240,0.9950000047683716,0.5699999928474426
2,1197973900,241,0.9950000047683716,0.574999988079071
2,1197973900,242,0.9950000047683716,0.5649999976158142
2,1197973900,243,0.9950000047683716,0.574999988079071
2,1197973900,244,0.9950000047683716,0.5649999976158142
2,1197973900,245,0.9950000047683716,0.5699999928474426
2,1197973900,246,0.9950000047683716,0.5649999976158142
2,1197973900,247,0.9950000047683716,0.5699999928474426
2,1197973900,248,0.9950000047683716,0.5699999928474426
2,1197973900,249,0.9950000047683716,0.5649999976158142
2,1197973900,250,0.9950000047683716,0.5699999928474426
2,1197973900,251,0.9950000047683716,0.574999988079071
2,1197973900,252,0.9950000047683716,0.574999988079071
2,1197973900,253,0.9950000047683716,0.5799999833106995
2,1197973900,254,0.9950000047683716,0.574999988079071
2,1197973900,255,0.9950000047683716,0.5849999785423279
2,1197973900,256,0.9950000047683716,0.5699999928474426
2,1197973900,257,0.9950000047683716,0.574999988079071
2,1197973900,258,1.0,0.5649999976158142
2,1197973900,259,1.0,0.574999988079071
2,1197973900,260,1.0,0.5799999833106995
2,1197973900,261,1.0,0.5799999833106995
2,1197973900,262,1.0,0.5799999833106995
2,1197973900,263,1.0,0.5849999785423279
2,1197973900,264,1.0,0.5649999976158142
2,1197973900,265,1.0,0.5799999833106995
2,1197973900,266,1.0,0.574999988079071
2,1197973900,267,1.0,0.5849999785423279
2,1197973900,268,1.0,0.574999988079071
2,1197973900,269,1.0,0.5899999737739563
2,1197973900,270,1.0,0.574999988079071
2,1197973900,271,1.0,0.5899999737739563
2,1197973900,272,1.0,0.574999988079071
2,1197973900,273,1.0,0.5799999833106995
2,1197973900,274,1.0,0.574999988079071
2,1197973900,275,1.0,0.574999988079071
2,1197973900,276,1.0,0.5699999928474426
2,1197973900,277,1.0,0.5849999785423279
2,1197973900,278,1.0,0.574999988079071
2,1197973900,279,1.0,0.5699999928474426
2,1197973900,280,1.0,0.5899999737739563
2,1197973900,281,1.0,0.5999999642372131
2,1197973900,282,1.0,0.5649999976158142
2,1197973900,283,1.0,0.5799999833106995
2,1197973900,284,1.0,0.5799999833106995
2,1197973900,285,1.0,0.5799999833106995
2,1197973900,286,1.0,0.5799999833106995
2,1197973900,287,1.0,0.5949999690055847
2,1197973900,288,1.0,0.5799999833106995
2,1197973900,289,1.0,0.5949999690055847
2,1197973900,290,1.0,0.574999988079071
2,1197973900,291,1.0,0.5799999833106995
2,1197973900,292,1.0,0.574999988079071
2,1197973900,293,1.0,0.5949999690055847
2,1197973900,294,1.0,0.5799999833106995
2,1197973900,295,1.0,0.5849999785423279
2,1197973900,296,1.0,0.574999988079071
2,1197973900,297,1.0,0.5899999737739563
2,1197973900,298,1.0,0.5799999833106995
2,1197973900,299,1.0,0.5899999737739563
2,1197973900,300,1.0,0.5899999737739563
2,1197973900,301,1.0,0.5799999833106995
2,1197973900,302,1.0,0.5899999737739563
2,1197973900,303,1.0,0.5999999642372131
2,1197973900,304,1.0,0.5799999833106995
2,1197973900,305,1.0,0.5949999690055847
2,1197973900,306,1.0,0.5849999785423279
2,1197973900,307,1.0,0.5899999737739563
2,1197973900,308,1.0,0.5799999833106995
2,1197973900,309,1.0,0.6049999594688416
2,1197973900,310,1.0,0.5899999737739563
2,1197973900,311,1.0,0.5899999737739563
2,1197973900,312,1.0,0.574999988079071
2,1197973900,313,1.0,0.5849999785423279
2,1197973900,314,1.0,0.5949999690055847
2,1197973900,315,1.0,0.5949999690055847
2,1197973900,316,1.0,0.5849999785423279
2,1197973900,317,1.0,0.5899999737739563
2,1197973900,318,1.0,0.5799999833106995
2,1197973900,319,1.0,0.5899999737739563
2,1197973900,320,1.0,0.5849999785423279
2,1197973900,321,1.0,0.5849999785423279
2,1197973900,322,1.0,0.5849999785423279
2,1197973900,323,1.0,0.5949999690055847
2,1197973900,324,1.0,0.574999988079071
2,1197973900,325,1.0,0.6100000143051147
2,1197973900,326,1.0,0.5799999833106995
2,1197973900,327,1.0,0.5999999642372131
2,1197973900,328,1.0,0.5899999737739563
2,1197973900,329,1.0,0.5949999690055847
2,1197973900,330,1.0,0.5949999690055847
2,1197973900,331,1.0,0.5949999690055847
2,1197973900,332,1.0,0.5849999785423279
2,1197973900,333,1.0,0.5899999737739563
2,1197973900,334,1.0,0.5849999785423279
2,1197973900,335,1.0,0.6049999594688416
2,1197973900,336,1.0,0.5899999737739563
2,1197973900,337,1.0,0.5949999690055847
2,1197973900,338,1.0,0.5899999737739563
2,1197973900,339,1.0,0.5949999690055847
2,1197973900,340,1.0,0.5899999737739563
2,1197973900,341,1.0,0.6049999594688416
2,1197973900,342,1.0,0.6049999594688416
2,1197973900,343,1.0,0.5899999737739563
2,1197973900,344,1.0,0.5949999690055847
2,1197973900,345,1.0,0.5999999642372131
2,1197973900,346,1.0,0.5949999690055847
2,1197973900,347,1.0,0.5949999690055847
2,1197973900,348,1.0,0.5799999833106995
2,1197973900,349,1.0,0.6049999594688416
2,1197973900,350,1.0,0.5999999642372131
2,1197973900,351,1.0,0.5949999690055847
2,1197973900,352,1.0,0.5849999785423279
2,1197973900,353,1.0,0.5899999737739563
2,1197973900,354,1.0,0.5949999690055847
2,1197973900,355,1.0,0.5899999737739563
2,1197973900,356,1.0,0.6100000143051147
2,1197973900,357,1.0,0.5899999737739563
2,1197973900,358,1.0,0.5949999690055847
2,1197973900,359,1.0,0.5849999785423279
2,1197973900,360,1.0,0.5899999737739563
2,1197973900,361,1.0,0.5999999642372131
2,1197973900,362,1.0,0.5999999642372131
2,1197973900,363,1.0,0.5849999785423279
2,1197973900,364,1.0,0.6049999594688416
2,1197973900,365,1.0,0.5949999690055847
2,1197973900,366,1.0,0.5949999690055847
2,1197973900,367,1.0,0.5999999642372131
2,1197973900,368,1.0,0.5949999690055847
2,1197973900,369,1.0,0.5999999642372131
2,1197973900,370,1.0,0.6049999594688416
2,1197973900,371,1.0,0.5999999642372131
2,1197973900,372,1.0,0.5949999690055847
2,1197973900,373,1.0,0.6049999594688416
2,1197973900,374,1.0,0.5999999642372131
2,1197973900,375,1.0,0.5899999737739563
2,1197973900,376,1.0,0.5849999785423279
2,1197973900,377,1.0,0.6049999594688416
2,1197973900,378,1.0,0.5999999642372131
2,1197973900,379,1.0,0.5849999785423279
2,1197973900,380,1.0,0.6049999594688416
2,1197973900,381,1.0,0.5999999642372131
2,1197973900,382,1.0,0.5949999690055847
2,1197973900,383,1.0,0.5949999690055847
2,1197973900,384,1.0,0.5899999737739563
2,1197973900,385,1.0,0.6100000143051147
2,1197973900,386,1.0,0.5999999642372131
2,1197973900,387,1.0,0.5949999690055847
2,1197973900,388,1.0,0.5949999690055847
2,1197973900,389,1.0,0.5999999642372131
2,1197973900,390,1.0,0.5949999690055847
2,1197973900,391,1.0,0.5999999642372131
2,1197973900,392,1.0,0.5949999690055847
2,1197973900,393,1.0,0.5999999642372131
2,1197973900,394,1.0,0.5999999642372131
2,1197973900,395,1.0,0.5949999690055847
2,1197973900,396,1.0,0.6100000143051147
2,1197973900,397,1.0,0.5999999642372131
2,1197973900,398,1.0,0.6049999594688416
2,1197973900,399,1.0,0.6049999594688416
2,1197973900,400,1.0,0.5949999690055847
2,1197973900,401,1.0,0.6049999594688416
2,1197973900,402,1.0,0.5949999690055847
2,1197973900,403,1.0,0.5949999690055847
2,1197973900,404,1.0,0.5999999642372131
2,1197973900,405,1.0,0.6100000143051147
2,1197973900,406,1.0,0.5949999690055847
2,1197973900,407,1.0,0.5999999642372131
2,1197973900,408,1.0,0.6200000047683716
2,1197973900,409,1.0,0.6100000143051147
2,1197973900,410,1.0,0.5949999690055847
2,1197973900,411,1.0,0.5999999642372131
2,1197973900,412,1.0,0.6049999594688416
2,1197973900,413,1.0,0.6150000095367432
2,1197973900,414,1.0,0.5999999642372131
2,1197973900,415,1.0,0.6100000143051147
2,1197973900,416,1.0,0.5949999690055847
2,1197973900,417,1.0,0.5999999642372131
2,1197973900,418,1.0,0.6049999594688416
2,1197973900,419,1.0,0.6150000095367432
2,1197973900,420,1.0,0.6100000143051147
2,1197973900,421,1.0,0.5949999690055847
2,1197973900,422,1.0,0.5999999642372131
2,1197973900,423,1.0,0.5999999642372131
2,1197973900,424,1.0,0.6049999594688416
2,1197973900,425,1.0,0.6100000143051147
2,1197973900,426,1.0,0.6150000095367432
2,1197973900,427,1.0,0.6049999594688416
2,1197973900,428,1.0,0.6100000143051147
2,1197973900,429,1.0,0.6049999594688416
2,1197973900,430,1.0,0.6150000095367432
2,1197973900,431,1.0,0.5999999642372131
2,1197973900,432,1.0,0.6100000143051147
2,1197973900,433,1.0,0.6100000143051147
2,1197973900,434,1.0,0.6049999594688416
2,1197973900,435,1.0,0.6100000143051147
2,1197973900,436,1.0,0.6100000143051147
2,1197973900,437,1.0,0.6100000143051147
2,1197973900,438,1.0,0.6049999594688416
2,1197973900,439,1.0,0.6049999594688416
2,1197973900,440,1.0,0.625
2,1197973900,441,1.0,0.5849999785423279
2,1197973900,442,1.0,0.6100000143051147
2,1197973900,443,1.0,0.6100000143051147
2,1197973900,444,1.0,0.6049999594688416
2,1197973900,445,1.0,0.625
2,1197973900,446,1.0,0.6100000143051147
2,1197973900,447,1.0,0.5949999690055847
2,1197973900,448,1.0,0.6150000095367432
2,1197973900,449,1.0,0.6100000143051147
2,1197973900,450,1.0,0.6150000095367432
2,1197973900,451,1.0,0.6100000143051147
2,1197973900,452,1.0,0.6150000095367432
2,1197973900,453,1.0,0.6049999594688416
2,1197973900,454,1.0,0.6150000095367432
2,1197973900,455,1.0,0.5999999642372131
2,1197973900,456,1.0,0.6049999594688416
2,1197973900,457,1.0,0.6100000143051147
2,1197973900,458,1.0,0.6049999594688416
2,1197973900,459,1.0,0.6049999594688416
2,1197973900,460,1.0,0.6100000143051147
2,1197973900,461,1.0,0.5949999690055847
2,1197973900,462,1.0,0.625
2,1197973900,463,1.0,0.6100000143051147
2,1197973900,464,1.0,0.6100000143051147
2,1197973900,465,1.0,0.6150000095367432
2,1197973900,466,1.0,0.6150000095367432
2,1197973900,467,1.0,0.6049999594688416
2,1197973900,468,1.0,0.6200000047683716
2,1197973900,469,1.0,0.6150000095367432
2,1197973900,470,1.0,0.6049999594688416
2,1197973900,471,1.0,0.6100000143051147
2,1197973900,472,1.0,0.5949999690055847
2,1197973900,473,1.0,0.6049999594688416
2,1197973900,474,1.0,0.6150000095367432
2,1197973900,475,1.0,0.6150000095367432
2,1197973900,476,1.0,0.6200000047683716
2,1197973900,477,1.0,0.6150000095367432
2,1197973900,478,1.0,0.6150000095367432
2,1197973900,479,1.0,0.6049999594688416
2,1197973900,480,1.0,0.6200000047683716
2,1197973900,481,1.0,0.6100000143051147
2,1197973900,482,1.0,0.6150000095367432
2,1197973900,483,1.0,0.6150000095367432
2,1197973900,484,1.0,0.6049999594688416
2,1197973900,485,1.0,0.6100000143051147
2,1197973900,486,1.0,0.625
2,1197973900,487,1.0,0.625
2,1197973900,488,1.0,0.625
2,1197973900,489,1.0,0.6150000095367432
2,1197973900,490,1.0,0.6349999904632568
2,1197973900,491,1.0,0.6150000095367432
2,1197973900,492,1.0,0.6150000095367432
2,1197973900,493,1.0,0.6299999952316284
2,1197973900,494,1.0,0.625
2,1197973900,495,1.0,0.6150000095367432
2,1197973900,496,1.0,0.5999999642372131
2,1197973900,497,1.0,0.6100000143051147
2,1197973900,498,1.0,0.6299999952316284
2,1197973900,499,1.0,0.5999999642372131
2,1197973900,500,1.0,0.625
2,1197973900,501,1.0,0.6049999594688416
2,1197973900,502,1.0,0.6100000143051147
2,1197973900,503,1.0,0.6100000143051147
2,1197973900,504,1.0,0.6100000143051147
2,1197973900,505,1.0,0.5999999642372131
2,1197973900,506,1.0,0.625
2,1197973900,507,1.0,0.6150000095367432
2,1197973900,508,1.0,0.625
2,1197973900,509,1.0,0.6150000095367432
2,1197973900,510,1.0,0.6200000047683716
2,1197973900,511,1.0,0.6150000095367432
2,1197973900,512,1.0,0.6200000047683716
2,1197973900,513,1.0,0.6150000095367432
2,1197973900,514,1.0,0.6100000143051147
2,1197973900,515,1.0,0.6200000047683716
2,1197973900,516,1.0,0.625
2,1197973900,517,1.0,0.6349999904632568
2,1197973900,518,1.0,0.6200000047683716
2,1197973900,519,1.0,0.6100000143051147
2,1197973900,520,1.0,0.6100000143051147
2,1197973900,521,1.0,0.625
2,1197973900,522,1.0,0.6150000095367432
2,1197973900,523,1.0,0.625
2,1197973900,524,1.0,0.6150000095367432
2,1197973900,525,1.0,0.6349999904632568
2,1197973900,526,1.0,0.6299999952316284
2,1197973900,527,1.0,0.625
2,1197973900,528,1.0,0.625
2,1197973900,529,1.0,0.6049999594688416
2,1197973900,530,1.0,0.6200000047683716
2,1197973900,531,1.0,0.6299999952316284
2,1197973900,532,1.0,0.6299999952316284
2,1197973900,533,1.0,0.6349999904632568
2,1197973900,534,1.0,0.6150000095367432
2,1197973900,535,1.0,0.6299999952316284
2,1197973900,536,1.0,0.6299999952316284
2,1197973900,537,1.0,0.625
2,1197973900,538,1.0,0.6399999856948853
2,1197973900,539,1.0,0.6049999594688416
2,1197973900,540,1.0,0.6299999952316284
2,1197973900,541,1.0,0.6150000095367432
2,1197973900,542,1.0,0.625
2,1197973900,543,1.0,0.6150000095367432
2,1197973900,544,1.0,0.6299999952316284
2,1197973900,545,1.0,0.625
2,1197973900,546,1.0,0.625
2,1197973900,547,1.0,0.6299999952316284
2,1197973900,548,1.0,0.625
2,1197973900,549,1.0,0.6150000095367432
2,1197973900,550,1.0,0.625
2,1197973900,551,1.0,0.6399999856948853
2,1197973900,552,1.0,0.6299999952316284
2,1197973900,553,1.0,0.6349999904632568
2,1197973900,554,1.0,0.6349999904632568
2,1197973900,555,1.0,0.625
2,1197973900,556,1.0,0.6100000143051147
2,1197973900,557,1.0,0.6299999952316284
2,1197973900,558,1.0,0.6200000047683716
2,1197973900,559,1.0,0.6349999904632568
2,1197973900,560,1.0,0.6399999856948853
2,1197973900,561,1.0,0.6349999904632568
2,1197973900,562,1.0,0.6200000047683716
2,1197973900,563,1.0,0.6150000095367432
2,1197973900,564,1.0,0.625
2,1197973900,565,1.0,0.6299999952316284
2,1197973900,566,1.0,0.6299999952316284
2,1197973900,567,1.0,0.625
2,1197973900,568,1.0,0.6299999952316284
2,1197973900,569,1.0,0.6349999904632568
2,1197973900,570,1.0,0.6049999594688416
2,1197973900,571,1.0,0.6499999761581421
2,1197973900,572,1.0,0.6349999904632568
2,1197973900,573,1.0,0.6399999856948853
2,1197973900,574,1.0,0.6399999856948853
2,1197973900,575,1.0,0.6399999856948853
2,1197973900,576,1.0,0.6399999856948853
2,1197973900,577,1.0,0.6299999952316284
2,1197973900,578,1.0,0.6349999904632568
2,1197973900,579,1.0,0.6499999761581421
2,1197973900,580,1.0,0.6599999666213989
2,1197973900,581,1.0,0.6200000047683716
2,1197973900,582,1.0,0.6200000047683716
2,1197973900,583,1.0,0.6449999809265137
2,1197973900,584,1.0,0.6449999809265137
2,1197973900,585,1.0,0.625
2,1197973900,586,1.0,0.625
2,1197973900,587,1.0,0.6399999856948853
2,1197973900,588,1.0,0.6349999904632568
2,1197973900,589,1.0,0.6399999856948853
2,1197973900,590,1.0,0.6499999761581421
2,1197973900,591,1.0,0.6499999761581421
2,1197973900,592,1.0,0.6299999952316284
2,1197973900,593,1.0,0.6399999856948853
2,1197973900,594,1.0,0.6399999856948853
2,1197973900,595,1.0,0.6349999904632568
2,1197973900,596,1.0,0.6549999713897705
2,1197973900,597,1.0,0.6399999856948853
2,1197973900,598,1.0,0.6349999904632568
2,1197973900,599,1.0,0.6399999856948853
2,1197973900,600,1.0,0.6399999856948853
2,1197973900,601,1.0,0.6150000095367432
2,1197973900,602,1.0,0.6449999809265137
2,1197973900,603,1.0,0.6449999809265137
2,1197973900,604,1.0,0.6349999904632568
2,1197973900,605,1.0,0.6399999856948853
2,1197973900,606,1.0,0.6549999713897705
2,1197973900,607,1.0,0.6449999809265137
2,1197973900,608,1.0,0.6449999809265137
2,1197973900,609,1.0,0.6449999809265137
2,1197973900,610,1.0,0.6399999856948853
2,1197973900,611,1.0,0.6449999809265137
2,1197973900,612,1.0,0.6449999809265137
2,1197973900,613,1.0,0.6399999856948853
2,1197973900,614,1.0,0.6649999618530273
2,1197973900,615,1.0,0.6599999666213989
2,1197973900,616,1.0,0.6299999952316284
2,1197973900,617,1.0,0.6399999856948853
2,1197973900,618,1.0,0.6549999713897705
2,1197973900,619,1.0,0.6349999904632568
2,1197973900,620,1.0,0.6399999856948853
2,1197973900,621,1.0,0.6399999856948853
2,1197973900,622,1.0,0.6499999761581421
2,1197973900,623,1.0,0.6399999856948853
2,1197973900,624,1.0,0.6499999761581421
2,1197973900,625,1.0,0.6399999856948853
2,1197973900,626,1.0,0.6649999618530273
2,1197973900,627,1.0,0.6449999809265137
2,1197973900,628,1.0,0.6349999904632568
2,1197973900,629,1.0,0.6499999761581421
2,1197973900,630,1.0,0.6449999809265137
2,1197973900,631,1.0,0.6549999713897705
2,1197973900,632,1.0,0.6399999856948853
2,1197973900,633,1.0,0.6349999904632568
2,1197973900,634,1.0,0.6499999761581421
2,1197973900,635,1.0,0.6449999809265137
2,1197973900,636,1.0,0.6499999761581421
2,1197973900,637,1.0,0.6549999713897705
2,1197973900,638,1.0,0.6499999761581421
2,1197973900,639,1.0,0.6649999618530273
2,1197973900,640,1.0,0.6499999761581421
2,1197973900,641,1.0,0.6499999761581421
2,1197973900,642,1.0,0.6499999761581421
2,1197973900,643,1.0,0.6499999761581421
2,1197973900,644,1.0,0.6499999761581421
2,1197973900,645,1.0,0.6449999809265137
2,1197973900,646,1.0,0.6549999713897705
2,1197973900,647,1.0,0.6599999666213989
2,1197973900,648,1.0,0.6649999618530273
2,1197973900,649,1.0,0.6449999809265137
2,1197973900,650,1.0,0.6649999618530273
2,1197973900,651,1.0,0.6599999666213989
2,1197973900,652,1.0,0.6299999952316284
2,1197973900,653,1.0,0.6599999666213989
2,1197973900,654,1.0,0.6699999570846558
2,1197973900,655,1.0,0.6549999713897705
2,1197973900,656,1.0,0.6499999761581421
2,1197973900,657,1.0,0.6499999761581421
2,1197973900,658,1.0,0.6549999713897705
2,1197973900,659,1.0,0.6349999904632568
2,1197973900,660,1.0,0.6699999570846558
2,1197973900,661,1.0,0.6449999809265137
2,1197973900,662,1.0,0.6499999761581421
2,1197973900,663,1.0,0.6599999666213989
2,1197973900,664,1.0,0.6549999713897705
2,1197973900,665,1.0,0.6499999761581421
2,1197973900,666,1.0,0.6599999666213989
2,1197973900,667,1.0,0.6599999666213989
2,1197973900,668,1.0,0.6649999618530273
2,1197973900,669,1.0,0.6800000071525574
2,1197973900,670,1.0,0.625
2,1197973900,671,1.0,0.6499999761581421
2,1197973900,672,1.0,0.6499999761581421
2,1197973900,673,1.0,0.6549999713897705
2,1197973900,674,1.0,0.6599999666213989
2,1197973900,675,1.0,0.6449999809265137
2,1197973900,676,1.0,0.6299999952316284
2,1197973900,677,1.0,0.6699999570846558
2,1197973900,678,1.0,0.6649999618530273
2,1197973900,679,1.0,0.6599999666213989
2,1197973900,680,1.0,0.6549999713897705
2,1197973900,681,1.0,0.625
2,1197973900,682,1.0,0.6449999809265137
2,1197973900,683,1.0,0.675000011920929
2,1197973900,684,1.0,0.6549999713897705
2,1197973900,685,1.0,0.6499999761581421
2,1197973900,686,1.0,0.6499999761581421
2,1197973900,687,1.0,0.6549999713897705
2,1197973900,688,1.0,0.6449999809265137
2,1197973900,689,1.0,0.6599999666213989
2,1197973900,690,1.0,0.6599999666213989
2,1197973900,691,1.0,0.6549999713897705
2,1197973900,692,1.0,0.6649999618530273
2,1197973900,693,1.0,0.6599999666213989
2,1197973900,694,1.0,0.6449999809265137
2,1197973900,695,1.0,0.6699999570846558
2,1197973900,696,1.0,0.6649999618530273
2,1197973900,697,1.0,0.6599999666213989
2,1197973900,698,1.0,0.6649999618530273
2,1197973900,699,1.0,0.6699999570846558
2,1197973900,700,1.0,0.6649999618530273
2,1197973900,701,1.0,0.6699999570846558
2,1197973900,702,1.0,0.6499999761581421
2,1197973900,703,1.0,0.675000011920929
2,1197973900,704,1.0,0.6699999570846558
2,1197973900,705,1.0,0.6599999666213989
2,1197973900,706,1.0,0.6399999856948853
2,1197973900,707,1.0,0.675000011920929
2,1197973900,708,1.0,0.6649999618530273
2,1197973900,709,1.0,0.6499999761581421
2,1197973900,710,1.0,0.6699999570846558
2,1197973900,711,1.0,0.6599999666213989
2,1197973900,712,1.0,0.6599999666213989
2,1197973900,713,1.0,0.6599999666213989
2,1197973900,714,1.0,0.6649999618530273
2,1197973900,715,1.0,0.6850000023841858
2,1197973900,716,1.0,0.6699999570846558
2,1197973900,717,1.0,0.675000011920929
2,1197973900,718,1.0,0.675000011920929
2,1197973900,719,1.0,0.6599999666213989
2,1197973900,720,1.0,0.6499999761581421
2,1197973900,721,1.0,0.6649999618530273
2,1197973900,722,1.0,0.6699999570846558
2,1197973900,723,1.0,0.6599999666213989
2,1197973900,724,1.0,0.6699999570846558
2,1197973900,725,1.0,0.6800000071525574
2,1197973900,726,1.0,0.6649999618530273
2,1197973900,727,1.0,0.6649999618530273
2,1197973900,728,1.0,0.6850000023841858
2,1197973900,729,1.0,0.6649999618530273
2,1197973900,730,1.0,0.6800000071525574
2,1197973900,731,1.0,0.6850000023841858
2,1197973900,732,1.0,0.6899999976158142
2,1197973900,733,1.0,0.6699999570846558
2,1197973900,734,1.0,0.6649999618530273
2,1197973900,735,1.0,0.6800000071525574
2,1197973900,736,1.0,0.6699999570846558
2,1197973900,737,1.0,0.6649999618530273
2,1197973900,738,1.0,0.6649999618530273
2,1197973900,739,1.0,0.675000011920929
2,1197973900,740,1.0,0.6649999618530273
2,1197973900,741,1.0,0.6699999570846558
2,1197973900,742,1.0,0.6649999618530273
2,1197973900,743,1.0,0.6699999570846558
2,1197973900,744,1.0,0.6800000071525574
2,1197973900,745,1.0,0.6649999618530273
2,1197973900,746,1.0,0.6699999570846558
2,1197973900,747,1.0,0.6549999713897705
2,1197973900,748,1.0,0.6800000071525574
2,1197973900,749,1.0,0.6850000023841858
2,1197973900,750,1.0,0.6649999618530273
2,1197973900,751,1.0,0.6800000071525574
2,1197973900,752,1.0,0.6649999618530273
2,1197973900,753,1.0,0.6649999618530273
2,1197973900,754,1.0,0.6699999570846558
2,1197973900,755,1.0,0.6649999618530273
2,1197973900,756,1.0,0.6699999570846558
2,1197973900,757,1.0,0.6699999570846558
2,1197973900,758,1.0,0.6699999570846558
2,1197973900,759,1.0,0.6649999618530273
2,1197973900,760,1.0,0.6800000071525574
2,1197973900,761,1.0,0.6899999976158142
2,1197973900,762,1.0,0.675000011920929
2,1197973900,763,1.0,0.675000011920929
2,1197973900,764,1.0,0.6800000071525574
2,1197973900,765,1.0,0.6949999928474426
2,1197973900,766,1.0,0.6949999928474426
2,1197973900,767,1.0,0.6699999570846558
2,1197973900,768,1.0,0.6850000023841858
2,1197973900,769,1.0,0.6850000023841858
2,1197973900,770,1.0,0.6699999570846558
2,1197973900,771,1.0,0.675000011920929
2,1197973900,772,1.0,0.675000011920929
2,1197973900,773,1.0,0.6699999570846558
2,1197973900,774,1.0,0.6949999928474426
2,1197973900,775,1.0,0.6899999976158142
2,1197973900,776,1.0,0.699999988079071
2,1197973900,777,1.0,0.675000011920929
2,1197973900,778,1.0,0.6949999928474426
2,1197973900,779,1.0,0.6850000023841858
2,1197973900,780,1.0,0.6699999570846558
2,1197973900,781,1.0,0.6800000071525574
2,1197973900,782,1.0,0.6899999976158142
2,1197973900,783,1.0,0.6649999618530273
2,1197973900,784,1.0,0.675000011920929
2,1197973900,785,1.0,0.6850000023841858
2,1197973900,786,1.0,0.7049999833106995
2,1197973900,787,1.0,0.7049999833106995
2,1197973900,788,1.0,0.6899999976158142
2,1197973900,789,1.0,0.675000011920929
2,1197973900,790,1.0,0.6949999928474426
2,1197973900,791,1.0,0.6800000071525574
2,1197973900,792,1.0,0.6949999928474426
2,1197973900,793,1.0,0.699999988079071
2,1197973900,794,1.0,0.6949999928474426
2,1197973900,795,1.0,0.6699999570846558
2,1197973900,796,1.0,0.699999988079071
2,1197973900,797,1.0,0.6899999976158142
2,1197973900,798,1.0,0.6949999928474426
2,1197973900,799,1.0,0.699999988079071
2,1197973900,800,1.0,0.6899999976158142
2,1197973900,801,1.0,0.7049999833106995
2,1197973900,802,1.0,0.7099999785423279
2,1197973900,803,1.0,0.6800000071525574
2,1197973900,804,1.0,0.6850000023841858
2,1197973900,805,1.0,0.699999988079071
2,1197973900,806,1.0,0.699999988079071
2,1197973900,807,1.0,0.699999988079071
2,1197973900,808,1.0,0.6949999928474426
2,1197973900,809,1.0,0.6949999928474426
2,1197973900,810,1.0,0.699999988079071
2,1197973900,811,1.0,0.7049999833106995
2,1197973900,812,1.0,0.6899999976158142
2,1197973900,813,1.0,0.7199999690055847
2,1197973900,814,1.0,0.6850000023841858
2,1197973900,815,1.0,0.6850000023841858
2,1197973900,816,1.0,0.6949999928474426
2,1197973900,817,1.0,0.6949999928474426
2,1197973900,818,1.0,0.7049999833106995
2,1197973900,819,1.0,0.6949999928474426
2,1197973900,820,1.0,0.699999988079071
2,1197973900,821,1.0,0.699999988079071
2,1197973900,822,1.0,0.6899999976158142
2,1197973900,823,1.0,0.699999988079071
2,1197973900,824,1.0,0.6949999928474426
2,1197973900,825,1.0,0.699999988079071
2,1197973900,826,1.0,0.6949999928474426
2,1197973900,827,1.0,0.6949999928474426
2,1197973900,828,1.0,0.699999988079071
2,1197973900,829,1.0,0.699999988079071
2,1197973900,830,1.0,0.7049999833106995
2,1197973900,831,1.0,0.675000011920929
2,1197973900,832,1.0,0.6949999928474426
2,1197973900,833,1.0,0.7099999785423279
2,1197973900,834,1.0,0.6949999928474426
2,1197973900,835,1.0,0.6899999976158142
2,1197973900,836,1.0,0.7149999737739563
2,1197973900,837,1.0,0.7149999737739563
2,1197973900,838,1.0,0.6850000023841858
2,1197973900,839,1.0,0.6949999928474426
2,1197973900,840,1.0,0.6949999928474426
2,1197973900,841,1.0,0.7099999785423279
2,1197973900,842,1.0,0.7049999833106995
2,1197973900,843,1.0,0.7099999785423279
2,1197973900,844,1.0,0.6850000023841858
2,1197973900,845,1.0,0.7049999833106995
2,1197973900,846,1.0,0.7049999833106995
2,1197973900,847,1.0,0.7199999690055847
2,1197973900,848,1.0,0.7049999833106995
2,1197973900,849,1.0,0.6850000023841858
2,1197973900,850,1.0,0.7249999642372131
2,1197973900,851,1.0,0.699999988079071
2,1197973900,852,1.0,0.6949999928474426
2,1197973900,853,1.0,0.7049999833106995
2,1197973900,854,1.0,0.6949999928474426
2,1197973900,855,1.0,0.7049999833106995
2,1197973900,856,1.0,0.6899999976158142
2,1197973900,857,1.0,0.7099999785423279
2,1197973900,858,1.0,0.7149999737739563
2,1197973900,859,1.0,0.7299999594688416
2,1197973900,860,1.0,0.7049999833106995
2,1197973900,861,1.0,0.6949999928474426
2,1197973900,862,1.0,0.6949999928474426
2,1197973900,863,1.0,0.7099999785423279
2,1197973900,864,1.0,0.7099999785423279
2,1197973900,865,1.0,0.7249999642372131
2,1197973900,866,1.0,0.7149999737739563
2,1197973900,867,1.0,0.7099999785423279
2,1197973900,868,1.0,0.7149999737739563
2,1197973900,869,1.0,0.7249999642372131
2,1197973900,870,1.0,0.7049999833106995
2,1197973900,871,1.0,0.7149999737739563
2,1197973900,872,1.0,0.7049999833106995
2,1197973900,873,1.0,0.7099999785423279
2,1197973900,874,1.0,0.7199999690055847
2,1197973900,875,1.0,0.7249999642372131
2,1197973900,876,1.0,0.7099999785423279
2,1197973900,877,1.0,0.7149999737739563
2,1197973900,878,1.0,0.7049999833106995
2,1197973900,879,1.0,0.6949999928474426
2,1197973900,880,1.0,0.7199999690055847
2,1197973900,881,1.0,0.7049999833106995
2,1197973900,882,1.0,0.73499995470047
2,1197973900,883,1.0,0.7299999594688416
2,1197973900,884,1.0,0.7049999833106995
2,1197973900,885,1.0,0.7049999833106995
2,1197973900,886,1.0,0.7199999690055847
2,1197973900,887,1.0,0.7149999737739563
2,1197973900,888,1.0,0.7199999690055847
2,1197973900,889,1.0,0.7299999594688416
2,1197973900,890,1.0,0.7249999642372131
2,1197973900,891,1.0,0.7199999690055847
2,1197973900,892,1.0,0.7149999737739563
2,1197973900,893,1.0,0.7299999594688416
2,1197973900,894,1.0,0.7299999594688416
2,1197973900,895,1.0,0.7249999642372131
2,1197973900,896,1.0,0.7099999785423279
2,1197973900,897,1.0,0.7049999833106995
2,1197973900,898,1.0,0.73499995470047
2,1197973900,899,1.0,0.7199999690055847
2,1197973900,900,1.0,0.7199999690055847
2,1197973900,901,1.0,0.73499995470047
2,1197973900,902,1.0,0.7299999594688416
2,1197973900,903,1.0,0.7249999642372131
2,1197973900,904,1.0,0.7199999690055847
2,1197973900,905,1.0,0.7249999642372131
2,1197973900,906,1.0,0.7249999642372131
2,1197973900,907,1.0,0.7199999690055847
2,1197973900,908,1.0,0.7199999690055847
2,1197973900,909,1.0,0.7099999785423279
2,1197973900,910,1.0,0.7149999737739563
2,1197973900,911,1.0,0.7400000095367432
2,1197973900,912,1.0,0.7299999594688416
2,1197973900,913,1.0,0.7299999594688416
2,1197973900,914,1.0,0.7199999690055847
2,1197973900,915,1.0,0.73499995470047
2,1197973900,916,1.0,0.7299999594688416
2,1197973900,917,1.0,0.699999988079071
2,1197973900,918,1.0,0.7249999642372131
2,1197973900,919,1.0,0.7249999642372131
2,1197973900,920,1.0,0.7400000095367432
2,1197973900,921,1.0,0.7249999642372131
2,1197973900,922,1.0,0.7249999642372131
2,1197973900,923,1.0,0.7400000095367432
2,1197973900,924,1.0,0.7249999642372131
2,1197973900,925,1.0,0.7199999690055847
2,1197973900,926,1.0,0.73499995470047
2,1197973900,927,1.0,0.73499995470047
2,1197973900,928,1.0,0.7299999594688416
2,1197973900,929,1.0,0.7400000095367432
2,1197973900,930,1.0,0.7400000095367432
2,1197973900,931,1.0,0.7249999642372131
2,1197973900,932,1.0,0.7450000047683716
2,1197973900,933,1.0,0.7199999690055847
2,1197973900,934,1.0,0.7249999642372131
2,1197973900,935,1.0,0.7299999594688416
2,1197973900,936,1.0,0.7450000047683716
2,1197973900,937,1.0,0.7149999737739563
2,1197973900,938,1.0,0.73499995470047
2,1197973900,939,1.0,0.7249999642372131
2,1197973900,940,1.0,0.7400000095367432
2,1197973900,941,1.0,0.75
2,1197973900,942,1.0,0.73499995470047
2,1197973900,943,1.0,0.73499995470047
2,1197973900,944,1.0,0.75
2,1197973900,945,1.0,0.7249999642372131
2,1197973900,946,1.0,0.7199999690055847
2,1197973900,947,1.0,0.73499995470047
2,1197973900,948,1.0,0.73499995470047
2,1197973900,949,1.0,0.7299999594688416
2,1197973900,950,1.0,0.7249999642372131
2,1197973900,951,1.0,0.73499995470047
2,1197973900,952,1.0,0.7299999594688416
2,1197973900,953,1.0,0.7450000047683716
2,1197973900,954,1.0,0.7400000095367432
2,1197973900,955,1.0,0.7299999594688416
2,1197973900,956,1.0,0.75
2,1197973900,957,1.0,0.7450000047683716
2,1197973900,958,1.0,0.75
2,1197973900,959,1.0,0.7400000095367432
2,1197973900,960,1.0,0.7400000095367432
2,1197973900,961,1.0,0.7249999642372131
2,1197973900,962,1.0,0.7599999904632568
2,1197973900,963,1.0,0.7599999904632568
2,1197973900,964,1.0,0.7400000095367432
2,1197973900,965,1.0,0.7299999594688416
2,1197973900,966,1.0,0.73499995470047
2,1197973900,967,1.0,0.73499995470047
2,1197973900,968,1.0,0.75
2,1197973900,969,1.0,0.7400000095367432
2,1197973900,970,1.0,0.7549999952316284
2,1197973900,971,1.0,0.7599999904632568
2,1197973900,972,1.0,0.7699999809265137
2,1197973900,973,1.0,0.7299999594688416
2,1197973900,974,1.0,0.7450000047683716
2,1197973900,975,1.0,0.7450000047683716
2,1197973900,976,1.0,0.7549999952316284
2,1197973900,977,1.0,0.7549999952316284
2,1197973900,978,1.0,0.75
2,1197973900,979,1.0,0.7400000095367432
2,1197973900,980,1.0,0.7549999952316284
2,1197973900,981,1.0,0.75
2,1197973900,982,1.0,0.7549999952316284
2,1197973900,983,1.0,0.75
2,1197973900,984,1.0,0.7549999952316284
2,1197973900,985,1.0,0.7450000047683716
2,1197973900,986,1.0,0.7450000047683716
2,1197973900,987,1.0,0.75
2,1197973900,988,1.0,0.7549999952316284
2,1197973900,989,1.0,0.75
2,1197973900,990,1.0,0.75
2,1197973900,991,1.0,0.7549999952316284
2,1197973900,992,1.0,0.7549999952316284
2,1197973900,993,1.0,0.7450000047683716
2,1197973900,994,1.0,0.7749999761581421
2,1197973900,995,1.0,0.7450000047683716
2,1197973900,996,1.0,0.7649999856948853
2,1197973900,997,1.0,0.7549999952316284
2,1197973900,998,1.0,0.75
2,1197973900,999,1.0,0.7549999952316284
2,1197973900,1000,1.0,0.7549999952316284
2,1197973900,1001,1.0,0.7400000095367432
2,1197973900,1002,1.0,0.75
2,1197973900,1003,1.0,0.7400000095367432
2,1197973900,1004,1.0,0.7549999952316284
2,1197973900,1005,1.0,0.7599999904632568
2,1197973900,1006,1.0,0.7599999904632568
2,1197973900,1007,1.0,0.7649999856948853
2,1197973900,1008,1.0,0.7749999761581421
2,1197973900,1009,1.0,0.75
2,1197973900,1010,1.0,0.7599999904632568
2,1197973900,1011,1.0,0.7749999761581421
2,1197973900,1012,1.0,0.7699999809265137
2,1197973900,1013,1.0,0.75
2,1197973900,1014,1.0,0.7599999904632568
2,1197973900,1015,1.0,0.7400000095367432
2,1197973900,1016,1.0,0.7599999904632568
2,1197973900,1017,1.0,0.75
2,1197973900,1018,1.0,0.7549999952316284
2,1197973900,1019,1.0,0.7649999856948853
2,1197973900,1020,1.0,0.7649999856948853
2,1197973900,1021,1.0,0.7649999856948853
2,1197973900,1022,1.0,0.7599999904632568
2,1197973900,1023,1.0,0.7599999904632568
2,1197973900,1024,1.0,0.7649999856948853
2,1197973900,1025,1.0,0.7649999856948853
2,1197973900,1026,1.0,0.7599999904632568
2,1197973900,1027,1.0,0.7699999809265137
2,1197973900,1028,1.0,0.7599999904632568
2,1197973900,1029,1.0,0.7699999809265137
2,1197973900,1030,1.0,0.7599999904632568
2,1197973900,1031,1.0,0.7549999952316284
2,1197973900,1032,1.0,0.7799999713897705
2,1197973900,1033,1.0,0.7699999809265137
2,1197973900,1034,1.0,0.7699999809265137
2,1197973900,1035,1.0,0.7549999952316284
2,1197973900,1036,1.0,0.7749999761581421
2,1197973900,1037,1.0,0.7699999809265137
2,1197973900,1038,1.0,0.7649999856948853
2,1197973900,1039,1.0,0.7450000047683716
2,1197973900,1040,1.0,0.7649999856948853
2,1197973900,1041,1.0,0.7699999809265137
2,1197973900,1042,1.0,0.7699999809265137
2,1197973900,1043,1.0,0.7549999952316284
2,1197973900,1044,1.0,0.7699999809265137
2,1197973900,1045,1.0,0.7749999761581421
2,1197973900,1046,1.0,0.7699999809265137
2,1197973900,1047,1.0,0.7749999761581421
2,1197973900,1048,1.0,0.7699999809265137
2,1197973900,1049,1.0,0.75
2,1197973900,1050,1.0,0.7799999713897705
2,1197973900,1051,1.0,0.7599999904632568
2,1197973900,1052,1.0,0.7799999713897705
2,1197973900,1053,1.0,0.7749999761581421
2,1197973900,1054,1.0,0.7549999952316284
2,1197973900,1055,1.0,0.7599999904632568
2,1197973900,1056,1.0,0.7849999666213989
2,1197973900,1057,1.0,0.7749999761581421
2,1197973900,1058,1.0,0.7799999713897705
2,1197973900,1059,1.0,0.7699999809265137
2,1197973900,1060,1.0,0.7799999713897705
2,1197973900,1061,1.0,0.7749999761581421
2,1197973900,1062,1.0,0.7799999713897705
2,1197973900,1063,1.0,0.7699999809265137
2,1197973900,1064,1.0,0.7699999809265137
2,1197973900,1065,1.0,0.7749999761581421
2,1197973900,1066,1.0,0.7849999666213989
2,1197973900,1067,1.0,0.7749999761581421
2,1197973900,1068,1.0,0.7899999618530273
2,1197973900,1069,1.0,0.7699999809265137
2,1197973900,1070,1.0,0.7649999856948853
2,1197973900,1071,1.0,0.7799999713897705
2,1197973900,1072,1.0,0.7949999570846558
2,1197973900,1073,1.0,0.7649999856948853
2,1197973900,1074,1.0,0.7849999666213989
2,1197973900,1075,1.0,0.7799999713897705
2,1197973900,1076,1.0,0.7649999856948853
2,1197973900,1077,1.0,0.7799999713897705
2,1197973900,1078,1.0,0.7749999761581421
2,1197973900,1079,1.0,0.8050000071525574
2,1197973900,1080,1.0,0.7749999761581421
2,1197973900,1081,1.0,0.7749999761581421
2,1197973900,1082,1.0,0.7799999713897705
2,1197973900,1083,1.0,0.7799999713897705
2,1197973900,1084,1.0,0.7699999809265137
2,1197973900,1085,1.0,0.7799999713897705
2,1197973900,1086,1.0,0.7649999856948853
2,1197973900,1087,1.0,0.7799999713897705
2,1197973900,1088,1.0,0.7899999618530273
2,1197973900,1089,1.0,0.7799999713897705
2,1197973900,1090,1.0,0.7699999809265137
2,1197973900,1091,1.0,0.7999999523162842
2,1197973900,1092,1.0,0.7799999713897705
2,1197973900,1093,1.0,0.7949999570846558
2,1197973900,1094,1.0,0.7999999523162842
2,1197973900,1095,1.0,0.7849999666213989
2,1197973900,1096,1.0,0.7849999666213989
2,1197973900,1097,1.0,0.7849999666213989
2,1197973900,1098,1.0,0.7899999618530273
2,1197973900,1099,1.0,0.7999999523162842
2,1197973900,1100,1.0,0.7999999523162842
2,1197973900,1101,1.0,0.7949999570846558
2,1197973900,1102,1.0,0.7849999666213989
2,1197973900,1103,1.0,0.7699999809265137
2,1197973900,1104,1.0,0.7799999713897705
2,1197973900,1105,1.0,0.7899999618530273
2,1197973900,1106,1.0,0.7899999618530273
2,1197973900,1107,1.0,0.7899999618530273
2,1197973900,1108,1.0,0.7849999666213989
2,1197973900,1109,1.0,0.7849999666213989
2,1197973900,1110,1.0,0.7899999618530273
2,1197973900,1111,1.0,0.8100000023841858
2,1197973900,1112,1.0,0.7949999570846558
2,1197973900,1113,1.0,0.7849999666213989
2,1197973900,1114,1.0,0.7749999761581421
2,1197973900,1115,1.0,0.7899999618530273
2,1197973900,1116,1.0,0.7999999523162842
2,1197973900,1117,1.0,0.7949999570846558
2,1197973900,1118,1.0,0.7799999713897705
2,1197973900,1119,1.0,0.8050000071525574
2,1197973900,1120,1.0,0.8050000071525574
2,1197973900,1121,1.0,0.7899999618530273
2,1197973900,1122,1.0,0.7849999666213989
2,1197973900,1123,1.0,0.7949999570846558
2,1197973900,1124,1.0,0.7949999570846558
2,1197973900,1125,1.0,0.7899999618530273
2,1197973900,1126,1.0,0.7899999618530273
2,1197973900,1127,1.0,0.7949999570846558
2,1197973900,1128,1.0,0.7899999618530273
2,1197973900,1129,1.0,0.7949999570846558
2,1197973900,1130,1.0,0.7999999523162842
2,1197973900,1131,1.0,0.7849999666213989
2,1197973900,1132,1.0,0.7949999570846558
2,1197973900,1133,1.0,0.7999999523162842
2,1197973900,1134,1.0,0.8149999976158142
2,1197973900,1135,1.0,0.7899999618530273
2,1197973900,1136,1.0,0.7749999761581421
2,1197973900,1137,1.0,0.7849999666213989
2,1197973900,1138,1.0,0.7999999523162842
2,1197973900,1139,1.0,0.8050000071525574
2,1197973900,1140,1.0,0.7899999618530273
2,1197973900,1141,1.0,0.7949999570846558
2,1197973900,1142,1.0,0.7849999666213989
2,1197973900,1143,1.0,0.8050000071525574
2,1197973900,1144,1.0,0.7849999666213989
2,1197973900,1145,1.0,0.7949999570846558
2,1197973900,1146,1.0,0.7899999618530273
2,1197973900,1147,1.0,0.8050000071525574
2,1197973900,1148,1.0,0.7949999570846558
2,1197973900,1149,1.0,0.8050000071525574
2,1197973900,1150,1.0,0.8050000071525574
2,1197973900,1151,1.0,0.7949999570846558
2,1197973900,1152,1.0,0.7949999570846558
2,1197973900,1153,1.0,0.7949999570846558
2,1197973900,1154,1.0,0.8050000071525574
2,1197973900,1155,1.0,0.8050000071525574
2,1197973900,1156,1.0,0.7899999618530273
2,1197973900,1157,1.0,0.7999999523162842
2,1197973900,1158,1.0,0.7999999523162842
2,1197973900,1159,1.0,0.8149999976158142
2,1197973900,1160,1.0,0.8050000071525574
2,1197973900,1161,1.0,0.7949999570846558
2,1197973900,1162,1.0,0.8100000023841858
2,1197973900,1163,1.0,0.7999999523162842
2,1197973900,1164,1.0,0.8149999976158142
2,1197973900,1165,1.0,0.7949999570846558
2,1197973900,1166,1.0,0.8100000023841858
2,1197973900,1167,1.0,0.8050000071525574
2,1197973900,1168,1.0,0.8100000023841858
2,1197973900,1169,1.0,0.7999999523162842
2,1197973900,1170,1.0,0.8050000071525574
2,1197973900,1171,1.0,0.8100000023841858
2,1197973900,1172,1.0,0.8100000023841858
2,1197973900,1173,1.0,0.8100000023841858
2,1197973900,1174,1.0,0.7999999523162842
2,1197973900,1175,1.0,0.8100000023841858
2,1197973900,1176,1.0,0.8100000023841858
2,1197973900,1177,1.0,0.7899999618530273
2,1197973900,1178,1.0,0.8199999928474426
2,1197973900,1179,1.0,0.8100000023841858
2,1197973900,1180,1.0,0.8100000023841858
2,1197973900,1181,1.0,0.8050000071525574
2,1197973900,1182,1.0,0.8100000023841858
2,1197973900,1183,1.0,0.824999988079071
2,1197973900,1184,1.0,0.8100000023841858
2,1197973900,1185,1.0,0.8100000023841858
2,1197973900,1186,1.0,0.8149999976158142
2,1197973900,1187,1.0,0.824999988079071
2,1197973900,1188,1.0,0.8199999928474426
2,1197973900,1189,1.0,0.8199999928474426
2,1197973900,1190,1.0,0.8199999928474426
2,1197973900,1191,1.0,0.8050000071525574
2,1197973900,1192,1.0,0.8100000023841858
2,1197973900,1193,1.0,0.7999999523162842
2,1197973900,1194,1.0,0.8149999976158142
2,1197973900,1195,1.0,0.7999999523162842
2,1197973900,1196,1.0,0.824999988079071
2,1197973900,1197,1.0,0.824999988079071
2,1197973900,1198,1.0,0.824999988079071
2,1197973900,1199,1.0,0.8199999928474426
2,1197973900,1200,1.0,0.824999988079071
2,1197973900,1201,1.0,0.8149999976158142
2,1197973900,1202,1.0,0.8149999976158142
2,1197973900,1203,1.0,0.8199999928474426
2,1197973900,1204,1.0,0.8199999928474426
2,1197973900,1205,1.0,0.8149999976158142
2,1197973900,1206,1.0,0.8149999976158142
2,1197973900,1207,1.0,0.824999988079071
2,1197973900,1208,1.0,0.8199999928474426
2,1197973900,1209,1.0,0.824999988079071
2,1197973900,1210,1.0,0.8149999976158142
2,1197973900,1211,1.0,0.8299999833106995
2,1197973900,1212,1.0,0.8299999833106995
2,1197973900,1213,1.0,0.8199999928474426
2,1197973900,1214,1.0,0.8149999976158142
2,1197973900,1215,1.0,0.8199999928474426
2,1197973900,1216,1.0,0.8050000071525574
2,1197973900,1217,1.0,0.8199999928474426
2,1197973900,1218,1.0,0.8199999928474426
2,1197973900,1219,1.0,0.8199999928474426
2,1197973900,1220,1.0,0.8349999785423279
2,1197973900,1221,1.0,0.8299999833106995
2,1197973900,1222,1.0,0.8199999928474426
2,1197973900,1223,1.0,0.8149999976158142
2,1197973900,1224,1.0,0.8299999833106995
2,1197973900,1225,1.0,0.8199999928474426
2,1197973900,1226,1.0,0.8299999833106995
2,1197973900,1227,1.0,0.8399999737739563
2,1197973900,1228,1.0,0.8199999928474426
2,1197973900,1229,1.0,0.8299999833106995
2,1197973900,1230,1.0,0.8199999928474426
2,1197973900,1231,1.0,0.8299999833106995
2,1197973900,1232,1.0,0.8349999785423279
2,1197973900,1233,1.0,0.8299999833106995
2,1197973900,1234,1.0,0.8299999833106995
2,1197973900,1235,1.0,0.8349999785423279
2,1197973900,1236,1.0,0.8199999928474426
2,1197973900,1237,1.0,0.8149999976158142
2,1197973900,1238,1.0,0.8149999976158142
2,1197973900,1239,1.0,0.8399999737739563
2,1197973900,1240,1.0,0.8349999785423279
2,1197973900,1241,1.0,0.8199999928474426
2,1197973900,1242,1.0,0.8199999928474426
2,1197973900,1243,1.0,0.8149999976158142
2,1197973900,1244,1.0,0.8149999976158142
2,1197973900,1245,1.0,0.8349999785423279
2,1197973900,1246,1.0,0.8349999785423279
2,1197973900,1247,1.0,0.8349999785423279
2,1197973900,1248,1.0,0.8349999785423279
2,1197973900,1249,1.0,0.8299999833106995
2,1197973900,1250,1.0,0.8149999976158142
2,1197973900,1251,1.0,0.8449999690055847
2,1197973900,1252,1.0,0.8399999737739563
2,1197973900,1253,1.0,0.8349999785423279
2,1197973900,1254,1.0,0.8399999737739563
2,1197973900,1255,1.0,0.824999988079071
2,1197973900,1256,1.0,0.8299999833106995
2,1197973900,1257,1.0,0.824999988079071
2,1197973900,1258,1.0,0.824999988079071
2,1197973900,1259,1.0,0.824999988079071
2,1197973900,1260,1.0,0.8349999785423279
2,1197973900,1261,1.0,0.8399999737739563
2,1197973900,1262,1.0,0.8449999690055847
2,1197973900,1263,1.0,0.8349999785423279
2,1197973900,1264,1.0,0.8299999833106995
2,1197973900,1265,1.0,0.8349999785423279
2,1197973900,1266,1.0,0.8399999737739563
2,1197973900,1267,1.0,0.8449999690055847
2,1197973900,1268,1.0,0.8349999785423279
2,1197973900,1269,1.0,0.8199999928474426
2,1197973900,1270,1.0,0.8349999785423279
2,1197973900,1271,1.0,0.8299999833106995
2,1197973900,1272,1.0,0.8449999690055847
2,1197973900,1273,1.0,0.8399999737739563
2,1197973900,1274,1.0,0.8399999737739563
2,1197973900,1275,1.0,0.8399999737739563
2,1197973900,1276,1.0,0.8299999833106995
2,1197973900,1277,1.0,0.8349999785423279
2,1197973900,1278,1.0,0.8349999785423279
2,1197973900,1279,1.0,0.8349999785423279
2,1197973900,1280,1.0,0.8349999785423279
2,1197973900,1281,1.0,0.8449999690055847
2,1197973900,1282,1.0,0.8349999785423279
2,1197973900,1283,1.0,0.8349999785423279
2,1197973900,1284,1.0,0.8349999785423279
2,1197973900,1285,1.0,0.8449999690055847
2,1197973900,1286,1.0,0.8499999642372131
2,1197973900,1287,1.0,0.8399999737739563
2,1197973900,1288,1.0,0.8449999690055847
2,1197973900,1289,1.0,0.8349999785423279
2,1197973900,1290,1.0,0.8349999785423279
2,1197973900,1291,1.0,0.8499999642372131
2,1197973900,1292,1.0,0.8499999642372131
2,1197973900,1293,1.0,0.8549999594688416
2,1197973900,1294,1.0,0.8449999690055847
2,1197973900,1295,1.0,0.8299999833106995
2,1197973900,1296,1.0,0.8449999690055847
2,1197973900,1297,1.0,0.8549999594688416
2,1197973900,1298,1.0,0.8449999690055847
2,1197973900,1299,1.0,0.8349999785423279
2,1197973900,1300,1.0,0.8349999785423279
2,1197973900,1301,1.0,0.8449999690055847
2,1197973900,1302,1.0,0.8499999642372131
2,1197973900,1303,1.0,0.8449999690055847
2,1197973900,1304,1.0,0.8549999594688416
2,1197973900,1305,1.0,0.8449999690055847
2,1197973900,1306,1.0,0.8449999690055847
2,1197973900,1307,1.0,0.8499999642372131
2,1197973900,1308,1.0,0.8499999642372131
2,1197973900,1309,1.0,0.8499999642372131
2,1197973900,1310,1.0,0.8650000095367432
2,1197973900,1311,1.0,0.8549999594688416
2,1197973900,1312,1.0,0.8650000095367432
2,1197973900,1313,1.0,0.8449999690055847
2,1197973900,1314,1.0,0.8499999642372131
2,1197973900,1315,1.0,0.8650000095367432
2,1197973900,1316,1.0,0.8499999642372131
2,1197973900,1317,1.0,0.8700000047683716
2,1197973900,1318,1.0,0.85999995470047
2,1197973900,1319,1.0,0.8399999737739563
2,1197973900,1320,1.0,0.8349999785423279
2,1197973900,1321,1.0,0.8650000095367432
2,1197973900,1322,1.0,0.8499999642372131
2,1197973900,1323,1.0,0.8549999594688416
2,1197973900,1324,1.0,0.8499999642372131
2,1197973900,1325,1.0,0.8499999642372131
2,1197973900,1326,1.0,0.8650000095367432
2,1197973900,1327,1.0,0.8549999594688416
2,1197973900,1328,1.0,0.8549999594688416
2,1197973900,1329,1.0,0.8700000047683716
2,1197973900,1330,1.0,0.8700000047683716
2,1197973900,1331,1.0,0.85999995470047
2,1197973900,1332,1.0,0.8549999594688416
2,1197973900,1333,1.0,0.8700000047683716
2,1197973900,1334,1.0,0.8650000095367432
2,1197973900,1335,1.0,0.8650000095367432
2,1197973900,1336,1.0,0.8549999594688416
2,1197973900,1337,1.0,0.8549999594688416
2,1197973900,1338,1.0,0.8650000095367432
2,1197973900,1339,1.0,0.8650000095367432
2,1197973900,1340,1.0,0.8650000095367432
2,1197973900,1341,1.0,0.8650000095367432
2,1197973900,1342,1.0,0.8499999642372131
2,1197973900,1343,1.0,0.8700000047683716
2,1197973900,1344,1.0,0.8549999594688416
2,1197973900,1345,1.0,0.8700000047683716
2,1197973900,1346,1.0,0.8650000095367432
2,1197973900,1347,1.0,0.8650000095367432
2,1197973900,1348,1.0,0.8799999952316284
2,1197973900,1349,1.0,0.8650000095367432
2,1197973900,1350,1.0,0.875
2,1197973900,1351,1.0,0.8650000095367432
2,1197973900,1352,1.0,0.8449999690055847
2,1197973900,1353,1.0,0.8650000095367432
2,1197973900,1354,1.0,0.85999995470047
2,1197973900,1355,1.0,0.8549999594688416
2,1197973900,1356,1.0,0.85999995470047
2,1197973900,1357,1.0,0.8549999594688416
2,1197973900,1358,1.0,0.8700000047683716
2,1197973900,1359,1.0,0.875
2,1197973900,1360,1.0,0.875
2,1197973900,1361,1.0,0.85999995470047
2,1197973900,1362,1.0,0.85999995470047
2,1197973900,1363,1.0,0.8700000047683716
2,1197973900,1364,1.0,0.875
2,1197973900,1365,1.0,0.8799999952316284
2,1197973900,1366,1.0,0.875
2,1197973900,1367,1.0,0.85999995470047
2,1197973900,1368,1.0,0.8650000095367432
2,1197973900,1369,1.0,0.8700000047683716
2,1197973900,1370,1.0,0.8700000047683716
2,1197973900,1371,1.0,0.85999995470047
2,1197973900,1372,1.0,0.8700000047683716
2,1197973900,1373,1.0,0.8799999952316284
2,1197973900,1374,1.0,0.8799999952316284
2,1197973900,1375,1.0,0.8700000047683716
2,1197973900,1376,1.0,0.8700000047683716
2,1197973900,1377,1.0,0.875
2,1197973900,1378,1.0,0.8899999856948853
2,1197973900,1379,1.0,0.875
2,1197973900,1380,1.0,0.8849999904632568
2,1197973900,1381,1.0,0.8700000047683716
2,1197973900,1382,1.0,0.8650000095367432
2,1197973900,1383,1.0,0.8700000047683716
2,1197973900,1384,1.0,0.8799999952316284
2,1197973900,1385,1.0,0.875
2,1197973900,1386,1.0,0.875
2,1197973900,1387,1.0,0.8799999952316284
2,1197973900,1388,1.0,0.8799999952316284
2,1197973900,1389,1.0,0.8799999952316284
2,1197973900,1390,1.0,0.8799999952316284
2,1197973900,1391,1.0,0.8799999952316284
2,1197973900,1392,1.0,0.8700000047683716
2,1197973900,1393,1.0,0.8700000047683716
2,1197973900,1394,1.0,0.8799999952316284
2,1197973900,1395,1.0,0.8799999952316284
2,1197973900,1396,1.0,0.875
2,1197973900,1397,1.0,0.8700000047683716
2,1197973900,1398,1.0,0.8799999952316284
2,1197973900,1399,1.0,0.8799999952316284
2,1197973900,1400,1.0,0.8949999809265137
2,1197973900,1401,1.0,0.8849999904632568
2,1197973900,1402,1.0,0.8849999904632568
2,1197973900,1403,1.0,0.8799999952316284
2,1197973900,1404,1.0,0.8799999952316284
2,1197973900,1405,1.0,0.8799999952316284
2,1197973900,1406,1.0,0.8849999904632568
2,1197973900,1407,1.0,0.8799999952316284
2,1197973900,1408,1.0,0.8849999904632568
2,1197973900,1409,1.0,0.8899999856948853
2,1197973900,1410,1.0,0.8849999904632568
2,1197973900,1411,1.0,0.8849999904632568
2,1197973900,1412,1.0,0.8849999904632568
2,1197973900,1413,1.0,0.8899999856948853
2,1197973900,1414,1.0,0.8799999952316284
2,1197973900,1415,1.0,0.8799999952316284
2,1197973900,1416,1.0,0.8799999952316284
2,1197973900,1417,1.0,0.8849999904632568
2,1197973900,1418,1.0,0.8949999809265137
2,1197973900,1419,1.0,0.8999999761581421
2,1197973900,1420,1.0,0.8849999904632568
2,1197973900,1421,1.0,0.8949999809265137
2,1197973900,1422,1.0,0.8849999904632568
2,1197973900,1423,1.0,0.8849999904632568
2,1197973900,1424,1.0,0.8899999856948853
2,1197973900,1425,1.0,0.8999999761581421
2,1197973900,1426,1.0,0.8899999856948853
2,1197973900,1427,1.0,0.8949999809265137
2,1197973900,1428,1.0,0.8899999856948853
2,1197973900,1429,1.0,0.8949999809265137
2,1197973900,1430,1.0,0.8899999856948853
2,1197973900,1431,1.0,0.8899999856948853
2,1197973900,1432,1.0,0.8999999761581421
2,1197973900,1433,1.0,0.8999999761581421
2,1197973900,1434,1.0,0.8949999809265137
2,1197973900,1435,1.0,0.8849999904632568
2,1197973900,1436,1.0,0.8849999904632568
2,1197973900,1437,1.0,0.9049999713897705
2,1197973900,1438,1.0,0.8949999809265137
2,1197973900,1439,1.0,0.8849999904632568
2,1197973900,1440,1.0,0.8999999761581421
2,1197973900,1441,1.0,0.8849999904632568
2,1197973900,1442,1.0,0.8999999761581421
2,1197973900,1443,1.0,0.8849999904632568
2,1197973900,1444,1.0,0.8999999761581421
2,1197973900,1445,1.0,0.8999999761581421
2,1197973900,1446,1.0,0.8949999809265137
2,1197973900,1447,1.0,0.8949999809265137
2,1197973900,1448,1.0,0.8849999904632568
2,1197973900,1449,1.0,0.8849999904632568
2,1197973900,1450,1.0,0.8799999952316284
2,1197973900,1451,1.0,0.8899999856948853
2,1197973900,1452,1.0,0.9049999713897705
2,1197973900,1453,1.0,0.9149999618530273
2,1197973900,1454,1.0,0.8999999761581421
2,1197973900,1455,1.0,0.8949999809265137
2,1197973900,1456,1.0,0.9099999666213989
2,1197973900,1457,1.0,0.9049999713897705
2,1197973900,1458,1.0,0.9099999666213989
2,1197973900,1459,1.0,0.8899999856948853
2,1197973900,1460,1.0,0.9049999713897705
2,1197973900,1461,1.0,0.8999999761581421
2,1197973900,1462,1.0,0.8949999809265137
2,1197973900,1463,1.0,0.9049999713897705
2,1197973900,1464,1.0,0.9099999666213989
2,1197973900,1465,1.0,0.8949999809265137
2,1197973900,1466,1.0,0.9049999713897705
2,1197973900,1467,1.0,0.8949999809265137
2,1197973900,1468,1.0,0.8999999761581421
2,1197973900,1469,1.0,0.9149999618530273
2,1197973900,1470,1.0,0.9149999618530273
2,1197973900,1471,1.0,0.9099999666213989
2,1197973900,1472,1.0,0.8949999809265137
2,1197973900,1473,1.0,0.8999999761581421
2,1197973900,1474,1.0,0.9099999666213989
2,1197973900,1475,1.0,0.9099999666213989
2,1197973900,1476,1.0,0.9099999666213989
2,1197973900,1477,1.0,0.9049999713897705
2,1197973900,1478,1.0,0.8949999809265137
2,1197973900,1479,1.0,0.8999999761581421
2,1197973900,1480,1.0,0.8999999761581421
2,1197973900,1481,1.0,0.9149999618530273
2,1197973900,1482,1.0,0.8999999761581421
2,1197973900,1483,1.0,0.9049999713897705
2,1197973900,1484,1.0,0.8999999761581421
2,1197973900,1485,1.0,0.9149999618530273
2,1197973900,1486,1.0,0.9149999618530273
2,1197973900,1487,1.0,0.9199999570846558
2,1197973900,1488,1.0,0.9049999713897705
2,1197973900,1489,1.0,0.9049999713897705
2,1197973900,1490,1.0,0.9149999618530273
2,1197973900,1491,1.0,0.9149999618530273
2,1197973900,1492,1.0,0.9099999666213989
2,1197973900,1493,1.0,0.9099999666213989
2,1197973900,1494,1.0,0.9199999570846558
2,1197973900,1495,1.0,0.9149999618530273
2,1197973900,1496,1.0,0.9149999618530273
2,1197973900,1497,1.0,0.9249999523162842
2,1197973900,1498,1.0,0.9249999523162842
2,1197973900,1499,1.0,0.9149999618530273
2,1197973900,1500,1.0,0.9099999666213989
2,1197973900,1501,1.0,0.9099999666213989
2,1197973900,1502,1.0,0.9099999666213989
2,1197973900,1503,1.0,0.9149999618530273
2,1197973900,1504,1.0,0.9249999523162842
2,1197973900,1505,1.0,0.9249999523162842
2,1197973900,1506,1.0,0.9199999570846558
2,1197973900,1507,1.0,0.9199999570846558
2,1197973900,1508,1.0,0.9149999618530273
2,1197973900,1509,1.0,0.9199999570846558
2,1197973900,1510,1.0,0.9149999618530273
2,1197973900,1511,1.0,0.9149999618530273
2,1197973900,1512,1.0,0.9199999570846558
2,1197973900,1513,1.0,0.9149999618530273
2,1197973900,1514,1.0,0.9149999618530273
2,1197973900,1515,1.0,0.9249999523162842
2,1197973900,1516,1.0,0.9199999570846558
2,1197973900,1517,1.0,0.9099999666213989
2,1197973900,1518,1.0,0.9199999570846558
2,1197973900,1519,1.0,0.9249999523162842
2,1197973900,1520,1.0,0.9099999666213989
2,1197973900,1521,1.0,0.9149999618530273
2,1197973900,1522,1.0,0.9199999570846558
2,1197973900,1523,1.0,0.9149999618530273
2,1197973900,1524,1.0,0.9300000071525574
2,1197973900,1525,1.0,0.9300000071525574
2,1197973900,1526,1.0,0.9249999523162842
2,1197973900,1527,1.0,0.9149999618530273
2,1197973900,1528,1.0,0.9149999618530273
2,1197973900,1529,1.0,0.9199999570846558
2,1197973900,1530,1.0,0.9350000023841858
2,1197973900,1531,1.0,0.9399999976158142
2,1197973900,1532,1.0,0.9249999523162842
2,1197973900,1533,1.0,0.9249999523162842
2,1197973900,1534,1.0,0.9249999523162842
2,1197973900,1535,1.0,0.9199999570846558
2,1197973900,1536,1.0,0.9249999523162842
2,1197973900,1537,1.0,0.9199999570846558
2,1197973900,1538,1.0,0.9199999570846558
2,1197973900,1539,1.0,0.9249999523162842
2,1197973900,1540,1.0,0.9249999523162842
2,1197973900,1541,1.0,0.9300000071525574
2,1197973900,1542,1.0,0.9300000071525574
2,1197973900,1543,1.0,0.9300000071525574
2,1197973900,1544,1.0,0.9300000071525574
2,1197973900,1545,1.0,0.9249999523162842
2,1197973900,1546,1.0,0.9249999523162842
2,1197973900,1547,1.0,0.9300000071525574
2,1197973900,1548,1.0,0.9300000071525574
2,1197973900,1549,1.0,0.9249999523162842
2,1197973900,1550,1.0,0.9249999523162842
2,1197973900,1551,1.0,0.9199999570846558
2,1197973900,1552,1.0,0.9300000071525574
2,1197973900,1553,1.0,0.9249999523162842
2,1197973900,1554,1.0,0.9249999523162842
2,1197973900,1555,1.0,0.9300000071525574
2,1197973900,1556,1.0,0.9399999976158142
2,1197973900,1557,1.0,0.9199999570846558
2,1197973900,1558,1.0,0.9249999523162842
2,1197973900,1559,1.0,0.9249999523162842
2,1197973900,1560,1.0,0.9249999523162842
2,1197973900,1561,1.0,0.9199999570846558
2,1197973900,1562,1.0,0.9350000023841858
2,1197973900,1563,1.0,0.9399999976158142
2,1197973900,1564,1.0,0.9300000071525574
2,1197973900,1565,1.0,0.9300000071525574
2,1197973900,1566,1.0,0.9300000071525574
2,1197973900,1567,1.0,0.9300000071525574
2,1197973900,1568,1.0,0.9350000023841858
2,1197973900,1569,1.0,0.9199999570846558
2,1197973900,1570,1.0,0.9249999523162842
2,1197973900,1571,1.0,0.9199999570846558
2,1197973900,1572,1.0,0.9300000071525574
2,1197973900,1573,1.0,0.9300000071525574
2,1197973900,1574,1.0,0.9300000071525574
2,1197973900,1575,1.0,0.9300000071525574
2,1197973900,1576,1.0,0.9300000071525574
2,1197973900,1577,1.0,0.9300000071525574
2,1197973900,1578,1.0,0.9350000023841858
2,1197973900,1579,1.0,0.9249999523162842
2,1197973900,1580,1.0,0.9249999523162842
2,1197973900,1581,1.0,0.9249999523162842
2,1197973900,1582,1.0,0.9300000071525574
2,1197973900,1583,1.0,0.9350000023841858
2,1197973900,1584,1.0,0.9350000023841858
2,1197973900,1585,1.0,0.9350000023841858
2,1197973900,1586,1.0,0.9350000023841858
2,1197973900,1587,1.0,0.9399999976158142
2,1197973900,1588,1.0,0.9399999976158142
2,1197973900,1589,1.0,0.9350000023841858
2,1197973900,1590,1.0,0.9300000071525574
2,1197973900,1591,1.0,0.9350000023841858
2,1197973900,1592,1.0,0.9449999928474426
2,1197973900,1593,1.0,0.9350000023841858
2,1197973900,1594,1.0,0.9399999976158142
2,1197973900,1595,1.0,0.9350000023841858
2,1197973900,1596,1.0,0.9350000023841858
2,1197973900,1597,1.0,0.9300000071525574
2,1197973900,1598,1.0,0.9449999928474426
2,1197973900,1599,1.0,0.9399999976158142
2,1197973900,1600,1.0,0.9549999833106995
2,1197973900,1601,1.0,0.949999988079071
2,1197973900,1602,1.0,0.9350000023841858
2,1197973900,1603,1.0,0.9350000023841858
2,1197973900,1604,1.0,0.9350000023841858
2,1197973900,1605,1.0,0.9449999928474426
2,1197973900,1606,1.0,0.949999988079071
2,1197973900,1607,1.0,0.9350000023841858
2,1197973900,1608,1.0,0.9350000023841858
2,1197973900,1609,1.0,0.9350000023841858
2,1197973900,1610,1.0,0.9350000023841858
2,1197973900,1611,1.0,0.9449999928474426
2,1197973900,1612,1.0,0.9399999976158142
2,1197973900,1613,1.0,0.9449999928474426
2,1197973900,1614,1.0,0.9449999928474426
2,1197973900,1615,1.0,0.9399999976158142
2,1197973900,1616,1.0,0.9350000023841858
2,1197973900,1617,1.0,0.9350000023841858
2,1197973900,1618,1.0,0.9300000071525574
2,1197973900,1619,1.0,0.9449999928474426
2,1197973900,1620,1.0,0.949999988079071
2,1197973900,1621,1.0,0.9399999976158142
2,1197973900,1622,1.0,0.949999988079071
2,1197973900,1623,1.0,0.949999988079071
2,1197973900,1624,1.0,0.949999988079071
2,1197973900,1625,1.0,0.9399999976158142
2,1197973900,1626,1.0,0.9399999976158142
2,1197973900,1627,1.0,0.9549999833106995
2,1197973900,1628,1.0,0.9399999976158142
2,1197973900,1629,1.0,0.9549999833106995
2,1197973900,1630,1.0,0.949999988079071
2,1197973900,1631,1.0,0.9449999928474426
2,1197973900,1632,1.0,0.9449999928474426
2,1197973900,1633,1.0,0.949999988079071
2,1197973900,1634,1.0,0.9449999928474426
2,1197973900,1635,1.0,0.949999988079071
2,1197973900,1636,1.0,0.949999988079071
2,1197973900,1637,1.0,0.949999988079071
2,1197973900,1638,1.0,0.9549999833106995
2,1197973900,1639,1.0,0.949999988079071
2,1197973900,1640,1.0,0.9549999833106995
2,1197973900,1641,1.0,0.9399999976158142
2,1197973900,1642,1.0,0.9449999928474426
2,1197973900,1643,1.0,0.949999988079071
2,1197973900,1644,1.0,0.9549999833106995
2,1197973900,1645,1.0,0.9449999928474426
2,1197973900,1646,1.0,0.949999988079071
2,1197973900,1647,1.0,0.949999988079071
2,1197973900,1648,1.0,0.9649999737739563
2,1197973900,1649,1.0,0.9549999833106995
2,1197973900,1650,1.0,0.949999988079071
2,1197973900,1651,1.0,0.949999988079071
2,1197973900,1652,1.0,0.9399999976158142
2,1197973900,1653,1.0,0.9350000023841858
2,1197973900,1654,1.0,0.949999988079071
2,1197973900,1655,1.0,0.949999988079071
2,1197973900,1656,1.0,0.9599999785423279
2,1197973900,1657,1.0,0.9599999785423279
2,1197973900,1658,1.0,0.9549999833106995
2,1197973900,1659,1.0,0.9549999833106995
2,1197973900,1660,1.0,0.9549999833106995
2,1197973900,1661,1.0,0.9549999833106995
2,1197973900,1662,1.0,0.9549999833106995
2,1197973900,1663,1.0,0.9599999785423279
2,1197973900,1664,1.0,0.9549999833106995
2,1197973900,1665,1.0,0.9549999833106995
2,1197973900,1666,1.0,0.9449999928474426
2,1197973900,1667,1.0,0.9599999785423279
2,1197973900,1668,1.0,0.9649999737739563
2,1197973900,1669,1.0,0.9549999833106995
2,1197973900,1670,1.0,0.9549999833106995
2,1197973900,1671,1.0,0.949999988079071
2,1197973900,1672,1.0,0.9549999833106995
2,1197973900,1673,1.0,0.9549999833106995
2,1197973900,1674,1.0,0.9449999928474426
2,1197973900,1675,1.0,0.9599999785423279
2,1197973900,1676,1.0,0.9649999737739563
2,1197973900,1677,1.0,0.9649999737739563
2,1197973900,1678,1.0,0.9549999833106995
2,1197973900,1679,1.0,0.9449999928474426
2,1197973900,1680,1.0,0.949999988079071
2,1197973900,1681,1.0,0.9449999928474426
2,1197973900,1682,1.0,0.9599999785423279
2,1197973900,1683,1.0,0.9649999737739563
2,1197973900,1684,1.0,0.9649999737739563
2,1197973900,1685,1.0,0.9399999976158142
2,1197973900,1686,1.0,0.9649999737739563
2,1197973900,1687,1.0,0.9649999737739563
2,1197973900,1688,1.0,0.9649999737739563
2,1197973900,1689,1.0,0.9599999785423279
2,1197973900,1690,1.0,0.9649999737739563
2,1197973900,1691,1.0,0.9649999737739563
2,1197973900,1692,1.0,0.9599999785423279
2,1197973900,1693,1.0,0.9549999833106995
2,1197973900,1694,1.0,0.9699999690055847
2,1197973900,1695,1.0,0.9649999737739563
2,1197973900,1696,1.0,0.9699999690055847
2,1197973900,1697,1.0,0.9599999785423279
2,1197973900,1698,1.0,0.9699999690055847
2,1197973900,1699,1.0,0.9649999737739563
2,1197973900,1700,1.0,0.9649999737739563
2,1197973900,1701,1.0,0.9549999833106995
2,1197973900,1702,1.0,0.9599999785423279
2,1197973900,1703,1.0,0.9699999690055847
2,1197973900,1704,1.0,0.9599999785423279
2,1197973900,1705,1.0,0.949999988079071
2,1197973900,1706,1.0,0.9599999785423279
2,1197973900,1707,1.0,0.9699999690055847
2,1197973900,1708,1.0,0.9699999690055847
2,1197973900,1709,1.0,0.9649999737739563
2,1197973900,1710,1.0,0.9649999737739563
2,1197973900,1711,1.0,0.9599999785423279
2,1197973900,1712,1.0,0.9649999737739563
2,1197973900,1713,1.0,0.9599999785423279
2,1197973900,1714,1.0,0.9699999690055847
2,1197973900,1715,1.0,0.9599999785423279
2,1197973900,1716,1.0,0.9649999737739563
2,1197973900,1717,1.0,0.9649999737739563
2,1197973900,1718,1.0,0.9649999737739563
2,1197973900,1719,1.0,0.9649999737739563
2,1197973900,1720,1.0,0.9699999690055847
2,1197973900,1721,1.0,0.9749999642372131
2,1197973900,1722,1.0,0.9749999642372131
2,1197973900,1723,1.0,0.9749999642372131
2,1197973900,1724,1.0,0.9649999737739563
2,1197973900,1725,1.0,0.9649999737739563
2,1197973900,1726,1.0,0.9699999690055847
2,1197973900,1727,1.0,0.9599999785423279
2,1197973900,1728,1.0,0.9649999737739563
2,1197973900,1729,1.0,0.9699999690055847
2,1197973900,1730,1.0,0.9699999690055847
2,1197973900,1731,1.0,0.9749999642372131
2,1197973900,1732,1.0,0.9749999642372131
2,1197973900,1733,1.0,0.9749999642372131
2,1197973900,1734,1.0,0.9699999690055847
2,1197973900,1735,1.0,0.9649999737739563
2,1197973900,1736,1.0,0.9699999690055847
2,1197973900,1737,1.0,0.9749999642372131
2,1197973900,1738,1.0,0.9699999690055847
2,1197973900,1739,1.0,0.9699999690055847
2,1197973900,1740,1.0,0.9649999737739563
2,1197973900,1741,1.0,0.9749999642372131
2,1197973900,1742,1.0,0.9649999737739563
2,1197973900,1743,1.0,0.9699999690055847
2,1197973900,1744,1.0,0.9749999642372131
2,1197973900,1745,1.0,0.9649999737739563
2,1197973900,1746,1.0,0.9699999690055847
2,1197973900,1747,1.0,0.9699999690055847
2,1197973900,1748,1.0,0.9749999642372131
2,1197973900,1749,1.0,0.9699999690055847
2,1197973900,1750,1.0,0.9749999642372131
2,1197973900,1751,1.0,0.9749999642372131
2,1197973900,1752,1.0,0.9699999690055847
2,1197973900,1753,1.0,0.9749999642372131
2,1197973900,1754,1.0,0.9699999690055847
2,1197973900,1755,1.0,0.9649999737739563
2,1197973900,1756,1.0,0.9699999690055847
2,1197973900,1757,1.0,0.9699999690055847
2,1197973900,1758,1.0,0.9749999642372131
2,1197973900,1759,1.0,0.9699999690055847
2,1197973900,1760,1.0,0.9549999833106995
2,1197973900,1761,1.0,0.9749999642372131
2,1197973900,1762,1.0,0.9749999642372131
2,1197973900,1763,1.0,0.9749999642372131
2,1197973900,1764,1.0,0.9799999594688416
2,1197973900,1765,1.0,0.9699999690055847
2,1197973900,1766,1.0,0.9699999690055847
2,1197973900,1767,1.0,0.9749999642372131
2,1197973900,1768,1.0,0.9799999594688416
2,1197973900,1769,1.0,0.9749999642372131
2,1197973900,1770,1.0,0.9799999594688416
2,1197973900,1771,1.0,0.9799999594688416
2,1197973900,1772,1.0,0.9699999690055847
2,1197973900,1773,1.0,0.9749999642372131
2,1197973900,1774,1.0,0.9749999642372131
2,1197973900,1775,1.0,0.9749999642372131
2,1197973900,1776,1.0,0.9799999594688416
2,1197973900,1777,1.0,0.98499995470047
2,1197973900,1778,1.0,0.98499995470047
2,1197973900,1779,1.0,0.98499995470047
2,1197973900,1780,1.0,0.9749999642372131
2,1197973900,1781,1.0,0.9799999594688416
2,1197973900,1782,1.0,0.9799999594688416
2,1197973900,1783,1.0,0.9799999594688416
2,1197973900,1784,1.0,0.9799999594688416
2,1197973900,1785,1.0,0.9749999642372131
2,1197973900,1786,1.0,0.9749999642372131
2,1197973900,1787,1.0,0.98499995470047
2,1197973900,1788,1.0,0.9799999594688416
2,1197973900,1789,1.0,0.9749999642372131
2,1197973900,1790,1.0,0.9799999594688416
2,1197973900,1791,1.0,0.9799999594688416
2,1197973900,1792,1.0,0.98499995470047
2,1197973900,1793,1.0,0.9749999642372131
2,1197973900,1794,1.0,0.9749999642372131
2,1197973900,1795,1.0,0.9749999642372131
2,1197973900,1796,1.0,0.9799999594688416
2,1197973900,1797,1.0,0.9799999594688416
2,1197973900,1798,1.0,0.9799999594688416
2,1197973900,1799,1.0,0.9749999642372131
2,1197973900,1800,1.0,0.9799999594688416
2,1197973900,1801,1.0,0.9799999594688416
2,1197973900,1802,1.0,0.9799999594688416
2,1197973900,1803,1.0,0.9799999594688416
2,1197973900,1804,1.0,0.9899999499320984
2,1197973900,1805,1.0,0.9799999594688416
2,1197973900,1806,1.0,0.9950000047683716
2,1197973900,1807,1.0,0.98499995470047
2,1197973900,1808,1.0,0.98499995470047
2,1197973900,1809,1.0,0.98499995470047
2,1197973900,1810,1.0,0.9799999594688416
2,1197973900,1811,1.0,0.98499995470047
2,1197973900,1812,1.0,0.98499995470047
2,1197973900,1813,1.0,0.9799999594688416
2,1197973900,1814,1.0,0.9749999642372131
2,1197973900,1815,1.0,0.9799999594688416
2,1197973900,1816,1.0,0.9799999594688416
2,1197973900,1817,1.0,0.9799999594688416
2,1197973900,1818,1.0,0.98499995470047
2,1197973900,1819,1.0,0.98499995470047
2,1197973900,1820,1.0,0.98499995470047
2,1197973900,1821,1.0,0.9899999499320984
2,1197973900,1822,1.0,0.98499995470047
2,1197973900,1823,1.0,0.9799999594688416
2,1197973900,1824,1.0,0.98499995470047
2,1197973900,1825,1.0,0.9799999594688416
2,1197973900,1826,1.0,0.9799999594688416
2,1197973900,1827,1.0,0.9799999594688416
2,1197973900,1828,1.0,0.98499995470047
2,1197973900,1829,1.0,0.98499995470047
2,1197973900,1830,1.0,0.9799999594688416
2,1197973900,1831,1.0,0.9799999594688416
2,1197973900,1832,1.0,0.9899999499320984
2,1197973900,1833,1.0,0.98499995470047
2,1197973900,1834,1.0,0.98499995470047
2,1197973900,1835,1.0,0.98499995470047
2,1197973900,1836,1.0,0.98499995470047
2,1197973900,1837,1.0,0.9799999594688416
2,1197973900,1838,1.0,0.9799999594688416
2,1197973900,1839,1.0,0.9799999594688416
2,1197973900,1840,1.0,0.98499995470047
2,1197973900,1841,1.0,0.98499995470047
2,1197973900,1842,1.0,0.9799999594688416
2,1197973900,1843,1.0,0.98499995470047
2,1197973900,1844,1.0,0.98499995470047
2,1197973900,1845,1.0,0.98499995470047
2,1197973900,1846,1.0,0.98499995470047
2,1197973900,1847,1.0,0.98499995470047
2,1197973900,1848,1.0,0.9899999499320984
2,1197973900,1849,1.0,0.9899999499320984
2,1197973900,1850,1.0,0.9899999499320984
2,1197973900,1851,1.0,0.9899999499320984
2,1197973900,1852,1.0,0.9950000047683716
2,1197973900,1853,1.0,0.9899999499320984
2,1197973900,1854,1.0,0.9950000047683716
2,1197973900,1855,1.0,0.9950000047683716
2,1197973900,1856,1.0,0.9899999499320984
2,1197973900,1857,1.0,0.98499995470047
2,1197973900,1858,1.0,0.98499995470047
2,1197973900,1859,1.0,0.9899999499320984
2,1197973900,1860,1.0,0.9899999499320984
2,1197973900,1861,1.0,0.98499995470047
2,1197973900,1862,1.0,0.98499995470047
2,1197973900,1863,1.0,0.9899999499320984
2,1197973900,1864,1.0,0.9899999499320984
2,1197973900,1865,1.0,0.9950000047683716
2,1197973900,1866,1.0,0.9899999499320984
2,1197973900,1867,1.0,0.98499995470047
2,1197973900,1868,1.0,0.98499995470047
2,1197973900,1869,1.0,0.9899999499320984
2,1197973900,1870,1.0,0.98499995470047
2,1197973900,1871,1.0,0.9899999499320984
2,1197973900,1872,1.0,0.9899999499320984
2,1197973900,1873,1.0,0.9950000047683716
2,1197973900,1874,1.0,0.9950000047683716
2,1197973900,1875,1.0,0.98499995470047
2,1197973900,1876,1.0,0.98499995470047
2,1197973900,1877,1.0,0.98499995470047
2,1197973900,1878,1.0,0.98499995470047
2,1197973900,1879,1.0,0.98499995470047
2,1197973900,1880,1.0,0.9950000047683716
2,1197973900,1881,1.0,0.9950000047683716
2,1197973900,1882,1.0,0.9950000047683716
2,1197973900,1883,1.0,0.9950000047683716
2,1197973900,1884,1.0,0.9899999499320984
2,1197973900,1885,1.0,0.9950000047683716
2,1197973900,1886,1.0,0.9950000047683716
2,1197973900,1887,1.0,0.9899999499320984
2,1197973900,1888,1.0,0.9950000047683716
2,1197973900,1889,1.0,0.9899999499320984
2,1197973900,1890,1.0,0.98499995470047
2,1197973900,1891,1.0,0.9950000047683716
2,1197973900,1892,1.0,0.9950000047683716
2,1197973900,1893,1.0,0.9899999499320984
2,1197973900,1894,1.0,0.9950000047683716
2,1197973900,1895,1.0,0.9950000047683716
2,1197973900,1896,1.0,0.9950000047683716
2,1197973900,1897,1.0,0.9950000047683716
2,1197973900,1898,1.0,0.9950000047683716
2,1197973900,1899,1.0,0.9950000047683716
2,1197973900,1900,1.0,0.9950000047683716
2,1197973900,1901,1.0,0.9899999499320984
2,1197973900,1902,1.0,0.9950000047683716
2,1197973900,1903,1.0,0.9950000047683716
2,1197973900,1904,1.0,0.9950000047683716
2,1197973900,1905,1.0,0.9899999499320984
2,1197973900,1906,1.0,0.9899999499320984
2,1197973900,1907,1.0,0.9899999499320984
2,1197973900,1908,1.0,0.9899999499320984
2,1197973900,1909,1.0,0.9899999499320984
2,1197973900,1910,1.0,0.9899999499320984
2,1197973900,1911,1.0,0.9950000047683716
2,1197973900,1912,1.0,0.9950000047683716
2,1197973900,1913,1.0,0.9950000047683716
2,1197973900,1914,1.0,0.9950000047683716
2,1197973900,1915,1.0,0.9950000047683716
2,1197973900,1916,1.0,0.9950000047683716
2,1197973900,1917,1.0,0.9950000047683716
2,1197973900,1918,1.0,0.9950000047683716
2,1197973900,1919,1.0,0.9950000047683716
2,1197973900,1920,1.0,0.9950000047683716
2,1197973900,1921,1.0,0.9950000047683716
2,1197973900,1922,1.0,0.9899999499320984
2,1197973900,1923,1.0,0.9899999499320984
2,1197973900,1924,1.0,0.9950000047683716
2,1197973900,1925,1.0,0.9950000047683716
2,1197973900,1926,1.0,0.9950000047683716
2,1197973900,1927,1.0,0.9950000047683716
2,1197973900,1928,1.0,0.9950000047683716
2,1197973900,1929,1.0,0.9950000047683716
2,1197973900,1930,1.0,0.9950000047683716
2,1197973900,1931,1.0,0.9899999499320984
2,1197973900,1932,1.0,0.9899999499320984
2,1197973900,1933,1.0,0.9899999499320984
2,1197973900,1934,1.0,0.9950000047683716
2,1197973900,1935,1.0,0.9950000047683716
2,1197973900,1936,1.0,0.9950000047683716
2,1197973900,1937,1.0,0.9950000047683716
2,1197973900,1938,1.0,0.9950000047683716
2,1197973900,1939,1.0,0.9950000047683716
2,1197973900,1940,1.0,0.9950000047683716
2,1197973900,1941,1.0,0.9950000047683716
2,1197973900,1942,1.0,0.9950000047683716
2,1197973900,1943,1.0,0.9950000047683716
2,1197973900,1944,1.0,0.9950000047683716
2,1197973900,1945,1.0,0.9950000047683716
2,1197973900,1946,1.0,0.9950000047683716
2,1197973900,1947,1.0,0.9950000047683716
2,1197973900,1948,1.0,0.9950000047683716
2,1197973900,1949,1.0,0.9950000047683716
2,1197973900,1950,1.0,0.9950000047683716
2,1197973900,1951,1.0,0.9950000047683716
2,1197973900,1952,1.0,0.9950000047683716
2,1197973900,1953,1.0,0.9950000047683716
2,1197973900,1954,1.0,0.9950000047683716
2,1197973900,1955,1.0,0.9950000047683716
2,1197973900,1956,1.0,0.9950000047683716
2,1197973900,1957,1.0,0.9950000047683716
2,1197973900,1958,1.0,0.9950000047683716
2,1197973900,1959,1.0,0.9950000047683716
2,1197973900,1960,1.0,0.9950000047683716
2,1197973900,1961,1.0,1.0
2,1197973900,1962,1.0,0.9950000047683716
2,1197973900,1963,1.0,0.9950000047683716
2,1197973900,1964,1.0,0.9950000047683716
2,1197973900,1965,1.0,0.9950000047683716
2,1197973900,1966,1.0,1.0
2,1197973900,1967,1.0,0.9950000047683716
2,1197973900,1968,1.0,0.9950000047683716
2,1197973900,1969,1.0,0.9950000047683716
2,1197973900,1970,1.0,0.9950000047683716
2,1197973900,1971,1.0,0.9950000047683716
2,1197973900,1972,1.0,0.9950000047683716
2,1197973900,1973,1.0,0.9950000047683716
2,1197973900,1974,1.0,0.9950000047683716
2,1197973900,1975,1.0,1.0
2,1197973900,1976,1.0,1.0
2,1197973900,1977,1.0,0.9950000047683716
2,1197973900,1978,1.0,1.0
2,1197973900,1979,1.0,0.9950000047683716
2,1197973900,1980,1.0,0.9950000047683716
2,1197973900,1981,1.0,1.0
2,1197973900,1982,1.0,0.9950000047683716
2,1197973900,1983,1.0,0.9950000047683716
2,1197973900,1984,1.0,1.0
2,1197973900,1985,1.0,1.0
2,1197973900,1986,1.0,0.9950000047683716
2,1197973900,1987,1.0,0.9950000047683716
2,1197973900,1988,1.0,1.0
2,1197973900,1989,1.0,1.0
2,1197973900,1990,1.0,1.0
2,1197973900,1991,1.0,1.0
2,1197973900,1992,1.0,0.9950000047683716
2,1197973900,1993,1.0,0.9950000047683716
2,1197973900,1994,1.0,0.9950000047683716
2,1197973900,1995,1.0,0.9950000047683716
2,1197973900,1996,1.0,1.0
2,1197973900,1997,1.0,1.0
2,1197973900,1998,1.0,1.0
2,1197973900,1999,1.0,1.0
2,1197973900,2000,1.0,0.9950000047683716
2,1197973900,2001,1.0,0.9950000047683716
2,1197973900,2002,1.0,0.9950000047683716
2,1197973900,2003,1.0,0.9950000047683716
2,1197973900,2004,1.0,1.0
2,1197973900,2005,1.0,1.0
2,1197973900,2006,1.0,1.0
2,1197973900,2007,1.0,0.9950000047683716
2,1197973900,2008,1.0,1.0
2,1197973900,2009,1.0,1.0
2,1197973900,2010,1.0,1.0
2,1197973900,2011,1.0,1.0
2,1197973900,2012,1.0,1.0
2,1197973900,2013,1.0,1.0
2,1197973900,2014,1.0,1.0
2,1197973900,2015,1.0,0.9950000047683716
2,1197973900,2016,1.0,0.9950000047683716
2,1197973900,2017,1.0,0.9950000047683716
2,1197973900,2018,1.0,1.0
2,1197973900,2019,1.0,1.0
2,1197973900,2020,1.0,1.0
2,1197973900,2021,1.0,1.0
2,1197973900,2022,1.0,1.0
2,1197973900,2023,1.0,1.0
2,1197973900,2024,1.0,1.0
2,1197973900,2025,1.0,1.0
2,1197973900,2026,1.0,1.0
2,1197973900,2027,1.0,0.9950000047683716
2,1197973900,2028,1.0,0.9950000047683716
2,1197973900,2029,1.0,1.0
2,1197973900,2030,1.0,1.0
2,1197973900,2031,1.0,1.0
2,1197973900,2032,1.0,1.0
2,1197973900,2033,1.0,1.0
2,1197973900,2034,1.0,1.0
2,1197973900,2035,1.0,1.0
2,1197973900,2036,1.0,1.0
2,1197973900,2037,1.0,1.0
2,1197973900,2038,1.0,1.0
2,1197973900,2039,1.0,1.0
2,1197973900,2040,1.0,1.0
2,1197973900,2041,1.0,1.0
2,1197973900,2042,1.0,1.0
2,1197973900,2043,1.0,1.0
2,1197973900,2044,1.0,1.0
2,1197973900,2045,1.0,1.0
2,1197973900,2046,1.0,1.0
2,1197973900,2047,1.0,1.0
2,1197973900,2048,1.0,1.0
2,1197973900,2049,1.0,1.0
2,1197973900,2050,1.0,1.0
2,1197973900,2051,1.0,1.0
2,1197973900,2052,1.0,1.0
2,1197973900,2053,1.0,1.0
2,1197973900,2054,1.0,1.0
2,1197973900,2055,1.0,1.0
2,1197973900,2056,1.0,1.0
2,1197973900,2057,1.0,1.0
2,1197973900,2058,1.0,1.0
2,1197973900,2059,1.0,1.0
2,1197973900,2060,1.0,1.0
2,1197973900,2061,1.0,1.0
2,1197973900,2062,1.0,0.9950000047683716
2,1197973900,2063,1.0,1.0
2,1197973900,2064,1.0,1.0
2,1197973900,2065,1.0,1.0
2,1197973900,2066,1.0,1.0
2,1197973900,2067,1.0,1.0
2,1197973900,2068,1.0,1.0
2,1197973900,2069,1.0,1.0
2,1197973900,2070,1.0,1.0
2,1197973900,2071,1.0,1.0
2,1197973900,2072,1.0,1.0
2,1197973900,2073,1.0,1.0
2,1197973900,2074,1.0,1.0
2,1197973900,2075,1.0,1.0
2,1197973900,2076,1.0,1.0
2,1197973900,2077,1.0,1.0
2,1197973900,2078,1.0,1.0
2,1197973900,2079,1.0,1.0
2,1197973900,2080,1.0,1.0
2,1197973900,2081,1.0,1.0
2,1197973900,2082,1.0,1.0
2,1197973900,2083,1.0,1.0
2,1197973900,2084,1.0,1.0
2,1197973900,2085,1.0,1.0
2,1197973900,2086,1.0,1.0
2,1197973900,2087,1.0,1.0
2,1197973900,2088,1.0,1.0
2,1197973900,2089,1.0,1.0
2,1197973900,2090,1.0,1.0
2,1197973900,2091,1.0,1.0
2,1197973900,2092,1.0,1.0
2,1197973900,2093,1.0,1.0
2,1197973900,2094,1.0,1.0
2,1197973900,2095,1.0,1.0
2,1197973900,2096,1.0,1.0
2,1197973900,2097,1.0,1.0
2,1197973900,2098,1.0,1.0
2,1197973900,2099,1.0,1.0
2,1197973900,2100,1.0,1.0
2,1197973900,2101,1.0,1.0
2,1197973900,2102,1.0,1.0
2,1197973900,2103,1.0,1.0
2,1197973900,2104,1.0,1.0
2,1197973900,2105,1.0,1.0
2,1197973900,2106,1.0,1.0
2,1197973900,2107,1.0,1.0
2,1197973900,2108,1.0,1.0
2,1197973900,2109,1.0,1.0
2,1197973900,2110,1.0,1.0
2,1197973900,2111,1.0,1.0
2,1197973900,2112,1.0,1.0
2,1197973900,2113,1.0,1.0
2,1197973900,2114,1.0,1.0
2,1197973900,2115,1.0,1.0
2,1197973900,2116,1.0,1.0
2,1197973900,2117,1.0,1.0
2,1197973900,2118,1.0,1.0
2,1197973900,2119,1.0,1.0
2,1197973900,2120,1.0,1.0
2,1197973900,2121,1.0,1.0
2,1197973900,2122,1.0,1.0
2,1197973900,2123,1.0,1.0
2,1197973900,2124,1.0,1.0
2,1197973900,2125,1.0,1.0
2,1197973900,2126,1.0,1.0
2,1197973900,2127,1.0,1.0
2,1197973900,2128,1.0,1.0
2,1197973900,2129,1.0,1.0
2,1197973900,2130,1.0,1.0
2,1197973900,2131,1.0,1.0
2,1197973900,2132,1.0,1.0
2,1197973900,2133,1.0,1.0
2,1197973900,2134,1.0,1.0
2,1197973900,2135,1.0,1.0
2,1197973900,2136,1.0,1.0
2,1197973900,2137,1.0,1.0
2,1197973900,2138,1.0,1.0
2,1197973900,2139,1.0,1.0
2,1197973900,2140,1.0,1.0
2,1197973900,2141,1.0,1.0
2,1197973900,2142,1.0,1.0
2,1197973900,2143,1.0,1.0
2,1197973900,2144,1.0,1.0
2,1197973900,2145,1.0,1.0
2,1197973900,2146,1.0,1.0
2,1197973900,2147,1.0,1.0
2,1197973900,2148,1.0,1.0
2,1197973900,2149,1.0,1.0
2,1197973900,2150,1.0,1.0
2,1197973900,2151,1.0,1.0
2,1197973900,2152,1.0,1.0
2,1197973900,2153,1.0,1.0
2,1197973900,2154,1.0,1.0
2,1197973900,2155,1.0,1.0
2,1197973900,2156,1.0,1.0
2,1197973900,2157,1.0,1.0
2,1197973900,2158,1.0,1.0
2,1197973900,2159,1.0,1.0
2,1197973900,2160,1.0,1.0
2,1197973900,2161,1.0,1.0
2,1197973900,2162,1.0,1.0
2,1197973900,2163,1.0,1.0
2,1197973900,2164,1.0,1.0
2,1197973900,2165,1.0,1.0
2,1197973900,2166,1.0,1.0
2,1197973900,2167,1.0,1.0
2,1197973900,2168,1.0,1.0
2,1197973900,2169,1.0,1.0
2,1197973900,2170,1.0,1.0
2,1197973900,2171,1.0,1.0
2,1197973900,2172,1.0,1.0
2,1197973900,2173,1.0,1.0
2,1197973900,2174,1.0,1.0
2,1197973900,2175,1.0,1.0
2,1197973900,2176,1.0,1.0
2,1197973900,2177,1.0,1.0
2,1197973900,2178,1.0,1.0
2,1197973900,2179,1.0,1.0
2,1197973900,2180,1.0,1.0
2,1197973900,2181,1.0,1.0
2,1197973900,2182,1.0,1.0
2,1197973900,2183,1.0,1.0
2,1197973900,2184,1.0,1.0
2,1197973900,2185,1.0,1.0
2,1197973900,2186,1.0,1.0
2,1197973900,2187,1.0,1.0
2,1197973900,2188,1.0,1.0
2,1197973900,2189,1.0,1.0
2,1197973900,2190,1.0,1.0
2,1197973900,2191,1.0,1.0
2,1197973900,2192,1.0,1.0
2,1197973900,2193,1.0,1.0
2,1197973900,2194,1.0,1.0
2,1197973900,2195,1.0,1.0
2,1197973900,2196,1.0,1.0
2,1197973900,2197,1.0,1.0
2,1197973900,2198,1.0,1.0
2,1197973900,2199,1.0,1.0
2,1197973900,2200,1.0,1.0
2,1197973900,2201,1.0,1.0
2,1197973900,2202,1.0,1.0
2,1197973900,2203,1.0,1.0
2,1197973900,2204,1.0,1.0
2,1197973900,2205,1.0,1.0
2,1197973900,2206,1.0,1.0
2,1197973900,2207,1.0,1.0
2,1197973900,2208,1.0,1.0
2,1197973900,2209,1.0,1.0
2,1197973900,2210,1.0,1.0
2,1197973900,2211,1.0,1.0
2,1197973900,2212,1.0,1.0
2,1197973900,2213,1.0,1.0
2,1197973900,2214,1.0,1.0
2,1197973900,2215,1.0,1.0
2,1197973900,2216,1.0,1.0
2,1197973900,2217,1.0,1.0
2,1197973900,2218,1.0,1.0
2,1197973900,2219,1.0,1.0
2,1197973900,2220,1.0,1.0
2,1197973900,2221,1.0,1.0
2,1197973900,2222,1.0,1.0
2,1197973900,2223,1.0,1.0
2,1197973900,2224,1.0,1.0
2,1197973900,2225,1.0,1.0
2,1197973900,2226,1.0,1.0
2,1197973900,2227,1.0,1.0
2,1197973900,2228,1.0,1.0
2,1197973900,2229,1.0,1.0
2,1197973900,2230,1.0,1.0
2,1197973900,2231,1.0,1.0
2,1197973900,2232,1.0,1.0
2,1197973900,2233,1.0,1.0
2,1197973900,2234,1.0,1.0
2,1197973900,2235,1.0,1.0
2,1197973900,2236,1.0,1.0
2,1197973900,2237,1.0,1.0
2,1197973900,2238,1.0,1.0
2,1197973900,2239,1.0,1.0
2,1197973900,2240,1.0,1.0
2,1197973900,2241,1.0,1.0
2,1197973900,2242,1.0,1.0
2,1197973900,2243,1.0,1.0
2,1197973900,2244,1.0,1.0
2,1197973900,2245,1.0,1.0
2,1197973900,2246,1.0,1.0
2,1197973900,2247,1.0,1.0
2,1197973900,2248,1.0,1.0
2,1197973900,2249,1.0,1.0
2,1197973900,2250,1.0,1.0
2,1197973900,2251,1.0,1.0
2,1197973900,2252,1.0,1.0
2,1197973900,2253,1.0,1.0
2,1197973900,2254,1.0,1.0
2,1197973900,2255,1.0,1.0
2,1197973900,2256,1.0,1.0
2,1197973900,2257,1.0,1.0
2,1197973900,2258,1.0,1.0
2,1197973900,2259,1.0,1.0
2,1197973900,2260,1.0,1.0
2,1197973900,2261,1.0,1.0
2,1197973900,2262,1.0,1.0
2,1197973900,2263,1.0,1.0
2,1197973900,2264,1.0,1.0
2,1197973900,2265,1.0,1.0
2,1197973900,2266,1.0,1.0
2,1197973900,2267,1.0,1.0
2,1197973900,2268,1.0,1.0
2,1197973900,2269,1.0,1.0
2,1197973900,2270,1.0,1.0
2,1197973900,2271,1.0,1.0
2,1197973900,2272,1.0,1.0
2,1197973900,2273,1.0,1.0
2,1197973900,2274,1.0,1.0
2,1197973900,2275,1.0,1.0
2,1197973900,2276,1.0,1.0
2,1197973900,2277,1.0,1.0
2,1197973900,2278,1.0,1.0
2,1197973900,2279,1.0,1.0
2,1197973900,2280,1.0,1.0
2,1197973900,2281,1.0,1.0
2,1197973900,2282,1.0,1.0
2,1197973900,2283,1.0,1.0
2,1197973900,2284,1.0,1.0
2,1197973900,2285,1.0,1.0
2,1197973900,2286,1.0,1.0
2,1197973900,2287,1.0,1.0
2,1197973900,2288,1.0,1.0
2,1197973900,2289,1.0,1.0
2,1197973900,2290,1.0,1.0
2,1197973900,2291,1.0,1.0
2,1197973900,2292,1.0,1.0
2,1197973900,2293,1.0,1.0
2,1197973900,2294,1.0,1.0
2,1197973900,2295,1.0,1.0
2,1197973900,2296,1.0,1.0
2,1197973900,2297,1.0,1.0
2,1197973900,2298,1.0,1.0
2,1197973900,2299,1.0,1.0
2,1197973900,2300,1.0,1.0
2,1197973900,2301,1.0,1.0
2,1197973900,2302,1.0,1.0
2,1197973900,2303,1.0,1.0
2,1197973900,2304,1.0,1.0
2,1197973900,2305,1.0,1.0
2,1197973900,2306,1.0,1.0
2,1197973900,2307,1.0,1.0
2,1197973900,2308,1.0,1.0
2,1197973900,2309,1.0,1.0
2,1197973900,2310,1.0,1.0
2,1197973900,2311,1.0,1.0
2,1197973900,2312,1.0,1.0
2,1197973900,2313,1.0,1.0
2,1197973900,2314,1.0,1.0
2,1197973900,2315,1.0,1.0
2,1197973900,2316,1.0,1.0
2,1197973900,2317,1.0,1.0
2,1197973900,2318,1.0,1.0
2,1197973900,2319,1.0,1.0
2,1197973900,2320,1.0,1.0
2,1197973900,2321,1.0,1.0
2,1197973900,2322,1.0,1.0
2,1197973900,2323,1.0,1.0
2,1197973900,2324,1.0,1.0
2,1197973900,2325,1.0,1.0
2,1197973900,2326,1.0,1.0
2,1197973900,2327,1.0,1.0
2,1197973900,2328,1.0,1.0
2,1197973900,2329,1.0,1.0
2,1197973900,2330,1.0,1.0
2,1197973900,2331,1.0,1.0
2,1197973900,2332,1.0,1.0
2,1197973900,2333,1.0,1.0
2,1197973900,2334,1.0,1.0
2,1197973900,2335,1.0,1.0
2,1197973900,2336,1.0,1.0
2,1197973900,2337,1.0,1.0
2,1197973900,2338,1.0,1.0
2,1197973900,2339,1.0,1.0
2,1197973900,2340,1.0,1.0
2,1197973900,2341,1.0,1.0
2,1197973900,2342,1.0,1.0
2,1197973900,2343,1.0,1.0
2,1197973900,2344,1.0,1.0
2,1197973900,2345,1.0,1.0
2,1197973900,2346,1.0,1.0
2,1197973900,2347,1.0,1.0
2,1197973900,2348,1.0,1.0
2,1197973900,2349,1.0,1.0
2,1197973900,2350,1.0,1.0
2,1197973900,2351,1.0,1.0
2,1197973900,2352,1.0,1.0
2,1197973900,2353,1.0,1.0
2,1197973900,2354,1.0,1.0
2,1197973900,2355,1.0,1.0
2,1197973900,2356,1.0,1.0
2,1197973900,2357,1.0,1.0
2,1197973900,2358,1.0,1.0
2,1197973900,2359,1.0,1.0
2,1197973900,2360,1.0,1.0
2,1197973900,2361,1.0,1.0
2,1197973900,2362,1.0,1.0
2,1197973900,2363,1.0,1.0
2,1197973900,2364,1.0,1.0
2,1197973900,2365,1.0,1.0
2,1197973900,2366,1.0,1.0
2,1197973900,2367,1.0,1.0
2,1197973900,2368,1.0,1.0
2,1197973900,2369,1.0,1.0
2,1197973900,2370,1.0,1.0
2,1197973900,2371,1.0,1.0
2,1197973900,2372,1.0,1.0
2,1197973900,2373,1.0,1.0
2,1197973900,2374,1.0,1.0
2,1197973900,2375,1.0,1.0
2,1197973900,2376,1.0,1.0
2,1197973900,2377,1.0,1.0
2,1197973900,2378,1.0,1.0
2,1197973900,2379,1.0,1.0
2,1197973900,2380,1.0,1.0
2,1197973900,2381,1.0,1.0
2,1197973900,2382,1.0,1.0
2,1197973900,2383,1.0,1.0
2,1197973900,2384,1.0,1.0
2,1197973900,2385,1.0,1.0
2,1197973900,2386,1.0,1.0
2,1197973900,2387,1.0,1.0
2,1197973900,2388,1.0,1.0
2,1197973900,2389,1.0,1.0
2,1197973900,2390,1.0,1.0
2,1197973900,2391,1.0,1.0
2,1197973900,2392,1.0,1.0
2,1197973900,2393,1.0,1.0
2,1197973900,2394,1.0,1.0
2,1197973900,2395,1.0,1.0
2,1197973900,2396,1.0,1.0
2,1197973900,2397,1.0,1.0
2,1197973900,2398,1.0,1.0
2,1197973900,2399,1.0,1.0
2,1197973900,2400,1.0,1.0
2,1197973900,2401,1.0,1.0
2,1197973900,2402,1.0,1.0
2,1197973900,2403,1.0,1.0
2,1197973900,2404,1.0,1.0
2,1197973900,2405,1.0,1.0
2,1197973900,2406,1.0,1.0
2,1197973900,2407,1.0,1.0
2,1197973900,2408,1.0,1.0
2,1197973900,2409,1.0,1.0
2,1197973900,2410,1.0,1.0
2,1197973900,2411,1.0,1.0
2,1197973900,2412,1.0,1.0
2,1197973900,2413,1.0,1.0
2,1197973900,2414,1.0,1.0
2,1197973900,2415,1.0,1.0
2,1197973900,2416,1.0,1.0
2,1197973900,2417,1.0,1.0
2,1197973900,2418,1.0,1.0
2,1197973900,2419,1.0,1.0
2,1197973900,2420,1.0,1.0
2,1197973900,2421,1.0,1.0
2,1197973900,2422,1.0,1.0
2,1197973900,2423,1.0,1.0
2,1197973900,2424,1.0,1.0
2,1197973900,2425,1.0,1.0
2,1197973900,2426,1.0,1.0
2,1197973900,2427,1.0,1.0
2,1197973900,2428,1.0,1.0
2,1197973900,2429,1.0,1.0
2,1197973900,2430,1.0,1.0
2,1197973900,2431,1.0,1.0
2,1197973900,2432,1.0,1.0
2,1197973900,2433,1.0,1.0
2,1197973900,2434,1.0,1.0
2,1197973900,2435,1.0,1.0
2,1197973900,2436,1.0,1.0
2,1197973900,2437,1.0,1.0
2,1197973900,2438,1.0,1.0
2,1197973900,2439,1.0,1.0
2,1197973900,2440,1.0,1.0
2,1197973900,2441,1.0,1.0
2,1197973900,2442,1.0,1.0
2,1197973900,2443,1.0,1.0
2,1197973900,2444,1.0,1.0
2,1197973900,2445,1.0,1.0
2,1197973900,2446,1.0,1.0
2,1197973900,2447,1.0,1.0
2,1197973900,2448,1.0,1.0
2,1197973900,2449,1.0,1.0
2,1197973900,2450,1.0,1.0
2,1197973900,2451,1.0,1.0
2,1197973900,2452,1.0,1.0
2,1197973900,2453,1.0,1.0
2,1197973900,2454,1.0,1.0
2,1197973900,2455,1.0,1.0
2,1197973900,2456,1.0,1.0
2,1197973900,2457,1.0,1.0
2,1197973900,2458,1.0,1.0
2,1197973900,2459,1.0,1.0
2,1197973900,2460,1.0,1.0
2,1197973900,2461,1.0,1.0
2,1197973900,2462,1.0,1.0
2,1197973900,2463,1.0,1.0
2,1197973900,2464,1.0,1.0
2,1197973900,2465,1.0,1.0
2,1197973900,2466,1.0,1.0
2,1197973900,2467,1.0,1.0
2,1197973900,2468,1.0,1.0
2,1197973900,2469,1.0,1.0
2,1197973900,2470,1.0,1.0
2,1197973900,2471,1.0,1.0
2,1197973900,2472,1.0,1.0
2,1197973900,2473,1.0,1.0
2,1197973900,2474,1.0,1.0
2,1197973900,2475,1.0,1.0
2,1197973900,2476,1.0,1.0
2,1197973900,2477,1.0,1.0
2,1197973900,2478,1.0,1.0
2,1197973900,2479,1.0,1.0
2,1197973900,2480,1.0,1.0
2,1197973900,2481,1.0,1.0
2,1197973900,2482,1.0,1.0
2,1197973900,2483,1.0,1.0
2,1197973900,2484,1.0,1.0
2,1197973900,2485,1.0,1.0
2,1197973900,2486,1.0,1.0
2,1197973900,2487,1.0,1.0
2,1197973900,2488,1.0,1.0
2,1197973900,2489,1.0,1.0
2,1197973900,2490,1.0,1.0
2,1197973900,2491,1.0,1.0
2,1197973900,2492,1.0,1.0
2,1197973900,2493,1.0,1.0
2,1197973900,2494,1.0,1.0
2,1197973900,2495,1.0,1.0
2,1197973900,2496,1.0,1.0
2,1197973900,2497,1.0,1.0
2,1197973900,2498,1.0,1.0
2,1197973900,2499,1.0,1.0
2,1197973900,2500,1.0,1.0
2,1197973900,2501,1.0,1.0
2,1197973900,2502,1.0,1.0
2,1197973900,2503,1.0,1.0
2,1197973900,2504,1.0,1.0
2,1197973900,2505,1.0,1.0
2,1197973900,2506,1.0,1.0
2,1197973900,2507,1.0,1.0
2,1197973900,2508,1.0,1.0
2,1197973900,2509,1.0,1.0
2,1197973900,2510,1.0,1.0
2,1197973900,2511,1.0,1.0
2,1197973900,2512,1.0,1.0
2,1197973900,2513,1.0,1.0
2,1197973900,2514,1.0,1.0
2,1197973900,2515,1.0,1.0
2,1197973900,2516,1.0,1.0
2,1197973900,2517,1.0,1.0
2,1197973900,2518,1.0,1.0
2,1197973900,2519,1.0,1.0
2,1197973900,2520,1.0,1.0
2,1197973900,2521,1.0,1.0
2,1197973900,2522,1.0,1.0
2,1197973900,2523,1.0,1.0
2,1197973900,2524,1.0,1.0
2,1197973900,2525,1.0,1.0
2,1197973900,2526,1.0,1.0
2,1197973900,2527,1.0,1.0
2,1197973900,2528,1.0,1.0
2,1197973900,2529,1.0,1.0
2,1197973900,2530,1.0,1.0
2,1197973900,2531,1.0,1.0
2,1197973900,2532,1.0,1.0
2,1197973900,2533,1.0,1.0
2,1197973900,2534,1.0,1.0
2,1197973900,2535,1.0,1.0
2,1197973900,2536,1.0,1.0
2,1197973900,2537,1.0,1.0
2,1197973900,2538,1.0,1.0
2,1197973900,2539,1.0,1.0
2,1197973900,2540,1.0,1.0
2,1197973900,2541,1.0,1.0
2,1197973900,2542,1.0,1.0
2,1197973900,2543,1.0,1.0
2,1197973900,2544,1.0,1.0
2,1197973900,2545,1.0,1.0
2,1197973900,2546,1.0,1.0
2,1197973900,2547,1.0,1.0
2,1197973900,2548,1.0,1.0
2,1197973900,2549,1.0,1.0
2,1197973900,2550,1.0,1.0
2,1197973900,2551,1.0,1.0
2,1197973900,2552,1.0,1.0
2,1197973900,2553,1.0,1.0
2,1197973900,2554,1.0,1.0
2,1197973900,2555,1.0,1.0
2,1197973900,2556,1.0,1.0
2,1197973900,2557,1.0,1.0
2,1197973900,2558,1.0,1.0
2,1197973900,2559,1.0,1.0
2,1197973900,2560,1.0,1.0
2,1197973900,2561,1.0,1.0
2,1197973900,2562,1.0,1.0
2,1197973900,2563,1.0,1.0
2,1197973900,2564,1.0,1.0
2,1197973900,2565,1.0,1.0
2,1197973900,2566,1.0,1.0
2,1197973900,2567,1.0,1.0
2,1197973900,2568,1.0,1.0
2,1197973900,2569,1.0,1.0
2,1197973900,2570,1.0,1.0
2,1197973900,2571,1.0,1.0
2,1197973900,2572,1.0,1.0
2,1197973900,2573,1.0,1.0
2,1197973900,2574,1.0,1.0
2,1197973900,2575,1.0,1.0
2,1197973900,2576,1.0,1.0
2,1197973900,2577,1.0,1.0
2,1197973900,2578,1.0,1.0
2,1197973900,2579,1.0,1.0
2,1197973900,2580,1.0,1.0
2,1197973900,2581,1.0,1.0
2,1197973900,2582,1.0,1.0
2,1197973900,2583,1.0,1.0
2,1197973900,2584,1.0,1.0
2,1197973900,2585,1.0,1.0
2,1197973900,2586,1.0,1.0
2,1197973900,2587,1.0,1.0
2,1197973900,2588,1.0,1.0
2,1197973900,2589,1.0,1.0
2,1197973900,2590,1.0,1.0
2,1197973900,2591,1.0,1.0
2,1197973900,2592,1.0,1.0
2,1197973900,2593,1.0,1.0
2,1197973900,2594,1.0,1.0
2,1197973900,2595,1.0,1.0
2,1197973900,2596,1.0,1.0
2,1197973900,2597,1.0,1.0
2,1197973900,2598,1.0,1.0
2,1197973900,2599,1.0,1.0
2,1197973900,2600,1.0,1.0
2,1197973900,2601,1.0,1.0
2,1197973900,2602,1.0,1.0
2,1197973900,2603,1.0,1.0
2,1197973900,2604,1.0,1.0
2,1197973900,2605,1.0,1.0
2,1197973900,2606,1.0,1.0
2,1197973900,2607,1.0,1.0
2,1197973900,2608,1.0,1.0
2,1197973900,2609,1.0,1.0
2,1197973900,2610,1.0,1.0
2,1197973900,2611,1.0,1.0
2,1197973900,2612,1.0,1.0
2,1197973900,2613,1.0,1.0
2,1197973900,2614,1.0,1.0
2,1197973900,2615,1.0,1.0
2,1197973900,2616,1.0,1.0
2,1197973900,2617,1.0,1.0
2,1197973900,2618,1.0,1.0
2,1197973900,2619,1.0,1.0
2,1197973900,2620,1.0,1.0
2,1197973900,2621,1.0,1.0
2,1197973900,2622,1.0,1.0
2,1197973900,2623,1.0,1.0
2,1197973900,2624,1.0,1.0
2,1197973900,2625,1.0,1.0
2,1197973900,2626,1.0,1.0
2,1197973900,2627,1.0,1.0
2,1197973900,2628,1.0,1.0
2,1197973900,2629,1.0,1.0
2,1197973900,2630,1.0,1.0
2,1197973900,2631,1.0,1.0
2,1197973900,2632,1.0,1.0
2,1197973900,2633,1.0,1.0
2,1197973900,2634,1.0,1.0
2,1197973900,2635,1.0,1.0
2,1197973900,2636,1.0,1.0
2,1197973900,2637,1.0,1.0
2,1197973900,2638,1.0,1.0
2,1197973900,2639,1.0,1.0
2,1197973900,2640,1.0,1.0
2,1197973900,2641,1.0,1.0
2,1197973900,2642,1.0,1.0
2,1197973900,2643,1.0,1.0
2,1197973900,2644,1.0,1.0
2,1197973900,2645,1.0,1.0
2,1197973900,2646,1.0,1.0
2,1197973900,2647,1.0,1.0
2,1197973900,2648,1.0,1.0
2,1197973900,2649,1.0,1.0
2,1197973900,2650,1.0,1.0
2,1197973900,2651,1.0,1.0
2,1197973900,2652,1.0,1.0
2,1197973900,2653,1.0,1.0
2,1197973900,2654,1.0,1.0
2,1197973900,2655,1.0,1.0
2,1197973900,2656,1.0,1.0
2,1197973900,2657,1.0,1.0
2,1197973900,2658,1.0,1.0
2,1197973900,2659,1.0,1.0
2,1197973900,2660,1.0,1.0
2,1197973900,2661,1.0,1.0
2,1197973900,2662,1.0,1.0
2,1197973900,2663,1.0,1.0
2,1197973900,2664,1.0,1.0
2,1197973900,2665,1.0,1.0
2,1197973900,2666,1.0,1.0
2,1197973900,2667,1.0,1.0
2,1197973900,2668,1.0,1.0
2,1197973900,2669,1.0,1.0
2,1197973900,2670,1.0,1.0
2,1197973900,2671,1.0,1.0
2,1197973900,2672,1.0,1.0
2,1197973900,2673,1.0,1.0
2,1197973900,2674,1.0,1.0
2,1197973900,2675,1.0,1.0
2,1197973900,2676,1.0,1.0
2,1197973900,2677,1.0,1.0
2,1197973900,2678,1.0,1.0
2,1197973900,2679,1.0,1.0
2,1197973900,2680,1.0,1.0
2,1197973900,2681,1.0,1.0
2,1197973900,2682,1.0,1.0
2,1197973900,2683,1.0,1.0
2,1197973900,2684,1.0,1.0
2,1197973900,2685,1.0,1.0
2,1197973900,2686,1.0,1.0
2,1197973900,2687,1.0,1.0
2,1197973900,2688,1.0,1.0
2,1197973900,2689,1.0,1.0
2,1197973900,2690,1.0,1.0
2,1197973900,2691,1.0,1.0
2,1197973900,2692,1.0,1.0
2,1197973900,2693,1.0,1.0
2,1197973900,2694,1.0,1.0
2,1197973900,2695,1.0,1.0
2,1197973900,2696,1.0,1.0
2,1197973900,2697,1.0,1.0
2,1197973900,2698,1.0,1.0
2,1197973900,2699,1.0,1.0
2,1197973900,2700,1.0,1.0
2,1197973900,2701,1.0,1.0
2,1197973900,2702,1.0,1.0
2,1197973900,2703,1.0,1.0
2,1197973900,2704,1.0,1.0
2,1197973900,2705,1.0,1.0
2,1197973900,2706,1.0,1.0
2,1197973900,2707,1.0,1.0
2,1197973900,2708,1.0,1.0
2,1197973900,2709,1.0,1.0
2,1197973900,2710,1.0,1.0
2,1197973900,2711,1.0,1.0
2,1197973900,2712,1.0,1.0
2,1197973900,2713,1.0,1.0
2,1197973900,2714,1.0,1.0
2,1197973900,2715,1.0,1.0
2,1197973900,2716,1.0,1.0
2,1197973900,2717,1.0,1.0
2,1197973900,2718,1.0,1.0
2,1197973900,2719,1.0,1.0
2,1197973900,2720,1.0,1.0
2,1197973900,2721,1.0,1.0
2,1197973900,2722,1.0,1.0
2,1197973900,2723,1.0,1.0
2,1197973900,2724,1.0,1.0
2,1197973900,2725,1.0,1.0
2,1197973900,2726,1.0,1.0
2,1197973900,2727,1.0,1.0
2,1197973900,2728,1.0,1.0
2,1197973900,2729,1.0,1.0
2,1197973900,2730,1.0,1.0
2,1197973900,2731,1.0,1.0
2,1197973900,2732,1.0,1.0
2,1197973900,2733,1.0,1.0
2,1197973900,2734,1.0,1.0
2,1197973900,2735,1.0,1.0
2,1197973900,2736,1.0,1.0
2,1197973900,2737,1.0,1.0
2,1197973900,2738,1.0,1.0
2,1197973900,2739,1.0,1.0
2,1197973900,2740,1.0,1.0
2,1197973900,2741,1.0,1.0
2,1197973900,2742,1.0,1.0
2,1197973900,2743,1.0,1.0
2,1197973900,2744,1.0,1.0
2,1197973900,2745,1.0,1.0
2,1197973900,2746,1.0,1.0
2,1197973900,2747,1.0,1.0
2,1197973900,2748,1.0,1.0
2,1197973900,2749,1.0,1.0
2,1197973900,2750,1.0,1.0
2,1197973900,2751,1.0,1.0
2,1197973900,2752,1.0,1.0
2,1197973900,2753,1.0,1.0
2,1197973900,2754,1.0,1.0
2,1197973900,2755,1.0,1.0
2,1197973900,2756,1.0,1.0
2,1197973900,2757,1.0,1.0
2,1197973900,2758,1.0,1.0
2,1197973900,2759,1.0,1.0
2,1197973900,2760,1.0,1.0
2,1197973900,2761,1.0,1.0
2,1197973900,2762,1.0,1.0
2,1197973900,2763,1.0,1.0
2,1197973900,2764,1.0,1.0
2,1197973900,2765,1.0,1.0
2,1197973900,2766,1.0,1.0
2,1197973900,2767,1.0,1.0
2,1197973900,2768,1.0,1.0
2,1197973900,2769,1.0,1.0
2,1197973900,2770,1.0,1.0
2,1197973900,2771,1.0,1.0
2,1197973900,2772,1.0,1.0
2,1197973900,2773,1.0,1.0
2,1197973900,2774,1.0,1.0
2,1197973900,2775,1.0,1.0
2,1197973900,2776,1.0,1.0
2,1197973900,2777,1.0,1.0
2,1197973900,2778,1.0,1.0
2,1197973900,2779,1.0,1.0
2,1197973900,2780,1.0,1.0
2,1197973900,2781,1.0,1.0
2,1197973900,2782,1.0,1.0
2,1197973900,2783,1.0,1.0
2,1197973900,2784,1.0,1.0
2,1197973900,2785,1.0,1.0
2,1197973900,2786,1.0,1.0
2,1197973900,2787,1.0,1.0
2,1197973900,2788,1.0,1.0
2,1197973900,2789,1.0,1.0
2,1197973900,2790,1.0,1.0
2,1197973900,2791,1.0,1.0
2,1197973900,2792,1.0,1.0
2,1197973900,2793,1.0,1.0
2,1197973900,2794,1.0,1.0
2,1197973900,2795,1.0,1.0
2,1197973900,2796,1.0,1.0
2,1197973900,2797,1.0,1.0
2,1197973900,2798,1.0,1.0
2,1197973900,2799,1.0,1.0
2,1197973900,2800,1.0,1.0
2,1197973900,2801,1.0,1.0
2,1197973900,2802,1.0,1.0
2,1197973900,2803,1.0,1.0
2,1197973900,2804,1.0,1.0
2,1197973900,2805,1.0,1.0
2,1197973900,2806,1.0,1.0
2,1197973900,2807,1.0,1.0
2,1197973900,2808,1.0,1.0
2,1197973900,2809,1.0,1.0
2,1197973900,2810,1.0,1.0
2,1197973900,2811,1.0,1.0
2,1197973900,2812,1.0,1.0
2,1197973900,2813,1.0,1.0
2,1197973900,2814,1.0,1.0
2,1197973900,2815,1.0,1.0
2,1197973900,2816,1.0,1.0
2,1197973900,2817,1.0,1.0
2,1197973900,2818,1.0,1.0
2,1197973900,2819,1.0,1.0
2,1197973900,2820,1.0,1.0
2,1197973900,2821,1.0,1.0
2,1197973900,2822,1.0,1.0
2,1197973900,2823,1.0,1.0
2,1197973900,2824,1.0,1.0
2,1197973900,2825,1.0,1.0
2,1197973900,2826,1.0,1.0
2,1197973900,2827,1.0,1.0
2,1197973900,2828,1.0,1.0
2,1197973900,2829,1.0,1.0
2,1197973900,2830,1.0,1.0
2,1197973900,2831,1.0,1.0
2,1197973900,2832,1.0,1.0
2,1197973900,2833,1.0,1.0
2,1197973900,2834,1.0,1.0
2,1197973900,2835,1.0,1.0
2,1197973900,2836,1.0,1.0
2,1197973900,2837,1.0,1.0
2,1197973900,2838,1.0,1.0
2,1197973900,2839,1.0,1.0
2,1197973900,2840,1.0,1.0
2,1197973900,2841,1.0,1.0
2,1197973900,2842,1.0,1.0
2,1197973900,2843,1.0,1.0
2,1197973900,2844,1.0,1.0
2,1197973900,2845,1.0,1.0
2,1197973900,2846,1.0,1.0
2,1197973900,2847,1.0,1.0
2,1197973900,2848,1.0,1.0
2,1197973900,2849,1.0,1.0
2,1197973900,2850,1.0,1.0
2,1197973900,2851,1.0,1.0
2,1197973900,2852,1.0,1.0
2,1197973900,2853,1.0,1.0
2,1197973900,2854,1.0,1.0
2,1197973900,2855,1.0,1.0
2,1197973900,2856,1.0,1.0
2,1197973900,2857,1.0,1.0
2,1197973900,2858,1.0,1.0
2,1197973900,2859,1.0,1.0
2,1197973900,2860,1.0,1.0
2,1197973900,2861,1.0,1.0
2,1197973900,2862,1.0,1.0
2,1197973900,2863,1.0,1.0
2,1197973900,2864,1.0,1.0
2,1197973900,2865,1.0,1.0
2,1197973900,2866,1.0,1.0
2,1197973900,2867,1.0,1.0
2,1197973900,2868,1.0,1.0
2,1197973900,2869,1.0,1.0
2,1197973900,2870,1.0,1.0
2,1197973900,2871,1.0,1.0
2,1197973900,2872,1.0,1.0
2,1197973900,2873,1.0,1.0
2,1197973900,2874,1.0,1.0
2,1197973900,2875,1.0,1.0
2,1197973900,2876,1.0,1.0
2,1197973900,2877,1.0,1.0
2,1197973900,2878,1.0,1.0
2,1197973900,2879,1.0,1.0
2,1197973900,2880,1.0,1.0
2,1197973900,2881,1.0,1.0
2,1197973900,2882,1.0,1.0
2,1197973900,2883,1.0,1.0
2,1197973900,2884,1.0,1.0
2,1197973900,2885,1.0,1.0
2,1197973900,2886,1.0,1.0
2,1197973900,2887,1.0,1.0
2,1197973900,2888,1.0,1.0
2,1197973900,2889,1.0,1.0
2,1197973900,2890,1.0,1.0
2,1197973900,2891,1.0,1.0
2,1197973900,2892,1.0,1.0
2,1197973900,2893,1.0,1.0
2,1197973900,2894,1.0,1.0
2,1197973900,2895,1.0,1.0
2,1197973900,2896,1.0,1.0
2,1197973900,2897,1.0,1.0
2,1197973900,2898,1.0,1.0
2,1197973900,2899,1.0,1.0
2,1197973900,2900,1.0,1.0
2,1197973900,2901,1.0,1.0
2,1197973900,2902,1.0,1.0
2,1197973900,2903,1.0,1.0
2,1197973900,2904,1.0,1.0
2,1197973900,2905,1.0,1.0
2,1197973900,2906,1.0,1.0
2,1197973900,2907,1.0,1.0
2,1197973900,2908,1.0,1.0
2,1197973900,2909,1.0,1.0
2,1197973900,2910,1.0,1.0
2,1197973900,2911,1.0,1.0
2,1197973900,2912,1.0,1.0
2,1197973900,2913,1.0,1.0
2,1197973900,2914,1.0,1.0
2,1197973900,2915,1.0,1.0
2,1197973900,2916,1.0,1.0
2,1197973900,2917,1.0,1.0
2,1197973900,2918,1.0,1.0
2,1197973900,2919,1.0,1.0
2,1197973900,2920,1.0,1.0
2,1197973900,2921,1.0,1.0
2,1197973900,2922,1.0,1.0
2,1197973900,2923,1.0,1.0
2,1197973900,2924,1.0,1.0
2,1197973900,2925,1.0,1.0
2,1197973900,2926,1.0,1.0
2,1197973900,2927,1.0,1.0
2,1197973900,2928,1.0,1.0
2,1197973900,2929,1.0,1.0
2,1197973900,2930,1.0,1.0
2,1197973900,2931,1.0,1.0
2,1197973900,2932,1.0,1.0
2,1197973900,2933,1.0,1.0
2,1197973900,2934,1.0,1.0
2,1197973900,2935,1.0,1.0
2,1197973900,2936,1.0,1.0
2,1197973900,2937,1.0,1.0
2,1197973900,2938,1.0,1.0
2,1197973900,2939,1.0,1.0
2,1197973900,2940,1.0,1.0
2,1197973900,2941,1.0,1.0
2,1197973900,2942,1.0,1.0
2,1197973900,2943,1.0,1.0
2,1197973900,2944,1.0,1.0
2,1197973900,2945,1.0,1.0
2,1197973900,2946,1.0,1.0
2,1197973900,2947,1.0,1.0
2,1197973900,2948,1.0,1.0
2,1197973900,2949,1.0,1.0
2,1197973900,2950,1.0,1.0
2,1197973900,2951,1.0,1.0
2,1197973900,2952,1.0,1.0
2,1197973900,2953,1.0,1.0
2,1197973900,2954,1.0,1.0
2,1197973900,2955,1.0,1.0
2,1197973900,2956,1.0,1.0
2,1197973900,2957,1.0,1.0
2,1197973900,2958,1.0,1.0
2,1197973900,2959,1.0,1.0
2,1197973900,2960,1.0,1.0
2,1197973900,2961,1.0,1.0
2,1197973900,2962,1.0,1.0
2,1197973900,2963,1.0,1.0
2,1197973900,2964,1.0,1.0
2,1197973900,2965,1.0,1.0
2,1197973900,2966,1.0,1.0
2,1197973900,2967,1.0,1.0
2,1197973900,2968,1.0,1.0
2,1197973900,2969,1.0,1.0
2,1197973900,2970,1.0,1.0
2,1197973900,2971,1.0,1.0
2,1197973900,2972,1.0,1.0
2,1197973900,2973,1.0,1.0
2,1197973900,2974,1.0,1.0
2,1197973900,2975,1.0,1.0
2,1197973900,2976,1.0,1.0
2,1197973900,2977,1.0,1.0
2,1197973900,2978,1.0,1.0
2,1197973900,2979,1.0,1.0
2,1197973900,2980,1.0,1.0
2,1197973900,2981,1.0,1.0
2,1197973900,2982,1.0,1.0
2,1197973900,2983,1.0,1.0
2,1197973900,2984,1.0,1.0
2,1197973900,2985,1.0,1.0
2,1197973900,2986,1.0,1.0
2,1197973900,2987,1.0,1.0
2,1197973900,2988,1.0,1.0
2,1197973900,2989,1.0,1.0
2,1197973900,2990,1.0,1.0
2,1197973900,2991,1.0,1.0
2,1197973900,2992,1.0,1.0
2,1197973900,2993,1.0,1.0
2,1197973900,2994,1.0,1.0
2,1197973900,2995,1.0,1.0
2,1197973900,2996,1.0,1.0
2,1197973900,2997,1.0,1.0
2,1197973900,2998,1.0,1.0
2,1197973900,2999,1.0,1.0
2,1197973900,3000,1.0,1.0
2,1197973900,3001,1.0,1.0
2,1197973900,3002,1.0,1.0
2,1197973900,3003,1.0,1.0
2,1197973900,3004,1.0,1.0
2,1197973900,3005,1.0,1.0
2,1197973900,3006,1.0,1.0
2,1197973900,3007,1.0,1.0
2,1197973900,3008,1.0,1.0
2,1197973900,3009,1.0,1.0
2,1197973900,3010,1.0,1.0
2,1197973900,3011,1.0,1.0
2,1197973900,3012,1.0,1.0
2,1197973900,3013,1.0,1.0
2,1197973900,3014,1.0,1.0
2,1197973900,3015,1.0,1.0
2,1197973900,3016,1.0,1.0
2,1197973900,3017,1.0,1.0
2,1197973900,3018,1.0,1.0
2,1197973900,3019,1.0,1.0
2,1197973900,3020,1.0,1.0
2,1197973900,3021,1.0,1.0
2,1197973900,3022,1.0,1.0
2,1197973900,3023,1.0,1.0
2,1197973900,3024,1.0,1.0
2,1197973900,3025,1.0,1.0
2,1197973900,3026,1.0,1.0
2,1197973900,3027,1.0,1.0
2,1197973900,3028,1.0,1.0
2,1197973900,3029,1.0,1.0
2,1197973900,3030,1.0,1.0
2,1197973900,3031,1.0,1.0
2,1197973900,3032,1.0,1.0
2,1197973900,3033,1.0,1.0
2,1197973900,3034,1.0,1.0
2,1197973900,3035,1.0,1.0
2,1197973900,3036,1.0,1.0
2,1197973900,3037,1.0,1.0
2,1197973900,3038,1.0,1.0
2,1197973900,3039,1.0,1.0
2,1197973900,3040,1.0,1.0
2,1197973900,3041,1.0,1.0
2,1197973900,3042,1.0,1.0
2,1197973900,3043,1.0,1.0
2,1197973900,3044,1.0,1.0
2,1197973900,3045,1.0,1.0
2,1197973900,3046,1.0,1.0
2,1197973900,3047,1.0,1.0
2,1197973900,3048,1.0,1.0
2,1197973900,3049,1.0,1.0
2,1197973900,3050,1.0,1.0
2,1197973900,3051,1.0,1.0
2,1197973900,3052,1.0,1.0
2,1197973900,3053,1.0,1.0
2,1197973900,3054,1.0,1.0
2,1197973900,3055,1.0,1.0
2,1197973900,3056,1.0,1.0
2,1197973900,3057,1.0,1.0
2,1197973900,3058,1.0,1.0
2,1197973900,3059,1.0,1.0
2,1197973900,3060,1.0,1.0
2,1197973900,3061,1.0,1.0
2,1197973900,3062,1.0,1.0
2,1197973900,3063,1.0,1.0
2,1197973900,3064,1.0,1.0
2,1197973900,3065,1.0,1.0
2,1197973900,3066,1.0,1.0
2,1197973900,3067,1.0,1.0
2,1197973900,3068,1.0,1.0
2,1197973900,3069,1.0,1.0
2,1197973900,3070,1.0,1.0
2,1197973900,3071,1.0,1.0
2,1197973900,3072,1.0,1.0
2,1197973900,3073,1.0,1.0
2,1197973900,3074,1.0,1.0
2,1197973900,3075,1.0,1.0
2,1197973900,3076,1.0,1.0
2,1197973900,3077,1.0,1.0
2,1197973900,3078,1.0,1.0
2,1197973900,3079,1.0,1.0
2,1197973900,3080,1.0,1.0
2,1197973900,3081,1.0,1.0
2,1197973900,3082,1.0,1.0
2,1197973900,3083,1.0,1.0
2,1197973900,3084,1.0,1.0
2,1197973900,3085,1.0,1.0
2,1197973900,3086,1.0,1.0
2,1197973900,3087,1.0,1.0
2,1197973900,3088,1.0,1.0
2,1197973900,3089,1.0,1.0
2,1197973900,3090,1.0,1.0
2,1197973900,3091,1.0,1.0
2,1197973900,3092,1.0,1.0
2,1197973900,3093,1.0,1.0
2,1197973900,3094,1.0,1.0
2,1197973900,3095,1.0,1.0
2,1197973900,3096,1.0,1.0
2,1197973900,3097,1.0,1.0
2,1197973900,3098,1.0,1.0
2,1197973900,3099,1.0,1.0
2,1197973900,3100,1.0,1.0
2,1197973900,3101,1.0,1.0
2,1197973900,3102,1.0,1.0
2,1197973900,3103,1.0,1.0
2,1197973900,3104,1.0,1.0
2,1197973900,3105,1.0,1.0
2,1197973900,3106,1.0,1.0
2,1197973900,3107,1.0,1.0
2,1197973900,3108,1.0,1.0
2,1197973900,3109,1.0,1.0
2,1197973900,3110,1.0,1.0
2,1197973900,3111,1.0,1.0
2,1197973900,3112,1.0,1.0
2,1197973900,3113,1.0,1.0
2,1197973900,3114,1.0,1.0
2,1197973900,3115,1.0,1.0
2,1197973900,3116,1.0,1.0
2,1197973900,3117,1.0,1.0
2,1197973900,3118,1.0,1.0
2,1197973900,3119,1.0,1.0
2,1197973900,3120,1.0,1.0
2,1197973900,3121,1.0,1.0
2,1197973900,3122,1.0,1.0
2,1197973900,3123,1.0,1.0
2,1197973900,3124,1.0,1.0
2,1197973900,3125,1.0,1.0
2,1197973900,3126,1.0,1.0
2,1197973900,3127,1.0,1.0
2,1197973900,3128,1.0,1.0
2,1197973900,3129,1.0,1.0
2,1197973900,3130,1.0,1.0
2,1197973900,3131,1.0,1.0
2,1197973900,3132,1.0,1.0
2,1197973900,3133,1.0,1.0
2,1197973900,3134,1.0,1.0
2,1197973900,3135,1.0,1.0
2,1197973900,3136,1.0,1.0
2,1197973900,3137,1.0,1.0
2,1197973900,3138,1.0,1.0
2,1197973900,3139,1.0,1.0
2,1197973900,3140,1.0,1.0
2,1197973900,3141,1.0,1.0
2,1197973900,3142,1.0,1.0
2,1197973900,3143,1.0,1.0
2,1197973900,3144,1.0,1.0
2,1197973900,3145,1.0,1.0
2,1197973900,3146,1.0,1.0
2,1197973900,3147,1.0,1.0
2,1197973900,3148,1.0,1.0
2,1197973900,3149,1.0,1.0
2,1197973900,3150,1.0,1.0
2,1197973900,3151,1.0,1.0
2,1197973900,3152,1.0,1.0
2,1197973900,3153,1.0,1.0
2,1197973900,3154,1.0,1.0
2,1197973900,3155,1.0,1.0
2,1197973900,3156,1.0,1.0
2,1197973900,3157,1.0,1.0
2,1197973900,3158,1.0,1.0
2,1197973900,3159,1.0,1.0
2,1197973900,3160,1.0,1.0
2,1197973900,3161,1.0,1.0
2,1197973900,3162,1.0,1.0
2,1197973900,3163,1.0,1.0
2,1197973900,3164,1.0,1.0
2,1197973900,3165,1.0,1.0
2,1197973900,3166,1.0,1.0
2,1197973900,3167,1.0,1.0
2,1197973900,3168,1.0,1.0
2,1197973900,3169,1.0,1.0
2,1197973900,3170,1.0,1.0
2,1197973900,3171,1.0,1.0
2,1197973900,3172,1.0,1.0
2,1197973900,3173,1.0,1.0
2,1197973900,3174,1.0,1.0
2,1197973900,3175,1.0,1.0
2,1197973900,3176,1.0,1.0
2,1197973900,3177,1.0,1.0
2,1197973900,3178,1.0,1.0
2,1197973900,3179,1.0,1.0
2,1197973900,3180,1.0,1.0
2,1197973900,3181,1.0,1.0
2,1197973900,3182,1.0,1.0
2,1197973900,3183,1.0,1.0
2,1197973900,3184,1.0,1.0
2,1197973900,3185,1.0,1.0
2,1197973900,3186,1.0,1.0
2,1197973900,3187,1.0,1.0
2,1197973900,3188,1.0,1.0
2,1197973900,3189,1.0,1.0
2,1197973900,3190,1.0,1.0
2,1197973900,3191,1.0,1.0
2,1197973900,3192,1.0,1.0
2,1197973900,3193,1.0,1.0
2,1197973900,3194,1.0,1.0
2,1197973900,3195,1.0,1.0
2,1197973900,3196,1.0,1.0
2,1197973900,3197,1.0,1.0
2,1197973900,3198,1.0,1.0
2,1197973900,3199,1.0,1.0
2,1197973900,3200,1.0,1.0
2,1197973900,3201,1.0,1.0
2,1197973900,3202,1.0,1.0
2,1197973900,3203,1.0,1.0
2,1197973900,3204,1.0,1.0
2,1197973900,3205,1.0,1.0
2,1197973900,3206,1.0,1.0
2,1197973900,3207,1.0,1.0
2,1197973900,3208,1.0,1.0
2,1197973900,3209,1.0,1.0
2,1197973900,3210,1.0,1.0
2,1197973900,3211,1.0,1.0
2,1197973900,3212,1.0,1.0
2,1197973900,3213,1.0,1.0
2,1197973900,3214,1.0,1.0
2,1197973900,3215,1.0,1.0
2,1197973900,3216,1.0,1.0
2,1197973900,3217,1.0,1.0
2,1197973900,3218,1.0,1.0
2,1197973900,3219,1.0,1.0
2,1197973900,3220,1.0,1.0
2,1197973900,3221,1.0,1.0
2,1197973900,3222,1.0,1.0
2,1197973900,3223,1.0,1.0
2,1197973900,3224,1.0,1.0
2,1197973900,3225,1.0,1.0
2,1197973900,3226,1.0,1.0
2,1197973900,3227,1.0,1.0
2,1197973900,3228,1.0,1.0
2,1197973900,3229,1.0,1.0
2,1197973900,3230,1.0,1.0
2,1197973900,3231,1.0,1.0
2,1197973900,3232,1.0,1.0
2,1197973900,3233,1.0,1.0
2,1197973900,3234,1.0,1.0
2,1197973900,3235,1.0,1.0
2,1197973900,3236,1.0,1.0
2,1197973900,3237,1.0,1.0
2,1197973900,3238,1.0,1.0
2,1197973900,3239,1.0,1.0
2,1197973900,3240,1.0,1.0
2,1197973900,3241,1.0,1.0
2,1197973900,3242,1.0,1.0
2,1197973900,3243,1.0,1.0
2,1197973900,3244,1.0,1.0
2,1197973900,3245,1.0,1.0
2,1197973900,3246,1.0,1.0
2,1197973900,3247,1.0,1.0
2,1197973900,3248,1.0,1.0
2,1197973900,3249,1.0,1.0
2,1197973900,3250,1.0,1.0
2,1197973900,3251,1.0,1.0
2,1197973900,3252,1.0,1.0
2,1197973900,3253,1.0,1.0
2,1197973900,3254,1.0,1.0
2,1197973900,3255,1.0,1.0
2,1197973900,3256,1.0,1.0
2,1197973900,3257,1.0,1.0
2,1197973900,3258,1.0,1.0
2,1197973900,3259,1.0,1.0
2,1197973900,3260,1.0,1.0
2,1197973900,3261,1.0,1.0
2,1197973900,3262,1.0,1.0
2,1197973900,3263,1.0,1.0
2,1197973900,3264,1.0,1.0
2,1197973900,3265,1.0,1.0
2,1197973900,3266,1.0,1.0
2,1197973900,3267,1.0,1.0
2,1197973900,3268,1.0,1.0
2,1197973900,3269,1.0,1.0
2,1197973900,3270,1.0,1.0
2,1197973900,3271,1.0,1.0
2,1197973900,3272,1.0,1.0
2,1197973900,3273,1.0,1.0
2,1197973900,3274,1.0,1.0
2,1197973900,3275,1.0,1.0
2,1197973900,3276,1.0,1.0
2,1197973900,3277,1.0,1.0
2,1197973900,3278,1.0,1.0
2,1197973900,3279,1.0,1.0
2,1197973900,3280,1.0,1.0
2,1197973900,3281,1.0,1.0
2,1197973900,3282,1.0,1.0
2,1197973900,3283,1.0,1.0
2,1197973900,3284,1.0,1.0
2,1197973900,3285,1.0,1.0
2,1197973900,3286,1.0,1.0
2,1197973900,3287,1.0,1.0
2,1197973900,3288,1.0,1.0
2,1197973900,3289,1.0,1.0
2,1197973900,3290,1.0,1.0
2,1197973900,3291,1.0,1.0
2,1197973900,3292,1.0,1.0
2,1197973900,3293,1.0,1.0
2,1197973900,3294,1.0,1.0
2,1197973900,3295,1.0,1.0
2,1197973900,3296,1.0,1.0
2,1197973900,3297,1.0,1.0
2,1197973900,3298,1.0,1.0
2,1197973900,3299,1.0,1.0
2,1197973900,3300,1.0,1.0
2,1197973900,3301,1.0,1.0
2,1197973900,3302,1.0,1.0
2,1197973900,3303,1.0,1.0
2,1197973900,3304,1.0,1.0
2,1197973900,3305,1.0,1.0
2,1197973900,3306,1.0,1.0
2,1197973900,3307,1.0,1.0
2,1197973900,3308,1.0,1.0
2,1197973900,3309,1.0,1.0
2,1197973900,3310,1.0,1.0
2,1197973900,3311,1.0,1.0
2,1197973900,3312,1.0,1.0
2,1197973900,3313,1.0,1.0
2,1197973900,3314,1.0,1.0
2,1197973900,3315,1.0,1.0
2,1197973900,3316,1.0,1.0
2,1197973900,3317,1.0,1.0
2,1197973900,3318,1.0,1.0
2,1197973900,3319,1.0,1.0
2,1197973900,3320,1.0,1.0
2,1197973900,3321,1.0,1.0
2,1197973900,3322,1.0,1.0
2,1197973900,3323,1.0,1.0
2,1197973900,3324,1.0,1.0
2,1197973900,3325,1.0,1.0
2,1197973900,3326,1.0,1.0
2,1197973900,3327,1.0,1.0
2,1197973900,3328,1.0,1.0
2,1197973900,3329,1.0,1.0
2,1197973900,3330,1.0,1.0
2,1197973900,3331,1.0,1.0
2,1197973900,3332,1.0,1.0
2,1197973900,3333,1.0,1.0
2,1197973900,3334,1.0,1.0
2,1197973900,3335,1.0,1.0
2,1197973900,3336,1.0,1.0
2,1197973900,3337,1.0,1.0
2,1197973900,3338,1.0,1.0
2,1197973900,3339,1.0,1.0
2,1197973900,3340,1.0,1.0
2,1197973900,3341,1.0,1.0
2,1197973900,3342,1.0,1.0
2,1197973900,3343,1.0,1.0
2,1197973900,3344,1.0,1.0
2,1197973900,3345,1.0,1.0
2,1197973900,3346,1.0,1.0
2,1197973900,3347,1.0,1.0
2,1197973900,3348,1.0,1.0
2,1197973900,3349,1.0,1.0
2,1197973900,3350,1.0,1.0
2,1197973900,3351,1.0,1.0
2,1197973900,3352,1.0,1.0
2,1197973900,3353,1.0,1.0
2,1197973900,3354,1.0,1.0
2,1197973900,3355,1.0,1.0
2,1197973900,3356,1.0,1.0
2,1197973900,3357,1.0,1.0
2,1197973900,3358,1.0,1.0
2,1197973900,3359,1.0,1.0
2,1197973900,3360,1.0,1.0
2,1197973900,3361,1.0,1.0
2,1197973900,3362,1.0,1.0
2,1197973900,3363,1.0,1.0
2,1197973900,3364,1.0,1.0
2,1197973900,3365,1.0,1.0
2,1197973900,3366,1.0,1.0
2,1197973900,3367,1.0,1.0
2,1197973900,3368,1.0,1.0
2,1197973900,3369,1.0,1.0
2,1197973900,3370,1.0,1.0
2,1197973900,3371,1.0,1.0
2,1197973900,3372,1.0,1.0
2,1197973900,3373,1.0,1.0
2,1197973900,3374,1.0,1.0
2,1197973900,3375,1.0,1.0
2,1197973900,3376,1.0,1.0
2,1197973900,3377,1.0,1.0
2,1197973900,3378,1.0,1.0
2,1197973900,3379,1.0,1.0
2,1197973900,3380,1.0,1.0
2,1197973900,3381,1.0,1.0
2,1197973900,3382,1.0,1.0
2,1197973900,3383,1.0,1.0
2,1197973900,3384,1.0,1.0
2,1197973900,3385,1.0,1.0
2,1197973900,3386,1.0,1.0
2,1197973900,3387,1.0,1.0
2,1197973900,3388,1.0,1.0
2,1197973900,3389,1.0,1.0
2,1197973900,3390,1.0,1.0
2,1197973900,3391,1.0,1.0
2,1197973900,3392,1.0,1.0
2,1197973900,3393,1.0,1.0
2,1197973900,3394,1.0,1.0
2,1197973900,3395,1.0,1.0
2,1197973900,3396,1.0,1.0
2,1197973900,3397,1.0,1.0
2,1197973900,3398,1.0,1.0
2,1197973900,3399,1.0,1.0
2,1197973900,3400,1.0,1.0
2,1197973900,3401,1.0,1.0
2,1197973900,3402,1.0,1.0
2,1197973900,3403,1.0,1.0
2,1197973900,3404,1.0,1.0
2,1197973900,3405,1.0,1.0
2,1197973900,3406,1.0,1.0
2,1197973900,3407,1.0,1.0
2,1197973900,3408,1.0,1.0
2,1197973900,3409,1.0,1.0
2,1197973900,3410,1.0,1.0
2,1197973900,3411,1.0,1.0
2,1197973900,3412,1.0,1.0
2,1197973900,3413,1.0,1.0
2,1197973900,3414,1.0,1.0
2,1197973900,3415,1.0,1.0
2,1197973900,3416,1.0,1.0
2,1197973900,3417,1.0,1.0
2,1197973900,3418,1.0,1.0
2,1197973900,3419,1.0,1.0
2,1197973900,3420,1.0,1.0
2,1197973900,3421,1.0,1.0
2,1197973900,3422,1.0,1.0
2,1197973900,3423,1.0,1.0
2,1197973900,3424,1.0,1.0
2,1197973900,3425,1.0,1.0
2,1197973900,3426,1.0,1.0
2,1197973900,3427,1.0,1.0
2,1197973900,3428,1.0,1.0
2,1197973900,3429,1.0,1.0
2,1197973900,3430,1.0,1.0
2,1197973900,3431,1.0,1.0
2,1197973900,3432,1.0,1.0
2,1197973900,3433,1.0,1.0
2,1197973900,3434,1.0,1.0
2,1197973900,3435,1.0,1.0
2,1197973900,3436,1.0,1.0
2,1197973900,3437,1.0,1.0
2,1197973900,3438,1.0,1.0
2,1197973900,3439,1.0,1.0
2,1197973900,3440,1.0,1.0
2,1197973900,3441,1.0,1.0
2,1197973900,3442,1.0,1.0
2,1197973900,3443,1.0,1.0
2,1197973900,3444,1.0,1.0
2,1197973900,3445,1.0,1.0
2,1197973900,3446,1.0,1.0
2,1197973900,3447,1.0,1.0
2,1197973900,3448,1.0,1.0
2,1197973900,3449,1.0,1.0
2,1197973900,3450,1.0,1.0
2,1197973900,3451,1.0,1.0
2,1197973900,3452,1.0,1.0
2,1197973900,3453,1.0,1.0
2,1197973900,3454,1.0,1.0
2,1197973900,3455,1.0,1.0
2,1197973900,3456,1.0,1.0
2,1197973900,3457,1.0,1.0
2,1197973900,3458,1.0,1.0
2,1197973900,3459,1.0,1.0
2,1197973900,3460,1.0,1.0
2,1197973900,3461,1.0,1.0
2,1197973900,3462,1.0,1.0
2,1197973900,3463,1.0,1.0
2,1197973900,3464,1.0,1.0
2,1197973900,3465,1.0,1.0
2,1197973900,3466,1.0,1.0
2,1197973900,3467,1.0,1.0
2,1197973900,3468,1.0,1.0
2,1197973900,3469,1.0,1.0
2,1197973900,3470,1.0,1.0
2,1197973900,3471,1.0,1.0
2,1197973900,3472,1.0,1.0
2,1197973900,3473,1.0,1.0
2,1197973900,3474,1.0,1.0
2,1197973900,3475,1.0,1.0
2,1197973900,3476,1.0,1.0
2,1197973900,3477,1.0,1.0
2,1197973900,3478,1.0,1.0
2,1197973900,3479,1.0,1.0
2,1197973900,3480,1.0,1.0
2,1197973900,3481,1.0,1.0
2,1197973900,3482,1.0,1.0
2,1197973900,3483,1.0,1.0
2,1197973900,3484,1.0,1.0
2,1197973900,3485,1.0,1.0
2,1197973900,3486,1.0,1.0
2,1197973900,3487,1.0,1.0
2,1197973900,3488,1.0,1.0
2,1197973900,3489,1.0,1.0
2,1197973900,3490,1.0,1.0
2,1197973900,3491,1.0,1.0
2,1197973900,3492,1.0,1.0
2,1197973900,3493,1.0,1.0
2,1197973900,3494,1.0,1.0
2,1197973900,3495,1.0,1.0
2,1197973900,3496,1.0,1.0
2,1197973900,3497,1.0,1.0
2,1197973900,3498,1.0,1.0
2,1197973900,3499,1.0,1.0
2,1197973900,3500,1.0,1.0
2,1197973900,3501,1.0,1.0
2,1197973900,3502,1.0,1.0
2,1197973900,3503,1.0,1.0
2,1197973900,3504,1.0,1.0
2,1197973900,3505,1.0,1.0
2,1197973900,3506,1.0,1.0
2,1197973900,3507,1.0,1.0
2,1197973900,3508,1.0,1.0
2,1197973900,3509,1.0,1.0
2,1197973900,3510,1.0,1.0
2,1197973900,3511,1.0,1.0
2,1197973900,3512,1.0,1.0
2,1197973900,3513,1.0,1.0
2,1197973900,3514,1.0,1.0
2,1197973900,3515,1.0,1.0
2,1197973900,3516,1.0,1.0
2,1197973900,3517,1.0,1.0
2,1197973900,3518,1.0,1.0
2,1197973900,3519,1.0,1.0
2,1197973900,3520,1.0,1.0
2,1197973900,3521,1.0,1.0
2,1197973900,3522,1.0,1.0
2,1197973900,3523,1.0,1.0
2,1197973900,3524,1.0,1.0
2,1197973900,3525,1.0,1.0
2,1197973900,3526,1.0,1.0
2,1197973900,3527,1.0,1.0
2,1197973900,3528,1.0,1.0
2,1197973900,3529,1.0,1.0
2,1197973900,3530,1.0,1.0
2,1197973900,3531,1.0,1.0
2,1197973900,3532,1.0,1.0
2,1197973900,3533,1.0,1.0
2,1197973900,3534,1.0,1.0
2,1197973900,3535,1.0,1.0
2,1197973900,3536,1.0,1.0
2,1197973900,3537,1.0,1.0
2,1197973900,3538,1.0,1.0
2,1197973900,3539,1.0,1.0
2,1197973900,3540,1.0,1.0
2,1197973900,3541,1.0,1.0
2,1197973900,3542,1.0,1.0
2,1197973900,3543,1.0,1.0
2,1197973900,3544,1.0,1.0
2,1197973900,3545,1.0,1.0
2,1197973900,3546,1.0,1.0
2,1197973900,3547,1.0,1.0
2,1197973900,3548,1.0,1.0
2,1197973900,3549,1.0,1.0
2,1197973900,3550,1.0,1.0
2,1197973900,3551,1.0,1.0
2,1197973900,3552,1.0,1.0
2,1197973900,3553,1.0,1.0
2,1197973900,3554,1.0,1.0
2,1197973900,3555,1.0,1.0
2,1197973900,3556,1.0,1.0
2,1197973900,3557,1.0,1.0
2,1197973900,3558,1.0,1.0
2,1197973900,3559,1.0,1.0
2,1197973900,3560,1.0,1.0
2,1197973900,3561,1.0,1.0
2,1197973900,3562,1.0,1.0
2,1197973900,3563,1.0,1.0
2,1197973900,3564,1.0,1.0
2,1197973900,3565,1.0,1.0
2,1197973900,3566,1.0,1.0
2,1197973900,3567,1.0,1.0
2,1197973900,3568,1.0,1.0
2,1197973900,3569,1.0,1.0
2,1197973900,3570,1.0,1.0
2,1197973900,3571,1.0,1.0
2,1197973900,3572,1.0,1.0
2,1197973900,3573,1.0,1.0
2,1197973900,3574,1.0,1.0
2,1197973900,3575,1.0,1.0
2,1197973900,3576,1.0,1.0
2,1197973900,3577,1.0,1.0
2,1197973900,3578,1.0,1.0
2,1197973900,3579,1.0,1.0
2,1197973900,3580,1.0,1.0
2,1197973900,3581,1.0,1.0
2,1197973900,3582,1.0,1.0
2,1197973900,3583,1.0,1.0
2,1197973900,3584,1.0,1.0
2,1197973900,3585,1.0,1.0
2,1197973900,3586,1.0,1.0
2,1197973900,3587,0.9950000047683716,1.0
2,1197973900,3588,1.0,1.0
2,1197973900,3589,1.0,1.0
2,1197973900,3590,0.9950000047683716,1.0
2,1197973900,3591,1.0,1.0
2,1197973900,3592,0.9950000047683716,1.0
2,1197973900,3593,1.0,1.0
2,1197973900,3594,1.0,1.0
2,1197973900,3595,0.9950000047683716,1.0
2,1197973900,3596,0.9950000047683716,1.0
2,1197973900,3597,0.9950000047683716,1.0
2,1197973900,3598,0.9950000047683716,1.0
2,1197973900,3599,0.9950000047683716,1.0
2,1197973900,3600,1.0,1.0
2,1197973900,3601,0.9950000047683716,1.0
2,1197973900,3602,0.9950000047683716,1.0
2,1197973900,3603,0.9950000047683716,1.0
2,1197973900,3604,0.9950000047683716,1.0
2,1197973900,3605,0.9950000047683716,1.0
2,1197973900,3606,0.9950000047683716,1.0
2,1197973900,3607,0.9950000047683716,1.0
2,1197973900,3608,0.9950000047683716,1.0
2,1197973900,3609,0.9950000047683716,1.0
2,1197973900,3610,0.9950000047683716,1.0
2,1197973900,3611,0.9950000047683716,1.0
2,1197973900,3612,0.9950000047683716,1.0
2,1197973900,3613,0.9950000047683716,1.0
2,1197973900,3614,0.9950000047683716,1.0
2,1197973900,3615,0.9950000047683716,1.0
2,1197973900,3616,0.9950000047683716,1.0
2,1197973900,3617,0.9950000047683716,1.0
2,1197973900,3618,0.9950000047683716,1.0
2,1197973900,3619,0.9950000047683716,1.0
2,1197973900,3620,0.9950000047683716,1.0
2,1197973900,3621,0.9950000047683716,1.0
2,1197973900,3622,0.9950000047683716,1.0
2,1197973900,3623,0.9950000047683716,1.0
2,1197973900,3624,0.9950000047683716,1.0
2,1197973900,3625,0.9950000047683716,1.0
2,1197973900,3626,0.9950000047683716,1.0
2,1197973900,3627,0.9950000047683716,1.0
2,1197973900,3628,0.9950000047683716,1.0
2,1197973900,3629,0.9950000047683716,1.0
2,1197973900,3630,0.9950000047683716,1.0
2,1197973900,3631,0.9950000047683716,1.0
2,1197973900,3632,0.9950000047683716,1.0
2,1197973900,3633,0.9950000047683716,1.0
2,1197973900,3634,0.9950000047683716,1.0
2,1197973900,3635,0.9950000047683716,1.0
2,1197973900,3636,0.9950000047683716,1.0
2,1197973900,3637,0.9950000047683716,1.0
2,1197973900,3638,0.9950000047683716,1.0
2,1197973900,3639,0.9950000047683716,1.0
2,1197973900,3640,0.9950000047683716,1.0
2,1197973900,3641,0.9950000047683716,1.0
2,1197973900,3642,0.9950000047683716,1.0
2,1197973900,3643,0.9950000047683716,1.0
2,1197973900,3644,0.9950000047683716,1.0
2,1197973900,3645,0.9950000047683716,1.0
2,1197973900,3646,0.9950000047683716,1.0
2,1197973900,3647,0.9950000047683716,1.0
2,1197973900,3648,0.9950000047683716,1.0
2,1197973900,3649,0.9950000047683716,1.0
2,1197973900,3650,0.9950000047683716,1.0
2,1197973900,3651,0.9950000047683716,1.0
2,1197973900,3652,0.9950000047683716,1.0
2,1197973900,3653,0.9950000047683716,1.0
2,1197973900,3654,0.9950000047683716,1.0
2,1197973900,3655,0.9950000047683716,1.0
2,1197973900,3656,0.9950000047683716,1.0
2,1197973900,3657,0.9950000047683716,1.0
2,1197973900,3658,0.9950000047683716,1.0
2,1197973900,3659,0.9950000047683716,1.0
2,1197973900,3660,0.9950000047683716,1.0
2,1197973900,3661,0.9950000047683716,1.0
2,1197973900,3662,0.9950000047683716,1.0
2,1197973900,3663,0.9950000047683716,1.0
2,1197973900,3664,0.9950000047683716,1.0
2,1197973900,3665,0.9950000047683716,1.0
2,1197973900,3666,0.9950000047683716,1.0
2,1197973900,3667,0.9950000047683716,1.0
2,1197973900,3668,0.9950000047683716,1.0
2,1197973900,3669,0.9950000047683716,1.0
2,1197973900,3670,0.9950000047683716,1.0
2,1197973900,3671,0.9950000047683716,1.0
2,1197973900,3672,0.9950000047683716,1.0
2,1197973900,3673,0.9950000047683716,1.0
2,1197973900,3674,0.9950000047683716,1.0
2,1197973900,3675,0.9950000047683716,1.0
2,1197973900,3676,0.9950000047683716,1.0
2,1197973900,3677,0.9950000047683716,1.0
2,1197973900,3678,0.9950000047683716,1.0
2,1197973900,3679,0.9950000047683716,1.0
2,1197973900,3680,0.9950000047683716,1.0
2,1197973900,3681,0.9950000047683716,1.0
2,1197973900,3682,0.9950000047683716,1.0
2,1197973900,3683,0.9950000047683716,1.0
2,1197973900,3684,0.9950000047683716,1.0
2,1197973900,3685,0.9950000047683716,1.0
2,1197973900,3686,0.9950000047683716,1.0
2,1197973900,3687,0.9950000047683716,1.0
2,1197973900,3688,0.9950000047683716,1.0
2,1197973900,3689,0.9950000047683716,1.0
2,1197973900,3690,0.9950000047683716,1.0
2,1197973900,3691,0.9950000047683716,1.0
2,1197973900,3692,0.9950000047683716,1.0
2,1197973900,3693,0.9950000047683716,1.0
2,1197973900,3694,0.9950000047683716,1.0
2,1197973900,3695,0.9950000047683716,1.0
2,1197973900,3696,0.9950000047683716,1.0
2,1197973900,3697,0.9950000047683716,1.0
2,1197973900,3698,0.9950000047683716,1.0
2,1197973900,3699,0.9950000047683716,1.0
2,1197973900,3700,0.9950000047683716,1.0
2,1197973900,3701,0.9950000047683716,1.0
2,1197973900,3702,0.9950000047683716,1.0
2,1197973900,3703,0.9950000047683716,1.0
2,1197973900,3704,0.9950000047683716,1.0
2,1197973900,3705,0.9950000047683716,1.0
2,1197973900,3706,0.9950000047683716,1.0
2,1197973900,3707,0.9950000047683716,1.0
2,1197973900,3708,0.9950000047683716,1.0
2,1197973900,3709,0.9950000047683716,1.0
2,1197973900,3710,0.9950000047683716,1.0
2,1197973900,3711,0.9950000047683716,1.0
2,1197973900,3712,0.9950000047683716,1.0
2,1197973900,3713,0.9950000047683716,1.0
2,1197973900,3714,0.9950000047683716,1.0
2,1197973900,3715,0.9950000047683716,1.0
2,1197973900,3716,0.9950000047683716,1.0
2,1197973900,3717,0.9950000047683716,1.0
2,1197973900,3718,0.9950000047683716,1.0
2,1197973900,3719,0.9950000047683716,1.0
2,1197973900,3720,0.9950000047683716,1.0
2,1197973900,3721,0.9950000047683716,1.0
2,1197973900,3722,0.9950000047683716,1.0
2,1197973900,3723,0.9950000047683716,1.0
2,1197973900,3724,0.9950000047683716,1.0
2,1197973900,3725,0.9950000047683716,1.0
2,1197973900,3726,0.9950000047683716,1.0
2,1197973900,3727,0.9950000047683716,1.0
2,1197973900,3728,0.9950000047683716,1.0
2,1197973900,3729,0.9950000047683716,1.0
2,1197973900,3730,0.9950000047683716,1.0
2,1197973900,3731,0.9950000047683716,1.0
2,1197973900,3732,0.9950000047683716,1.0
2,1197973900,3733,0.9950000047683716,1.0
2,1197973900,3734,0.9950000047683716,1.0
2,1197973900,3735,0.9950000047683716,1.0
2,1197973900,3736,0.9950000047683716,1.0
2,1197973900,3737,0.9950000047683716,1.0
2,1197973900,3738,0.9950000047683716,1.0
2,1197973900,3739,0.9950000047683716,1.0
2,1197973900,3740,0.9950000047683716,1.0
2,1197973900,3741,0.9950000047683716,1.0
2,1197973900,3742,0.9950000047683716,1.0
2,1197973900,3743,0.9950000047683716,1.0
2,1197973900,3744,0.9950000047683716,1.0
2,1197973900,3745,0.9950000047683716,1.0
2,1197973900,3746,0.9950000047683716,1.0
2,1197973900,3747,0.9950000047683716,1.0
2,1197973900,3748,0.9950000047683716,1.0
2,1197973900,3749,0.9950000047683716,1.0
2,1197973900,3750,0.9950000047683716,1.0
2,1197973900,3751,0.9950000047683716,1.0
2,1197973900,3752,0.9950000047683716,1.0
2,1197973900,3753,0.9950000047683716,1.0
2,1197973900,3754,0.9950000047683716,1.0
2,1197973900,3755,0.9950000047683716,1.0
2,1197973900,3756,0.9950000047683716,1.0
2,1197973900,3757,0.9950000047683716,1.0
2,1197973900,3758,0.9950000047683716,1.0
2,1197973900,3759,0.9950000047683716,1.0
2,1197973900,3760,0.9950000047683716,1.0
2,1197973900,3761,0.9950000047683716,1.0
2,1197973900,3762,0.9950000047683716,1.0
2,1197973900,3763,0.9950000047683716,1.0
2,1197973900,3764,0.9950000047683716,1.0
2,1197973900,3765,0.9950000047683716,1.0
2,1197973900,3766,0.9950000047683716,1.0
2,1197973900,3767,0.9950000047683716,1.0
2,1197973900,3768,0.9950000047683716,1.0
2,1197973900,3769,0.9950000047683716,1.0
2,1197973900,3770,0.9950000047683716,1.0
2,1197973900,3771,0.9950000047683716,1.0
2,1197973900,3772,0.9950000047683716,1.0
2,1197973900,3773,0.9950000047683716,1.0
2,1197973900,3774,0.9950000047683716,1.0
2,1197973900,3775,0.9950000047683716,1.0
2,1197973900,3776,0.9950000047683716,1.0
2,1197973900,3777,0.9950000047683716,1.0
2,1197973900,3778,0.9950000047683716,1.0
2,1197973900,3779,0.9950000047683716,1.0
2,1197973900,3780,0.9950000047683716,1.0
2,1197973900,3781,0.9950000047683716,1.0
2,1197973900,3782,0.9950000047683716,1.0
2,1197973900,3783,0.9950000047683716,1.0
2,1197973900,3784,0.9950000047683716,1.0
2,1197973900,3785,0.9950000047683716,1.0
2,1197973900,3786,0.9950000047683716,1.0
2,1197973900,3787,0.9950000047683716,1.0
2,1197973900,3788,0.9950000047683716,1.0
2,1197973900,3789,0.9950000047683716,1.0
2,1197973900,3790,0.9950000047683716,1.0
2,1197973900,3791,0.9950000047683716,1.0
2,1197973900,3792,0.9950000047683716,1.0
2,1197973900,3793,0.9950000047683716,1.0
2,1197973900,3794,0.9950000047683716,1.0
2,1197973900,3795,0.9950000047683716,1.0
2,1197973900,3796,0.9950000047683716,1.0
2,1197973900,3797,0.9950000047683716,1.0
2,1197973900,3798,0.9950000047683716,1.0
2,1197973900,3799,0.9950000047683716,1.0
2,1197973900,3800,0.9950000047683716,1.0
2,1197973900,3801,0.9950000047683716,1.0
2,1197973900,3802,0.9950000047683716,1.0
2,1197973900,3803,0.9950000047683716,1.0
2,1197973900,3804,0.9950000047683716,1.0
2,1197973900,3805,0.9950000047683716,1.0
2,1197973900,3806,0.9950000047683716,1.0
2,1197973900,3807,0.9950000047683716,1.0
2,1197973900,3808,0.9950000047683716,1.0
2,1197973900,3809,0.9950000047683716,1.0
2,1197973900,3810,0.9950000047683716,1.0
2,1197973900,3811,0.9950000047683716,1.0
2,1197973900,3812,0.9950000047683716,1.0
2,1197973900,3813,0.9950000047683716,1.0
2,1197973900,3814,0.9950000047683716,1.0
2,1197973900,3815,0.9950000047683716,1.0
2,1197973900,3816,0.9950000047683716,1.0
2,1197973900,3817,0.9950000047683716,1.0
2,1197973900,3818,0.9950000047683716,1.0
2,1197973900,3819,0.9950000047683716,1.0
2,1197973900,3820,0.9950000047683716,1.0
2,1197973900,3821,0.9950000047683716,1.0
2,1197973900,3822,0.9950000047683716,1.0
2,1197973900,3823,0.9950000047683716,1.0
2,1197973900,3824,0.9950000047683716,1.0
2,1197973900,3825,0.9950000047683716,1.0
2,1197973900,3826,0.9950000047683716,1.0
2,1197973900,3827,0.9950000047683716,1.0
2,1197973900,3828,0.9950000047683716,1.0
2,1197973900,3829,0.9950000047683716,1.0
2,1197973900,3830,0.9950000047683716,1.0
2,1197973900,3831,0.9950000047683716,1.0
2,1197973900,3832,0.9950000047683716,1.0
2,1197973900,3833,0.9950000047683716,1.0
2,1197973900,3834,0.9950000047683716,1.0
2,1197973900,3835,0.9950000047683716,1.0
2,1197973900,3836,0.9950000047683716,1.0
2,1197973900,3837,0.9950000047683716,1.0
2,1197973900,3838,0.9950000047683716,1.0
2,1197973900,3839,0.9950000047683716,1.0
2,1197973900,3840,0.9950000047683716,1.0
2,1197973900,3841,0.9950000047683716,1.0
2,1197973900,3842,0.9950000047683716,1.0
2,1197973900,3843,0.9950000047683716,1.0
2,1197973900,3844,0.9950000047683716,1.0
2,1197973900,3845,0.9950000047683716,1.0
2,1197973900,3846,0.9950000047683716,1.0
2,1197973900,3847,0.9950000047683716,1.0
2,1197973900,3848,0.9950000047683716,1.0
2,1197973900,3849,0.9950000047683716,1.0
2,1197973900,3850,0.9950000047683716,1.0
2,1197973900,3851,0.9950000047683716,1.0
2,1197973900,3852,0.9950000047683716,1.0
2,1197973900,3853,0.9950000047683716,1.0
2,1197973900,3854,0.9950000047683716,1.0
2,1197973900,3855,0.9950000047683716,1.0
2,1197973900,3856,0.9950000047683716,1.0
2,1197973900,3857,0.9950000047683716,1.0
2,1197973900,3858,0.9950000047683716,1.0
2,1197973900,3859,0.9950000047683716,1.0
2,1197973900,3860,0.9950000047683716,1.0
2,1197973900,3861,0.9950000047683716,1.0
2,1197973900,3862,0.9950000047683716,1.0
2,1197973900,3863,0.9950000047683716,1.0
2,1197973900,3864,0.9950000047683716,1.0
2,1197973900,3865,0.9950000047683716,1.0
2,1197973900,3866,0.9950000047683716,1.0
2,1197973900,3867,0.9950000047683716,1.0
2,1197973900,3868,0.9950000047683716,1.0
2,1197973900,3869,0.9950000047683716,1.0
2,1197973900,3870,0.9950000047683716,1.0
2,1197973900,3871,0.9950000047683716,1.0
2,1197973900,3872,0.9950000047683716,1.0
2,1197973900,3873,0.9950000047683716,1.0
2,1197973900,3874,0.9950000047683716,1.0
2,1197973900,3875,0.9950000047683716,1.0
2,1197973900,3876,0.9950000047683716,1.0
2,1197973900,3877,0.9950000047683716,1.0
2,1197973900,3878,0.9950000047683716,1.0
2,1197973900,3879,0.9950000047683716,1.0
2,1197973900,3880,0.9950000047683716,1.0
2,1197973900,3881,0.9950000047683716,1.0
2,1197973900,3882,0.9950000047683716,1.0
2,1197973900,3883,0.9950000047683716,1.0
2,1197973900,3884,0.9950000047683716,1.0
2,1197973900,3885,0.9950000047683716,1.0
2,1197973900,3886,0.9950000047683716,1.0
2,1197973900,3887,0.9950000047683716,1.0
2,1197973900,3888,0.9950000047683716,1.0
2,1197973900,3889,0.9950000047683716,1.0
2,1197973900,3890,0.9950000047683716,1.0
2,1197973900,3891,0.9950000047683716,1.0
2,1197973900,3892,0.9899999499320984,1.0
2,1197973900,3893,0.9899999499320984,1.0
2,1197973900,3894,0.9899999499320984,1.0
2,1197973900,3895,0.9899999499320984,1.0
2,1197973900,3896,0.9899999499320984,1.0
2,1197973900,3897,0.9899999499320984,1.0
2,1197973900,3898,0.9899999499320984,1.0
2,1197973900,3899,0.9899999499320984,1.0
2,1197973900,3900,0.9899999499320984,1.0
2,1197973900,3901,0.9899999499320984,1.0
2,1197973900,3902,0.9899999499320984,1.0
2,1197973900,3903,0.9899999499320984,1.0
2,1197973900,3904,0.9899999499320984,1.0
2,1197973900,3905,0.9899999499320984,1.0
2,1197973900,3906,0.9899999499320984,1.0
2,1197973900,3907,0.9899999499320984,1.0
2,1197973900,3908,0.9899999499320984,1.0
2,1197973900,3909,0.9899999499320984,1.0
2,1197973900,3910,0.9899999499320984,1.0
2,1197973900,3911,0.9899999499320984,1.0
2,1197973900,3912,0.9899999499320984,1.0
2,1197973900,3913,0.9899999499320984,1.0
2,1197973900,3914,0.9899999499320984,1.0
2,1197973900,3915,0.9899999499320984,1.0
2,1197973900,3916,0.9899999499320984,1.0
2,1197973900,3917,0.9899999499320984,1.0
2,1197973900,3918,0.9899999499320984,1.0
2,1197973900,3919,0.9899999499320984,1.0
2,1197973900,3920,0.9899999499320984,1.0
2,1197973900,3921,0.9899999499320984,1.0
2,1197973900,3922,0.9899999499320984,1.0
2,1197973900,3923,0.9899999499320984,1.0
2,1197973900,3924,0.9899999499320984,1.0
2,1197973900,3925,0.98499995470047,1.0
2,1197973900,3926,0.9899999499320984,1.0
2,1197973900,3927,0.98499995470047,1.0
2,1197973900,3928,0.9899999499320984,1.0
2,1197973900,3929,0.98499995470047,1.0
2,1197973900,3930,0.9899999499320984,1.0
2,1197973900,3931,0.98499995470047,1.0
2,1197973900,3932,0.98499995470047,1.0
2,1197973900,3933,0.98499995470047,1.0
2,1197973900,3934,0.98499995470047,1.0
2,1197973900,3935,0.9899999499320984,1.0
2,1197973900,3936,0.98499995470047,1.0
2,1197973900,3937,0.98499995470047,1.0
2,1197973900,3938,0.98499995470047,1.0
2,1197973900,3939,0.98499995470047,1.0
2,1197973900,3940,0.98499995470047,1.0
2,1197973900,3941,0.98499995470047,1.0
2,1197973900,3942,0.98499995470047,1.0
2,1197973900,3943,0.98499995470047,1.0
2,1197973900,3944,0.98499995470047,1.0
2,1197973900,3945,0.98499995470047,1.0
2,1197973900,3946,0.98499995470047,1.0
2,1197973900,3947,0.98499995470047,1.0
2,1197973900,3948,0.98499995470047,1.0
2,1197973900,3949,0.98499995470047,1.0
2,1197973900,3950,0.98499995470047,1.0
2,1197973900,3951,0.98499995470047,1.0
2,1197973900,3952,0.98499995470047,1.0
2,1197973900,3953,0.98499995470047,1.0
2,1197973900,3954,0.98499995470047,1.0
2,1197973900,3955,0.98499995470047,1.0
2,1197973900,3956,0.98499995470047,1.0
2,1197973900,3957,0.98499995470047,1.0
2,1197973900,3958,0.98499995470047,1.0
2,1197973900,3959,0.98499995470047,1.0
2,1197973900,3960,0.98499995470047,1.0
2,1197973900,3961,0.98499995470047,1.0
2,1197973900,3962,0.98499995470047,1.0
2,1197973900,3963,0.98499995470047,1.0
2,1197973900,3964,0.98499995470047,1.0
2,1197973900,3965,0.98499995470047,1.0
2,1197973900,3966,0.98499995470047,1.0
2,1197973900,3967,0.98499995470047,1.0
2,1197973900,3968,0.98499995470047,1.0
2,1197973900,3969,0.98499995470047,1.0
2,1197973900,3970,0.98499995470047,1.0
2,1197973900,3971,0.98499995470047,1.0
2,1197973900,3972,0.98499995470047,1.0
2,1197973900,3973,0.98499995470047,1.0
2,1197973900,3974,0.98499995470047,1.0
2,1197973900,3975,0.98499995470047,1.0
2,1197973900,3976,0.98499995470047,1.0
2,1197973900,3977,0.98499995470047,1.0
2,1197973900,3978,0.98499995470047,1.0
2,1197973900,3979,0.98499995470047,1.0
2,1197973900,3980,0.98499995470047,1.0
2,1197973900,3981,0.98499995470047,1.0
2,1197973900,3982,0.98499995470047,1.0
2,1197973900,3983,0.98499995470047,1.0
2,1197973900,3984,0.98499995470047,1.0
2,1197973900,3985,0.98499995470047,1.0
2,1197973900,3986,0.98499995470047,1.0
2,1197973900,3987,0.98499995470047,1.0
2,1197973900,3988,0.98499995470047,1.0
2,1197973900,3989,0.98499995470047,1.0
2,1197973900,3990,0.98499995470047,1.0
2,1197973900,3991,0.98499995470047,1.0
2,1197973900,3992,0.98499995470047,1.0
2,1197973900,3993,0.98499995470047,1.0
2,1197973900,3994,0.9799999594688416,1.0
2,1197973900,3995,0.98499995470047,1.0
2,1197973900,3996,0.98499995470047,1.0
2,1197973900,3997,0.98499995470047,1.0
2,1197973900,3998,0.98499995470047,1.0
2,1197973900,3999,0.98499995470047,1.0
2,1197973900,4000,0.98499995470047,1.0
2,1197973900,4001,0.98499995470047,1.0
2,1197973900,4002,0.9799999594688416,1.0
2,1197973900,4003,0.98499995470047,1.0
2,1197973900,4004,0.98499995470047,1.0
2,1197973900,4005,0.98499995470047,1.0
2,1197973900,4006,0.98499995470047,1.0
2,1197973900,4007,0.98499995470047,1.0
2,1197973900,4008,0.98499995470047,1.0
2,1197973900,4009,0.98499995470047,1.0
2,1197973900,4010,0.98499995470047,1.0
2,1197973900,4011,0.98499995470047,1.0
2,1197973900,4012,0.98499995470047,1.0
2,1197973900,4013,0.98499995470047,1.0
2,1197973900,4014,0.98499995470047,1.0
2,1197973900,4015,0.98499995470047,1.0
2,1197973900,4016,0.98499995470047,1.0
2,1197973900,4017,0.98499995470047,1.0
2,1197973900,4018,0.98499995470047,1.0
2,1197973900,4019,0.98499995470047,1.0
2,1197973900,4020,0.98499995470047,1.0
2,1197973900,4021,0.98499995470047,1.0
2,1197973900,4022,0.98499995470047,1.0
2,1197973900,4023,0.98499995470047,1.0
2,1197973900,4024,0.98499995470047,1.0
2,1197973900,4025,0.98499995470047,1.0
2,1197973900,4026,0.98499995470047,1.0
2,1197973900,4027,0.98499995470047,1.0
2,1197973900,4028,0.98499995470047,1.0
2,1197973900,4029,0.98499995470047,1.0
2,1197973900,4030,0.98499995470047,1.0
2,1197973900,4031,0.98499995470047,1.0
2,1197973900,4032,0.98499995470047,1.0
2,1197973900,4033,0.98499995470047,1.0
2,1197973900,4034,0.98499995470047,1.0
2,1197973900,4035,0.98499995470047,1.0
2,1197973900,4036,0.98499995470047,1.0
2,1197973900,4037,0.98499995470047,1.0
2,1197973900,4038,0.98499995470047,1.0
2,1197973900,4039,0.98499995470047,1.0
2,1197973900,4040,0.98499995470047,1.0
2,1197973900,4041,0.98499995470047,1.0
2,1197973900,4042,0.98499995470047,1.0
2,1197973900,4043,0.98499995470047,1.0
2,1197973900,4044,0.98499995470047,1.0
2,1197973900,4045,0.98499995470047,1.0
2,1197973900,4046,0.98499995470047,1.0
2,1197973900,4047,0.98499995470047,1.0
2,1197973900,4048,0.98499995470047,1.0
2,1197973900,4049,0.98499995470047,1.0
2,1197973900,4050,0.98499995470047,1.0
2,1197973900,4051,0.98499995470047,1.0
2,1197973900,4052,0.98499995470047,1.0
2,1197973900,4053,0.98499995470047,1.0
2,1197973900,4054,0.98499995470047,1.0
2,1197973900,4055,0.9899999499320984,1.0
2,1197973900,4056,0.98499995470047,1.0
2,1197973900,4057,0.9899999499320984,1.0
2,1197973900,4058,0.98499995470047,1.0
2,1197973900,4059,0.9899999499320984,1.0
2,1197973900,4060,0.9899999499320984,1.0
2,1197973900,4061,0.98499995470047,1.0
2,1197973900,4062,0.9899999499320984,1.0
2,1197973900,4063,0.98499995470047,1.0
2,1197973900,4064,0.9899999499320984,1.0
2,1197973900,4065,0.98499995470047,1.0
2,1197973900,4066,0.9899999499320984,1.0
2,1197973900,4067,0.9899999499320984,1.0
2,1197973900,4068,0.9899999499320984,1.0
2,1197973900,4069,0.9899999499320984,1.0
2,1197973900,4070,0.9899999499320984,1.0
2,1197973900,4071,0.9899999499320984,1.0
2,1197973900,4072,0.98499995470047,1.0
2,1197973900,4073,0.9899999499320984,1.0
2,1197973900,4074,0.9899999499320984,1.0
2,1197973900,4075,0.9899999499320984,1.0
2,1197973900,4076,0.9899999499320984,1.0
2,1197973900,4077,0.9899999499320984,1.0
2,1197973900,4078,0.9899999499320984,1.0
2,1197973900,4079,0.9899999499320984,1.0
2,1197973900,4080,0.9899999499320984,1.0
2,1197973900,4081,0.9899999499320984,1.0
2,1197973900,4082,0.9899999499320984,1.0
2,1197973900,4083,0.9899999499320984,1.0
2,1197973900,4084,0.9899999499320984,1.0
2,1197973900,4085,0.9899999499320984,1.0
2,1197973900,4086,0.9899999499320984,1.0
2,1197973900,4087,0.9899999499320984,1.0
2,1197973900,4088,0.9899999499320984,1.0
2,1197973900,4089,0.9899999499320984,1.0
2,1197973900,4090,0.9899999499320984,1.0
2,1197973900,4091,0.9899999499320984,1.0
2,1197973900,4092,0.9899999499320984,1.0
2,1197973900,4093,0.9899999499320984,1.0
2,1197973900,4094,0.9899999499320984,1.0
2,1197973900,4095,0.9899999499320984,1.0
2,1197973900,4096,0.9899999499320984,1.0
2,1197973900,4097,0.9899999499320984,1.0
2,1197973900,4098,0.9899999499320984,1.0
2,1197973900,4099,0.9899999499320984,1.0
2,1197973900,4100,0.9899999499320984,1.0
2,1197973900,4101,0.9899999499320984,1.0
2,1197973900,4102,0.9899999499320984,1.0
2,1197973900,4103,0.9899999499320984,1.0
2,1197973900,4104,0.9899999499320984,1.0
2,1197973900,4105,0.9899999499320984,1.0
2,1197973900,4106,0.9899999499320984,1.0
2,1197973900,4107,0.9899999499320984,1.0
2,1197973900,4108,0.9899999499320984,1.0
2,1197973900,4109,0.9899999499320984,1.0
2,1197973900,4110,0.9899999499320984,1.0
2,1197973900,4111,0.9899999499320984,1.0
2,1197973900,4112,0.9899999499320984,1.0
2,1197973900,4113,0.9899999499320984,1.0
2,1197973900,4114,0.9899999499320984,1.0
2,1197973900,4115,0.9899999499320984,1.0
2,1197973900,4116,0.9899999499320984,1.0
2,1197973900,4117,0.9899999499320984,1.0
2,1197973900,4118,0.9899999499320984,1.0
2,1197973900,4119,0.9899999499320984,1.0
2,1197973900,4120,0.9899999499320984,1.0
2,1197973900,4121,0.9899999499320984,1.0
2,1197973900,4122,0.9899999499320984,1.0
2,1197973900,4123,0.9899999499320984,1.0
2,1197973900,4124,0.9899999499320984,1.0
2,1197973900,4125,0.9899999499320984,1.0
2,1197973900,4126,0.9899999499320984,1.0
2,1197973900,4127,0.9899999499320984,1.0
2,1197973900,4128,0.9899999499320984,1.0
2,1197973900,4129,0.9899999499320984,1.0
2,1197973900,4130,0.9899999499320984,1.0
2,1197973900,4131,0.9899999499320984,1.0
2,1197973900,4132,0.9899999499320984,1.0
2,1197973900,4133,0.9899999499320984,1.0
2,1197973900,4134,0.9899999499320984,1.0
2,1197973900,4135,0.9899999499320984,1.0
2,1197973900,4136,0.9899999499320984,1.0
2,1197973900,4137,0.9899999499320984,1.0
2,1197973900,4138,0.9899999499320984,1.0
2,1197973900,4139,0.9899999499320984,1.0
2,1197973900,4140,0.9899999499320984,1.0
2,1197973900,4141,0.9899999499320984,1.0
2,1197973900,4142,0.9899999499320984,1.0
2,1197973900,4143,0.9899999499320984,1.0
2,1197973900,4144,0.9899999499320984,1.0
2,1197973900,4145,0.9899999499320984,1.0
2,1197973900,4146,0.9899999499320984,1.0
2,1197973900,4147,0.9899999499320984,1.0
2,1197973900,4148,0.9899999499320984,1.0
2,1197973900,4149,0.9899999499320984,1.0
2,1197973900,4150,0.9899999499320984,1.0
2,1197973900,4151,0.9899999499320984,1.0
2,1197973900,4152,0.9899999499320984,1.0
2,1197973900,4153,0.9899999499320984,1.0
2,1197973900,4154,0.9899999499320984,1.0
2,1197973900,4155,0.9899999499320984,1.0
2,1197973900,4156,0.9899999499320984,1.0
2,1197973900,4157,0.9899999499320984,1.0
2,1197973900,4158,0.9899999499320984,1.0
2,1197973900,4159,0.9899999499320984,1.0
2,1197973900,4160,0.9899999499320984,1.0
2,1197973900,4161,0.9899999499320984,1.0
2,1197973900,4162,0.9899999499320984,1.0
2,1197973900,4163,0.9899999499320984,1.0
2,1197973900,4164,0.9899999499320984,1.0
2,1197973900,4165,0.9899999499320984,1.0
2,1197973900,4166,0.9899999499320984,1.0
2,1197973900,4167,0.9899999499320984,1.0
2,1197973900,4168,0.9899999499320984,1.0
2,1197973900,4169,0.9899999499320984,1.0
2,1197973900,4170,0.9899999499320984,1.0
2,1197973900,4171,0.9899999499320984,1.0
2,1197973900,4172,0.9899999499320984,1.0
2,1197973900,4173,0.9899999499320984,1.0
2,1197973900,4174,0.9899999499320984,1.0
2,1197973900,4175,0.9950000047683716,1.0
2,1197973900,4176,0.9899999499320984,1.0
2,1197973900,4177,0.9899999499320984,1.0
2,1197973900,4178,0.9950000047683716,1.0
2,1197973900,4179,0.9899999499320984,1.0
2,1197973900,4180,0.9950000047683716,1.0
2,1197973900,4181,0.9950000047683716,1.0
2,1197973900,4182,0.9950000047683716,1.0
2,1197973900,4183,0.9950000047683716,1.0
2,1197973900,4184,0.9950000047683716,1.0
2,1197973900,4185,0.9950000047683716,1.0
2,1197973900,4186,0.9950000047683716,1.0
2,1197973900,4187,0.9950000047683716,1.0
2,1197973900,4188,0.9950000047683716,1.0
2,1197973900,4189,0.9950000047683716,1.0
2,1197973900,4190,0.9950000047683716,1.0
2,1197973900,4191,0.9950000047683716,1.0
2,1197973900,4192,0.9950000047683716,1.0
2,1197973900,4193,0.9950000047683716,1.0
2,1197973900,4194,0.9950000047683716,1.0
2,1197973900,4195,0.9950000047683716,1.0
2,1197973900,4196,0.9950000047683716,1.0
2,1197973900,4197,0.9950000047683716,1.0
2,1197973900,4198,0.9950000047683716,1.0
2,1197973900,4199,0.9950000047683716,1.0
2,1197973900,4200,0.9950000047683716,1.0
2,1197973900,4201,0.9950000047683716,1.0
2,1197973900,4202,0.9950000047683716,1.0
2,1197973900,4203,0.9950000047683716,1.0
2,1197973900,4204,0.9950000047683716,1.0
2,1197973900,4205,0.9950000047683716,1.0
2,1197973900,4206,0.9950000047683716,1.0
2,1197973900,4207,0.9950000047683716,1.0
2,1197973900,4208,0.9950000047683716,1.0
2,1197973900,4209,0.9950000047683716,1.0
2,1197973900,4210,0.9950000047683716,1.0
2,1197973900,4211,0.9950000047683716,1.0
2,1197973900,4212,0.9950000047683716,1.0
2,1197973900,4213,0.9950000047683716,1.0
2,1197973900,4214,0.9950000047683716,1.0
2,1197973900,4215,0.9950000047683716,1.0
2,1197973900,4216,0.9950000047683716,1.0
2,1197973900,4217,0.9950000047683716,1.0
2,1197973900,4218,0.9950000047683716,1.0
2,1197973900,4219,0.9950000047683716,1.0
2,1197973900,4220,0.9950000047683716,1.0
2,1197973900,4221,0.9950000047683716,1.0
2,1197973900,4222,0.9950000047683716,1.0
2,1197973900,4223,0.9950000047683716,1.0
2,1197973900,4224,0.9950000047683716,1.0
2,1197973900,4225,0.9950000047683716,1.0
2,1197973900,4226,0.9950000047683716,1.0
2,1197973900,4227,0.9950000047683716,1.0
2,1197973900,4228,0.9950000047683716,1.0
2,1197973900,4229,0.9950000047683716,1.0
2,1197973900,4230,0.9950000047683716,1.0
2,1197973900,4231,0.9950000047683716,1.0
2,1197973900,4232,0.9950000047683716,1.0
2,1197973900,4233,0.9950000047683716,1.0
2,1197973900,4234,0.9950000047683716,1.0
2,1197973900,4235,0.9950000047683716,1.0
2,1197973900,4236,0.9950000047683716,1.0
2,1197973900,4237,0.9950000047683716,1.0
2,1197973900,4238,0.9950000047683716,1.0
2,1197973900,4239,0.9950000047683716,1.0
2,1197973900,4240,0.9950000047683716,1.0
2,1197973900,4241,0.9950000047683716,1.0
2,1197973900,4242,0.9950000047683716,1.0
2,1197973900,4243,0.9950000047683716,1.0
2,1197973900,4244,0.9950000047683716,1.0
2,1197973900,4245,0.9950000047683716,1.0
2,1197973900,4246,0.9950000047683716,1.0
2,1197973900,4247,0.9950000047683716,1.0
2,1197973900,4248,0.9950000047683716,1.0
2,1197973900,4249,0.9950000047683716,1.0
2,1197973900,4250,0.9950000047683716,1.0
2,1197973900,4251,0.9950000047683716,1.0
2,1197973900,4252,0.9950000047683716,1.0
2,1197973900,4253,0.9950000047683716,1.0
2,1197973900,4254,0.9950000047683716,1.0
2,1197973900,4255,0.9950000047683716,1.0
2,1197973900,4256,0.9950000047683716,1.0
2,1197973900,4257,0.9950000047683716,1.0
2,1197973900,4258,0.9950000047683716,1.0
2,1197973900,4259,0.9950000047683716,1.0
2,1197973900,4260,0.9950000047683716,1.0
2,1197973900,4261,0.9950000047683716,1.0
2,1197973900,4262,0.9950000047683716,1.0
2,1197973900,4263,0.9950000047683716,1.0
2,1197973900,4264,0.9950000047683716,1.0
2,1197973900,4265,0.9950000047683716,1.0
2,1197973900,4266,0.9950000047683716,1.0
2,1197973900,4267,0.9950000047683716,1.0
2,1197973900,4268,0.9950000047683716,1.0
2,1197973900,4269,0.9950000047683716,1.0
2,1197973900,4270,0.9950000047683716,1.0
2,1197973900,4271,1.0,1.0
2,1197973900,4272,0.9950000047683716,1.0
2,1197973900,4273,1.0,1.0
2,1197973900,4274,1.0,1.0
2,1197973900,4275,1.0,1.0
2,1197973900,4276,1.0,1.0
2,1197973900,4277,1.0,1.0
2,1197973900,4278,1.0,1.0
2,1197973900,4279,1.0,1.0
2,1197973900,4280,1.0,1.0
2,1197973900,4281,1.0,1.0
2,1197973900,4282,1.0,1.0
2,1197973900,4283,1.0,1.0
2,1197973900,4284,1.0,1.0
2,1197973900,4285,1.0,1.0
2,1197973900,4286,1.0,1.0
2,1197973900,4287,1.0,1.0
2,1197973900,4288,1.0,1.0
2,1197973900,4289,1.0,1.0
2,1197973900,4290,1.0,1.0
2,1197973900,4291,1.0,1.0
2,1197973900,4292,1.0,1.0
2,1197973900,4293,1.0,1.0
2,1197973900,4294,1.0,1.0
2,1197973900,4295,1.0,1.0
2,1197973900,4296,1.0,1.0
2,1197973900,4297,1.0,1.0
2,1197973900,4298,1.0,1.0
2,1197973900,4299,1.0,1.0
2,1197973900,4300,1.0,1.0
2,1197973900,4301,1.0,1.0
2,1197973900,4302,1.0,1.0
2,1197973900,4303,1.0,1.0
2,1197973900,4304,1.0,1.0
2,1197973900,4305,1.0,1.0
2,1197973900,4306,1.0,1.0
2,1197973900,4307,1.0,1.0
2,1197973900,4308,1.0,1.0
2,1197973900,4309,1.0,1.0
2,1197973900,4310,1.0,1.0
2,1197973900,4311,1.0,1.0
2,1197973900,4312,1.0,1.0
2,1197973900,4313,1.0,1.0
2,1197973900,4314,1.0,1.0
2,1197973900,4315,1.0,1.0
2,1197973900,4316,1.0,1.0
2,1197973900,4317,1.0,1.0
2,1197973900,4318,1.0,1.0
2,1197973900,4319,1.0,1.0
2,1197973900,4320,1.0,1.0
2,1197973900,4321,1.0,1.0
2,1197973900,4322,1.0,1.0
2,1197973900,4323,1.0,1.0
2,1197973900,4324,1.0,1.0
2,1197973900,4325,1.0,1.0
2,1197973900,4326,1.0,1.0
2,1197973900,4327,1.0,1.0
2,1197973900,4328,1.0,1.0
2,1197973900,4329,1.0,1.0
2,1197973900,4330,1.0,1.0
2,1197973900,4331,1.0,1.0
2,1197973900,4332,1.0,1.0
2,1197973900,4333,1.0,1.0
2,1197973900,4334,1.0,1.0
2,1197973900,4335,1.0,1.0
2,1197973900,4336,1.0,1.0
2,1197973900,4337,1.0,1.0
2,1197973900,4338,1.0,1.0
2,1197973900,4339,1.0,1.0
2,1197973900,4340,1.0,1.0
2,1197973900,4341,1.0,1.0
2,1197973900,4342,1.0,1.0
2,1197973900,4343,1.0,1.0
2,1197973900,4344,1.0,1.0
2,1197973900,4345,1.0,1.0
2,1197973900,4346,1.0,1.0
2,1197973900,4347,1.0,1.0
2,1197973900,4348,1.0,1.0
2,1197973900,4349,1.0,1.0
2,1197973900,4350,1.0,1.0
2,1197973900,4351,1.0,1.0
2,1197973900,4352,1.0,1.0
2,1197973900,4353,1.0,1.0
2,1197973900,4354,1.0,1.0
2,1197973900,4355,1.0,1.0
2,1197973900,4356,1.0,1.0
2,1197973900,4357,1.0,1.0
2,1197973900,4358,1.0,1.0
2,1197973900,4359,1.0,1.0
2,1197973900,4360,1.0,1.0
2,1197973900,4361,1.0,1.0
2,1197973900,4362,1.0,1.0
2,1197973900,4363,1.0,1.0
2,1197973900,4364,1.0,1.0
2,1197973900,4365,1.0,1.0
2,1197973900,4366,1.0,1.0
2,1197973900,4367,1.0,1.0
2,1197973900,4368,1.0,1.0
2,1197973900,4369,1.0,1.0
2,1197973900,4370,1.0,1.0
2,1197973900,4371,1.0,1.0
2,1197973900,4372,1.0,1.0
2,1197973900,4373,1.0,1.0
2,1197973900,4374,1.0,1.0
2,1197973900,4375,1.0,1.0
2,1197973900,4376,1.0,1.0
2,1197973900,4377,1.0,1.0
2,1197973900,4378,1.0,1.0
2,1197973900,4379,1.0,1.0
2,1197973900,4380,1.0,1.0
2,1197973900,4381,1.0,1.0
2,1197973900,4382,1.0,1.0
2,1197973900,4383,1.0,1.0
2,1197973900,4384,1.0,1.0
2,1197973900,4385,1.0,1.0
2,1197973900,4386,1.0,1.0
2,1197973900,4387,1.0,1.0
2,1197973900,4388,1.0,1.0
2,1197973900,4389,1.0,1.0
2,1197973900,4390,1.0,1.0
2,1197973900,4391,1.0,1.0
2,1197973900,4392,1.0,1.0
2,1197973900,4393,1.0,1.0
2,1197973900,4394,1.0,1.0
2,1197973900,4395,1.0,1.0
2,1197973900,4396,1.0,1.0
2,1197973900,4397,1.0,1.0
2,1197973900,4398,1.0,1.0
2,1197973900,4399,1.0,1.0
2,1197973900,4400,1.0,1.0
2,1197973900,4401,1.0,1.0
2,1197973900,4402,1.0,1.0
2,1197973900,4403,1.0,1.0
2,1197973900,4404,1.0,1.0
2,1197973900,4405,1.0,1.0
2,1197973900,4406,1.0,1.0
2,1197973900,4407,1.0,1.0
2,1197973900,4408,1.0,1.0
2,1197973900,4409,1.0,1.0
2,1197973900,4410,1.0,1.0
2,1197973900,4411,1.0,1.0
2,1197973900,4412,1.0,1.0
2,1197973900,4413,1.0,1.0
2,1197973900,4414,1.0,1.0
2,1197973900,4415,1.0,1.0
2,1197973900,4416,1.0,1.0
2,1197973900,4417,1.0,1.0
2,1197973900,4418,1.0,1.0
2,1197973900,4419,1.0,1.0
2,1197973900,4420,1.0,1.0
2,1197973900,4421,1.0,1.0
2,1197973900,4422,1.0,1.0
2,1197973900,4423,1.0,1.0
2,1197973900,4424,1.0,1.0
2,1197973900,4425,1.0,1.0
2,1197973900,4426,1.0,1.0
2,1197973900,4427,1.0,1.0
2,1197973900,4428,1.0,1.0
2,1197973900,4429,1.0,1.0
2,1197973900,4430,1.0,1.0
2,1197973900,4431,1.0,1.0
2,1197973900,4432,1.0,1.0
2,1197973900,4433,1.0,1.0
2,1197973900,4434,1.0,1.0
2,1197973900,4435,1.0,1.0
2,1197973900,4436,1.0,1.0
2,1197973900,4437,1.0,1.0
2,1197973900,4438,1.0,1.0
2,1197973900,4439,1.0,1.0
2,1197973900,4440,1.0,1.0
2,1197973900,4441,1.0,1.0
2,1197973900,4442,1.0,1.0
2,1197973900,4443,1.0,1.0
2,1197973900,4444,1.0,1.0
2,1197973900,4445,1.0,1.0
2,1197973900,4446,1.0,1.0
2,1197973900,4447,1.0,1.0
2,1197973900,4448,1.0,1.0
2,1197973900,4449,1.0,1.0
2,1197973900,4450,1.0,1.0
2,1197973900,4451,1.0,1.0
2,1197973900,4452,1.0,1.0
2,1197973900,4453,1.0,1.0
2,1197973900,4454,1.0,1.0
2,1197973900,4455,1.0,1.0
2,1197973900,4456,1.0,1.0
2,1197973900,4457,1.0,1.0
2,1197973900,4458,1.0,1.0
2,1197973900,4459,1.0,1.0
2,1197973900,4460,1.0,1.0
2,1197973900,4461,1.0,1.0
2,1197973900,4462,1.0,1.0
2,1197973900,4463,1.0,1.0
2,1197973900,4464,1.0,1.0
2,1197973900,4465,1.0,1.0
2,1197973900,4466,1.0,1.0
2,1197973900,4467,1.0,1.0
2,1197973900,4468,1.0,1.0
2,1197973900,4469,1.0,1.0
2,1197973900,4470,1.0,1.0
2,1197973900,4471,1.0,1.0
2,1197973900,4472,1.0,1.0
2,1197973900,4473,1.0,1.0
2,1197973900,4474,1.0,1.0
2,1197973900,4475,1.0,1.0
2,1197973900,4476,1.0,1.0
2,1197973900,4477,1.0,1.0
2,1197973900,4478,1.0,1.0
2,1197973900,4479,1.0,1.0
2,1197973900,4480,1.0,1.0
2,1197973900,4481,1.0,1.0
2,1197973900,4482,1.0,1.0
2,1197973900,4483,1.0,1.0
2,1197973900,4484,1.0,1.0
2,1197973900,4485,1.0,1.0
2,1197973900,4486,1.0,1.0
2,1197973900,4487,1.0,1.0
2,1197973900,4488,1.0,1.0
2,1197973900,4489,1.0,1.0
2,1197973900,4490,1.0,1.0
2,1197973900,4491,1.0,1.0
2,1197973900,4492,1.0,1.0
2,1197973900,4493,1.0,1.0
2,1197973900,4494,1.0,1.0
2,1197973900,4495,1.0,1.0
2,1197973900,4496,1.0,1.0
2,1197973900,4497,1.0,1.0
2,1197973900,4498,1.0,1.0
2,1197973900,4499,1.0,1.0
2,1197973900,4500,1.0,1.0
2,1197973900,4501,1.0,1.0
2,1197973900,4502,1.0,1.0
2,1197973900,4503,1.0,1.0
2,1197973900,4504,1.0,1.0
2,1197973900,4505,1.0,1.0
2,1197973900,4506,1.0,1.0
2,1197973900,4507,1.0,1.0
2,1197973900,4508,1.0,1.0
2,1197973900,4509,1.0,1.0
2,1197973900,4510,1.0,1.0
2,1197973900,4511,1.0,1.0
2,1197973900,4512,1.0,1.0
2,1197973900,4513,1.0,1.0
2,1197973900,4514,1.0,1.0
2,1197973900,4515,1.0,1.0
2,1197973900,4516,1.0,1.0
2,1197973900,4517,1.0,1.0
2,1197973900,4518,1.0,1.0
2,1197973900,4519,1.0,1.0
2,1197973900,4520,1.0,1.0
2,1197973900,4521,1.0,1.0
2,1197973900,4522,1.0,1.0
2,1197973900,4523,1.0,1.0
2,1197973900,4524,1.0,1.0
2,1197973900,4525,1.0,1.0
2,1197973900,4526,1.0,1.0
2,1197973900,4527,1.0,1.0
2,1197973900,4528,1.0,1.0
2,1197973900,4529,1.0,1.0
2,1197973900,4530,1.0,1.0
2,1197973900,4531,1.0,1.0
2,1197973900,4532,1.0,1.0
2,1197973900,4533,1.0,1.0
2,1197973900,4534,1.0,1.0
2,1197973900,4535,1.0,1.0
2,1197973900,4536,1.0,1.0
2,1197973900,4537,1.0,1.0
2,1197973900,4538,1.0,1.0
2,1197973900,4539,1.0,1.0
2,1197973900,4540,1.0,1.0
2,1197973900,4541,1.0,1.0
2,1197973900,4542,1.0,1.0
2,1197973900,4543,1.0,1.0
2,1197973900,4544,1.0,1.0
2,1197973900,4545,1.0,1.0
2,1197973900,4546,1.0,1.0
2,1197973900,4547,1.0,1.0
2,1197973900,4548,1.0,1.0
2,1197973900,4549,1.0,1.0
2,1197973900,4550,1.0,1.0
2,1197973900,4551,1.0,1.0
2,1197973900,4552,1.0,1.0
2,1197973900,4553,1.0,1.0
2,1197973900,4554,1.0,1.0
2,1197973900,4555,1.0,1.0
2,1197973900,4556,1.0,1.0
2,1197973900,4557,1.0,1.0
2,1197973900,4558,1.0,1.0
2,1197973900,4559,1.0,1.0
2,1197973900,4560,1.0,1.0
2,1197973900,4561,1.0,1.0
2,1197973900,4562,1.0,1.0
2,1197973900,4563,1.0,1.0
2,1197973900,4564,1.0,1.0
2,1197973900,4565,1.0,1.0
2,1197973900,4566,1.0,1.0
2,1197973900,4567,1.0,1.0
2,1197973900,4568,1.0,1.0
2,1197973900,4569,1.0,1.0
2,1197973900,4570,1.0,1.0
2,1197973900,4571,1.0,1.0
2,1197973900,4572,1.0,1.0
2,1197973900,4573,1.0,1.0
2,1197973900,4574,1.0,1.0
2,1197973900,4575,1.0,1.0
2,1197973900,4576,1.0,1.0
2,1197973900,4577,1.0,1.0
2,1197973900,4578,1.0,1.0
2,1197973900,4579,1.0,1.0
2,1197973900,4580,1.0,1.0
2,1197973900,4581,1.0,1.0
2,1197973900,4582,1.0,1.0
2,1197973900,4583,1.0,1.0
2,1197973900,4584,1.0,1.0
2,1197973900,4585,1.0,1.0
2,1197973900,4586,1.0,1.0
2,1197973900,4587,1.0,1.0
2,1197973900,4588,1.0,1.0
2,1197973900,4589,1.0,1.0
2,1197973900,4590,1.0,1.0
2,1197973900,4591,1.0,1.0
2,1197973900,4592,1.0,1.0
2,1197973900,4593,1.0,1.0
2,1197973900,4594,1.0,1.0
2,1197973900,4595,1.0,1.0
2,1197973900,4596,1.0,1.0
2,1197973900,4597,1.0,1.0
2,1197973900,4598,1.0,1.0
2,1197973900,4599,1.0,1.0
2,1197973900,4600,1.0,1.0
2,1197973900,4601,1.0,1.0
2,1197973900,4602,1.0,1.0
2,1197973900,4603,1.0,1.0
2,1197973900,4604,1.0,1.0
2,1197973900,4605,1.0,1.0
2,1197973900,4606,1.0,1.0
2,1197973900,4607,1.0,1.0
2,1197973900,4608,1.0,1.0
2,1197973900,4609,1.0,1.0
2,1197973900,4610,1.0,1.0
2,1197973900,4611,1.0,1.0
2,1197973900,4612,1.0,1.0
2,1197973900,4613,1.0,1.0
2,1197973900,4614,1.0,1.0
2,1197973900,4615,1.0,1.0
2,1197973900,4616,1.0,1.0
2,1197973900,4617,1.0,1.0
2,1197973900,4618,1.0,1.0
2,1197973900,4619,1.0,1.0
2,1197973900,4620,1.0,1.0
2,1197973900,4621,1.0,1.0
2,1197973900,4622,1.0,1.0
2,1197973900,4623,1.0,1.0
2,1197973900,4624,1.0,1.0
2,1197973900,4625,1.0,1.0
2,1197973900,4626,1.0,1.0
2,1197973900,4627,1.0,1.0
2,1197973900,4628,1.0,1.0
2,1197973900,4629,1.0,1.0
2,1197973900,4630,1.0,1.0
2,1197973900,4631,1.0,1.0
2,1197973900,4632,1.0,1.0
2,1197973900,4633,1.0,1.0
2,1197973900,4634,1.0,1.0
2,1197973900,4635,1.0,1.0
2,1197973900,4636,1.0,1.0
2,1197973900,4637,1.0,1.0
2,1197973900,4638,1.0,1.0
2,1197973900,4639,1.0,1.0
2,1197973900,4640,1.0,1.0
2,1197973900,4641,1.0,1.0
2,1197973900,4642,1.0,1.0
2,1197973900,4643,1.0,1.0
2,1197973900,4644,1.0,1.0
2,1197973900,4645,1.0,1.0
2,1197973900,4646,1.0,1.0
2,1197973900,4647,1.0,1.0
2,1197973900,4648,1.0,1.0
2,1197973900,4649,1.0,1.0
2,1197973900,4650,1.0,1.0
2,1197973900,4651,1.0,1.0
2,1197973900,4652,1.0,1.0
2,1197973900,4653,1.0,1.0
2,1197973900,4654,1.0,1.0
2,1197973900,4655,1.0,1.0
2,1197973900,4656,1.0,1.0
2,1197973900,4657,1.0,1.0
2,1197973900,4658,1.0,1.0
2,1197973900,4659,1.0,1.0
2,1197973900,4660,1.0,1.0
2,1197973900,4661,1.0,1.0
2,1197973900,4662,1.0,1.0
2,1197973900,4663,1.0,1.0
2,1197973900,4664,1.0,1.0
2,1197973900,4665,1.0,1.0
2,1197973900,4666,1.0,1.0
2,1197973900,4667,1.0,1.0
2,1197973900,4668,1.0,1.0
2,1197973900,4669,1.0,1.0
2,1197973900,4670,1.0,1.0
2,1197973900,4671,1.0,1.0
2,1197973900,4672,1.0,1.0
2,1197973900,4673,1.0,1.0
2,1197973900,4674,1.0,1.0
2,1197973900,4675,1.0,1.0
2,1197973900,4676,1.0,1.0
2,1197973900,4677,1.0,1.0
2,1197973900,4678,1.0,1.0
2,1197973900,4679,1.0,1.0
2,1197973900,4680,1.0,1.0
2,1197973900,4681,1.0,1.0
2,1197973900,4682,1.0,1.0
2,1197973900,4683,1.0,1.0
2,1197973900,4684,1.0,1.0
2,1197973900,4685,1.0,1.0
2,1197973900,4686,1.0,1.0
2,1197973900,4687,1.0,1.0
2,1197973900,4688,1.0,1.0
2,1197973900,4689,1.0,1.0
2,1197973900,4690,1.0,1.0
2,1197973900,4691,1.0,1.0
2,1197973900,4692,1.0,1.0
2,1197973900,4693,1.0,1.0
2,1197973900,4694,1.0,1.0
2,1197973900,4695,1.0,1.0
2,1197973900,4696,1.0,1.0
2,1197973900,4697,1.0,1.0
2,1197973900,4698,1.0,1.0
2,1197973900,4699,1.0,1.0
2,1197973900,4700,1.0,1.0
2,1197973900,4701,1.0,1.0
2,1197973900,4702,1.0,1.0
2,1197973900,4703,1.0,1.0
2,1197973900,4704,1.0,1.0
2,1197973900,4705,1.0,1.0
2,1197973900,4706,1.0,1.0
2,1197973900,4707,1.0,1.0
2,1197973900,4708,1.0,1.0
2,1197973900,4709,1.0,1.0
2,1197973900,4710,1.0,1.0
2,1197973900,4711,1.0,1.0
2,1197973900,4712,1.0,1.0
2,1197973900,4713,1.0,1.0
2,1197973900,4714,1.0,1.0
2,1197973900,4715,1.0,1.0
2,1197973900,4716,1.0,1.0
2,1197973900,4717,1.0,1.0
2,1197973900,4718,1.0,1.0
2,1197973900,4719,1.0,1.0
2,1197973900,4720,1.0,1.0
2,1197973900,4721,1.0,1.0
2,1197973900,4722,1.0,1.0
2,1197973900,4723,1.0,1.0
2,1197973900,4724,1.0,1.0
2,1197973900,4725,1.0,1.0
2,1197973900,4726,1.0,1.0
2,1197973900,4727,1.0,1.0
2,1197973900,4728,1.0,1.0
2,1197973900,4729,1.0,1.0
2,1197973900,4730,1.0,1.0
2,1197973900,4731,1.0,1.0
2,1197973900,4732,1.0,1.0
2,1197973900,4733,1.0,1.0
2,1197973900,4734,1.0,1.0
2,1197973900,4735,1.0,1.0
2,1197973900,4736,1.0,1.0
2,1197973900,4737,1.0,1.0
2,1197973900,4738,1.0,1.0
2,1197973900,4739,1.0,1.0
2,1197973900,4740,1.0,1.0
2,1197973900,4741,1.0,1.0
2,1197973900,4742,1.0,1.0
2,1197973900,4743,1.0,1.0
2,1197973900,4744,1.0,1.0
2,1197973900,4745,1.0,1.0
2,1197973900,4746,1.0,1.0
2,1197973900,4747,1.0,1.0
2,1197973900,4748,1.0,1.0
2,1197973900,4749,1.0,1.0
2,1197973900,4750,1.0,1.0
2,1197973900,4751,1.0,1.0
2,1197973900,4752,1.0,1.0
2,1197973900,4753,1.0,1.0
2,1197973900,4754,1.0,1.0
2,1197973900,4755,1.0,1.0
2,1197973900,4756,1.0,1.0
2,1197973900,4757,1.0,1.0
2,1197973900,4758,1.0,1.0
2,1197973900,4759,1.0,1.0
2,1197973900,4760,1.0,1.0
2,1197973900,4761,1.0,1.0
2,1197973900,4762,1.0,1.0
2,1197973900,4763,1.0,1.0
2,1197973900,4764,1.0,1.0
2,1197973900,4765,1.0,1.0
2,1197973900,4766,1.0,1.0
2,1197973900,4767,1.0,1.0
2,1197973900,4768,1.0,1.0
2,1197973900,4769,1.0,1.0
2,1197973900,4770,1.0,1.0
2,1197973900,4771,1.0,1.0
2,1197973900,4772,1.0,1.0
2,1197973900,4773,1.0,1.0
2,1197973900,4774,1.0,1.0
2,1197973900,4775,1.0,1.0
2,1197973900,4776,1.0,1.0
2,1197973900,4777,1.0,1.0
2,1197973900,4778,1.0,1.0
2,1197973900,4779,1.0,1.0
2,1197973900,4780,1.0,1.0
2,1197973900,4781,1.0,1.0
2,1197973900,4782,1.0,1.0
2,1197973900,4783,1.0,1.0
2,1197973900,4784,1.0,1.0
2,1197973900,4785,1.0,1.0
2,1197973900,4786,1.0,1.0
2,1197973900,4787,1.0,1.0
2,1197973900,4788,1.0,1.0
2,1197973900,4789,1.0,1.0
2,1197973900,4790,1.0,1.0
2,1197973900,4791,1.0,1.0
2,1197973900,4792,1.0,1.0
2,1197973900,4793,1.0,1.0
2,1197973900,4794,1.0,1.0
2,1197973900,4795,1.0,1.0
2,1197973900,4796,1.0,1.0
2,1197973900,4797,1.0,1.0
2,1197973900,4798,1.0,1.0
2,1197973900,4799,1.0,1.0
2,1197973900,4800,1.0,1.0
2,1197973900,4801,1.0,1.0
2,1197973900,4802,1.0,1.0
2,1197973900,4803,1.0,1.0
2,1197973900,4804,1.0,1.0
2,1197973900,4805,1.0,1.0
2,1197973900,4806,1.0,1.0
2,1197973900,4807,1.0,1.0
2,1197973900,4808,1.0,1.0
2,1197973900,4809,1.0,1.0
2,1197973900,4810,1.0,1.0
2,1197973900,4811,1.0,1.0
2,1197973900,4812,1.0,1.0
2,1197973900,4813,1.0,1.0
2,1197973900,4814,1.0,1.0
2,1197973900,4815,1.0,1.0
2,1197973900,4816,1.0,1.0
2,1197973900,4817,1.0,1.0
2,1197973900,4818,1.0,1.0
2,1197973900,4819,1.0,1.0
2,1197973900,4820,1.0,1.0
2,1197973900,4821,1.0,1.0
2,1197973900,4822,1.0,1.0
2,1197973900,4823,1.0,1.0
2,1197973900,4824,1.0,1.0
2,1197973900,4825,1.0,1.0
2,1197973900,4826,1.0,1.0
2,1197973900,4827,1.0,1.0
2,1197973900,4828,1.0,1.0
2,1197973900,4829,1.0,1.0
2,1197973900,4830,1.0,1.0
2,1197973900,4831,1.0,1.0
2,1197973900,4832,1.0,1.0
2,1197973900,4833,1.0,1.0
2,1197973900,4834,1.0,1.0
2,1197973900,4835,1.0,1.0
2,1197973900,4836,1.0,1.0
2,1197973900,4837,1.0,1.0
2,1197973900,4838,1.0,1.0
2,1197973900,4839,1.0,1.0
2,1197973900,4840,1.0,1.0
2,1197973900,4841,1.0,1.0
2,1197973900,4842,1.0,1.0
2,1197973900,4843,1.0,1.0
2,1197973900,4844,1.0,1.0
2,1197973900,4845,1.0,1.0
2,1197973900,4846,1.0,1.0
2,1197973900,4847,1.0,1.0
2,1197973900,4848,1.0,1.0
2,1197973900,4849,1.0,1.0
2,1197973900,4850,1.0,1.0
2,1197973900,4851,1.0,1.0
2,1197973900,4852,1.0,1.0
2,1197973900,4853,1.0,1.0
2,1197973900,4854,1.0,1.0
2,1197973900,4855,1.0,1.0
2,1197973900,4856,1.0,1.0
2,1197973900,4857,1.0,1.0
2,1197973900,4858,1.0,1.0
2,1197973900,4859,1.0,1.0
2,1197973900,4860,1.0,1.0
2,1197973900,4861,1.0,1.0
2,1197973900,4862,1.0,1.0
2,1197973900,4863,1.0,1.0
2,1197973900,4864,1.0,1.0
2,1197973900,4865,1.0,1.0
2,1197973900,4866,1.0,1.0
2,1197973900,4867,1.0,1.0
2,1197973900,4868,1.0,1.0
2,1197973900,4869,1.0,1.0
2,1197973900,4870,1.0,1.0
2,1197973900,4871,1.0,1.0
2,1197973900,4872,1.0,1.0
2,1197973900,4873,1.0,1.0
2,1197973900,4874,1.0,1.0
2,1197973900,4875,1.0,1.0
2,1197973900,4876,1.0,1.0
2,1197973900,4877,1.0,1.0
2,1197973900,4878,1.0,1.0
2,1197973900,4879,1.0,1.0
2,1197973900,4880,1.0,1.0
2,1197973900,4881,1.0,1.0
2,1197973900,4882,1.0,1.0
2,1197973900,4883,1.0,1.0
2,1197973900,4884,1.0,1.0
2,1197973900,4885,1.0,1.0
2,1197973900,4886,1.0,1.0
2,1197973900,4887,1.0,1.0
2,1197973900,4888,1.0,1.0
2,1197973900,4889,1.0,1.0
2,1197973900,4890,1.0,1.0
2,1197973900,4891,1.0,1.0
2,1197973900,4892,1.0,1.0
2,1197973900,4893,1.0,1.0
2,1197973900,4894,1.0,1.0
2,1197973900,4895,1.0,1.0
2,1197973900,4896,1.0,1.0
2,1197973900,4897,1.0,1.0
2,1197973900,4898,1.0,1.0
2,1197973900,4899,1.0,1.0
2,1197973900,4900,1.0,1.0
2,1197973900,4901,1.0,1.0
2,1197973900,4902,1.0,1.0
2,1197973900,4903,1.0,1.0
2,1197973900,4904,1.0,1.0
2,1197973900,4905,1.0,1.0
2,1197973900,4906,1.0,1.0
2,1197973900,4907,1.0,1.0
2,1197973900,4908,1.0,1.0
2,1197973900,4909,1.0,1.0
2,1197973900,4910,1.0,1.0
2,1197973900,4911,1.0,1.0
2,1197973900,4912,1.0,1.0
2,1197973900,4913,1.0,1.0
2,1197973900,4914,1.0,1.0
2,1197973900,4915,1.0,1.0
2,1197973900,4916,1.0,1.0
2,1197973900,4917,1.0,1.0
2,1197973900,4918,1.0,1.0
2,1197973900,4919,1.0,1.0
2,1197973900,4920,1.0,1.0
2,1197973900,4921,1.0,1.0
2,1197973900,4922,1.0,1.0
2,1197973900,4923,1.0,1.0
2,1197973900,4924,1.0,1.0
2,1197973900,4925,1.0,1.0
2,1197973900,4926,1.0,1.0
2,1197973900,4927,1.0,1.0
2,1197973900,4928,1.0,1.0
2,1197973900,4929,1.0,1.0
2,1197973900,4930,1.0,1.0
2,1197973900,4931,1.0,1.0
2,1197973900,4932,1.0,1.0
2,1197973900,4933,1.0,1.0
2,1197973900,4934,1.0,1.0
2,1197973900,4935,1.0,1.0
2,1197973900,4936,1.0,1.0
2,1197973900,4937,1.0,1.0
2,1197973900,4938,1.0,1.0
2,1197973900,4939,1.0,1.0
2,1197973900,4940,1.0,1.0
2,1197973900,4941,1.0,1.0
2,1197973900,4942,1.0,1.0
2,1197973900,4943,1.0,1.0
2,1197973900,4944,1.0,1.0
2,1197973900,4945,1.0,1.0
2,1197973900,4946,1.0,1.0
2,1197973900,4947,1.0,1.0
2,1197973900,4948,1.0,1.0
2,1197973900,4949,1.0,1.0
2,1197973900,4950,1.0,1.0
2,1197973900,4951,1.0,1.0
2,1197973900,4952,1.0,1.0
2,1197973900,4953,1.0,1.0
2,1197973900,4954,1.0,1.0
2,1197973900,4955,1.0,1.0
2,1197973900,4956,1.0,1.0
2,1197973900,4957,1.0,1.0
2,1197973900,4958,1.0,1.0
2,1197973900,4959,1.0,1.0
2,1197973900,4960,1.0,1.0
2,1197973900,4961,1.0,1.0
2,1197973900,4962,1.0,1.0
2,1197973900,4963,1.0,1.0
2,1197973900,4964,1.0,1.0
2,1197973900,4965,1.0,1.0
2,1197973900,4966,1.0,1.0
2,1197973900,4967,1.0,1.0
2,1197973900,4968,1.0,1.0
2,1197973900,4969,1.0,1.0
2,1197973900,4970,1.0,1.0
2,1197973900,4971,1.0,1.0
2,1197973900,4972,1.0,1.0
2,1197973900,4973,1.0,1.0
2,1197973900,4974,1.0,1.0
2,1197973900,4975,1.0,1.0
2,1197973900,4976,1.0,1.0
2,1197973900,4977,1.0,1.0
2,1197973900,4978,1.0,1.0
2,1197973900,4979,1.0,1.0
2,1197973900,4980,1.0,1.0
2,1197973900,4981,1.0,1.0
2,1197973900,4982,1.0,1.0
2,1197973900,4983,1.0,1.0
2,1197973900,4984,1.0,1.0
2,1197973900,4985,1.0,1.0
2,1197973900,4986,1.0,1.0
2,1197973900,4987,1.0,1.0
2,1197973900,4988,1.0,1.0
2,1197973900,4989,1.0,1.0
2,1197973900,4990,1.0,1.0
2,1197973900,4991,1.0,1.0
2,1197973900,4992,1.0,1.0
2,1197973900,4993,1.0,1.0
2,1197973900,4994,1.0,1.0
2,1197973900,4995,1.0,1.0
2,1197973900,4996,1.0,1.0
2,1197973900,4997,1.0,1.0
2,1197973900,4998,1.0,1.0
2,1197973900,4999,1.0,1.0
2,1197973900,5000,1.0,1.0
3,148632566,0,0.48499998450279236,0.5
3,148632566,1,0.5149999856948853,0.45499998331069946
3,148632566,2,0.5199999809265137,0.47999998927116394
3,148632566,3,0.5149999856948853,0.4949999749660492
3,148632566,4,0.5299999713897705,0.5
3,148632566,5,0.5450000166893005,0.5
3,148632566,6,0.5550000071525574,0.5049999952316284
3,148632566,7,0.5649999976158142,0.5199999809265137
3,148632566,8,0.5600000023841858,0.5149999856948853
3,148632566,9,0.5649999976158142,0.5149999856948853
3,148632566,10,0.5699999928474426,0.5199999809265137
3,148632566,11,0.574999988079071,0.5099999904632568
3,148632566,12,0.574999988079071,0.5149999856948853
3,148632566,13,0.5799999833106995,0.5099999904632568
3,148632566,14,0.574999988079071,0.5149999856948853
3,148632566,15,0.5849999785423279,0.5049999952316284
3,148632566,16,0.5799999833106995,0.5099999904632568
3,148632566,17,0.5899999737739563,0.5049999952316284
3,148632566,18,0.5899999737739563,0.5149999856948853
3,148632566,19,0.5899999737739563,0.5099999904632568
3,148632566,20,0.5949999690055847,0.5049999952316284
3,148632566,21,0.5899999737739563,0.5099999904632568
3,148632566,22,0.5999999642372131,0.5149999856948853
3,148632566,23,0.6100000143051147,0.5099999904632568
3,148632566,24,0.6100000143051147,0.5199999809265137
3,148632566,25,0.6150000095367432,0.5099999904632568
3,148632566,26,0.625,0.5149999856948853
3,148632566,27,0.625,0.5099999904632568
3,148632566,28,0.6399999856948853,0.5199999809265137
3,148632566,29,0.6349999904632568,0.5099999904632568
3,148632566,30,0.6499999761581421,0.5099999904632568
3,148632566,31,0.6449999809265137,0.5099999904632568
3,148632566,32,0.6549999713897705,0.5149999856948853
3,148632566,33,0.6599999666213989,0.5099999904632568
3,148632566,34,0.6599999666213989,0.5149999856948853
3,148632566,35,0.6699999570846558,0.5049999952316284
3,148632566,36,0.6699999570846558,0.5149999856948853
3,148632566,37,0.6800000071525574,0.5049999952316284
3,148632566,38,0.6800000071525574,0.5199999809265137
3,148632566,39,0.6850000023841858,0.5199999809265137
3,148632566,40,0.6899999976158142,0.5149999856948853
3,148632566,41,0.6949999928474426,0.5099999904632568
3,148632566,42,0.6949999928474426,0.5199999809265137
3,148632566,43,0.7099999785423279,0.5199999809265137
3,148632566,44,0.7099999785423279,0.5149999856948853
3,148632566,45,0.7249999642372131,0.5099999904632568
3,148632566,46,0.7450000047683716,0.5199999809265137
3,148632566,47,0.7400000095367432,0.5049999952316284
3,148632566,48,0.7599999904632568,0.5199999809265137
3,148632566,49,0.7549999952316284,0.5099999904632568
3,148632566,50,0.7599999904632568,0.5249999761581421
3,148632566,51,0.7549999952316284,0.5199999809265137
3,148632566,52,0.7699999809265137,0.5199999809265137
3,148632566,53,0.7599999904632568,0.5199999809265137
3,148632566,54,0.7699999809265137,0.5199999809265137
3,148632566,55,0.7699999809265137,0.5249999761581421
3,148632566,56,0.7799999713897705,0.5149999856948853
3,148632566,57,0.7749999761581421,0.5199999809265137
3,148632566,58,0.7799999713897705,0.5199999809265137
3,148632566,59,0.7899999618530273,0.5199999809265137
3,148632566,60,0.7899999618530273,0.5249999761581421
3,148632566,61,0.7999999523162842,0.5199999809265137
3,148632566,62,0.7949999570846558,0.5249999761581421
3,148632566,63,0.8100000023841858,0.5249999761581421
3,148632566,64,0.8050000071525574,0.5249999761581421
3,148632566,65,0.8100000023841858,0.5149999856948853
3,148632566,66,0.8100000023841858,0.5249999761581421
3,148632566,67,0.8149999976158142,0.5199999809265137
3,148632566,68,0.8199999928474426,0.5249999761581421
3,148632566,69,0.8199999928474426,0.5199999809265137
3,148632566,70,0.824999988079071,0.5249999761581421
3,148632566,71,0.824999988079071,0.5199999809265137
3,148632566,72,0.8399999737739563,0.5199999809265137
3,148632566,73,0.8399999737739563,0.5199999809265137
3,148632566,74,0.8299999833106995,0.5199999809265137
3,148632566,75,0.8449999690055847,0.5199999809265137
3,148632566,76,0.8449999690055847,0.5199999809265137
3,148632566,77,0.8449999690055847,0.5249999761581421
3,148632566,78,0.8499999642372131,0.5249999761581421
3,148632566,79,0.8549999594688416,0.5199999809265137
3,148632566,80,0.85999995470047,0.5199999809265137
3,148632566,81,0.8650000095367432,0.5249999761581421
3,148632566,82,0.85999995470047,0.5199999809265137
3,148632566,83,0.8700000047683716,0.5199999809265137
3,148632566,84,0.8650000095367432,0.5249999761581421
3,148632566,85,0.8700000047683716,0.5199999809265137
3,148632566,86,0.8650000095367432,0.5199999809265137
3,148632566,87,0.8700000047683716,0.5249999761581421
3,148632566,88,0.8700000047683716,0.5199999809265137
3,148632566,89,0.8700000047683716,0.5199999809265137
3,148632566,90,0.875,0.5199999809265137
3,148632566,91,0.875,0.5199999809265137
3,148632566,92,0.8799999952316284,0.5199999809265137
3,148632566,93,0.8799999952316284,0.5199999809265137
3,148632566,94,0.8849999904632568,0.5249999761581421
3,148632566,95,0.8849999904632568,0.5199999809265137
3,148632566,96,0.8849999904632568,0.5199999809265137
3,148632566,97,0.8849999904632568,0.5199999809265137
3,148632566,98,0.8899999856948853,0.5249999761581421
3,148632566,99,0.8899999856948853,0.5199999809265137
3,148632566,100,0.8899999856948853,0.5199999809265137
3,148632566,101,0.8899999856948853,0.5249999761581421
3,148632566,102,0.8949999809265137,0.5199999809265137
3,148632566,103,0.8949999809265137,0.5199999809265137
3,148632566,104,0.8949999809265137,0.5199999809265137
3,148632566,105,0.9049999713897705,0.5199999809265137
3,148632566,106,0.8999999761581421,0.5249999761581421
3,148632566,107,0.9049999713897705,0.5199999809265137
3,148632566,108,0.9049999713897705,0.5199999809265137
3,148632566,109,0.9099999666213989,0.5199999809265137
3,148632566,110,0.9149999618530273,0.5199999809265137
3,148632566,111,0.9199999570846558,0.5249999761581421
3,148632566,112,0.9149999618530273,0.5249999761581421
3,148632566,113,0.9249999523162842,0.5199999809265137
3,148632566,114,0.9199999570846558,0.5249999761581421
3,148632566,115,0.9249999523162842,0.5199999809265137
3,148632566,116,0.9350000023841858,0.5199999809265137
3,148632566,117,0.9300000071525574,0.5199999809265137
3,148632566,118,0.9350000023841858,0.5249999761581421
3,148632566,119,0.9350000023841858,0.5199999809265137
3,148632566,120,0.9449999928474426,0.5199999809265137
3,148632566,121,0.9449999928474426,0.5199999809265137
3,148632566,122,0.9399999976158142,0.5199999809265137
3,148632566,123,0.9449999928474426,0.5149999856948853
3,148632566,124,0.949999988079071,0.5249999761581421
3,148632566,125,0.949999988079071,0.5199999809265137
3,148632566,126,0.9549999833106995,0.5149999856948853
3,148632566,127,0.949999988079071,0.5199999809265137
3,148632566,128,0.9549999833106995,0.5199999809265137
3,148632566,129,0.9549999833106995,0.5149999856948853
3,148632566,130,0.9549999833106995,0.5249999761581421
3,148632566,131,0.949999988079071,0.5149999856948853
3,148632566,132,0.9549999833106995,0.5199999809265137
3,148632566,133,0.9599999785423279,0.5199999809265137
3,148632566,134,0.9549999833106995,0.5199999809265137
3,148632566,135,0.9599999785423279,0.5199999809265137
3,148632566,136,0.9599999785423279,0.5299999713897705
3,148632566,137,0.9599999785423279,0.5249999761581421
3,148632566,138,0.9599999785423279,0.5249999761581421
3,148632566,139,0.9599999785423279,0.5199999809265137
3,148632566,140,0.9649999737739563,0.5199999809265137
3,148632566,141,0.9649999737739563,0.5249999761581421
3,148632566,142,0.9649999737739563,0.5299999713897705
3,148632566,143,0.9649999737739563,0.5349999666213989
3,148632566,144,0.9699999690055847,0.5249999761581421
3,148632566,145,0.9699999690055847,0.5199999809265137
3,148632566,146,0.9699999690055847,0.5299999713897705
3,148632566,147,0.9699999690055847,0.5199999809265137
3,148632566,148,0.9699999690055847,0.5299999713897705
3,148632566,149,0.9699999690055847,0.5249999761581421
3,148632566,150,0.9749999642372131,0.5249999761581421
3,148632566,151,0.9799999594688416,0.5249999761581421
3,148632566,152,0.9699999690055847,0.5249999761581421
3,148632566,153,0.9749999642372131,0.5299999713897705
3,148632566,154,0.9749999642372131,0.5349999666213989
3,148632566,155,0.9799999594688416,0.5249999761581421
3,148632566,156,0.9799999594688416,0.5249999761581421
3,148632566,157,0.9799999594688416,0.5199999809265137
3,148632566,158,0.9799999594688416,0.5299999713897705
3,148632566,159,0.98499995470047,0.5299999713897705
3,148632566,160,0.9799999594688416,0.5249999761581421
3,148632566,161,0.9799999594688416,0.5299999713897705
3,148632566,162,0.98499995470047,0.5349999666213989
3,148632566,163,0.98499995470047,0.5299999713897705
3,148632566,164,0.98499995470047,0.5199999809265137
3,148632566,165,0.98499995470047,0.5349999666213989
3,148632566,166,0.98499995470047,0.5249999761581421
3,148632566,167,0.98499995470047,0.5249999761581421
3,148632566,168,0.98499995470047,0.5349999666213989
3,148632566,169,0.98499995470047,0.5199999809265137
3,148632566,170,0.98499995470047,0.5249999761581421
3,148632566,171,0.98499995470047,0.5399999618530273
3,148632566,172,0.98499995470047,0.5249999761581421
3,148632566,173,0.98499995470047,0.5249999761581421
3,148632566,174,0.98499995470047,0.5199999809265137
3,148632566,175,0.98499995470047,0.5249999761581421
3,148632566,176,0.98499995470047,0.5349999666213989
3,148632566,177,0.98499995470047,0.5299999713897705
3,148632566,178,0.98499995470047,0.5249999761581421
3,148632566,179,0.98499995470047,0.5349999666213989
3,148632566,180,0.98499995470047,0.5249999761581421
3,148632566,181,0.98499995470047,0.5349999666213989
3,148632566,182,0.9899999499320984,0.5299999713897705
3,148632566,183,0.98499995470047,0.5349999666213989
3,148632566,184,0.9950000047683716,0.5249999761581421
3,148632566,185,0.98499995470047,0.5299999713897705
3,148632566,186,0.9899999499320984,0.5349999666213989
3,148632566,187,0.9899999499320984,0.5299999713897705
3,148632566,188,0.9950000047683716,0.5249999761581421
3,148632566,189,0.9950000047683716,0.5349999666213989
3,148632566,190,0.9950000047683716,0.5299999713897705
3,148632566,191,0.9950000047683716,0.5349999666213989
3,148632566,192,0.9950000047683716,0.5249999761581421
3,148632566,193,0.9950000047683716,0.5399999618530273
3,148632566,194,0.9950000047683716,0.5249999761581421
3,148632566,195,0.9950000047683716,0.5399999618530273
3,148632566,196,0.9950000047683716,0.5299999713897705
3,148632566,197,0.9950000047683716,0.5349999666213989
3,148632566,198,0.9950000047683716,0.5399999618530273
3,148632566,199,0.9950000047683716,0.5399999618530273
3,148632566,200,0.9950000047683716,0.5149999856948853
3,148632566,201,0.9950000047683716,0.5399999618530273
3,148632566,202,0.9950000047683716,0.5299999713897705
3,148632566,203,0.9950000047683716,0.5349999666213989
3,148632566,204,0.9950000047683716,0.5349999666213989
3,148632566,205,0.9950000047683716,0.5249999761581421
3,148632566,206,1.0,0.5349999666213989
3,148632566,207,0.9950000047683716,0.5399999618530273
3,148632566,208,1.0,0.5349999666213989
3,148632566,209,0.9950000047683716,0.5349999666213989
3,148632566,210,1.0,0.5349999666213989
3,148632566,211,1.0,0.5249999761581421
3,148632566,212,1.0,0.5399999618530273
3,148632566,213,1.0,0.5249999761581421
3,148632566,214,1.0,0.5399999618530273
3,148632566,215,1.0,0.5349999666213989
3,148632566,216,1.0,0.5399999618530273
3,148632566,217,1.0,0.5349999666213989
3,148632566,218,1.0,0.5349999666213989
3,148632566,219,1.0,0.5199999809265137
3,148632566,220,1.0,0.550000011920929
3,148632566,221,1.0,0.5349999666213989
3,148632566,222,1.0,0.5349999666213989
3,148632566,223,1.0,0.5249999761581421
3,148632566,224,1.0,0.5399999618530273
3,148632566,225,1.0,0.5299999713897705
3,148632566,226,1.0,0.5450000166893005
3,148632566,227,1.0,0.5249999761581421
3,148632566,228,1.0,0.5450000166893005
3,148632566,229,1.0,0.5299999713897705
3,148632566,230,1.0,0.5450000166893005
3,148632566,231,1.0,0.5199999809265137
3,148632566,232,1.0,0.550000011920929
3,148632566,233,1.0,0.5249999761581421
3,148632566,234,1.0,0.5399999618530273
3,148632566,235,1.0,0.5299999713897705
3,148632566,236,1.0,0.5399999618530273
3,148632566,237,1.0,0.5249999761581421
3,148632566,238,1.0,0.550000011920929
3,148632566,239,1.0,0.5249999761581421
3,148632566,240,1.0,0.5450000166893005
3,148632566,241,1.0,0.5299999713897705
3,148632566,242,1.0,0.5349999666213989
3,148632566,243,1.0,0.5199999809265137
3,148632566,244,1.0,0.5349999666213989
3,148632566,245,1.0,0.5249999761581421
3,148632566,246,1.0,0.5399999618530273
3,148632566,247,1.0,0.5299999713897705
3,148632566,248,1.0,0.5450000166893005
3,148632566,249,1.0,0.5299999713897705
3,148632566,250,1.0,0.5450000166893005
3,148632566,251,1.0,0.5299999713897705
3,148632566,252,1.0,0.5450000166893005
3,148632566,253,1.0,0.5299999713897705
3,148632566,254,1.0,0.5349999666213989
3,148632566,255,1.0,0.5399999618530273
3,148632566,256,1.0,0.5399999618530273
3,148632566,257,1.0,0.5249999761581421
3,148632566,258,1.0,0.550000011920929
3,148632566,259,1.0,0.5299999713897705
3,148632566,260,1.0,0.5299999713897705
3,148632566,261,1.0,0.5299999713897705
3,148632566,262,1.0,0.5399999618530273
3,148632566,263,1.0,0.5249999761581421
3,148632566,264,1.0,0.550000011920929
3,148632566,265,1.0,0.5299999713897705
3,148632566,266,1.0,0.5349999666213989
3,148632566,267,1.0,0.5299999713897705
3,148632566,268,1.0,0.5399999618530273
3,148632566,269,1.0,0.5299999713897705
3,148632566,270,1.0,0.5450000166893005
3,148632566,271,1.0,0.5349999666213989
3,148632566,272,1.0,0.5299999713897705
3,148632566,273,1.0,0.5299999713897705
3,148632566,274,1.0,0.5450000166893005
3,148632566,275,1.0,0.5349999666213989
3,148632566,276,1.0,0.5450000166893005
3,148632566,277,1.0,0.5299999713897705
3,148632566,278,1.0,0.5450000166893005
3,148632566,279,1.0,0.5349999666213989
3,148632566,280,1.0,0.5349999666213989
3,148632566,281,1.0,0.5299999713897705
3,148632566,282,1.0,0.550000011920929
3,148632566,283,1.0,0.5299999713897705
3,148632566,284,1.0,0.5349999666213989
3,148632566,285,1.0,0.5450000166893005
3,148632566,286,1.0,0.5399999618530273
3,148632566,287,1.0,0.5349999666213989
3,148632566,288,1.0,0.550000011920929
3,148632566,289,1.0,0.5450000166893005
3,148632566,290,1.0,0.5450000166893005
3,148632566,291,1.0,0.5399999618530273
3,148632566,292,1.0,0.5550000071525574
3,148632566,293,1.0,0.5299999713897705
3,148632566,294,1.0,0.5399999618530273
3,148632566,295,1.0,0.5450000166893005
3,148632566,296,1.0,0.5450000166893005
3,148632566,297,1.0,0.5299999713897705
3,148632566,298,1.0,0.5550000071525574
3,148632566,299,1.0,0.550000011920929
3,148632566,300,1.0,0.5399999618530273
3,148632566,301,1.0,0.550000011920929
3,148632566,302,1.0,0.5550000071525574
3,148632566,303,1.0,0.5450000166893005
3,148632566,304,1.0,0.5450000166893005
3,148632566,305,1.0,0.5399999618530273
3,148632566,306,1.0,0.5399999618530273
3,148632566,307,1.0,0.5399999618530273
3,148632566,308,1.0,0.5399999618530273
3,148632566,309,1.0,0.5349999666213989
3,148632566,310,1.0,0.550000011920929
3,148632566,311,1.0,0.5399999618530273
3,148632566,312,1.0,0.5450000166893005
3,148632566,313,1.0,0.550000011920929
3,148632566,314,1.0,0.5349999666213989
3,148632566,315,1.0,0.5349999666213989
3,148632566,316,1.0,0.5550000071525574
3,148632566,317,1.0,0.5249999761581421
3,148632566,318,1.0,0.550000011920929
3,148632566,319,1.0,0.5600000023841858
3,148632566,320,1.0,0.5349999666213989
3,148632566,321,1.0,0.550000011920929
3,148632566,322,1.0,0.5550000071525574
3,148632566,323,1.0,0.5299999713897705
3,148632566,324,1.0,0.5450000166893005
3,148632566,325,1.0,0.5450000166893005
3,148632566,326,1.0,0.5349999666213989
3,148632566,327,1.0,0.5450000166893005
3,148632566,328,1.0,0.5550000071525574
3,148632566,329,1.0,0.5399999618530273
3,148632566,330,1.0,0.5550000071525574
3,148632566,331,1.0,0.5450000166893005
3,148632566,332,1.0,0.5299999713897705
3,148632566,333,1.0,0.5600000023841858
3,148632566,334,1.0,0.5550000071525574
3,148632566,335,1.0,0.5550000071525574
3,148632566,336,1.0,0.5399999618530273
3,148632566,337,1.0,0.5600000023841858
3,148632566,338,1.0,0.550000011920929
3,148632566,339,1.0,0.5649999976158142
3,148632566,340,1.0,0.5550000071525574
3,148632566,341,1.0,0.550000011920929
3,148632566,342,1.0,0.5550000071525574
3,148632566,343,1.0,0.5550000071525574
3,148632566,344,1.0,0.5349999666213989
3,148632566,345,1.0,0.5550000071525574
3,148632566,346,1.0,0.5450000166893005
3,148632566,347,1.0,0.550000011920929
3,148632566,348,1.0,0.550000011920929
3,148632566,349,1.0,0.550000011920929
3,148632566,350,1.0,0.5450000166893005
3,148632566,351,1.0,0.5699999928474426
3,148632566,352,1.0,0.550000011920929
3,148632566,353,1.0,0.550000011920929
3,148632566,354,1.0,0.5550000071525574
3,148632566,355,1.0,0.5600000023841858
3,148632566,356,1.0,0.550000011920929
3,148632566,357,1.0,0.5649999976158142
3,148632566,358,1.0,0.5550000071525574
3,148632566,359,1.0,0.5600000023841858
3,148632566,360,1.0,0.550000011920929
3,148632566,361,1.0,0.550000011920929
3,148632566,362,1.0,0.550000011920929
3,148632566,363,1.0,0.5649999976158142
3,148632566,364,1.0,0.550000011920929
3,148632566,365,1.0,0.550000011920929
3,148632566,366,1.0,0.5600000023841858
3,148632566,367,1.0,0.5550000071525574
3,148632566,368,1.0,0.5600000023841858
3,148632566,369,1.0,0.5649999976158142
3,148632566,370,1.0,0.550000011920929
3,148632566,371,1.0,0.5600000023841858
3,148632566,372,1.0,0.574999988079071
3,148632566,373,1.0,0.550000011920929
3,148632566,374,1.0,0.5550000071525574
3,148632566,375,1.0,0.5550000071525574
3,148632566,376,1.0,0.550000011920929
3,148632566,377,1.0,0.5649999976158142
3,148632566,378,1.0,0.5699999928474426
3,148632566,379,1.0,0.5550000071525574
3,148632566,380,1.0,0.5550000071525574
3,148632566,381,1.0,0.5699999928474426
3,148632566,382,1.0,0.5399999618530273
3,148632566,383,1.0,0.550000011920929
3,148632566,384,1.0,0.5649999976158142
3,148632566,385,1.0,0.5450000166893005
3,148632566,386,1.0,0.5649999976158142
3,148632566,387,1.0,0.5649999976158142
3,148632566,388,1.0,0.550000011920929
3,148632566,389,1.0,0.5550000071525574
3,148632566,390,1.0,0.5550000071525574
3,148632566,391,1.0,0.550000011920929
3,148632566,392,1.0,0.5550000071525574
3,148632566,393,1.0,0.5649999976158142
3,148632566,394,1.0,0.5550000071525574
3,148632566,395,1.0,0.550000011920929
3,148632566,396,1.0,0.5699999928474426
3,148632566,397,1.0,0.5550000071525574
3,148632566,398,1.0,0.5649999976158142
3,148632566,399,1.0,0.5649999976158142
3,148632566,400,1.0,0.5550000071525574
3,148632566,401,1.0,0.5450000166893005
3,148632566,402,1.0,0.5849999785423279
3,148632566,403,1.0,0.5649999976158142
3,148632566,404,1.0,0.5550000071525574
3,148632566,405,1.0,0.574999988079071
3,148632566,406,1.0,0.5550000071525574
3,148632566,407,1.0,0.5649999976158142
3,148632566,408,1.0,0.5649999976158142
3,148632566,409,1.0,0.5699999928474426
3,148632566,410,1.0,0.5649999976158142
3,148632566,411,1.0,0.5699999928474426
3,148632566,412,1.0,0.5600000023841858
3,148632566,413,1.0,0.550000011920929
3,148632566,414,1.0,0.5699999928474426
3,148632566,415,1.0,0.5649999976158142
3,148632566,416,1.0,0.5649999976158142
3,148632566,417,1.0,0.5649999976158142
3,148632566,418,1.0,0.5600000023841858
3,148632566,419,1.0,0.5699999928474426
3,148632566,420,1.0,0.574999988079071
3,148632566,421,1.0,0.5550000071525574
3,148632566,422,1.0,0.5550000071525574
3,148632566,423,1.0,0.5849999785423279
3,148632566,424,1.0,0.5600000023841858
3,148632566,425,1.0,0.5649999976158142
3,148632566,426,1.0,0.5699999928474426
3,148632566,427,1.0,0.5699999928474426
3,148632566,428,1.0,0.5649999976158142
3,148632566,429,1.0,0.5799999833106995
3,148632566,430,1.0,0.5550000071525574
3,148632566,431,1.0,0.5649999976158142
3,148632566,432,1.0,0.5849999785423279
3,148632566,433,1.0,0.5649999976158142
3,148632566,434,1.0,0.5550000071525574
3,148632566,435,1.0,0.5849999785423279
3,148632566,436,1.0,0.574999988079071
3,148632566,437,1.0,0.5550000071525574
3,148632566,438,1.0,0.574999988079071
3,148632566,439,1.0,0.5699999928474426
3,148632566,440,1.0,0.5699999928474426
3,148632566,441,1.0,0.5699999928474426
3,148632566,442,1.0,0.5699999928474426
3,148632566,443,1.0,0.5649999976158142
3,148632566,444,1.0,0.574999988079071
3,148632566,445,1.0,0.5550000071525574
3,148632566,446,1.0,0.5649999976158142
3,148632566,447,1.0,0.5699999928474426
3,148632566,448,1.0,0.5899999737739563
3,148632566,449,1.0,0.5699999928474426
3,148632566,450,1.0,0.5799999833106995
3,148632566,451,1.0,0.5649999976158142
3,148632566,452,1.0,0.574999988079071
3,148632566,453,1.0,0.5799999833106995
3,148632566,454,1.0,0.5699999928474426
3,148632566,455,1.0,0.5799999833106995
3,148632566,456,1.0,0.5799999833106995
3,148632566,457,1.0,0.5600000023841858
3,148632566,458,1.0,0.574999988079071
3,148632566,459,1.0,0.5649999976158142
3,148632566,460,1.0,0.574999988079071
3,148632566,461,1.0,0.5699999928474426
3,148632566,462,1.0,0.574999988079071
3,148632566,463,1.0,0.5600000023841858
3,148632566,464,1.0,0.5699999928474426
3,148632566,465,1.0,0.5699999928474426
3,148632566,466,1.0,0.5649999976158142
3,148632566,467,1.0,0.5849999785423279
3,148632566,468,1.0,0.5849999785423279
3,148632566,469,1.0,0.5649999976158142
3,148632566,470,1.0,0.574999988079071
3,148632566,471,1.0,0.5799999833106995
3,148632566,472,1.0,0.574999988079071
3,148632566,473,1.0,0.574999988079071
3,148632566,474,1.0,0.5799999833106995
3,148632566,475,1.0,0.574999988079071
3,148632566,476,1.0,0.5849999785423279
3,148632566,477,1.0,0.574999988079071
3,148632566,478,1.0,0.5699999928474426
3,148632566,479,1.0,0.5849999785423279
3,148632566,480,1.0,0.5799999833106995
3,148632566,481,1.0,0.5600000023841858
3,148632566,482,1.0,0.574999988079071
3,148632566,483,1.0,0.5799999833106995
3,148632566,484,1.0,0.574999988079071
3,148632566,485,1.0,0.5799999833106995
3,148632566,486,1.0,0.5699999928474426
3,148632566,487,1.0,0.5849999785423279
3,148632566,488,1.0,0.5799999833106995
3,148632566,489,1.0,0.5649999976158142
3,148632566,490,1.0,0.5799999833106995
3,148632566,491,1.0,0.5899999737739563
3,148632566,492,1.0,0.5600000023841858
3,148632566,493,1.0,0.574999988079071
3,148632566,494,1.0,0.574999988079071
3,148632566,495,1.0,0.5799999833106995
3,148632566,496,1.0,0.5849999785423279
3,148632566,497,1.0,0.5699999928474426
3,148632566,498,1.0,0.574999988079071
3,148632566,499,1.0,0.574999988079071
3,148632566,500,1.0,0.5899999737739563
3,148632566,501,1.0,0.574999988079071
3,148632566,502,1.0,0.5799999833106995
3,148632566,503,1.0,0.5849999785423279
3,148632566,504,1.0,0.574999988079071
3,148632566,505,1.0,0.5949999690055847
3,148632566,506,1.0,0.5849999785423279
3,148632566,507,1.0,0.574999988079071
3,148632566,508,1.0,0.5899999737739563
3,148632566,509,1.0,0.5899999737739563
3,148632566,510,1.0,0.5799999833106995
3,148632566,511,1.0,0.5799999833106995
3,148632566,512,1.0,0.5949999690055847
3,148632566,513,1.0,0.5799999833106995
3,148632566,514,1.0,0.5649999976158142
3,148632566,515,1.0,0.5899999737739563
3,148632566,516,1.0,0.5849999785423279
3,148632566,517,1.0,0.5849999785423279
3,148632566,518,1.0,0.5849999785423279
3,148632566,519,1.0,0.574999988079071
3,148632566,520,1.0,0.6049999594688416
3,148632566,521,1.0,0.5699999928474426
3,148632566,522,1.0,0.5949999690055847
3,148632566,523,1.0,0.5849999785423279
3,148632566,524,1.0,0.5949999690055847
3,148632566,525,1.0,0.5849999785423279
3,148632566,526,1.0,0.5949999690055847
3,148632566,527,1.0,0.5949999690055847
3,148632566,528,1.0,0.5849999785423279
3,148632566,529,1.0,0.5799999833106995
3,148632566,530,1.0,0.5999999642372131
3,148632566,531,1.0,0.5849999785423279
3,148632566,532,1.0,0.5899999737739563
3,148632566,533,1.0,0.5849999785423279
3,148632566,534,1.0,0.5849999785423279
3,148632566,535,1.0,0.6049999594688416
3,148632566,536,1.0,0.5899999737739563
3,148632566,537,1.0,0.5799999833106995
3,148632566,538,1.0,0.5899999737739563
3,148632566,539,1.0,0.5799999833106995
3,148632566,540,1.0,0.5949999690055847
3,148632566,541,1.0,0.5949999690055847
3,148632566,542,1.0,0.5999999642372131
3,148632566,543,1.0,0.5899999737739563
3,148632566,544,1.0,0.5949999690055847
3,148632566,545,1.0,0.5899999737739563
3,148632566,546,1.0,0.5949999690055847
3,148632566,547,1.0,0.5799999833106995
3,148632566,548,1.0,0.5949999690055847
3,148632566,549,1.0,0.5849999785423279
3,148632566,550,1.0,0.5849999785423279
3,148632566,551,1.0,0.5899999737739563
3,148632566,552,1.0,0.5999999642372131
3,148632566,553,1.0,0.5999999642372131
3,148632566,554,1.0,0.5999999642372131
3,148632566,555,1.0,0.5849999785423279
3,148632566,556,1.0,0.5949999690055847
3,148632566,557,1.0,0.5899999737739563
3,148632566,558,1.0,0.5899999737739563
3,148632566,559,1.0,0.5849999785423279
3,148632566,560,1.0,0.5949999690055847
3,148632566,561,1.0,0.5949999690055847
3,148632566,562,1.0,0.5949999690055847
3,148632566,563,1.0,0.5999999642372131
3,148632566,564,1.0,0.5849999785423279
3,148632566,565,1.0,0.6049999594688416
3,148632566,566,1.0,0.5999999642372131
3,148632566,567,1.0,0.5899999737739563
3,148632566,568,1.0,0.5999999642372131
3,148632566,569,1.0,0.5899999737739563
3,148632566,570,1.0,0.5899999737739563
3,148632566,571,1.0,0.5949999690055847
3,148632566,572,1.0,0.5999999642372131
3,148632566,573,1.0,0.5949999690055847
3,148632566,574,1.0,0.5949999690055847
3,148632566,575,1.0,0.6150000095367432
3,148632566,576,1.0,0.6049999594688416
3,148632566,577,1.0,0.5999999642372131
3,148632566,578,1.0,0.5899999737739563
3,148632566,579,1.0,0.5949999690055847
3,148632566,580,1.0,0.6049999594688416
3,148632566,581,1.0,0.6049999594688416
3,148632566,582,1.0,0.5999999642372131
3,148632566,583,1.0,0.5849999785423279
3,148632566,584,1.0,0.5999999642372131
3,148632566,585,1.0,0.6049999594688416
3,148632566,586,1.0,0.6049999594688416
3,148632566,587,1.0,0.6150000095367432
3,148632566,588,1.0,0.5999999642372131
3,148632566,589,1.0,0.6150000095367432
3,148632566,590,1.0,0.6049999594688416
3,148632566,591,1.0,0.5899999737739563
3,148632566,592,1.0,0.5999999642372131
3,148632566,593,1.0,0.6049999594688416
3,148632566,594,1.0,0.5899999737739563
3,148632566,595,1.0,0.6049999594688416
3,148632566,596,1.0,0.6100000143051147
3,148632566,597,1.0,0.5949999690055847
3,148632566,598,1.0,0.5949999690055847
3,148632566,599,1.0,0.6150000095367432
3,148632566,600,1.0,0.5949999690055847
3,148632566,601,1.0,0.6049999594688416
3,148632566,602,1.0,0.5999999642372131
3,148632566,603,1.0,0.6049999594688416
3,148632566,604,1.0,0.6049999594688416
3,148632566,605,1.0,0.5999999642372131
3,148632566,606,1.0,0.6049999594688416
3,148632566,607,1.0,0.6150000095367432
3,148632566,608,1.0,0.5999999642372131
3,148632566,609,1.0,0.5999999642372131
3,148632566,610,1.0,0.6150000095367432
3,148632566,611,1.0,0.6100000143051147
3,148632566,612,1.0,0.5949999690055847
3,148632566,613,1.0,0.5999999642372131
3,148632566,614,1.0,0.5999999642372131
3,148632566,615,1.0,0.6200000047683716
3,148632566,616,1.0,0.5999999642372131
3,148632566,617,1.0,0.574999988079071
3,148632566,618,1.0,0.6100000143051147
3,148632566,619,1.0,0.6100000143051147
3,148632566,620,1.0,0.5999999642372131
3,148632566,621,1.0,0.5999999642372131
3,148632566,622,1.0,0.625
3,148632566,623,1.0,0.6100000143051147
3,148632566,624,1.0,0.6100000143051147
3,148632566,625,1.0,0.5899999737739563
3,148632566,626,1.0,0.5999999642372131
3,148632566,627,1.0,0.6200000047683716
3,148632566,628,1.0,0.5999999642372131
3,148632566,629,1.0,0.5899999737739563
3,148632566,630,1.0,0.6200000047683716
3,148632566,631,1.0,0.6150000095367432
3,148632566,632,1.0,0.6200000047683716
3,148632566,633,1.0,0.6049999594688416
3,148632566,634,1.0,0.5999999642372131
3,148632566,635,1.0,0.6150000095367432
3,148632566,636,1.0,0.6100000143051147
3,148632566,637,1.0,0.5999999642372131
3,148632566,638,1.0,0.6200000047683716
3,148632566,639,1.0,0.6100000143051147
3,148632566,640,1.0,0.6049999594688416
3,148632566,641,1.0,0.6100000143051147
3,148632566,642,1.0,0.6150000095367432
3,148632566,643,1.0,0.6100000143051147
3,148632566,644,1.0,0.6200000047683716
3,148632566,645,1.0,0.5949999690055847
3,148632566,646,1.0,0.6200000047683716
3,148632566,647,1.0,0.6150000095367432
3,148632566,648,1.0,0.6150000095367432
3,148632566,649,1.0,0.6049999594688416
3,148632566,650,1.0,0.6150000095367432
3,148632566,651,1.0,0.6299999952316284
3,148632566,652,1.0,0.6049999594688416
3,148632566,653,1.0,0.6299999952316284
3,148632566,654,1.0,0.6349999904632568
3,148632566,655,1.0,0.625
3,148632566,656,1.0,0.6049999594688416
3,148632566,657,1.0,0.625
3,148632566,658,1.0,0.5999999642372131
3,148632566,659,1.0,0.6150000095367432
3,148632566,660,1.0,0.6200000047683716
3,148632566,661,1.0,0.6150000095367432
3,148632566,662,1.0,0.6100000143051147
3,148632566,663,1.0,0.625
3,148632566,664,1.0,0.6100000143051147
3,148632566,665,1.0,0.6049999594688416
3,148632566,666,1.0,0.625
3,148632566,667,1.0,0.625
3,148632566,668,1.0,0.5999999642372131
3,148632566,669,1.0,0.625
3,148632566,670,1.0,0.5999999642372131
3,148632566,671,1.0,0.625
3,148632566,672,1.0,0.6349999904632568
3,148632566,673,1.0,0.6100000143051147
3,148632566,674,1.0,0.6150000095367432
3,148632566,675,1.0,0.6150000095367432
3,148632566,676,1.0,0.625
3,148632566,677,1.0,0.6200000047683716
3,148632566,678,1.0,0.625
3,148632566,679,1.0,0.625
3,148632566,680,1.0,0.6150000095367432
3,148632566,681,1.0,0.6299999952316284
3,148632566,682,1.0,0.6100000143051147
3,148632566,683,1.0,0.6049999594688416
3,148632566,684,1.0,0.6449999809265137
3,148632566,685,1.0,0.6349999904632568
3,148632566,686,1.0,0.6200000047683716
3,148632566,687,1.0,0.6299999952316284
3,148632566,688,1.0,0.6200000047683716
3,148632566,689,1.0,0.625
3,148632566,690,1.0,0.6299999952316284
3,148632566,691,1.0,0.625
3,148632566,692,1.0,0.5999999642372131
3,148632566,693,1.0,0.6349999904632568
3,148632566,694,1.0,0.6399999856948853
3,148632566,695,1.0,0.6299999952316284
3,148632566,696,1.0,0.6200000047683716
3,148632566,697,1.0,0.6349999904632568
3,148632566,698,1.0,0.6399999856948853
3,148632566,699,1.0,0.625
3,148632566,700,1.0,0.6399999856948853
3,148632566,701,1.0,0.6200000047683716
3,148632566,702,1.0,0.6299999952316284
3,148632566,703,1.0,0.6449999809265137
3,148632566,704,1.0,0.6399999856948853
3,148632566,705,1.0,0.6150000095367432
3,148632566,706,1.0,0.6299999952316284
3,148632566,707,1.0,0.6200000047683716
3,148632566,708,1.0,0.625
3,148632566,709,1.0,0.6349999904632568
3,148632566,710,1.0,0.6399999856948853
3,148632566,711,1.0,0.6549999713897705
3,148632566,712,1.0,0.6299999952316284
3,148632566,713,1.0,0.6299999952316284
3,148632566,714,1.0,0.6449999809265137
3,148632566,715,1.0,0.6549999713897705
3,148632566,716,1.0,0.6449999809265137
3,148632566,717,1.0,0.6349999904632568
3,148632566,718,1.0,0.6449999809265137
3,148632566,719,1.0,0.6299999952316284
3,148632566,720,1.0,0.6449999809265137
3,148632566,721,1.0,0.6349999904632568
3,148632566,722,1.0,0.6349999904632568
3,148632566,723,1.0,0.6399999856948853
3,148632566,724,1.0,0.625
3,148632566,725,1.0,0.6150000095367432
3,148632566,726,1.0,0.6399999856948853
3,148632566,727,1.0,0.6349999904632568
3,148632566,728,1.0,0.6299999952316284
3,148632566,729,1.0,0.6399999856948853
3,148632566,730,1.0,0.6349999904632568
3,148632566,731,1.0,0.6200000047683716
3,148632566,732,1.0,0.6299999952316284
3,148632566,733,1.0,0.6499999761581421
3,148632566,734,1.0,0.6150000095367432
3,148632566,735,1.0,0.6449999809265137
3,148632566,736,1.0,0.6499999761581421
3,148632566,737,1.0,0.6349999904632568
3,148632566,738,1.0,0.6349999904632568
3,148632566,739,1.0,0.6549999713897705
3,148632566,740,1.0,0.6299999952316284
3,148632566,741,1.0,0.6449999809265137
3,148632566,742,1.0,0.6449999809265137
3,148632566,743,1.0,0.6649999618530273
3,148632566,744,1.0,0.6549999713897705
3,148632566,745,1.0,0.6449999809265137
3,148632566,746,1.0,0.6349999904632568
3,148632566,747,1.0,0.6599999666213989
3,148632566,748,1.0,0.6349999904632568
3,148632566,749,1.0,0.6549999713897705
3,148632566,750,1.0,0.6449999809265137
3,148632566,751,1.0,0.6399999856948853
3,148632566,752,1.0,0.6449999809265137
3,148632566,753,1.0,0.6599999666213989
3,148632566,754,1.0,0.6449999809265137
3,148632566,755,1.0,0.6449999809265137
3,148632566,756,1.0,0.6449999809265137
3,148632566,757,1.0,0.6499999761581421
3,148632566,758,1.0,0.6399999856948853
3,148632566,759,1.0,0.6349999904632568
3,148632566,760,1.0,0.6399999856948853
3,148632566,761,1.0,0.6499999761581421
3,148632566,762,1.0,0.6499999761581421
3,148632566,763,1.0,0.6499999761581421
3,148632566,764,1.0,0.6549999713897705
3,148632566,765,1.0,0.6399999856948853
3,148632566,766,1.0,0.6299999952316284
3,148632566,767,1.0,0.6449999809265137
3,148632566,768,1.0,0.6399999856948853
3,148632566,769,1.0,0.625
3,148632566,770,1.0,0.6599999666213989
3,148632566,771,1.0,0.6200000047683716
3,148632566,772,1.0,0.6399999856948853
3,148632566,773,1.0,0.6599999666213989
3,148632566,774,1.0,0.6499999761581421
3,148632566,775,1.0,0.6399999856948853
3,148632566,776,1.0,0.6399999856948853
3,148632566,777,1.0,0.6549999713897705
3,148632566,778,1.0,0.6449999809265137
3,148632566,779,1.0,0.6499999761581421
3,148632566,780,1.0,0.6499999761581421
3,148632566,781,1.0,0.6499999761581421
3,148632566,782,1.0,0.6549999713897705
3,148632566,783,1.0,0.6649999618530273
3,148632566,784,1.0,0.6499999761581421
3,148632566,785,1.0,0.6649999618530273
3,148632566,786,1.0,0.6399999856948853
3,148632566,787,1.0,0.6549999713897705
3,148632566,788,1.0,0.6599999666213989
3,148632566,789,1.0,0.6449999809265137
3,148632566,790,1.0,0.6399999856948853
3,148632566,791,1.0,0.6599999666213989
3,148632566,792,1.0,0.6599999666213989
3,148632566,793,1.0,0.6549999713897705
3,148632566,794,1.0,0.6599999666213989
3,148632566,795,1.0,0.6549999713897705
3,148632566,796,1.0,0.6549999713897705
3,148632566,797,1.0,0.6599999666213989
3,148632566,798,1.0,0.6499999761581421
3,148632566,799,1.0,0.6449999809265137
3,148632566,800,1.0,0.6599999666213989
3,148632566,801,1.0,0.6649999618530273
3,148632566,802,1.0,0.6549999713897705
3,148632566,803,1.0,0.6699999570846558
3,148632566,804,1.0,0.6499999761581421
3,148632566,805,1.0,0.6549999713897705
3,148632566,806,1.0,0.6699999570846558
3,148632566,807,1.0,0.6649999618530273
3,148632566,808,1.0,0.6549999713897705
3,148632566,809,1.0,0.6449999809265137
3,148632566,810,1.0,0.6699999570846558
3,148632566,811,1.0,0.6699999570846558
3,148632566,812,1.0,0.6549999713897705
3,148632566,813,1.0,0.6599999666213989
3,148632566,814,1.0,0.6599999666213989
3,148632566,815,1.0,0.6549999713897705
3,148632566,816,1.0,0.675000011920929
3,148632566,817,1.0,0.6449999809265137
3,148632566,818,1.0,0.6800000071525574
3,148632566,819,1.0,0.6649999618530273
3,148632566,820,1.0,0.6499999761581421
3,148632566,821,1.0,0.6499999761581421
3,148632566,822,1.0,0.6549999713897705
3,148632566,823,1.0,0.6699999570846558
3,148632566,824,1.0,0.6800000071525574
3,148632566,825,1.0,0.6599999666213989
3,148632566,826,1.0,0.6699999570846558
3,148632566,827,1.0,0.6549999713897705
3,148632566,828,1.0,0.6699999570846558
3,148632566,829,1.0,0.6499999761581421
3,148632566,830,1.0,0.6699999570846558
3,148632566,831,1.0,0.6699999570846558
3,148632566,832,1.0,0.6850000023841858
3,148632566,833,1.0,0.6449999809265137
3,148632566,834,1.0,0.6699999570846558
3,148632566,835,1.0,0.6699999570846558
3,148632566,836,1.0,0.6649999618530273
3,148632566,837,1.0,0.6599999666213989
3,148632566,838,1.0,0.6699999570846558
3,148632566,839,1.0,0.675000011920929
3,148632566,840,1.0,0.6649999618530273
3,148632566,841,1.0,0.6599999666213989
3,148632566,842,1.0,0.6699999570846558
3,148632566,843,1.0,0.6649999618530273
3,148632566,844,1.0,0.6549999713897705
3,148632566,845,1.0,0.6499999761581421
3,148632566,846,1.0,0.6549999713897705
3,148632566,847,1.0,0.6800000071525574
3,148632566,848,1.0,0.6649999618530273
3,148632566,849,1.0,0.6649999618530273
3,148632566,850,1.0,0.6649999618530273
3,148632566,851,1.0,0.675000011920929
3,148632566,852,1.0,0.6649999618530273
3,148632566,853,1.0,0.6599999666213989
3,148632566,854,1.0,0.6800000071525574
3,148632566,855,1.0,0.6699999570846558
3,148632566,856,1.0,0.675000011920929
3,148632566,857,1.0,0.675000011920929
3,148632566,858,1.0,0.6649999618530273
3,148632566,859,1.0,0.6699999570846558
3,148632566,860,1.0,0.6649999618530273
3,148632566,861,1.0,0.6800000071525574
3,148632566,862,1.0,0.6800000071525574
3,148632566,863,1.0,0.6649999618530273
3,148632566,864,1.0,0.6649999618530273
3,148632566,865,1.0,0.6800000071525574
3,148632566,866,1.0,0.6800000071525574
3,148632566,867,1.0,0.6599999666213989
3,148632566,868,1.0,0.6649999618530273
3,148632566,869,1.0,0.6549999713897705
3,148632566,870,1.0,0.675000011920929
3,148632566,871,1.0,0.675000011920929
3,148632566,872,1.0,0.6699999570846558
3,148632566,873,1.0,0.6449999809265137
3,148632566,874,1.0,0.6850000023841858
3,148632566,875,1.0,0.6899999976158142
3,148632566,876,1.0,0.6549999713897705
3,148632566,877,1.0,0.675000011920929
3,148632566,878,1.0,0.6800000071525574
3,148632566,879,1.0,0.6549999713897705
3,148632566,880,1.0,0.6499999761581421
3,148632566,881,1.0,0.6649999618530273
3,148632566,882,1.0,0.675000011920929
3,148632566,883,1.0,0.6850000023841858
3,148632566,884,1.0,0.675000011920929
3,148632566,885,1.0,0.6599999666213989
3,148632566,886,1.0,0.675000011920929
3,148632566,887,1.0,0.6800000071525574
3,148632566,888,1.0,0.6599999666213989
3,148632566,889,1.0,0.6850000023841858
3,148632566,890,1.0,0.6800000071525574
3,148632566,891,1.0,0.6699999570846558
3,148632566,892,1.0,0.6800000071525574
3,148632566,893,1.0,0.6699999570846558
3,148632566,894,1.0,0.6850000023841858
3,148632566,895,1.0,0.675000011920929
3,148632566,896,1.0,0.6649999618530273
3,148632566,897,1.0,0.675000011920929
3,148632566,898,1.0,0.6699999570846558
3,148632566,899,1.0,0.6649999618530273
3,148632566,900,1.0,0.6800000071525574
3,148632566,901,1.0,0.675000011920929
3,148632566,902,1.0,0.6899999976158142
3,148632566,903,1.0,0.6850000023841858
3,148632566,904,1.0,0.6850000023841858
3,148632566,905,1.0,0.6649999618530273
3,148632566,906,1.0,0.6800000071525574
3,148632566,907,1.0,0.6949999928474426
3,148632566,908,1.0,0.6699999570846558
3,148632566,909,1.0,0.6899999976158142
3,148632566,910,1.0,0.6899999976158142
3,148632566,911,1.0,0.6800000071525574
3,148632566,912,1.0,0.675000011920929
3,148632566,913,1.0,0.6899999976158142
3,148632566,914,1.0,0.6649999618530273
3,148632566,915,1.0,0.675000011920929
3,148632566,916,1.0,0.6599999666213989
3,148632566,917,1.0,0.6699999570846558
3,148632566,918,1.0,0.675000011920929
3,148632566,919,1.0,0.6800000071525574
3,148632566,920,1.0,0.6850000023841858
3,148632566,921,1.0,0.6800000071525574
3,148632566,922,1.0,0.6850000023841858
3,148632566,923,1.0,0.675000011920929
3,148632566,924,1.0,0.6850000023841858
3,148632566,925,1.0,0.675000011920929
3,148632566,926,1.0,0.6699999570846558
3,148632566,927,1.0,0.675000011920929
3,148632566,928,1.0,0.6800000071525574
3,148632566,929,1.0,0.675000011920929
3,148632566,930,1.0,0.6800000071525574
3,148632566,931,1.0,0.6599999666213989
3,148632566,932,1.0,0.675000011920929
3,148632566,933,1.0,0.6899999976158142
3,148632566,934,1.0,0.6649999618530273
3,148632566,935,1.0,0.6850000023841858
3,148632566,936,1.0,0.675000011920929
3,148632566,937,1.0,0.6800000071525574
3,148632566,938,1.0,0.675000011920929
3,148632566,939,1.0,0.6699999570846558
3,148632566,940,1.0,0.6800000071525574
3,148632566,941,1.0,0.6699999570846558
3,148632566,942,1.0,0.6949999928474426
3,148632566,943,1.0,0.6699999570846558
3,148632566,944,1.0,0.675000011920929
3,148632566,945,1.0,0.6800000071525574
3,148632566,946,1.0,0.699999988079071
3,148632566,947,1.0,0.675000011920929
3,148632566,948,1.0,0.6800000071525574
3,148632566,949,1.0,0.675000011920929
3,148632566,950,1.0,0.675000011920929
3,148632566,951,1.0,0.6800000071525574
3,148632566,952,1.0,0.6850000023841858
3,148632566,953,1.0,0.675000011920929
3,148632566,954,1.0,0.6800000071525574
3,148632566,955,1.0,0.6800000071525574
3,148632566,956,1.0,0.6949999928474426
3,148632566,957,1.0,0.6949999928474426
3,148632566,958,1.0,0.699999988079071
3,148632566,959,1.0,0.6850000023841858
3,148632566,960,1.0,0.6800000071525574
3,148632566,961,1.0,0.6800000071525574
3,148632566,962,1.0,0.6850000023841858
3,148632566,963,1.0,0.6800000071525574
3,148632566,964,1.0,0.6899999976158142
3,148632566,965,1.0,0.675000011920929
3,148632566,966,1.0,0.6899999976158142
3,148632566,967,1.0,0.6949999928474426
3,148632566,968,1.0,0.6949999928474426
3,148632566,969,1.0,0.6899999976158142
3,148632566,970,1.0,0.6850000023841858
3,148632566,971,1.0,0.6850000023841858
3,148632566,972,1.0,0.6850000023841858
3,148632566,973,1.0,0.6850000023841858
3,148632566,974,1.0,0.6850000023841858
3,148632566,975,1.0,0.699999988079071
3,148632566,976,1.0,0.6899999976158142
3,148632566,977,1.0,0.675000011920929
3,148632566,978,1.0,0.6899999976158142
3,148632566,979,1.0,0.6949999928474426
3,148632566,980,1.0,0.6850000023841858
3,148632566,981,1.0,0.6949999928474426
3,148632566,982,1.0,0.6949999928474426
3,148632566,983,1.0,0.6899999976158142
3,148632566,984,1.0,0.6800000071525574
3,148632566,985,1.0,0.6800000071525574
3,148632566,986,1.0,0.6850000023841858
3,148632566,987,1.0,0.699999988079071
3,148632566,988,1.0,0.6949999928474426
3,148632566,989,1.0,0.6899999976158142
3,148632566,990,1.0,0.6850000023841858
3,148632566,991,1.0,0.6800000071525574
3,148632566,992,1.0,0.7149999737739563
3,148632566,993,1.0,0.6899999976158142
3,148632566,994,1.0,0.6699999570846558
3,148632566,995,1.0,0.675000011920929
3,148632566,996,1.0,0.7099999785423279
3,148632566,997,1.0,0.6949999928474426
3,148632566,998,1.0,0.6850000023841858
3,148632566,999,1.0,0.6949999928474426
3,148632566,1000,1.0,0.6899999976158142
3,148632566,1001,1.0,0.6899999976158142
3,148632566,1002,1.0,0.699999988079071
3,148632566,1003,1.0,0.6850000023841858
3,148632566,1004,1.0,0.6850000023841858
3,148632566,1005,1.0,0.6899999976158142
3,148632566,1006,1.0,0.699999988079071
3,148632566,1007,1.0,0.6850000023841858
3,148632566,1008,1.0,0.7099999785423279
3,148632566,1009,1.0,0.6899999976158142
3,148632566,1010,1.0,0.6949999928474426
3,148632566,1011,1.0,0.699999988079071
3,148632566,1012,1.0,0.6949999928474426
3,148632566,1013,1.0,0.675000011920929
3,148632566,1014,1.0,0.699999988079071
3,148632566,1015,1.0,0.6949999928474426
3,148632566,1016,1.0,0.7049999833106995
3,148632566,1017,1.0,0.7099999785423279
3,148632566,1018,1.0,0.6949999928474426
3,148632566,1019,1.0,0.6800000071525574
3,148632566,1020,1.0,0.699999988079071
3,148632566,1021,1.0,0.699999988079071
3,148632566,1022,1.0,0.6899999976158142
3,148632566,1023,1.0,0.699999988079071
3,148632566,1024,1.0,0.6899999976158142
3,148632566,1025,1.0,0.6800000071525574
3,148632566,1026,1.0,0.699999988079071
3,148632566,1027,1.0,0.6850000023841858
3,148632566,1028,1.0,0.6949999928474426
3,148632566,1029,1.0,0.699999988079071
3,148632566,1030,1.0,0.699999988079071
3,148632566,1031,1.0,0.6899999976158142
3,148632566,1032,1.0,0.699999988079071
3,148632566,1033,1.0,0.6949999928474426
3,148632566,1034,1.0,0.6949999928474426
3,148632566,1035,1.0,0.6899999976158142
3,148632566,1036,1.0,0.7099999785423279
3,148632566,1037,1.0,0.7149999737739563
3,148632566,1038,1.0,0.699999988079071
3,148632566,1039,1.0,0.699999988079071
3,148632566,1040,1.0,0.7149999737739563
3,148632566,1041,1.0,0.6949999928474426
3,148632566,1042,1.0,0.6949999928474426
3,148632566,1043,1.0,0.699999988079071
3,148632566,1044,1.0,0.6949999928474426
3,148632566,1045,1.0,0.7049999833106995
3,148632566,1046,1.0,0.6899999976158142
3,148632566,1047,1.0,0.6949999928474426
3,148632566,1048,1.0,0.7099999785423279
3,148632566,1049,1.0,0.7049999833106995
3,148632566,1050,1.0,0.699999988079071
3,148632566,1051,1.0,0.7149999737739563
3,148632566,1052,1.0,0.7249999642372131
3,148632566,1053,1.0,0.6949999928474426
3,148632566,1054,1.0,0.7149999737739563
3,148632566,1055,1.0,0.7099999785423279
3,148632566,1056,1.0,0.699999988079071
3,148632566,1057,1.0,0.7199999690055847
3,148632566,1058,1.0,0.7099999785423279
3,148632566,1059,1.0,0.7099999785423279
3,148632566,1060,1.0,0.7099999785423279
3,148632566,1061,1.0,0.73499995470047
3,148632566,1062,1.0,0.7149999737739563
3,148632566,1063,1.0,0.7199999690055847
3,148632566,1064,1.0,0.7149999737739563
3,148632566,1065,1.0,0.7149999737739563
3,148632566,1066,1.0,0.7149999737739563
3,148632566,1067,1.0,0.699999988079071
3,148632566,1068,1.0,0.7199999690055847
3,148632566,1069,1.0,0.7199999690055847
3,148632566,1070,1.0,0.7049999833106995
3,148632566,1071,1.0,0.699999988079071
3,148632566,1072,1.0,0.7099999785423279
3,148632566,1073,1.0,0.7149999737739563
3,148632566,1074,1.0,0.7099999785423279
3,148632566,1075,1.0,0.7199999690055847
3,148632566,1076,1.0,0.7049999833106995
3,148632566,1077,1.0,0.7199999690055847
3,148632566,1078,1.0,0.7099999785423279
3,148632566,1079,1.0,0.7199999690055847
3,148632566,1080,1.0,0.7099999785423279
3,148632566,1081,1.0,0.7199999690055847
3,148632566,1082,1.0,0.7199999690055847
3,148632566,1083,1.0,0.7149999737739563
3,148632566,1084,1.0,0.7199999690055847
3,148632566,1085,1.0,0.7199999690055847
3,148632566,1086,1.0,0.7149999737739563
3,148632566,1087,1.0,0.7099999785423279
3,148632566,1088,1.0,0.7099999785423279
3,148632566,1089,1.0,0.7299999594688416
3,148632566,1090,1.0,0.7249999642372131
3,148632566,1091,1.0,0.7049999833106995
3,148632566,1092,1.0,0.7099999785423279
3,148632566,1093,1.0,0.7049999833106995
3,148632566,1094,1.0,0.7199999690055847
3,148632566,1095,1.0,0.7299999594688416
3,148632566,1096,1.0,0.7199999690055847
3,148632566,1097,1.0,0.7099999785423279
3,148632566,1098,1.0,0.7149999737739563
3,148632566,1099,1.0,0.7049999833106995
3,148632566,1100,1.0,0.73499995470047
3,148632566,1101,1.0,0.7249999642372131
3,148632566,1102,1.0,0.7199999690055847
3,148632566,1103,1.0,0.7149999737739563
3,148632566,1104,1.0,0.7249999642372131
3,148632566,1105,1.0,0.7249999642372131
3,148632566,1106,1.0,0.7249999642372131
3,148632566,1107,1.0,0.7299999594688416
3,148632566,1108,1.0,0.73499995470047
3,148632566,1109,1.0,0.7199999690055847
3,148632566,1110,1.0,0.7400000095367432
3,148632566,1111,1.0,0.7199999690055847
3,148632566,1112,1.0,0.7199999690055847
3,148632566,1113,1.0,0.7149999737739563
3,148632566,1114,1.0,0.73499995470047
3,148632566,1115,1.0,0.73499995470047
3,148632566,1116,1.0,0.7149999737739563
3,148632566,1117,1.0,0.7299999594688416
3,148632566,1118,1.0,0.7149999737739563
3,148632566,1119,1.0,0.73499995470047
3,148632566,1120,1.0,0.73499995470047
3,148632566,1121,1.0,0.7249999642372131
3,148632566,1122,1.0,0.7149999737739563
3,148632566,1123,1.0,0.73499995470047
3,148632566,1124,1.0,0.73499995470047
3,148632566,1125,1.0,0.7299999594688416
3,148632566,1126,1.0,0.7299999594688416
3,148632566,1127,1.0,0.7299999594688416
3,148632566,1128,1.0,0.7199999690055847
3,148632566,1129,1.0,0.7249999642372131
3,148632566,1130,1.0,0.7199999690055847
3,148632566,1131,1.0,0.7249999642372131
3,148632566,1132,1.0,0.7400000095367432
3,148632566,1133,1.0,0.7199999690055847
3,148632566,1134,1.0,0.73499995470047
3,148632566,1135,1.0,0.7249999642372131
3,148632566,1136,1.0,0.7249999642372131
3,148632566,1137,1.0,0.7249999642372131
3,148632566,1138,1.0,0.7249999642372131
3,148632566,1139,1.0,0.73499995470047
3,148632566,1140,1.0,0.73499995470047
3,148632566,1141,1.0,0.73499995470047
3,148632566,1142,1.0,0.7400000095367432
3,148632566,1143,1.0,0.73499995470047
3,148632566,1144,1.0,0.7199999690055847
3,148632566,1145,1.0,0.7199999690055847
3,148632566,1146,1.0,0.7299999594688416
3,148632566,1147,1.0,0.7249999642372131
3,148632566,1148,1.0,0.73499995470047
3,148632566,1149,1.0,0.7249999642372131
3,148632566,1150,1.0,0.7299999594688416
3,148632566,1151,1.0,0.73499995470047
3,148632566,1152,1.0,0.7249999642372131
3,148632566,1153,1.0,0.73499995470047
3,148632566,1154,1.0,0.73499995470047
3,148632566,1155,1.0,0.7299999594688416
3,148632566,1156,1.0,0.7249999642372131
3,148632566,1157,1.0,0.7249999642372131
3,148632566,1158,1.0,0.7249999642372131
3,148632566,1159,1.0,0.7299999594688416
3,148632566,1160,1.0,0.7400000095367432
3,148632566,1161,1.0,0.7450000047683716
3,148632566,1162,1.0,0.7299999594688416
3,148632566,1163,1.0,0.7450000047683716
3,148632566,1164,1.0,0.7249999642372131
3,148632566,1165,1.0,0.7199999690055847
3,148632566,1166,1.0,0.7299999594688416
3,148632566,1167,1.0,0.73499995470047
3,148632566,1168,1.0,0.7400000095367432
3,148632566,1169,1.0,0.7149999737739563
3,148632566,1170,1.0,0.7400000095367432
3,148632566,1171,1.0,0.73499995470047
3,148632566,1172,1.0,0.73499995470047
3,148632566,1173,1.0,0.7249999642372131
3,148632566,1174,1.0,0.73499995470047
3,148632566,1175,1.0,0.73499995470047
3,148632566,1176,1.0,0.73499995470047
3,148632566,1177,1.0,0.73499995470047
3,148632566,1178,1.0,0.7299999594688416
3,148632566,1179,1.0,0.73499995470047
3,148632566,1180,1.0,0.7299999594688416
3,148632566,1181,1.0,0.73499995470047
3,148632566,1182,1.0,0.7400000095367432
3,148632566,1183,1.0,0.7249999642372131
3,148632566,1184,1.0,0.73499995470047
3,148632566,1185,1.0,0.73499995470047
3,148632566,1186,1.0,0.7400000095367432
3,148632566,1187,1.0,0.7400000095367432
3,148632566,1188,1.0,0.7450000047683716
3,148632566,1189,1.0,0.7199999690055847
3,148632566,1190,1.0,0.73499995470047
3,148632566,1191,1.0,0.73499995470047
3,148632566,1192,1.0,0.7450000047683716
3,148632566,1193,1.0,0.7299999594688416
3,148632566,1194,1.0,0.7249999642372131
3,148632566,1195,1.0,0.7299999594688416
3,148632566,1196,1.0,0.7400000095367432
3,148632566,1197,1.0,0.7450000047683716
3,148632566,1198,1.0,0.73499995470047
3,148632566,1199,1.0,0.7400000095367432
3,148632566,1200,1.0,0.7400000095367432
3,148632566,1201,1.0,0.7299999594688416
3,148632566,1202,1.0,0.7199999690055847
3,148632566,1203,1.0,0.7450000047683716
3,148632566,1204,1.0,0.7450000047683716
3,148632566,1205,1.0,0.7299999594688416
3,148632566,1206,1.0,0.73499995470047
3,148632566,1207,1.0,0.7299999594688416
3,148632566,1208,1.0,0.7299999594688416
3,148632566,1209,1.0,0.7400000095367432
3,148632566,1210,1.0,0.75
3,148632566,1211,1.0,0.75
3,148632566,1212,1.0,0.7149999737739563
3,148632566,1213,1.0,0.73499995470047
3,148632566,1214,1.0,0.75
3,148632566,1215,1.0,0.7549999952316284
3,148632566,1216,1.0,0.7400000095367432
3,148632566,1217,1.0,0.75
3,148632566,1218,1.0,0.7400000095367432
3,148632566,1219,1.0,0.7400000095367432
3,148632566,1220,1.0,0.73499995470047
3,148632566,1221,1.0,0.7400000095367432
3,148632566,1222,1.0,0.7400000095367432
3,148632566,1223,1.0,0.7400000095367432
3,148632566,1224,1.0,0.7450000047683716
3,148632566,1225,1.0,0.7450000047683716
3,148632566,1226,1.0,0.75
3,148632566,1227,1.0,0.73499995470047
3,148632566,1228,1.0,0.7450000047683716
3,148632566,1229,1.0,0.75
3,148632566,1230,1.0,0.7549999952316284
3,148632566,1231,1.0,0.73499995470047
3,148632566,1232,1.0,0.73499995470047
3,148632566,1233,1.0,0.75
3,148632566,1234,1.0,0.75
3,148632566,1235,1.0,0.7450000047683716
3,148632566,1236,1.0,0.7450000047683716
3,148632566,1237,1.0,0.7599999904632568
3,148632566,1238,1.0,0.75
3,148632566,1239,1.0,0.7450000047683716
3,148632566,1240,1.0,0.7599999904632568
3,148632566,1241,1.0,0.7450000047683716
3,148632566,1242,1.0,0.7450000047683716
3,148632566,1243,1.0,0.7450000047683716
3,148632566,1244,1.0,0.75
3,148632566,1245,1.0,0.7599999904632568
3,148632566,1246,1.0,0.7549999952316284
3,148632566,1247,1.0,0.7400000095367432
3,148632566,1248,1.0,0.75
3,148632566,1249,1.0,0.75
3,148632566,1250,1.0,0.75
3,148632566,1251,1.0,0.7400000095367432
3,148632566,1252,1.0,0.75
3,148632566,1253,1.0,0.7450000047683716
3,148632566,1254,1.0,0.75
3,148632566,1255,1.0,0.7450000047683716
3,148632566,1256,1.0,0.7549999952316284
3,148632566,1257,1.0,0.7599999904632568
3,148632566,1258,1.0,0.7599999904632568
3,148632566,1259,1.0,0.75
3,148632566,1260,1.0,0.7450000047683716
3,148632566,1261,1.0,0.7599999904632568
3,148632566,1262,1.0,0.7649999856948853
3,148632566,1263,1.0,0.7599999904632568
3,148632566,1264,1.0,0.7400000095367432
3,148632566,1265,1.0,0.73499995470047
3,148632566,1266,1.0,0.7599999904632568
3,148632566,1267,1.0,0.7400000095367432
3,148632566,1268,1.0,0.7400000095367432
3,148632566,1269,1.0,0.7400000095367432
3,148632566,1270,1.0,0.7599999904632568
3,148632566,1271,1.0,0.7649999856948853
3,148632566,1272,1.0,0.7649999856948853
3,148632566,1273,1.0,0.7450000047683716
3,148632566,1274,1.0,0.75
3,148632566,1275,1.0,0.7599999904632568
3,148632566,1276,1.0,0.7450000047683716
3,148632566,1277,1.0,0.7649999856948853
3,148632566,1278,1.0,0.7599999904632568
3,148632566,1279,1.0,0.73499995470047
3,148632566,1280,1.0,0.75
3,148632566,1281,1.0,0.7549999952316284
3,148632566,1282,1.0,0.7649999856948853
3,148632566,1283,1.0,0.7549999952316284
3,148632566,1284,1.0,0.75
3,148632566,1285,1.0,0.7549999952316284
3,148632566,1286,1.0,0.7599999904632568
3,148632566,1287,1.0,0.7549999952316284
3,148632566,1288,1.0,0.7549999952316284
3,148632566,1289,1.0,0.7549999952316284
3,148632566,1290,1.0,0.75
3,148632566,1291,1.0,0.7450000047683716
3,148632566,1292,1.0,0.7549999952316284
3,148632566,1293,1.0,0.7699999809265137
3,148632566,1294,1.0,0.7699999809265137
3,148632566,1295,1.0,0.7549999952316284
3,148632566,1296,1.0,0.75
3,148632566,1297,1.0,0.7649999856948853
3,148632566,1298,1.0,0.7599999904632568
3,148632566,1299,1.0,0.7599999904632568
3,148632566,1300,1.0,0.7549999952316284
3,148632566,1301,1.0,0.7649999856948853
3,148632566,1302,1.0,0.7699999809265137
3,148632566,1303,1.0,0.75
3,148632566,1304,1.0,0.7599999904632568
3,148632566,1305,1.0,0.7549999952316284
3,148632566,1306,1.0,0.7599999904632568
3,148632566,1307,1.0,0.7549999952316284
3,148632566,1308,1.0,0.7649999856948853
3,148632566,1309,1.0,0.75
3,148632566,1310,1.0,0.7549999952316284
3,148632566,1311,1.0,0.7549999952316284
3,148632566,1312,1.0,0.7599999904632568
3,148632566,1313,1.0,0.7549999952316284
3,148632566,1314,1.0,0.7649999856948853
3,148632566,1315,1.0,0.75
3,148632566,1316,1.0,0.7549999952316284
3,148632566,1317,1.0,0.7599999904632568
3,148632566,1318,1.0,0.7649999856948853
3,148632566,1319,1.0,0.7649999856948853
3,148632566,1320,1.0,0.7599999904632568
3,148632566,1321,1.0,0.7599999904632568
3,148632566,1322,1.0,0.7549999952316284
3,148632566,1323,1.0,0.7749999761581421
3,148632566,1324,1.0,0.7649999856948853
3,148632566,1325,1.0,0.75
3,148632566,1326,1.0,0.7649999856948853
3,148632566,1327,1.0,0.7749999761581421
3,148632566,1328,1.0,0.7699999809265137
3,148632566,1329,1.0,0.7599999904632568
3,148632566,1330,1.0,0.75
3,148632566,1331,1.0,0.7649999856948853
3,148632566,1332,1.0,0.7799999713897705
3,148632566,1333,1.0,0.7749999761581421
3,148632566,1334,1.0,0.7799999713897705
3,148632566,1335,1.0,0.7699999809265137
3,148632566,1336,1.0,0.7699999809265137
3,148632566,1337,1.0,0.7649999856948853
3,148632566,1338,1.0,0.7699999809265137
3,148632566,1339,1.0,0.7549999952316284
3,148632566,1340,1.0,0.7799999713897705
3,148632566,1341,1.0,0.7749999761581421
3,148632566,1342,1.0,0.7749999761581421
3,148632566,1343,1.0,0.7599999904632568
3,148632566,1344,1.0,0.7649999856948853
3,148632566,1345,1.0,0.7749999761581421
3,148632566,1346,1.0,0.7649999856948853
3,148632566,1347,1.0,0.7649999856948853
3,148632566,1348,1.0,0.7599999904632568
3,148632566,1349,1.0,0.7749999761581421
3,148632566,1350,1.0,0.7549999952316284
3,148632566,1351,1.0,0.7599999904632568
3,148632566,1352,1.0,0.7649999856948853
3,148632566,1353,1.0,0.7699999809265137
3,148632566,1354,1.0,0.7649999856948853
3,148632566,1355,1.0,0.7450000047683716
3,148632566,1356,1.0,0.7549999952316284
3,148632566,1357,1.0,0.7749999761581421
3,148632566,1358,1.0,0.7599999904632568
3,148632566,1359,1.0,0.7649999856948853
3,148632566,1360,1.0,0.7599999904632568
3,148632566,1361,1.0,0.7649999856948853
3,148632566,1362,1.0,0.7649999856948853
3,148632566,1363,1.0,0.7649999856948853
3,148632566,1364,1.0,0.7699999809265137
3,148632566,1365,1.0,0.7749999761581421
3,148632566,1366,1.0,0.7749999761581421
3,148632566,1367,1.0,0.7549999952316284
3,148632566,1368,1.0,0.7450000047683716
3,148632566,1369,1.0,0.7749999761581421
3,148632566,1370,1.0,0.7649999856948853
3,148632566,1371,1.0,0.7599999904632568
3,148632566,1372,1.0,0.7649999856948853
3,148632566,1373,1.0,0.7450000047683716
3,148632566,1374,1.0,0.7549999952316284
3,148632566,1375,1.0,0.7699999809265137
3,148632566,1376,1.0,0.7749999761581421
3,148632566,1377,1.0,0.7949999570846558
3,148632566,1378,1.0,0.7599999904632568
3,148632566,1379,1.0,0.7599999904632568
3,148632566,1380,1.0,0.7649999856948853
3,148632566,1381,1.0,0.7599999904632568
3,148632566,1382,1.0,0.7649999856948853
3,148632566,1383,1.0,0.7649999856948853
3,148632566,1384,1.0,0.7599999904632568
3,148632566,1385,1.0,0.7699999809265137
3,148632566,1386,1.0,0.7699999809265137
3,148632566,1387,1.0,0.7649999856948853
3,148632566,1388,1.0,0.7749999761581421
3,148632566,1389,1.0,0.7749999761581421
3,148632566,1390,1.0,0.7649999856948853
3,148632566,1391,1.0,0.75
3,148632566,1392,1.0,0.7649999856948853
3,148632566,1393,1.0,0.7699999809265137
3,148632566,1394,1.0,0.75
3,148632566,1395,1.0,0.7699999809265137
3,148632566,1396,1.0,0.7599999904632568
3,148632566,1397,1.0,0.7699999809265137
3,148632566,1398,1.0,0.7749999761581421
3,148632566,1399,1.0,0.7749999761581421
3,148632566,1400,1.0,0.7599999904632568
3,148632566,1401,1.0,0.7549999952316284
3,148632566,1402,1.0,0.7699999809265137
3,148632566,1403,1.0,0.7749999761581421
3,148632566,1404,1.0,0.7699999809265137
3,148632566,1405,1.0,0.7749999761581421
3,148632566,1406,1.0,0.7649999856948853
3,148632566,1407,1.0,0.7599999904632568
3,148632566,1408,1.0,0.7649999856948853
3,148632566,1409,1.0,0.7699999809265137
3,148632566,1410,1.0,0.7649999856948853
3,148632566,1411,1.0,0.7699999809265137
3,148632566,1412,1.0,0.7649999856948853
3,148632566,1413,1.0,0.7799999713897705
3,148632566,1414,1.0,0.7649999856948853
3,148632566,1415,1.0,0.7649999856948853
3,148632566,1416,1.0,0.7649999856948853
3,148632566,1417,1.0,0.7599999904632568
3,148632566,1418,1.0,0.7699999809265137
3,148632566,1419,1.0,0.7749999761581421
3,148632566,1420,1.0,0.7749999761581421
3,148632566,1421,1.0,0.7699999809265137
3,148632566,1422,1.0,0.7699999809265137
3,148632566,1423,1.0,0.7699999809265137
3,148632566,1424,1.0,0.7749999761581421
3,148632566,1425,1.0,0.7699999809265137
3,148632566,1426,1.0,0.7649999856948853
3,148632566,1427,1.0,0.7649999856948853
3,148632566,1428,1.0,0.7799999713897705
3,148632566,1429,1.0,0.7699999809265137
3,148632566,1430,1.0,0.7699999809265137
3,148632566,1431,1.0,0.7699999809265137
3,148632566,1432,1.0,0.7699999809265137
3,148632566,1433,1.0,0.7799999713897705
3,148632566,1434,1.0,0.7799999713897705
3,148632566,1435,1.0,0.7799999713897705
3,148632566,1436,1.0,0.7749999761581421
3,148632566,1437,1.0,0.7749999761581421
3,148632566,1438,1.0,0.7799999713897705
3,148632566,1439,1.0,0.7799999713897705
3,148632566,1440,1.0,0.7699999809265137
3,148632566,1441,1.0,0.7699999809265137
3,148632566,1442,1.0,0.7749999761581421
3,148632566,1443,1.0,0.7749999761581421
3,148632566,1444,1.0,0.7749999761581421
3,148632566,1445,1.0,0.7699999809265137
3,148632566,1446,1.0,0.7799999713897705
3,148632566,1447,1.0,0.7799999713897705
3,148632566,1448,1.0,0.7999999523162842
3,148632566,1449,1.0,0.7799999713897705
3,148632566,1450,1.0,0.7899999618530273
3,148632566,1451,1.0,0.7799999713897705
3,148632566,1452,1.0,0.7649999856948853
3,148632566,1453,1.0,0.7699999809265137
3,148632566,1454,1.0,0.7949999570846558
3,148632566,1455,1.0,0.7799999713897705
3,148632566,1456,1.0,0.7799999713897705
3,148632566,1457,1.0,0.7649999856948853
3,148632566,1458,1.0,0.7649999856948853
3,148632566,1459,1.0,0.7999999523162842
3,148632566,1460,1.0,0.7899999618530273
3,148632566,1461,1.0,0.7599999904632568
3,148632566,1462,1.0,0.7799999713897705
3,148632566,1463,1.0,0.7699999809265137
3,148632566,1464,1.0,0.8050000071525574
3,148632566,1465,1.0,0.7899999618530273
3,148632566,1466,1.0,0.7849999666213989
3,148632566,1467,1.0,0.7799999713897705
3,148632566,1468,1.0,0.7749999761581421
3,148632566,1469,1.0,0.7799999713897705
3,148632566,1470,1.0,0.7899999618530273
3,148632566,1471,1.0,0.7899999618530273
3,148632566,1472,1.0,0.7799999713897705
3,148632566,1473,1.0,0.7949999570846558
3,148632566,1474,1.0,0.7949999570846558
3,148632566,1475,1.0,0.7849999666213989
3,148632566,1476,1.0,0.7799999713897705
3,148632566,1477,1.0,0.7799999713897705
3,148632566,1478,1.0,0.7749999761581421
3,148632566,1479,1.0,0.7999999523162842
3,148632566,1480,1.0,0.7849999666213989
3,148632566,1481,1.0,0.7949999570846558
3,148632566,1482,1.0,0.8050000071525574
3,148632566,1483,1.0,0.8050000071525574
3,148632566,1484,1.0,0.7899999618530273
3,148632566,1485,1.0,0.7849999666213989
3,148632566,1486,1.0,0.7949999570846558
3,148632566,1487,1.0,0.7949999570846558
3,148632566,1488,1.0,0.7799999713897705
3,148632566,1489,1.0,0.7799999713897705
3,148632566,1490,1.0,0.7749999761581421
3,148632566,1491,1.0,0.7899999618530273
3,148632566,1492,1.0,0.7849999666213989
3,148632566,1493,1.0,0.8050000071525574
3,148632566,1494,1.0,0.8100000023841858
3,148632566,1495,1.0,0.8199999928474426
3,148632566,1496,1.0,0.7899999618530273
3,148632566,1497,1.0,0.7899999618530273
3,148632566,1498,1.0,0.8050000071525574
3,148632566,1499,1.0,0.8100000023841858
3,148632566,1500,1.0,0.7899999618530273
3,148632566,1501,1.0,0.8149999976158142
3,148632566,1502,1.0,0.7899999618530273
3,148632566,1503,1.0,0.7849999666213989
3,148632566,1504,1.0,0.7899999618530273
3,148632566,1505,1.0,0.7849999666213989
3,148632566,1506,1.0,0.8050000071525574
3,148632566,1507,1.0,0.7949999570846558
3,148632566,1508,1.0,0.7999999523162842
3,148632566,1509,1.0,0.7899999618530273
3,148632566,1510,1.0,0.7899999618530273
3,148632566,1511,1.0,0.7999999523162842
3,148632566,1512,1.0,0.7849999666213989
3,148632566,1513,1.0,0.7899999618530273
3,148632566,1514,1.0,0.7849999666213989
3,148632566,1515,1.0,0.8100000023841858
3,148632566,1516,1.0,0.7949999570846558
3,148632566,1517,1.0,0.8050000071525574
3,148632566,1518,1.0,0.8149999976158142
3,148632566,1519,1.0,0.7999999523162842
3,148632566,1520,1.0,0.7949999570846558
3,148632566,1521,1.0,0.7849999666213989
3,148632566,1522,1.0,0.8050000071525574
3,148632566,1523,1.0,0.7999999523162842
3,148632566,1524,1.0,0.8050000071525574
3,148632566,1525,1.0,0.8050000071525574
3,148632566,1526,1.0,0.8050000071525574
3,148632566,1527,1.0,0.8149999976158142
3,148632566,1528,1.0,0.8199999928474426
3,148632566,1529,1.0,0.8100000023841858
3,148632566,1530,1.0,0.7949999570846558
3,148632566,1531,1.0,0.7899999618530273
3,148632566,1532,1.0,0.8100000023841858
3,148632566,1533,1.0,0.7999999523162842
3,148632566,1534,1.0,0.7899999618530273
3,148632566,1535,1.0,0.7899999618530273
3,148632566,1536,1.0,0.7899999618530273
3,148632566,1537,1.0,0.7999999523162842
3,148632566,1538,1.0,0.8349999785423279
3,148632566,1539,1.0,0.824999988079071
3,148632566,1540,1.0,0.7949999570846558
3,148632566,1541,1.0,0.7949999570846558
3,148632566,1542,1.0,0.7949999570846558
3,148632566,1543,1.0,0.8050000071525574
3,148632566,1544,1.0,0.8100000023841858
3,148632566,1545,1.0,0.7949999570846558
3,148632566,1546,1.0,0.7949999570846558
3,148632566,1547,1.0,0.8100000023841858
3,148632566,1548,1.0,0.7849999666213989
3,148632566,1549,1.0,0.7949999570846558
3,148632566,1550,1.0,0.8100000023841858
3,148632566,1551,1.0,0.8050000071525574
3,148632566,1552,1.0,0.7949999570846558
3,148632566,1553,1.0,0.7899999618530273
3,148632566,1554,1.0,0.7849999666213989
3,148632566,1555,1.0,0.7849999666213989
3,148632566,1556,1.0,0.7999999523162842
3,148632566,1557,1.0,0.8149999976158142
3,148632566,1558,1.0,0.8050000071525574
3,148632566,1559,1.0,0.7999999523162842
3,148632566,1560,1.0,0.7849999666213989
3,148632566,1561,1.0,0.8100000023841858
3,148632566,1562,1.0,0.7999999523162842
3,148632566,1563,1.0,0.8050000071525574
3,148632566,1564,1.0,0.8050000071525574
3,148632566,1565,1.0,0.8149999976158142
3,148632566,1566,1.0,0.7849999666213989
3,148632566,1567,1.0,0.7849999666213989
3,148632566,1568,1.0,0.7899999618530273
3,148632566,1569,1.0,0.7849999666213989
3,148632566,1570,1.0,0.7949999570846558
3,148632566,1571,1.0,0.7899999618530273
3,148632566,1572,1.0,0.7999999523162842
3,148632566,1573,1.0,0.8050000071525574
3,148632566,1574,1.0,0.8199999928474426
3,148632566,1575,1.0,0.7899999618530273
3,148632566,1576,1.0,0.7899999618530273
3,148632566,1577,1.0,0.7849999666213989
3,148632566,1578,1.0,0.7849999666213989
3,148632566,1579,1.0,0.7849999666213989
3,148632566,1580,1.0,0.7899999618530273
3,148632566,1581,1.0,0.7949999570846558
3,148632566,1582,1.0,0.7999999523162842
3,148632566,1583,1.0,0.7899999618530273
3,148632566,1584,1.0,0.8050000071525574
3,148632566,1585,1.0,0.7899999618530273
3,148632566,1586,1.0,0.8100000023841858
3,148632566,1587,1.0,0.7999999523162842
3,148632566,1588,1.0,0.8100000023841858
3,148632566,1589,1.0,0.7949999570846558
3,148632566,1590,1.0,0.7999999523162842
3,148632566,1591,1.0,0.8050000071525574
3,148632566,1592,1.0,0.7999999523162842
3,148632566,1593,1.0,0.7999999523162842
3,148632566,1594,1.0,0.8100000023841858
3,148632566,1595,1.0,0.8100000023841858
3,148632566,1596,1.0,0.7849999666213989
3,148632566,1597,1.0,0.7949999570846558
3,148632566,1598,1.0,0.8050000071525574
3,148632566,1599,1.0,0.7949999570846558
3,148632566,1600,1.0,0.7999999523162842
3,148632566,1601,1.0,0.8149999976158142
3,148632566,1602,1.0,0.8050000071525574
3,148632566,1603,1.0,0.7849999666213989
3,148632566,1604,1.0,0.7999999523162842
3,148632566,1605,1.0,0.824999988079071
3,148632566,1606,1.0,0.8149999976158142
3,148632566,1607,1.0,0.8050000071525574
3,148632566,1608,1.0,0.7949999570846558
3,148632566,1609,1.0,0.7849999666213989
3,148632566,1610,1.0,0.7999999523162842
3,148632566,1611,1.0,0.8050000071525574
3,148632566,1612,1.0,0.7849999666213989
3,148632566,1613,1.0,0.7999999523162842
3,148632566,1614,1.0,0.7999999523162842
3,148632566,1615,1.0,0.7999999523162842
3,148632566,1616,1.0,0.7999999523162842
3,148632566,1617,1.0,0.7949999570846558
3,148632566,1618,1.0,0.7949999570846558
3,148632566,1619,1.0,0.8199999928474426
3,148632566,1620,1.0,0.8100000023841858
3,148632566,1621,1.0,0.8100000023841858
3,148632566,1622,1.0,0.8050000071525574
3,148632566,1623,1.0,0.8100000023841858
3,148632566,1624,1.0,0.7949999570846558
3,148632566,1625,1.0,0.7999999523162842
3,148632566,1626,1.0,0.7999999523162842
3,148632566,1627,1.0,0.7999999523162842
3,148632566,1628,1.0,0.7999999523162842
3,148632566,1629,1.0,0.7999999523162842
3,148632566,1630,1.0,0.8149999976158142
3,148632566,1631,1.0,0.8100000023841858
3,148632566,1632,1.0,0.8199999928474426
3,148632566,1633,1.0,0.7899999618530273
3,148632566,1634,1.0,0.8050000071525574
3,148632566,1635,1.0,0.7899999618530273
3,148632566,1636,1.0,0.8050000071525574
3,148632566,1637,1.0,0.8100000023841858
3,148632566,1638,1.0,0.8050000071525574
3,148632566,1639,1.0,0.8100000023841858
3,148632566,1640,1.0,0.8050000071525574
3,148632566,1641,1.0,0.7999999523162842
3,148632566,1642,1.0,0.7949999570846558
3,148632566,1643,1.0,0.8149999976158142
3,148632566,1644,1.0,0.8349999785423279
3,148632566,1645,1.0,0.8100000023841858
3,148632566,1646,1.0,0.8050000071525574
3,148632566,1647,1.0,0.7949999570846558
3,148632566,1648,1.0,0.7949999570846558
3,148632566,1649,1.0,0.7999999523162842
3,148632566,1650,1.0,0.8100000023841858
3,148632566,1651,1.0,0.8050000071525574
3,148632566,1652,1.0,0.7949999570846558
3,148632566,1653,1.0,0.7949999570846558
3,148632566,1654,1.0,0.7949999570846558
3,148632566,1655,1.0,0.8050000071525574
3,148632566,1656,1.0,0.8199999928474426
3,148632566,1657,1.0,0.7999999523162842
3,148632566,1658,1.0,0.7999999523162842
3,148632566,1659,1.0,0.8100000023841858
3,148632566,1660,1.0,0.8100000023841858
3,148632566,1661,1.0,0.8100000023841858
3,148632566,1662,1.0,0.7999999523162842
3,148632566,1663,1.0,0.8100000023841858
3,148632566,1664,1.0,0.8100000023841858
3,148632566,1665,1.0,0.8100000023841858
3,148632566,1666,1.0,0.8100000023841858
3,148632566,1667,1.0,0.8050000071525574
3,148632566,1668,1.0,0.8050000071525574
3,148632566,1669,1.0,0.7999999523162842
3,148632566,1670,1.0,0.8100000023841858
3,148632566,1671,1.0,0.7999999523162842
3,148632566,1672,1.0,0.8050000071525574
3,148632566,1673,1.0,0.8050000071525574
3,148632566,1674,1.0,0.7899999618530273
3,148632566,1675,1.0,0.8050000071525574
3,148632566,1676,1.0,0.7999999523162842
3,148632566,1677,1.0,0.7949999570846558
3,148632566,1678,1.0,0.7949999570846558
3,148632566,1679,1.0,0.8100000023841858
3,148632566,1680,1.0,0.8149999976158142
3,148632566,1681,1.0,0.7999999523162842
3,148632566,1682,1.0,0.8149999976158142
3,148632566,1683,1.0,0.8149999976158142
3,148632566,1684,1.0,0.8050000071525574
3,148632566,1685,1.0,0.8050000071525574
3,148632566,1686,1.0,0.7999999523162842
3,148632566,1687,1.0,0.8100000023841858
3,148632566,1688,1.0,0.8050000071525574
3,148632566,1689,1.0,0.824999988079071
3,148632566,1690,1.0,0.8199999928474426
3,148632566,1691,1.0,0.8199999928474426
3,148632566,1692,1.0,0.8100000023841858
3,148632566,1693,1.0,0.7999999523162842
3,148632566,1694,1.0,0.7949999570846558
3,148632566,1695,1.0,0.8149999976158142
3,148632566,1696,1.0,0.8100000023841858
3,148632566,1697,1.0,0.8100000023841858
3,148632566,1698,1.0,0.824999988079071
3,148632566,1699,1.0,0.8199999928474426
3,148632566,1700,1.0,0.8100000023841858
3,148632566,1701,1.0,0.8050000071525574
3,148632566,1702,1.0,0.8050000071525574
3,148632566,1703,1.0,0.824999988079071
3,148632566,1704,1.0,0.8349999785423279
3,148632566,1705,1.0,0.8149999976158142
3,148632566,1706,1.0,0.8050000071525574
3,148632566,1707,1.0,0.8299999833106995
3,148632566,1708,1.0,0.8149999976158142
3,148632566,1709,1.0,0.8149999976158142
3,148632566,1710,1.0,0.8100000023841858
3,148632566,1711,1.0,0.8100000023841858
3,148632566,1712,1.0,0.8199999928474426
3,148632566,1713,1.0,0.824999988079071
3,148632566,1714,1.0,0.824999988079071
3,148632566,1715,1.0,0.8149999976158142
3,148632566,1716,1.0,0.8149999976158142
3,148632566,1717,1.0,0.8050000071525574
3,148632566,1718,1.0,0.8100000023841858
3,148632566,1719,1.0,0.8349999785423279
3,148632566,1720,1.0,0.8149999976158142
3,148632566,1721,1.0,0.8199999928474426
3,148632566,1722,1.0,0.8299999833106995
3,148632566,1723,1.0,0.8399999737739563
3,148632566,1724,1.0,0.8149999976158142
3,148632566,1725,1.0,0.8199999928474426
3,148632566,1726,1.0,0.8149999976158142
3,148632566,1727,1.0,0.824999988079071
3,148632566,1728,1.0,0.8050000071525574
3,148632566,1729,1.0,0.8100000023841858
3,148632566,1730,1.0,0.8100000023841858
3,148632566,1731,1.0,0.8199999928474426
3,148632566,1732,1.0,0.8149999976158142
3,148632566,1733,1.0,0.8100000023841858
3,148632566,1734,1.0,0.8399999737739563
3,148632566,1735,1.0,0.8299999833106995
3,148632566,1736,1.0,0.8100000023841858
3,148632566,1737,1.0,0.8149999976158142
3,148632566,1738,1.0,0.8199999928474426
3,148632566,1739,1.0,0.8100000023841858
3,148632566,1740,1.0,0.824999988079071
3,148632566,1741,1.0,0.8050000071525574
3,148632566,1742,1.0,0.8149999976158142
3,148632566,1743,1.0,0.8149999976158142
3,148632566,1744,1.0,0.824999988079071
3,148632566,1745,1.0,0.8199999928474426
3,148632566,1746,1.0,0.8149999976158142
3,148632566,1747,1.0,0.8349999785423279
3,148632566,1748,1.0,0.8299999833106995
3,148632566,1749,1.0,0.8299999833106995
3,148632566,1750,1.0,0.8199999928474426
3,148632566,1751,1.0,0.8149999976158142
3,148632566,1752,1.0,0.824999988079071
3,148632566,1753,1.0,0.824999988079071
3,148632566,1754,1.0,0.8299999833106995
3,148632566,1755,1.0,0.8199999928474426
3,148632566,1756,1.0,0.8299999833106995
3,148632566,1757,1.0,0.8100000023841858
3,148632566,1758,1.0,0.824999988079071
3,148632566,1759,1.0,0.824999988079071
3,148632566,1760,1.0,0.8299999833106995
3,148632566,1761,1.0,0.8299999833106995
3,148632566,1762,1.0,0.8399999737739563
3,148632566,1763,1.0,0.824999988079071
3,148632566,1764,1.0,0.824999988079071
3,148632566,1765,1.0,0.8100000023841858
3,148632566,1766,1.0,0.8149999976158142
3,148632566,1767,1.0,0.824999988079071
3,148632566,1768,1.0,0.8499999642372131
3,148632566,1769,1.0,0.8449999690055847
3,148632566,1770,1.0,0.8449999690055847
3,148632566,1771,1.0,0.8100000023841858
3,148632566,1772,1.0,0.8299999833106995
3,148632566,1773,1.0,0.824999988079071
3,148632566,1774,1.0,0.8349999785423279
3,148632566,1775,1.0,0.8299999833106995
3,148632566,1776,1.0,0.8449999690055847
3,148632566,1777,1.0,0.8199999928474426
3,148632566,1778,1.0,0.8199999928474426
3,148632566,1779,1.0,0.8149999976158142
3,148632566,1780,1.0,0.8100000023841858
3,148632566,1781,1.0,0.8149999976158142
3,148632566,1782,1.0,0.8299999833106995
3,148632566,1783,1.0,0.8299999833106995
3,148632566,1784,1.0,0.8399999737739563
3,148632566,1785,1.0,0.8299999833106995
3,148632566,1786,1.0,0.8199999928474426
3,148632566,1787,1.0,0.8199999928474426
3,148632566,1788,1.0,0.8449999690055847
3,148632566,1789,1.0,0.8449999690055847
3,148632566,1790,1.0,0.8449999690055847
3,148632566,1791,1.0,0.8199999928474426
3,148632566,1792,1.0,0.8199999928474426
3,148632566,1793,1.0,0.824999988079071
3,148632566,1794,1.0,0.8449999690055847
3,148632566,1795,1.0,0.8549999594688416
3,148632566,1796,1.0,0.8399999737739563
3,148632566,1797,1.0,0.8349999785423279
3,148632566,1798,1.0,0.8299999833106995
3,148632566,1799,1.0,0.824999988079071
3,148632566,1800,1.0,0.8399999737739563
3,148632566,1801,1.0,0.8399999737739563
3,148632566,1802,1.0,0.8499999642372131
3,148632566,1803,1.0,0.8499999642372131
3,148632566,1804,1.0,0.824999988079071
3,148632566,1805,1.0,0.8149999976158142
3,148632566,1806,1.0,0.8199999928474426
3,148632566,1807,1.0,0.8349999785423279
3,148632566,1808,1.0,0.8449999690055847
3,148632566,1809,1.0,0.8650000095367432
3,148632566,1810,1.0,0.8499999642372131
3,148632566,1811,1.0,0.8449999690055847
3,148632566,1812,1.0,0.8499999642372131
3,148632566,1813,1.0,0.8399999737739563
3,148632566,1814,1.0,0.8449999690055847
3,148632566,1815,1.0,0.8349999785423279
3,148632566,1816,1.0,0.8449999690055847
3,148632566,1817,1.0,0.85999995470047
3,148632566,1818,1.0,0.8700000047683716
3,148632566,1819,1.0,0.8499999642372131
3,148632566,1820,1.0,0.8650000095367432
3,148632566,1821,1.0,0.8549999594688416
3,148632566,1822,1.0,0.8449999690055847
3,148632566,1823,1.0,0.8349999785423279
3,148632566,1824,1.0,0.8399999737739563
3,148632566,1825,1.0,0.8399999737739563
3,148632566,1826,1.0,0.8449999690055847
3,148632566,1827,1.0,0.8499999642372131
3,148632566,1828,1.0,0.8650000095367432
3,148632566,1829,1.0,0.8199999928474426
3,148632566,1830,1.0,0.8399999737739563
3,148632566,1831,1.0,0.8499999642372131
3,148632566,1832,1.0,0.8349999785423279
3,148632566,1833,1.0,0.8299999833106995
3,148632566,1834,1.0,0.8549999594688416
3,148632566,1835,1.0,0.8449999690055847
3,148632566,1836,1.0,0.8700000047683716
3,148632566,1837,1.0,0.85999995470047
3,148632566,1838,1.0,0.85999995470047
3,148632566,1839,1.0,0.8499999642372131
3,148632566,1840,1.0,0.8449999690055847
3,148632566,1841,1.0,0.85999995470047
3,148632566,1842,1.0,0.8549999594688416
3,148632566,1843,1.0,0.8499999642372131
3,148632566,1844,1.0,0.8499999642372131
3,148632566,1845,1.0,0.8549999594688416
3,148632566,1846,1.0,0.8499999642372131
3,148632566,1847,1.0,0.8499999642372131
3,148632566,1848,1.0,0.8499999642372131
3,148632566,1849,1.0,0.8499999642372131
3,148632566,1850,1.0,0.8549999594688416
3,148632566,1851,1.0,0.8849999904632568
3,148632566,1852,1.0,0.8799999952316284
3,148632566,1853,1.0,0.8799999952316284
3,148632566,1854,1.0,0.85999995470047
3,148632566,1855,1.0,0.8549999594688416
3,148632566,1856,1.0,0.8799999952316284
3,148632566,1857,1.0,0.8799999952316284
3,148632566,1858,1.0,0.8449999690055847
3,148632566,1859,1.0,0.8650000095367432
3,148632566,1860,1.0,0.875
3,148632566,1861,1.0,0.85999995470047
3,148632566,1862,1.0,0.8700000047683716
3,148632566,1863,1.0,0.875
3,148632566,1864,1.0,0.8899999856948853
3,148632566,1865,1.0,0.8700000047683716
3,148632566,1866,1.0,0.85999995470047
3,148632566,1867,1.0,0.8499999642372131
3,148632566,1868,1.0,0.8700000047683716
3,148632566,1869,1.0,0.8799999952316284
3,148632566,1870,1.0,0.8799999952316284
3,148632566,1871,1.0,0.875
3,148632566,1872,1.0,0.85999995470047
3,148632566,1873,1.0,0.8449999690055847
3,148632566,1874,1.0,0.85999995470047
3,148632566,1875,1.0,0.875
3,148632566,1876,1.0,0.8799999952316284
3,148632566,1877,1.0,0.8899999856948853
3,148632566,1878,1.0,0.8899999856948853
3,148632566,1879,1.0,0.8799999952316284
3,148632566,1880,1.0,0.8849999904632568
3,148632566,1881,1.0,0.8949999809265137
3,148632566,1882,1.0,0.8650000095367432
3,148632566,1883,1.0,0.8899999856948853
3,148632566,1884,1.0,0.8899999856948853
3,148632566,1885,1.0,0.8700000047683716
3,148632566,1886,1.0,0.8899999856948853
3,148632566,1887,1.0,0.8650000095367432
3,148632566,1888,1.0,0.8899999856948853
3,148632566,1889,1.0,0.9099999666213989
3,148632566,1890,1.0,0.9149999618530273
3,148632566,1891,1.0,0.9099999666213989
3,148632566,1892,1.0,0.9099999666213989
3,148632566,1893,1.0,0.8949999809265137
3,148632566,1894,1.0,0.8899999856948853
3,148632566,1895,1.0,0.8799999952316284
3,148632566,1896,1.0,0.9049999713897705
3,148632566,1897,1.0,0.8799999952316284
3,148632566,1898,1.0,0.8949999809265137
3,148632566,1899,1.0,0.8999999761581421
3,148632566,1900,1.0,0.9049999713897705
3,148632566,1901,1.0,0.9149999618530273
3,148632566,1902,1.0,0.8899999856948853
3,148632566,1903,1.0,0.9049999713897705
3,148632566,1904,1.0,0.9149999618530273
3,148632566,1905,1.0,0.9099999666213989
3,148632566,1906,1.0,0.8999999761581421
3,148632566,1907,1.0,0.8849999904632568
3,148632566,1908,1.0,0.8799999952316284
3,148632566,1909,1.0,0.8899999856948853
3,148632566,1910,1.0,0.8899999856948853
3,148632566,1911,1.0,0.8899999856948853
3,148632566,1912,1.0,0.9149999618530273
3,148632566,1913,1.0,0.9049999713897705
3,148632566,1914,1.0,0.9049999713897705
3,148632566,1915,1.0,0.8849999904632568
3,148632566,1916,1.0,0.8999999761581421
3,148632566,1917,1.0,0.8949999809265137
3,148632566,1918,1.0,0.9099999666213989
3,148632566,1919,1.0,0.9049999713897705
3,148632566,1920,1.0,0.9049999713897705
3,148632566,1921,1.0,0.9049999713897705
3,148632566,1922,1.0,0.9099999666213989
3,148632566,1923,1.0,0.9149999618530273
3,148632566,1924,1.0,0.9149999618530273
3,148632566,1925,1.0,0.9149999618530273
3,148632566,1926,1.0,0.9149999618530273
3,148632566,1927,1.0,0.9049999713897705
3,148632566,1928,1.0,0.8899999856948853
3,148632566,1929,1.0,0.9049999713897705
3,148632566,1930,1.0,0.8999999761581421
3,148632566,1931,1.0,0.8899999856948853
3,148632566,1932,1.0,0.8799999952316284
3,148632566,1933,1.0,0.8999999761581421
3,148632566,1934,1.0,0.8949999809265137
3,148632566,1935,1.0,0.8949999809265137
3,148632566,1936,1.0,0.9099999666213989
3,148632566,1937,1.0,0.9149999618530273
3,148632566,1938,1.0,0.9149999618530273
3,148632566,1939,1.0,0.9049999713897705
3,148632566,1940,1.0,0.8999999761581421
3,148632566,1941,1.0,0.8999999761581421
3,148632566,1942,1.0,0.8949999809265137
3,148632566,1943,1.0,0.9149999618530273
3,148632566,1944,1.0,0.9249999523162842
3,148632566,1945,1.0,0.9149999618530273
3,148632566,1946,1.0,0.9149999618530273
3,148632566,1947,1.0,0.9149999618530273
3,148632566,1948,1.0,0.9099999666213989
3,148632566,1949,1.0,0.9149999618530273
3,148632566,1950,1.0,0.8999999761581421
3,148632566,1951,1.0,0.9049999713897705
3,148632566,1952,1.0,0.9099999666213989
3,148632566,1953,1.0,0.9099999666213989
3,148632566,1954,1.0,0.9199999570846558
3,148632566,1955,1.0,0.9099999666213989
3,148632566,1956,1.0,0.9049999713897705
3,148632566,1957,1.0,0.9149999618530273
3,148632566,1958,1.0,0.9099999666213989
3,148632566,1959,1.0,0.9049999713897705
3,148632566,1960,1.0,0.8999999761581421
3,148632566,1961,1.0,0.9049999713897705
3,148632566,1962,1.0,0.9049999713897705
3,148632566,1963,1.0,0.9099999666213989
3,148632566,1964,1.0,0.9149999618530273
3,148632566,1965,1.0,0.9249999523162842
3,148632566,1966,1.0,0.9199999570846558
3,148632566,1967,1.0,0.9099999666213989
3,148632566,1968,1.0,0.9149999618530273
3,148632566,1969,1.0,0.9049999713897705
3,148632566,1970,1.0,0.9149999618530273
3,148632566,1971,1.0,0.8999999761581421
3,148632566,1972,1.0,0.9199999570846558
3,148632566,1973,1.0,0.9199999570846558
3,148632566,1974,1.0,0.9149999618530273
3,148632566,1975,1.0,0.9149999618530273
3,148632566,1976,1.0,0.9149999618530273
3,148632566,1977,1.0,0.9149999618530273
3,148632566,1978,1.0,0.9099999666213989
3,148632566,1979,1.0,0.9149999618530273
3,148632566,1980,1.0,0.9199999570846558
3,148632566,1981,1.0,0.9199999570846558
3,148632566,1982,1.0,0.9199999570846558
3,148632566,1983,1.0,0.9099999666213989
3,148632566,1984,1.0,0.9099999666213989
3,148632566,1985,1.0,0.9249999523162842
3,148632566,1986,1.0,0.9099999666213989
3,148632566,1987,1.0,0.9099999666213989
3,148632566,1988,1.0,0.8999999761581421
3,148632566,1989,1.0,0.9099999666213989
3,148632566,1990,1.0,0.9099999666213989
3,148632566,1991,1.0,0.9199999570846558
3,148632566,1992,1.0,0.9249999523162842
3,148632566,1993,1.0,0.9300000071525574
3,148632566,1994,1.0,0.9249999523162842
3,148632566,1995,1.0,0.9249999523162842
3,148632566,1996,1.0,0.9149999618530273
3,148632566,1997,1.0,0.9199999570846558
3,148632566,1998,1.0,0.9099999666213989
3,148632566,1999,1.0,0.9149999618530273
3,148632566,2000,1.0,0.9249999523162842
3,148632566,2001,1.0,0.9099999666213989
3,148632566,2002,1.0,0.9099999666213989
3,148632566,2003,1.0,0.9149999618530273
3,148632566,2004,1.0,0.9199999570846558
3,148632566,2005,1.0,0.9199999570846558
3,148632566,2006,1.0,0.9199999570846558
3,148632566,2007,1.0,0.9300000071525574
3,148632566,2008,1.0,0.9099999666213989
3,148632566,2009,1.0,0.9099999666213989
3,148632566,2010,1.0,0.9099999666213989
3,148632566,2011,1.0,0.9099999666213989
3,148632566,2012,1.0,0.9199999570846558
3,148632566,2013,1.0,0.9249999523162842
3,148632566,2014,1.0,0.9199999570846558
3,148632566,2015,1.0,0.9350000023841858
3,148632566,2016,1.0,0.9300000071525574
3,148632566,2017,1.0,0.9300000071525574
3,148632566,2018,1.0,0.9149999618530273
3,148632566,2019,1.0,0.9049999713897705
3,148632566,2020,1.0,0.9049999713897705
3,148632566,2021,1.0,0.9199999570846558
3,148632566,2022,1.0,0.9249999523162842
3,148632566,2023,1.0,0.9149999618530273
3,148632566,2024,1.0,0.9099999666213989
3,148632566,2025,1.0,0.9249999523162842
3,148632566,2026,1.0,0.9249999523162842
3,148632566,2027,1.0,0.9199999570846558
3,148632566,2028,1.0,0.9149999618530273
3,148632566,2029,1.0,0.9249999523162842
3,148632566,2030,1.0,0.9249999523162842
3,148632566,2031,1.0,0.9249999523162842
3,148632566,2032,1.0,0.9249999523162842
3,148632566,2033,1.0,0.9199999570846558
3,148632566,2034,1.0,0.9249999523162842
3,148632566,2035,1.0,0.9249999523162842
3,148632566,2036,1.0,0.9149999618530273
3,148632566,2037,1.0,0.9300000071525574
3,148632566,2038,1.0,0.9249999523162842
3,148632566,2039,1.0,0.9149999618530273
3,148632566,2040,1.0,0.9199999570846558
3,148632566,2041,1.0,0.9149999618530273
3,148632566,2042,1.0,0.9249999523162842
3,148632566,2043,1.0,0.9149999618530273
3,148632566,2044,1.0,0.9199999570846558
3,148632566,2045,1.0,0.9300000071525574
3,148632566,2046,1.0,0.9249999523162842
3,148632566,2047,1.0,0.9300000071525574
3,148632566,2048,1.0,0.9199999570846558
3,148632566,2049,1.0,0.9049999713897705
3,148632566,2050,1.0,0.9149999618530273
3,148632566,2051,1.0,0.9199999570846558
3,148632566,2052,1.0,0.9149999618530273
3,148632566,2053,1.0,0.9149999618530273
3,148632566,2054,1.0,0.9149999618530273
3,148632566,2055,1.0,0.9149999618530273
3,148632566,2056,1.0,0.9249999523162842
3,148632566,2057,1.0,0.9249999523162842
3,148632566,2058,1.0,0.9300000071525574
3,148632566,2059,1.0,0.9350000023841858
3,148632566,2060,1.0,0.9249999523162842
3,148632566,2061,1.0,0.9199999570846558
3,148632566,2062,1.0,0.9199999570846558
3,148632566,2063,1.0,0.9149999618530273
3,148632566,2064,1.0,0.9149999618530273
3,148632566,2065,1.0,0.9249999523162842
3,148632566,2066,1.0,0.9249999523162842
3,148632566,2067,1.0,0.9249999523162842
3,148632566,2068,1.0,0.9199999570846558
3,148632566,2069,1.0,0.9149999618530273
3,148632566,2070,1.0,0.9149999618530273
3,148632566,2071,1.0,0.9249999523162842
3,148632566,2072,1.0,0.9149999618530273
3,148632566,2073,1.0,0.9149999618530273
3,148632566,2074,1.0,0.9199999570846558
3,148632566,2075,1.0,0.9300000071525574
3,148632566,2076,1.0,0.9199999570846558
3,148632566,2077,1.0,0.9350000023841858
3,148632566,2078,1.0,0.9300000071525574
3,148632566,2079,1.0,0.9300000071525574
3,148632566,2080,1.0,0.9249999523162842
3,148632566,2081,1.0,0.9300000071525574
3,148632566,2082,1.0,0.9300000071525574
3,148632566,2083,1.0,0.9249999523162842
3,148632566,2084,1.0,0.9300000071525574
3,148632566,2085,1.0,0.9199999570846558
3,148632566,2086,1.0,0.9199999570846558
3,148632566,2087,1.0,0.9249999523162842
3,148632566,2088,1.0,0.9249999523162842
3,148632566,2089,1.0,0.9300000071525574
3,148632566,2090,1.0,0.9300000071525574
3,148632566,2091,1.0,0.9199999570846558
3,148632566,2092,1.0,0.9249999523162842
3,148632566,2093,1.0,0.9350000023841858
3,148632566,2094,1.0,0.9249999523162842
3,148632566,2095,1.0,0.9249999523162842
3,148632566,2096,1.0,0.9350000023841858
3,148632566,2097,1.0,0.9399999976158142
3,148632566,2098,1.0,0.949999988079071
3,148632566,2099,1.0,0.9249999523162842
3,148632566,2100,1.0,0.9149999618530273
3,148632566,2101,1.0,0.9300000071525574
3,148632566,2102,1.0,0.9350000023841858
3,148632566,2103,1.0,0.9350000023841858
3,148632566,2104,1.0,0.9350000023841858
3,148632566,2105,1.0,0.9350000023841858
3,148632566,2106,1.0,0.9449999928474426
3,148632566,2107,1.0,0.9449999928474426
3,148632566,2108,1.0,0.9350000023841858
3,148632566,2109,1.0,0.9350000023841858
3,148632566,2110,1.0,0.9350000023841858
3,148632566,2111,1.0,0.9350000023841858
3,148632566,2112,1.0,0.9399999976158142
3,148632566,2113,1.0,0.9399999976158142
3,148632566,2114,1.0,0.9549999833106995
3,148632566,2115,1.0,0.9449999928474426
3,148632566,2116,1.0,0.949999988079071
3,148632566,2117,1.0,0.9449999928474426
3,148632566,2118,1.0,0.9350000023841858
3,148632566,2119,1.0,0.9350000023841858
3,148632566,2120,1.0,0.9399999976158142
3,148632566,2121,1.0,0.9350000023841858
3,148632566,2122,1.0,0.9300000071525574
3,148632566,2123,1.0,0.9249999523162842
3,148632566,2124,1.0,0.9300000071525574
3,148632566,2125,1.0,0.9249999523162842
3,148632566,2126,1.0,0.9399999976158142
3,148632566,2127,1.0,0.9449999928474426
3,148632566,2128,1.0,0.9350000023841858
3,148632566,2129,1.0,0.9399999976158142
3,148632566,2130,1.0,0.9399999976158142
3,148632566,2131,1.0,0.9449999928474426
3,148632566,2132,1.0,0.9399999976158142
3,148632566,2133,1.0,0.9449999928474426
3,148632566,2134,1.0,0.9549999833106995
3,148632566,2135,1.0,0.9449999928474426
3,148632566,2136,1.0,0.9449999928474426
3,148632566,2137,1.0,0.9599999785423279
3,148632566,2138,1.0,0.9350000023841858
3,148632566,2139,1.0,0.9399999976158142
3,148632566,2140,1.0,0.9399999976158142
3,148632566,2141,1.0,0.949999988079071
3,148632566,2142,1.0,0.9449999928474426
3,148632566,2143,1.0,0.9449999928474426
3,148632566,2144,1.0,0.9449999928474426
3,148632566,2145,1.0,0.949999988079071
3,148632566,2146,1.0,0.9449999928474426
3,148632566,2147,1.0,0.949999988079071
3,148632566,2148,1.0,0.9399999976158142
3,148632566,2149,1.0,0.9549999833106995
3,148632566,2150,1.0,0.9399999976158142
3,148632566,2151,1.0,0.9549999833106995
3,148632566,2152,1.0,0.9449999928474426
3,148632566,2153,1.0,0.949999988079071
3,148632566,2154,1.0,0.9599999785423279
3,148632566,2155,1.0,0.9549999833106995
3,148632566,2156,1.0,0.9549999833106995
3,148632566,2157,1.0,0.9599999785423279
3,148632566,2158,1.0,0.9549999833106995
3,148632566,2159,1.0,0.9549999833106995
3,148632566,2160,1.0,0.9549999833106995
3,148632566,2161,1.0,0.9549999833106995
3,148632566,2162,1.0,0.9549999833106995
3,148632566,2163,1.0,0.949999988079071
3,148632566,2164,1.0,0.9649999737739563
3,148632566,2165,1.0,0.9599999785423279
3,148632566,2166,1.0,0.949999988079071
3,148632566,2167,1.0,0.9649999737739563
3,148632566,2168,1.0,0.9599999785423279
3,148632566,2169,1.0,0.9549999833106995
3,148632566,2170,1.0,0.9449999928474426
3,148632566,2171,1.0,0.9549999833106995
3,148632566,2172,1.0,0.9549999833106995
3,148632566,2173,1.0,0.9599999785423279
3,148632566,2174,1.0,0.9649999737739563
3,148632566,2175,1.0,0.9649999737739563
3,148632566,2176,1.0,0.9649999737739563
3,148632566,2177,1.0,0.9549999833106995
3,148632566,2178,1.0,0.9599999785423279
3,148632566,2179,1.0,0.9599999785423279
3,148632566,2180,1.0,0.9649999737739563
3,148632566,2181,1.0,0.9599999785423279
3,148632566,2182,1.0,0.9599999785423279
3,148632566,2183,1.0,0.9549999833106995
3,148632566,2184,1.0,0.9599999785423279
3,148632566,2185,1.0,0.9649999737739563
3,148632566,2186,1.0,0.9649999737739563
3,148632566,2187,1.0,0.9599999785423279
3,148632566,2188,1.0,0.9649999737739563
3,148632566,2189,1.0,0.9649999737739563
3,148632566,2190,1.0,0.9649999737739563
3,148632566,2191,1.0,0.9699999690055847
3,148632566,2192,1.0,0.9649999737739563
3,148632566,2193,1.0,0.9649999737739563
3,148632566,2194,1.0,0.9549999833106995
3,148632566,2195,1.0,0.9599999785423279
3,148632566,2196,1.0,0.9649999737739563
3,148632566,2197,1.0,0.9649999737739563
3,148632566,2198,1.0,0.9649999737739563
3,148632566,2199,1.0,0.9649999737739563
3,148632566,2200,1.0,0.9699999690055847
3,148632566,2201,1.0,0.9699999690055847
3,148632566,2202,1.0,0.9699999690055847
3,148632566,2203,1.0,0.9649999737739563
3,148632566,2204,1.0,0.9699999690055847
3,148632566,2205,1.0,0.9699999690055847
3,148632566,2206,1.0,0.9649999737739563
3,148632566,2207,1.0,0.9649999737739563
3,148632566,2208,1.0,0.9699999690055847
3,148632566,2209,1.0,0.9649999737739563
3,148632566,2210,1.0,0.9649999737739563
3,148632566,2211,1.0,0.9699999690055847
3,148632566,2212,1.0,0.9599999785423279
3,148632566,2213,1.0,0.9599999785423279
3,148632566,2214,1.0,0.9649999737739563
3,148632566,2215,1.0,0.9699999690055847
3,148632566,2216,1.0,0.9699999690055847
3,148632566,2217,1.0,0.9699999690055847
3,148632566,2218,1.0,0.9649999737739563
3,148632566,2219,1.0,0.9649999737739563
3,148632566,2220,1.0,0.9699999690055847
3,148632566,2221,1.0,0.9699999690055847
3,148632566,2222,1.0,0.9649999737739563
3,148632566,2223,1.0,0.9749999642372131
3,148632566,2224,1.0,0.9649999737739563
3,148632566,2225,1.0,0.9699999690055847
3,148632566,2226,1.0,0.9699999690055847
3,148632566,2227,1.0,0.9699999690055847
3,148632566,2228,1.0,0.9699999690055847
3,148632566,2229,1.0,0.9649999737739563
3,148632566,2230,1.0,0.9699999690055847
3,148632566,2231,1.0,0.9699999690055847
3,148632566,2232,1.0,0.9699999690055847
3,148632566,2233,1.0,0.9699999690055847
3,148632566,2234,1.0,0.9699999690055847
3,148632566,2235,1.0,0.9699999690055847
3,148632566,2236,1.0,0.9699999690055847
3,148632566,2237,1.0,0.9699999690055847
3,148632566,2238,1.0,0.9749999642372131
3,148632566,2239,1.0,0.9749999642372131
3,148632566,2240,1.0,0.9649999737739563
3,148632566,2241,1.0,0.9699999690055847
3,148632566,2242,1.0,0.9699999690055847
3,148632566,2243,1.0,0.9699999690055847
3,148632566,2244,1.0,0.9699999690055847
3,148632566,2245,1.0,0.9699999690055847
3,148632566,2246,1.0,0.9699999690055847
3,148632566,2247,1.0,0.9699999690055847
3,148632566,2248,1.0,0.9749999642372131
3,148632566,2249,1.0,0.9699999690055847
3,148632566,2250,1.0,0.9749999642372131
3,148632566,2251,1.0,0.9749999642372131
3,148632566,2252,1.0,0.9699999690055847
3,148632566,2253,1.0,0.9699999690055847
3,148632566,2254,1.0,0.9699999690055847
3,148632566,2255,1.0,0.9699999690055847
3,148632566,2256,1.0,0.9699999690055847
3,148632566,2257,1.0,0.9749999642372131
3,148632566,2258,1.0,0.9749999642372131
3,148632566,2259,1.0,0.9749999642372131
3,148632566,2260,1.0,0.9749999642372131
3,148632566,2261,1.0,0.9749999642372131
3,148632566,2262,1.0,0.9699999690055847
3,148632566,2263,1.0,0.9699999690055847
3,148632566,2264,1.0,0.9749999642372131
3,148632566,2265,1.0,0.9699999690055847
3,148632566,2266,1.0,0.9749999642372131
3,148632566,2267,1.0,0.9749999642372131
3,148632566,2268,1.0,0.9749999642372131
3,148632566,2269,1.0,0.9749999642372131
3,148632566,2270,1.0,0.9749999642372131
3,148632566,2271,1.0,0.9749999642372131
3,148632566,2272,1.0,0.9699999690055847
3,148632566,2273,1.0,0.9699999690055847
3,148632566,2274,1.0,0.9749999642372131
3,148632566,2275,1.0,0.9749999642372131
3,148632566,2276,1.0,0.9749999642372131
3,148632566,2277,1.0,0.9749999642372131
3,148632566,2278,1.0,0.9749999642372131
3,148632566,2279,1.0,0.9749999642372131
3,148632566,2280,1.0,0.9699999690055847
3,148632566,2281,1.0,0.9749999642372131
3,148632566,2282,1.0,0.9749999642372131
3,148632566,2283,1.0,0.9749999642372131
3,148632566,2284,1.0,0.9699999690055847
3,148632566,2285,1.0,0.9749999642372131
3,148632566,2286,1.0,0.9749999642372131
3,148632566,2287,1.0,0.9749999642372131
3,148632566,2288,1.0,0.9749999642372131
3,148632566,2289,1.0,0.9749999642372131
3,148632566,2290,1.0,0.9749999642372131
3,148632566,2291,1.0,0.9749999642372131
3,148632566,2292,1.0,0.9799999594688416
3,148632566,2293,1.0,0.9749999642372131
3,148632566,2294,1.0,0.9749999642372131
3,148632566,2295,1.0,0.9749999642372131
3,148632566,2296,1.0,0.9749999642372131
3,148632566,2297,1.0,0.9749999642372131
3,148632566,2298,1.0,0.9749999642372131
3,148632566,2299,1.0,0.9749999642372131
3,148632566,2300,1.0,0.9749999642372131
3,148632566,2301,1.0,0.9749999642372131
3,148632566,2302,1.0,0.9749999642372131
3,148632566,2303,1.0,0.9749999642372131
3,148632566,2304,1.0,0.9749999642372131
3,148632566,2305,1.0,0.9749999642372131
3,148632566,2306,1.0,0.9749999642372131
3,148632566,2307,1.0,0.9749999642372131
3,148632566,2308,1.0,0.9749999642372131
3,148632566,2309,1.0,0.9749999642372131
3,148632566,2310,1.0,0.9749999642372131
3,148632566,2311,1.0,0.9749999642372131
3,148632566,2312,1.0,0.9749999642372131
3,148632566,2313,1.0,0.9749999642372131
3,148632566,2314,1.0,0.9749999642372131
3,148632566,2315,1.0,0.9749999642372131
3,148632566,2316,1.0,0.9749999642372131
3,148632566,2317,1.0,0.9749999642372131
3,148632566,2318,1.0,0.9749999642372131
3,148632566,2319,1.0,0.9749999642372131
3,148632566,2320,1.0,0.9749999642372131
3,148632566,2321,1.0,0.9749999642372131
3,148632566,2322,1.0,0.9799999594688416
3,148632566,2323,1.0,0.9749999642372131
3,148632566,2324,1.0,0.9749999642372131
3,148632566,2325,1.0,0.9749999642372131
3,148632566,2326,1.0,0.9749999642372131
3,148632566,2327,1.0,0.9749999642372131
3,148632566,2328,1.0,0.9749999642372131
3,148632566,2329,1.0,0.9749999642372131
3,148632566,2330,1.0,0.9749999642372131
3,148632566,2331,1.0,0.9749999642372131
3,148632566,2332,1.0,0.9749999642372131
3,148632566,2333,1.0,0.9749999642372131
3,148632566,2334,1.0,0.9799999594688416
3,148632566,2335,1.0,0.9799999594688416
3,148632566,2336,1.0,0.9799999594688416
3,148632566,2337,1.0,0.9799999594688416
3,148632566,2338,1.0,0.9799999594688416
3,148632566,2339,1.0,0.9799999594688416
3,148632566,2340,1.0,0.9799999594688416
3,148632566,2341,1.0,0.9749999642372131
3,148632566,2342,1.0,0.9749999642372131
3,148632566,2343,1.0,0.9749999642372131
3,148632566,2344,1.0,0.9749999642372131
3,148632566,2345,1.0,0.9749999642372131
3,148632566,2346,1.0,0.9749999642372131
3,148632566,2347,1.0,0.9749999642372131
3,148632566,2348,1.0,0.9799999594688416
3,148632566,2349,1.0,0.9749999642372131
3,148632566,2350,1.0,0.9749999642372131
3,148632566,2351,1.0,0.9749999642372131
3,148632566,2352,1.0,0.9799999594688416
3,148632566,2353,1.0,0.9799999594688416
3,148632566,2354,1.0,0.9799999594688416
3,148632566,2355,1.0,0.9799999594688416
3,148632566,2356,1.0,0.9799999594688416
3,148632566,2357,1.0,0.9799999594688416
3,148632566,2358,1.0,0.9799999594688416
3,148632566,2359,1.0,0.9749999642372131
3,148632566,2360,1.0,0.9749999642372131
3,148632566,2361,1.0,0.9749999642372131
3,148632566,2362,1.0,0.9799999594688416
3,148632566,2363,1.0,0.9799999594688416
3,148632566,2364,1.0,0.9749999642372131
3,148632566,2365,1.0,0.9799999594688416
3,148632566,2366,1.0,0.9799999594688416
3,148632566,2367,1.0,0.9799999594688416
3,148632566,2368,1.0,0.9799999594688416
3,148632566,2369,1.0,0.9749999642372131
3,148632566,2370,1.0,0.9749999642372131
3,148632566,2371,1.0,0.9799999594688416
3,148632566,2372,1.0,0.9799999594688416
3,148632566,2373,1.0,0.9749999642372131
3,148632566,2374,1.0,0.9749999642372131
3,148632566,2375,1.0,0.9799999594688416
3,148632566,2376,1.0,0.9799999594688416
3,148632566,2377,1.0,0.9799999594688416
3,148632566,2378,1.0,0.9799999594688416
3,148632566,2379,1.0,0.9799999594688416
3,148632566,2380,1.0,0.9799999594688416
3,148632566,2381,1.0,0.9799999594688416
3,148632566,2382,1.0,0.9799999594688416
3,148632566,2383,1.0,0.9799999594688416
3,148632566,2384,1.0,0.9799999594688416
3,148632566,2385,1.0,0.9799999594688416
3,148632566,2386,1.0,0.9799999594688416
3,148632566,2387,1.0,0.9799999594688416
3,148632566,2388,1.0,0.9799999594688416
3,148632566,2389,1.0,0.9749999642372131
3,148632566,2390,1.0,0.9749999642372131
3,148632566,2391,1.0,0.9749999642372131
3,148632566,2392,1.0,0.9799999594688416
3,148632566,2393,1.0,0.9799999594688416
3,148632566,2394,1.0,0.9799999594688416
3,148632566,2395,1.0,0.9799999594688416
3,148632566,2396,1.0,0.9799999594688416
3,148632566,2397,1.0,0.9799999594688416
3,148632566,2398,1.0,0.9799999594688416
3,148632566,2399,1.0,0.9749999642372131
3,148632566,2400,1.0,0.9749999642372131
3,148632566,2401,1.0,0.9799999594688416
3,148632566,2402,1.0,0.9899999499320984
3,148632566,2403,1.0,0.98499995470047
3,148632566,2404,1.0,0.9799999594688416
3,148632566,2405,1.0,0.98499995470047
3,148632566,2406,1.0,0.98499995470047
3,148632566,2407,1.0,0.9799999594688416
3,148632566,2408,1.0,0.98499995470047
3,148632566,2409,1.0,0.9799999594688416
3,148632566,2410,1.0,0.9749999642372131
3,148632566,2411,1.0,0.9749999642372131
3,148632566,2412,1.0,0.9749999642372131
3,148632566,2413,1.0,0.9899999499320984
3,148632566,2414,1.0,0.98499995470047
3,148632566,2415,1.0,0.9799999594688416
3,148632566,2416,1.0,0.9799999594688416
3,148632566,2417,1.0,0.9899999499320984
3,148632566,2418,1.0,0.9899999499320984
3,148632566,2419,1.0,0.9899999499320984
3,148632566,2420,1.0,0.9899999499320984
3,148632566,2421,1.0,0.98499995470047
3,148632566,2422,1.0,0.98499995470047
3,148632566,2423,1.0,0.9899999499320984
3,148632566,2424,1.0,0.98499995470047
3,148632566,2425,1.0,0.98499995470047
3,148632566,2426,1.0,0.9799999594688416
3,148632566,2427,1.0,0.9799999594688416
3,148632566,2428,1.0,0.98499995470047
3,148632566,2429,1.0,0.9899999499320984
3,148632566,2430,1.0,0.9899999499320984
3,148632566,2431,1.0,0.9899999499320984
3,148632566,2432,1.0,0.9899999499320984
3,148632566,2433,1.0,0.9899999499320984
3,148632566,2434,1.0,0.9899999499320984
3,148632566,2435,1.0,0.98499995470047
3,148632566,2436,1.0,0.98499995470047
3,148632566,2437,1.0,0.98499995470047
3,148632566,2438,1.0,0.9899999499320984
3,148632566,2439,1.0,0.98499995470047
3,148632566,2440,1.0,0.98499995470047
3,148632566,2441,1.0,0.98499995470047
3,148632566,2442,1.0,0.9899999499320984
3,148632566,2443,1.0,0.9899999499320984
3,148632566,2444,1.0,0.9899999499320984
3,148632566,2445,1.0,0.9899999499320984
3,148632566,2446,1.0,0.9899999499320984
3,148632566,2447,1.0,0.9899999499320984
3,148632566,2448,1.0,0.9899999499320984
3,148632566,2449,1.0,0.9899999499320984
3,148632566,2450,1.0,0.9899999499320984
3,148632566,2451,1.0,0.9899999499320984
3,148632566,2452,1.0,0.9899999499320984
3,148632566,2453,1.0,0.9899999499320984
3,148632566,2454,1.0,0.9899999499320984
3,148632566,2455,1.0,0.9899999499320984
3,148632566,2456,1.0,0.9899999499320984
3,148632566,2457,1.0,0.9899999499320984
3,148632566,2458,1.0,0.9899999499320984
3,148632566,2459,1.0,0.9899999499320984
3,148632566,2460,1.0,0.9899999499320984
3,148632566,2461,1.0,0.9899999499320984
3,148632566,2462,1.0,0.9899999499320984
3,148632566,2463,1.0,0.9899999499320984
3,148632566,2464,1.0,0.9899999499320984
3,148632566,2465,1.0,0.9899999499320984
3,148632566,2466,1.0,0.9899999499320984
3,148632566,2467,1.0,0.98499995470047
3,148632566,2468,1.0,0.98499995470047
3,148632566,2469,1.0,0.9899999499320984
3,148632566,2470,1.0,0.9899999499320984
3,148632566,2471,1.0,0.9899999499320984
3,148632566,2472,1.0,0.9899999499320984
3,148632566,2473,1.0,0.9899999499320984
3,148632566,2474,1.0,0.9899999499320984
3,148632566,2475,1.0,0.9899999499320984
3,148632566,2476,1.0,0.9899999499320984
3,148632566,2477,1.0,0.9899999499320984
3,148632566,2478,1.0,0.9899999499320984
3,148632566,2479,1.0,0.9899999499320984
3,148632566,2480,1.0,0.9899999499320984
3,148632566,2481,1.0,0.9899999499320984
3,148632566,2482,1.0,0.9899999499320984
3,148632566,2483,1.0,0.9899999499320984
3,148632566,2484,1.0,0.9899999499320984
3,148632566,2485,1.0,0.9899999499320984
3,148632566,2486,1.0,0.9899999499320984
3,148632566,2487,1.0,0.9899999499320984
3,148632566,2488,1.0,0.9899999499320984
3,148632566,2489,1.0,0.9899999499320984
3,148632566,2490,1.0,0.9899999499320984
3,148632566,2491,1.0,0.98499995470047
3,148632566,2492,1.0,0.98499995470047
3,148632566,2493,1.0,0.98499995470047
3,148632566,2494,1.0,0.98499995470047
3,148632566,2495,1.0,0.9899999499320984
3,148632566,2496,1.0,0.9899999499320984
3,148632566,2497,1.0,0.9899999499320984
3,148632566,2498,1.0,0.9899999499320984
3,148632566,2499,1.0,0.9899999499320984
3,148632566,2500,1.0,0.9899999499320984
3,148632566,2501,1.0,0.9899999499320984
3,148632566,2502,1.0,0.9899999499320984
3,148632566,2503,1.0,0.9899999499320984
3,148632566,2504,1.0,0.9899999499320984
3,148632566,2505,1.0,0.9899999499320984
3,148632566,2506,1.0,0.9899999499320984
3,148632566,2507,1.0,0.9899999499320984
3,148632566,2508,1.0,0.9899999499320984
3,148632566,2509,1.0,0.9899999499320984
3,148632566,2510,1.0,0.9899999499320984
3,148632566,2511,1.0,0.9899999499320984
3,148632566,2512,1.0,0.9899999499320984
3,148632566,2513,1.0,0.9899999499320984
3,148632566,2514,1.0,0.9899999499320984
3,148632566,2515,1.0,0.9899999499320984
3,148632566,2516,1.0,0.9899999499320984
3,148632566,2517,1.0,0.9899999499320984
3,148632566,2518,1.0,0.9899999499320984
3,148632566,2519,1.0,0.9899999499320984
3,148632566,2520,1.0,0.9899999499320984
3,148632566,2521,1.0,0.9899999499320984
3,148632566,2522,1.0,0.9899999499320984
3,148632566,2523,1.0,0.9899999499320984
3,148632566,2524,1.0,0.9899999499320984
3,148632566,2525,1.0,0.9899999499320984
3,148632566,2526,1.0,0.9899999499320984
3,148632566,2527,1.0,0.9899999499320984
3,148632566,2528,1.0,0.9899999499320984
3,148632566,2529,1.0,0.9899999499320984
3,148632566,2530,1.0,0.9899999499320984
3,148632566,2531,1.0,0.9899999499320984
3,148632566,2532,1.0,0.9899999499320984
3,148632566,2533,1.0,0.9899999499320984
3,148632566,2534,1.0,0.9899999499320984
3,148632566,2535,1.0,0.9899999499320984
3,148632566,2536,1.0,0.9899999499320984
3,148632566,2537,1.0,0.9899999499320984
3,148632566,2538,1.0,0.9899999499320984
3,148632566,2539,1.0,0.9899999499320984
3,148632566,2540,1.0,0.9899999499320984
3,148632566,2541,1.0,0.9899999499320984
3,148632566,2542,1.0,0.9899999499320984
3,148632566,2543,1.0,0.9899999499320984
3,148632566,2544,1.0,0.9899999499320984
3,148632566,2545,1.0,0.9899999499320984
3,148632566,2546,1.0,0.9899999499320984
3,148632566,2547,1.0,0.9899999499320984
3,148632566,2548,1.0,0.9899999499320984
3,148632566,2549,1.0,0.9899999499320984
3,148632566,2550,1.0,0.9899999499320984
3,148632566,2551,1.0,0.9899999499320984
3,148632566,2552,1.0,0.9899999499320984
3,148632566,2553,1.0,0.9899999499320984
3,148632566,2554,1.0,0.9899999499320984
3,148632566,2555,1.0,0.9899999499320984
3,148632566,2556,1.0,0.9899999499320984
3,148632566,2557,1.0,0.9899999499320984
3,148632566,2558,1.0,0.9899999499320984
3,148632566,2559,1.0,0.9899999499320984
3,148632566,2560,1.0,0.9899999499320984
3,148632566,2561,1.0,0.9899999499320984
3,148632566,2562,1.0,0.9899999499320984
3,148632566,2563,1.0,0.9899999499320984
3,148632566,2564,1.0,0.9899999499320984
3,148632566,2565,1.0,0.9899999499320984
3,148632566,2566,1.0,0.9899999499320984
3,148632566,2567,1.0,0.9899999499320984
3,148632566,2568,1.0,0.9899999499320984
3,148632566,2569,1.0,0.9899999499320984
3,148632566,2570,1.0,0.9899999499320984
3,148632566,2571,1.0,0.9899999499320984
3,148632566,2572,1.0,0.9899999499320984
3,148632566,2573,1.0,0.9899999499320984
3,148632566,2574,1.0,0.9899999499320984
3,148632566,2575,1.0,0.9899999499320984
3,148632566,2576,1.0,0.9899999499320984
3,148632566,2577,1.0,0.9899999499320984
3,148632566,2578,1.0,0.9899999499320984
3,148632566,2579,1.0,0.9899999499320984
3,148632566,2580,1.0,0.9899999499320984
3,148632566,2581,1.0,0.9899999499320984
3,148632566,2582,1.0,0.9899999499320984
3,148632566,2583,1.0,0.9899999499320984
3,148632566,2584,1.0,0.9899999499320984
3,148632566,2585,1.0,0.9899999499320984
3,148632566,2586,1.0,0.9899999499320984
3,148632566,2587,1.0,0.9899999499320984
3,148632566,2588,1.0,0.9899999499320984
3,148632566,2589,1.0,0.9899999499320984
3,148632566,2590,1.0,0.9899999499320984
3,148632566,2591,1.0,0.9899999499320984
3,148632566,2592,1.0,0.9899999499320984
3,148632566,2593,1.0,0.9899999499320984
3,148632566,2594,1.0,0.9899999499320984
3,148632566,2595,1.0,0.9899999499320984
3,148632566,2596,1.0,0.9899999499320984
3,148632566,2597,1.0,0.9899999499320984
3,148632566,2598,1.0,0.9899999499320984
3,148632566,2599,1.0,0.9899999499320984
3,148632566,2600,1.0,0.9899999499320984
3,148632566,2601,1.0,0.9899999499320984
3,148632566,2602,1.0,0.9899999499320984
3,148632566,2603,1.0,0.9899999499320984
3,148632566,2604,1.0,0.9899999499320984
3,148632566,2605,1.0,0.9899999499320984
3,148632566,2606,1.0,0.9899999499320984
3,148632566,2607,1.0,0.9899999499320984
3,148632566,2608,1.0,0.9899999499320984
3,148632566,2609,1.0,0.9899999499320984
3,148632566,2610,1.0,0.9899999499320984
3,148632566,2611,1.0,0.9899999499320984
3,148632566,2612,1.0,0.9899999499320984
3,148632566,2613,1.0,0.9899999499320984
3,148632566,2614,1.0,0.9899999499320984
3,148632566,2615,1.0,0.9899999499320984
3,148632566,2616,1.0,0.9899999499320984
3,148632566,2617,1.0,0.9899999499320984
3,148632566,2618,1.0,0.9899999499320984
3,148632566,2619,1.0,0.9899999499320984
3,148632566,2620,1.0,0.9899999499320984
3,148632566,2621,1.0,0.9899999499320984
3,148632566,2622,1.0,0.9899999499320984
3,148632566,2623,1.0,0.9899999499320984
3,148632566,2624,1.0,0.9899999499320984
3,148632566,2625,1.0,0.9899999499320984
3,148632566,2626,1.0,0.9899999499320984
3,148632566,2627,1.0,0.9899999499320984
3,148632566,2628,1.0,0.9899999499320984
3,148632566,2629,1.0,0.9899999499320984
3,148632566,2630,1.0,0.9899999499320984
3,148632566,2631,1.0,0.9899999499320984
3,148632566,2632,1.0,0.9899999499320984
3,148632566,2633,1.0,0.9899999499320984
3,148632566,2634,1.0,0.9899999499320984
3,148632566,2635,1.0,0.9899999499320984
3,148632566,2636,1.0,0.9899999499320984
3,148632566,2637,1.0,0.9899999499320984
3,148632566,2638,1.0,0.9899999499320984
3,148632566,2639,1.0,0.9899999499320984
3,148632566,2640,1.0,0.9899999499320984
3,148632566,2641,1.0,0.9899999499320984
3,148632566,2642,1.0,0.9899999499320984
3,148632566,2643,1.0,0.9899999499320984
3,148632566,2644,1.0,0.9899999499320984
3,148632566,2645,1.0,0.9899999499320984
3,148632566,2646,1.0,0.9899999499320984
3,148632566,2647,1.0,0.9899999499320984
3,148632566,2648,1.0,0.9899999499320984
3,148632566,2649,1.0,0.9899999499320984
3,148632566,2650,1.0,0.9899999499320984
3,148632566,2651,1.0,0.9899999499320984
3,148632566,2652,1.0,0.9899999499320984
3,148632566,2653,1.0,0.9899999499320984
3,148632566,2654,1.0,0.9899999499320984
3,148632566,2655,1.0,0.9899999499320984
3,148632566,2656,1.0,0.9899999499320984
3,148632566,2657,1.0,0.9899999499320984
3,148632566,2658,1.0,0.9899999499320984
3,148632566,2659,1.0,0.9899999499320984
3,148632566,2660,1.0,0.9899999499320984
3,148632566,2661,1.0,0.9899999499320984
3,148632566,2662,1.0,0.9899999499320984
3,148632566,2663,1.0,0.9899999499320984
3,148632566,2664,1.0,0.9899999499320984
3,148632566,2665,1.0,0.9899999499320984
3,148632566,2666,1.0,0.9899999499320984
3,148632566,2667,1.0,0.9899999499320984
3,148632566,2668,1.0,0.9899999499320984
3,148632566,2669,1.0,0.9899999499320984
3,148632566,2670,1.0,0.9899999499320984
3,148632566,2671,1.0,0.9899999499320984
3,148632566,2672,1.0,0.9899999499320984
3,148632566,2673,1.0,0.9899999499320984
3,148632566,2674,1.0,0.9899999499320984
3,148632566,2675,1.0,0.9899999499320984
3,148632566,2676,1.0,0.9899999499320984
3,148632566,2677,1.0,0.9899999499320984
3,148632566,2678,1.0,0.9899999499320984
3,148632566,2679,1.0,0.9899999499320984
3,148632566,2680,1.0,0.9899999499320984
3,148632566,2681,1.0,0.9899999499320984
3,148632566,2682,1.0,0.9899999499320984
3,148632566,2683,1.0,0.9899999499320984
3,148632566,2684,1.0,0.9899999499320984
3,148632566,2685,1.0,0.9899999499320984
3,148632566,2686,1.0,0.9899999499320984
3,148632566,2687,1.0,0.9899999499320984
3,148632566,2688,1.0,0.9950000047683716
3,148632566,2689,1.0,0.9899999499320984
3,148632566,2690,1.0,0.9899999499320984
3,148632566,2691,1.0,0.9899999499320984
3,148632566,2692,1.0,0.9899999499320984
3,148632566,2693,1.0,0.9899999499320984
3,148632566,2694,1.0,0.9950000047683716
3,148632566,2695,1.0,0.9950000047683716
3,148632566,2696,1.0,0.9899999499320984
3,148632566,2697,1.0,0.9899999499320984
3,148632566,2698,1.0,0.9899999499320984
3,148632566,2699,1.0,0.9899999499320984
3,148632566,2700,1.0,0.9899999499320984
3,148632566,2701,1.0,0.9899999499320984
3,148632566,2702,1.0,0.9950000047683716
3,148632566,2703,1.0,0.9899999499320984
3,148632566,2704,1.0,1.0
3,148632566,2705,1.0,1.0
3,148632566,2706,1.0,1.0
3,148632566,2707,1.0,1.0
3,148632566,2708,1.0,0.9899999499320984
3,148632566,2709,1.0,0.9950000047683716
3,148632566,2710,1.0,0.9899999499320984
3,148632566,2711,1.0,0.9899999499320984
3,148632566,2712,1.0,0.9950000047683716
3,148632566,2713,1.0,0.9899999499320984
3,148632566,2714,1.0,1.0
3,148632566,2715,1.0,1.0
3,148632566,2716,1.0,0.9950000047683716
3,148632566,2717,1.0,0.9950000047683716
3,148632566,2718,1.0,0.9950000047683716
3,148632566,2719,1.0,1.0
3,148632566,2720,1.0,1.0
3,148632566,2721,1.0,0.9950000047683716
3,148632566,2722,1.0,0.9950000047683716
3,148632566,2723,1.0,1.0
3,148632566,2724,1.0,1.0
3,148632566,2725,1.0,1.0
3,148632566,2726,1.0,1.0
3,148632566,2727,1.0,1.0
3,148632566,2728,1.0,1.0
3,148632566,2729,1.0,1.0
3,148632566,2730,1.0,1.0
3,148632566,2731,1.0,0.9950000047683716
3,148632566,2732,1.0,1.0
3,148632566,2733,1.0,1.0
3,148632566,2734,1.0,1.0
3,148632566,2735,1.0,1.0
3,148632566,2736,1.0,1.0
3,148632566,2737,1.0,1.0
3,148632566,2738,1.0,1.0
3,148632566,2739,1.0,1.0
3,148632566,2740,1.0,1.0
3,148632566,2741,1.0,1.0
3,148632566,2742,1.0,1.0
3,148632566,2743,1.0,1.0
3,148632566,2744,1.0,1.0
3,148632566,2745,1.0,1.0
3,148632566,2746,1.0,1.0
3,148632566,2747,1.0,1.0
3,148632566,2748,1.0,1.0
3,148632566,2749,1.0,1.0
3,148632566,2750,1.0,1.0
3,148632566,2751,1.0,1.0
3,148632566,2752,1.0,1.0
3,148632566,2753,1.0,1.0
3,148632566,2754,1.0,1.0
3,148632566,2755,1.0,1.0
3,148632566,2756,1.0,1.0
3,148632566,2757,1.0,1.0
3,148632566,2758,1.0,1.0
3,148632566,2759,1.0,1.0
3,148632566,2760,1.0,1.0
3,148632566,2761,1.0,1.0
3,148632566,2762,1.0,1.0
3,148632566,2763,1.0,1.0
3,148632566,2764,1.0,1.0
3,148632566,2765,1.0,1.0
3,148632566,2766,1.0,1.0
3,148632566,2767,1.0,1.0
3,148632566,2768,1.0,1.0
3,148632566,2769,1.0,1.0
3,148632566,2770,1.0,1.0
3,148632566,2771,1.0,1.0
3,148632566,2772,1.0,1.0
3,148632566,2773,1.0,1.0
3,148632566,2774,1.0,1.0
3,148632566,2775,1.0,1.0
3,148632566,2776,1.0,1.0
3,148632566,2777,1.0,1.0
3,148632566,2778,1.0,1.0
3,148632566,2779,1.0,1.0
3,148632566,2780,1.0,1.0
3,148632566,2781,1.0,1.0
3,148632566,2782,1.0,1.0
3,148632566,2783,1.0,1.0
3,148632566,2784,1.0,1.0
3,148632566,2785,1.0,1.0
3,148632566,2786,1.0,1.0
3,148632566,2787,1.0,1.0
3,148632566,2788,1.0,1.0
3,148632566,2789,1.0,1.0
3,148632566,2790,1.0,1.0
3,148632566,2791,1.0,1.0
3,148632566,2792,1.0,1.0
3,148632566,2793,1.0,1.0
3,148632566,2794,1.0,1.0
3,148632566,2795,1.0,1.0
3,148632566,2796,1.0,1.0
3,148632566,2797,1.0,1.0
3,148632566,2798,1.0,1.0
3,148632566,2799,1.0,1.0
3,148632566,2800,1.0,1.0
3,148632566,2801,1.0,1.0
3,148632566,2802,1.0,1.0
3,148632566,2803,1.0,1.0
3,148632566,2804,1.0,1.0
3,148632566,2805,1.0,1.0
3,148632566,2806,1.0,1.0
3,148632566,2807,1.0,1.0
3,148632566,2808,1.0,1.0
3,148632566,2809,1.0,1.0
3,148632566,2810,1.0,1.0
3,148632566,2811,1.0,1.0
3,148632566,2812,1.0,1.0
3,148632566,2813,1.0,1.0
3,148632566,2814,1.0,1.0
3,148632566,2815,1.0,1.0
3,148632566,2816,1.0,1.0
3,148632566,2817,1.0,1.0
3,148632566,2818,1.0,1.0
3,148632566,2819,1.0,1.0
3,148632566,2820,1.0,1.0
3,148632566,2821,1.0,1.0
3,148632566,2822,1.0,1.0
3,148632566,2823,1.0,1.0
3,148632566,2824,1.0,1.0
3,148632566,2825,1.0,1.0
3,148632566,2826,1.0,1.0
3,148632566,2827,1.0,1.0
3,148632566,2828,1.0,1.0
3,148632566,2829,1.0,1.0
3,148632566,2830,1.0,1.0
3,148632566,2831,1.0,1.0
3,148632566,2832,1.0,1.0
3,148632566,2833,1.0,1.0
3,148632566,2834,1.0,1.0
3,148632566,2835,1.0,1.0
3,148632566,2836,1.0,1.0
3,148632566,2837,1.0,1.0
3,148632566,2838,1.0,1.0
3,148632566,2839,1.0,1.0
3,148632566,2840,1.0,1.0
3,148632566,2841,1.0,1.0
3,148632566,2842,1.0,1.0
3,148632566,2843,1.0,1.0
3,148632566,2844,1.0,1.0
3,148632566,2845,1.0,1.0
3,148632566,2846,1.0,1.0
3,148632566,2847,1.0,1.0
3,148632566,2848,1.0,1.0
3,148632566,2849,1.0,1.0
3,148632566,2850,1.0,1.0
3,148632566,2851,1.0,1.0
3,148632566,2852,1.0,1.0
3,148632566,2853,1.0,1.0
3,148632566,2854,1.0,1.0
3,148632566,2855,1.0,1.0
3,148632566,2856,1.0,1.0
3,148632566,2857,1.0,1.0
3,148632566,2858,1.0,1.0
3,148632566,2859,1.0,1.0
3,148632566,2860,1.0,1.0
3,148632566,2861,1.0,1.0
3,148632566,2862,1.0,1.0
3,148632566,2863,1.0,1.0
3,148632566,2864,1.0,1.0
3,148632566,2865,1.0,1.0
3,148632566,2866,1.0,1.0
3,148632566,2867,1.0,1.0
3,148632566,2868,1.0,1.0
3,148632566,2869,1.0,1.0
3,148632566,2870,1.0,1.0
3,148632566,2871,1.0,1.0
3,148632566,2872,1.0,1.0
3,148632566,2873,1.0,1.0
3,148632566,2874,1.0,1.0
3,148632566,2875,1.0,1.0
3,148632566,2876,1.0,1.0
3,148632566,2877,1.0,1.0
3,148632566,2878,1.0,1.0
3,148632566,2879,1.0,1.0
3,148632566,2880,1.0,1.0
3,148632566,2881,1.0,1.0
3,148632566,2882,1.0,1.0
3,148632566,2883,1.0,1.0
3,148632566,2884,1.0,1.0
3,148632566,2885,1.0,1.0
3,148632566,2886,1.0,1.0
3,148632566,2887,1.0,1.0
3,148632566,2888,1.0,1.0
3,148632566,2889,1.0,1.0
3,148632566,2890,1.0,1.0
3,148632566,2891,1.0,1.0
3,148632566,2892,1.0,1.0
3,148632566,2893,1.0,1.0
3,148632566,2894,1.0,1.0
3,148632566,2895,1.0,1.0
3,148632566,2896,1.0,1.0
3,148632566,2897,1.0,1.0
3,148632566,2898,1.0,1.0
3,148632566,2899,1.0,1.0
3,148632566,2900,1.0,1.0
3,148632566,2901,1.0,1.0
3,148632566,2902,1.0,1.0
3,148632566,2903,1.0,1.0
3,148632566,2904,1.0,1.0
3,148632566,2905,1.0,1.0
3,148632566,2906,1.0,1.0
3,148632566,2907,1.0,1.0
3,148632566,2908,1.0,1.0
3,148632566,2909,1.0,1.0
3,148632566,2910,1.0,1.0
3,148632566,2911,1.0,1.0
3,148632566,2912,1.0,1.0
3,148632566,2913,1.0,1.0
3,148632566,2914,1.0,1.0
3,148632566,2915,1.0,1.0
3,148632566,2916,1.0,1.0
3,148632566,2917,1.0,1.0
3,148632566,2918,1.0,1.0
3,148632566,2919,1.0,1.0
3,148632566,2920,1.0,1.0
3,148632566,2921,1.0,1.0
3,148632566,2922,1.0,1.0
3,148632566,2923,1.0,1.0
3,148632566,2924,1.0,1.0
3,148632566,2925,1.0,1.0
3,148632566,2926,1.0,1.0
3,148632566,2927,1.0,1.0
3,148632566,2928,1.0,1.0
3,148632566,2929,1.0,1.0
3,148632566,2930,1.0,1.0
3,148632566,2931,1.0,1.0
3,148632566,2932,1.0,1.0
3,148632566,2933,1.0,1.0
3,148632566,2934,1.0,1.0
3,148632566,2935,1.0,1.0
3,148632566,2936,1.0,1.0
3,148632566,2937,1.0,1.0
3,148632566,2938,1.0,1.0
3,148632566,2939,1.0,1.0
3,148632566,2940,1.0,1.0
3,148632566,2941,1.0,1.0
3,148632566,2942,1.0,1.0
3,148632566,2943,1.0,1.0
3,148632566,2944,1.0,1.0
3,148632566,2945,1.0,1.0
3,148632566,2946,1.0,1.0
3,148632566,2947,1.0,1.0
3,148632566,2948,1.0,1.0
3,148632566,2949,1.0,1.0
3,148632566,2950,1.0,1.0
3,148632566,2951,1.0,1.0
3,148632566,2952,1.0,1.0
3,148632566,2953,1.0,1.0
3,148632566,2954,1.0,1.0
3,148632566,2955,1.0,1.0
3,148632566,2956,1.0,1.0
3,148632566,2957,1.0,1.0
3,148632566,2958,1.0,1.0
3,148632566,2959,1.0,1.0
3,148632566,2960,1.0,1.0
3,148632566,2961,1.0,1.0
3,148632566,2962,1.0,1.0
3,148632566,2963,1.0,1.0
3,148632566,2964,1.0,1.0
3,148632566,2965,1.0,1.0
3,148632566,2966,1.0,1.0
3,148632566,2967,1.0,1.0
3,148632566,2968,1.0,1.0
3,148632566,2969,1.0,1.0
3,148632566,2970,1.0,1.0
3,148632566,2971,1.0,1.0
3,148632566,2972,1.0,1.0
3,148632566,2973,1.0,1.0
3,148632566,2974,1.0,1.0
3,148632566,2975,1.0,1.0
3,148632566,2976,1.0,1.0
3,148632566,2977,1.0,1.0
3,148632566,2978,1.0,1.0
3,148632566,2979,1.0,1.0
3,148632566,2980,1.0,1.0
3,148632566,2981,1.0,1.0
3,148632566,2982,1.0,1.0
3,148632566,2983,1.0,1.0
3,148632566,2984,1.0,1.0
3,148632566,2985,1.0,1.0
3,148632566,2986,1.0,1.0
3,148632566,2987,1.0,1.0
3,148632566,2988,1.0,1.0
3,148632566,2989,1.0,1.0
3,148632566,2990,1.0,1.0
3,148632566,2991,1.0,1.0
3,148632566,2992,1.0,1.0
3,148632566,2993,1.0,1.0
3,148632566,2994,1.0,1.0
3,148632566,2995,1.0,1.0
3,148632566,2996,1.0,1.0
3,148632566,2997,1.0,1.0
3,148632566,2998,1.0,1.0
3,148632566,2999,1.0,1.0
3,148632566,3000,1.0,1.0
3,148632566,3001,1.0,1.0
3,148632566,3002,1.0,1.0
3,148632566,3003,1.0,1.0
3,148632566,3004,1.0,1.0
3,148632566,3005,1.0,1.0
3,148632566,3006,1.0,1.0
3,148632566,3007,1.0,1.0
3,148632566,3008,1.0,1.0
3,148632566,3009,1.0,1.0
3,148632566,3010,1.0,1.0
3,148632566,3011,1.0,1.0
3,148632566,3012,1.0,1.0
3,148632566,3013,1.0,1.0
3,148632566,3014,1.0,1.0
3,148632566,3015,1.0,1.0
3,148632566,3016,1.0,1.0
3,148632566,3017,1.0,1.0
3,148632566,3018,1.0,1.0
3,148632566,3019,1.0,1.0
3,148632566,3020,1.0,1.0
3,148632566,3021,1.0,1.0
3,148632566,3022,1.0,1.0
3,148632566,3023,1.0,1.0
3,148632566,3024,1.0,1.0
3,148632566,3025,1.0,1.0
3,148632566,3026,1.0,1.0
3,148632566,3027,1.0,1.0
3,148632566,3028,1.0,1.0
3,148632566,3029,1.0,1.0
3,148632566,3030,1.0,1.0
3,148632566,3031,1.0,1.0
3,148632566,3032,1.0,1.0
3,148632566,3033,1.0,1.0
3,148632566,3034,1.0,1.0
3,148632566,3035,1.0,1.0
3,148632566,3036,1.0,1.0
3,148632566,3037,1.0,1.0
3,148632566,3038,1.0,1.0
3,148632566,3039,1.0,1.0
3,148632566,3040,1.0,1.0
3,148632566,3041,1.0,1.0
3,148632566,3042,1.0,1.0
3,148632566,3043,1.0,1.0
3,148632566,3044,1.0,1.0
3,148632566,3045,1.0,1.0
3,148632566,3046,1.0,1.0
3,148632566,3047,1.0,1.0
3,148632566,3048,1.0,1.0
3,148632566,3049,1.0,1.0
3,148632566,3050,1.0,1.0
3,148632566,3051,1.0,1.0
3,148632566,3052,1.0,1.0
3,148632566,3053,1.0,1.0
3,148632566,3054,1.0,1.0
3,148632566,3055,1.0,1.0
3,148632566,3056,1.0,1.0
3,148632566,3057,1.0,1.0
3,148632566,3058,1.0,1.0
3,148632566,3059,1.0,1.0
3,148632566,3060,1.0,1.0
3,148632566,3061,1.0,1.0
3,148632566,3062,1.0,1.0
3,148632566,3063,1.0,1.0
3,148632566,3064,1.0,1.0
3,148632566,3065,1.0,1.0
3,148632566,3066,1.0,1.0
3,148632566,3067,1.0,1.0
3,148632566,3068,1.0,1.0
3,148632566,3069,1.0,1.0
3,148632566,3070,1.0,1.0
3,148632566,3071,1.0,1.0
3,148632566,3072,1.0,1.0
3,148632566,3073,1.0,1.0
3,148632566,3074,1.0,1.0
3,148632566,3075,1.0,1.0
3,148632566,3076,1.0,1.0
3,148632566,3077,1.0,1.0
3,148632566,3078,1.0,1.0
3,148632566,3079,1.0,1.0
3,148632566,3080,1.0,1.0
3,148632566,3081,1.0,1.0
3,148632566,3082,1.0,1.0
3,148632566,3083,1.0,1.0
3,148632566,3084,1.0,1.0
3,148632566,3085,1.0,1.0
3,148632566,3086,1.0,1.0
3,148632566,3087,1.0,1.0
3,148632566,3088,1.0,1.0
3,148632566,3089,1.0,1.0
3,148632566,3090,1.0,1.0
3,148632566,3091,1.0,1.0
3,148632566,3092,1.0,1.0
3,148632566,3093,1.0,1.0
3,148632566,3094,1.0,1.0
3,148632566,3095,1.0,1.0
3,148632566,3096,1.0,1.0
3,148632566,3097,1.0,1.0
3,148632566,3098,1.0,1.0
3,148632566,3099,1.0,1.0
3,148632566,3100,1.0,1.0
3,148632566,3101,1.0,1.0
3,148632566,3102,1.0,1.0
3,148632566,3103,1.0,1.0
3,148632566,3104,1.0,1.0
3,148632566,3105,1.0,1.0
3,148632566,3106,1.0,1.0
3,148632566,3107,1.0,1.0
3,148632566,3108,1.0,1.0
3,148632566,3109,1.0,1.0
3,148632566,3110,1.0,1.0
3,148632566,3111,1.0,1.0
3,148632566,3112,1.0,1.0
3,148632566,3113,1.0,1.0
3,148632566,3114,1.0,1.0
3,148632566,3115,1.0,1.0
3,148632566,3116,1.0,1.0
3,148632566,3117,1.0,1.0
3,148632566,3118,1.0,1.0
3,148632566,3119,1.0,1.0
3,148632566,3120,1.0,1.0
3,148632566,3121,1.0,1.0
3,148632566,3122,1.0,1.0
3,148632566,3123,1.0,1.0
3,148632566,3124,1.0,1.0
3,148632566,3125,1.0,1.0
3,148632566,3126,1.0,1.0
3,148632566,3127,1.0,1.0
3,148632566,3128,1.0,1.0
3,148632566,3129,1.0,1.0
3,148632566,3130,1.0,1.0
3,148632566,3131,1.0,1.0
3,148632566,3132,1.0,1.0
3,148632566,3133,1.0,1.0
3,148632566,3134,1.0,1.0
3,148632566,3135,1.0,1.0
3,148632566,3136,1.0,1.0
3,148632566,3137,1.0,1.0
3,148632566,3138,1.0,1.0
3,148632566,3139,1.0,1.0
3,148632566,3140,1.0,1.0
3,148632566,3141,1.0,1.0
3,148632566,3142,1.0,1.0
3,148632566,3143,1.0,1.0
3,148632566,3144,1.0,1.0
3,148632566,3145,1.0,1.0
3,148632566,3146,1.0,1.0
3,148632566,3147,1.0,1.0
3,148632566,3148,1.0,1.0
3,148632566,3149,1.0,1.0
3,148632566,3150,1.0,1.0
3,148632566,3151,1.0,1.0
3,148632566,3152,1.0,1.0
3,148632566,3153,1.0,1.0
3,148632566,3154,1.0,1.0
3,148632566,3155,1.0,1.0
3,148632566,3156,1.0,1.0
3,148632566,3157,1.0,1.0
3,148632566,3158,1.0,1.0
3,148632566,3159,1.0,1.0
3,148632566,3160,1.0,1.0
3,148632566,3161,1.0,1.0
3,148632566,3162,1.0,1.0
3,148632566,3163,1.0,1.0
3,148632566,3164,1.0,1.0
3,148632566,3165,1.0,1.0
3,148632566,3166,1.0,1.0
3,148632566,3167,1.0,1.0
3,148632566,3168,1.0,1.0
3,148632566,3169,1.0,1.0
3,148632566,3170,1.0,1.0
3,148632566,3171,1.0,1.0
3,148632566,3172,1.0,1.0
3,148632566,3173,1.0,1.0
3,148632566,3174,1.0,1.0
3,148632566,3175,1.0,1.0
3,148632566,3176,1.0,1.0
3,148632566,3177,1.0,1.0
3,148632566,3178,1.0,1.0
3,148632566,3179,1.0,1.0
3,148632566,3180,1.0,1.0
3,148632566,3181,1.0,1.0
3,148632566,3182,1.0,1.0
3,148632566,3183,1.0,1.0
3,148632566,3184,1.0,1.0
3,148632566,3185,1.0,1.0
3,148632566,3186,1.0,1.0
3,148632566,3187,1.0,1.0
3,148632566,3188,1.0,1.0
3,148632566,3189,1.0,1.0
3,148632566,3190,1.0,1.0
3,148632566,3191,1.0,1.0
3,148632566,3192,1.0,1.0
3,148632566,3193,1.0,1.0
3,148632566,3194,1.0,1.0
3,148632566,3195,1.0,1.0
3,148632566,3196,1.0,1.0
3,148632566,3197,1.0,1.0
3,148632566,3198,1.0,1.0
3,148632566,3199,1.0,1.0
3,148632566,3200,1.0,1.0
3,148632566,3201,1.0,1.0
3,148632566,3202,1.0,1.0
3,148632566,3203,1.0,1.0
3,148632566,3204,1.0,1.0
3,148632566,3205,1.0,1.0
3,148632566,3206,1.0,1.0
3,148632566,3207,1.0,1.0
3,148632566,3208,1.0,1.0
3,148632566,3209,1.0,1.0
3,148632566,3210,1.0,1.0
3,148632566,3211,1.0,1.0
3,148632566,3212,1.0,1.0
3,148632566,3213,1.0,1.0
3,148632566,3214,1.0,1.0
3,148632566,3215,1.0,1.0
3,148632566,3216,1.0,1.0
3,148632566,3217,1.0,1.0
3,148632566,3218,1.0,1.0
3,148632566,3219,1.0,1.0
3,148632566,3220,1.0,1.0
3,148632566,3221,1.0,1.0
3,148632566,3222,1.0,1.0
3,148632566,3223,1.0,1.0
3,148632566,3224,1.0,1.0
3,148632566,3225,1.0,1.0
3,148632566,3226,1.0,1.0
3,148632566,3227,1.0,1.0
3,148632566,3228,1.0,1.0
3,148632566,3229,1.0,1.0
3,148632566,3230,1.0,1.0
3,148632566,3231,1.0,1.0
3,148632566,3232,1.0,1.0
3,148632566,3233,1.0,1.0
3,148632566,3234,1.0,1.0
3,148632566,3235,1.0,1.0
3,148632566,3236,1.0,1.0
3,148632566,3237,1.0,1.0
3,148632566,3238,1.0,1.0
3,148632566,3239,1.0,1.0
3,148632566,3240,1.0,1.0
3,148632566,3241,1.0,1.0
3,148632566,3242,1.0,1.0
3,148632566,3243,1.0,1.0
3,148632566,3244,1.0,1.0
3,148632566,3245,1.0,1.0
3,148632566,3246,1.0,1.0
3,148632566,3247,1.0,1.0
3,148632566,3248,1.0,1.0
3,148632566,3249,1.0,1.0
3,148632566,3250,1.0,1.0
3,148632566,3251,1.0,1.0
3,148632566,3252,1.0,1.0
3,148632566,3253,1.0,1.0
3,148632566,3254,1.0,1.0
3,148632566,3255,1.0,1.0
3,148632566,3256,1.0,1.0
3,148632566,3257,1.0,1.0
3,148632566,3258,1.0,1.0
3,148632566,3259,1.0,1.0
3,148632566,3260,1.0,1.0
3,148632566,3261,1.0,1.0
3,148632566,3262,1.0,1.0
3,148632566,3263,1.0,1.0
3,148632566,3264,1.0,1.0
3,148632566,3265,1.0,1.0
3,148632566,3266,1.0,1.0
3,148632566,3267,1.0,1.0
3,148632566,3268,1.0,1.0
3,148632566,3269,1.0,1.0
3,148632566,3270,1.0,1.0
3,148632566,3271,1.0,1.0
3,148632566,3272,1.0,1.0
3,148632566,3273,1.0,1.0
3,148632566,3274,1.0,1.0
3,148632566,3275,1.0,1.0
3,148632566,3276,1.0,1.0
3,148632566,3277,1.0,1.0
3,148632566,3278,1.0,1.0
3,148632566,3279,1.0,1.0
3,148632566,3280,1.0,1.0
3,148632566,3281,1.0,1.0
3,148632566,3282,1.0,1.0
3,148632566,3283,1.0,1.0
3,148632566,3284,1.0,1.0
3,148632566,3285,1.0,1.0
3,148632566,3286,1.0,1.0
3,148632566,3287,1.0,1.0
3,148632566,3288,1.0,1.0
3,148632566,3289,1.0,1.0
3,148632566,3290,1.0,1.0
3,148632566,3291,1.0,1.0
3,148632566,3292,1.0,1.0
3,148632566,3293,1.0,1.0
3,148632566,3294,1.0,1.0
3,148632566,3295,1.0,1.0
3,148632566,3296,1.0,1.0
3,148632566,3297,1.0,1.0
3,148632566,3298,1.0,1.0
3,148632566,3299,1.0,1.0
3,148632566,3300,1.0,1.0
3,148632566,3301,1.0,1.0
3,148632566,3302,1.0,1.0
3,148632566,3303,1.0,1.0
3,148632566,3304,1.0,1.0
3,148632566,3305,1.0,1.0
3,148632566,3306,1.0,1.0
3,148632566,3307,1.0,1.0
3,148632566,3308,1.0,1.0
3,148632566,3309,1.0,1.0
3,148632566,3310,1.0,1.0
3,148632566,3311,1.0,1.0
3,148632566,3312,1.0,1.0
3,148632566,3313,1.0,1.0
3,148632566,3314,1.0,1.0
3,148632566,3315,1.0,1.0
3,148632566,3316,1.0,1.0
3,148632566,3317,1.0,1.0
3,148632566,3318,1.0,1.0
3,148632566,3319,1.0,1.0
3,148632566,3320,1.0,1.0
3,148632566,3321,1.0,1.0
3,148632566,3322,1.0,1.0
3,148632566,3323,1.0,1.0
3,148632566,3324,1.0,1.0
3,148632566,3325,1.0,1.0
3,148632566,3326,1.0,1.0
3,148632566,3327,1.0,1.0
3,148632566,3328,1.0,1.0
3,148632566,3329,1.0,1.0
3,148632566,3330,1.0,1.0
3,148632566,3331,1.0,1.0
3,148632566,3332,1.0,1.0
3,148632566,3333,1.0,1.0
3,148632566,3334,1.0,1.0
3,148632566,3335,1.0,1.0
3,148632566,3336,1.0,1.0
3,148632566,3337,1.0,1.0
3,148632566,3338,1.0,1.0
3,148632566,3339,1.0,1.0
3,148632566,3340,1.0,1.0
3,148632566,3341,1.0,1.0
3,148632566,3342,1.0,1.0
3,148632566,3343,1.0,1.0
3,148632566,3344,1.0,1.0
3,148632566,3345,1.0,1.0
3,148632566,3346,1.0,1.0
3,148632566,3347,1.0,1.0
3,148632566,3348,1.0,1.0
3,148632566,3349,1.0,1.0
3,148632566,3350,1.0,1.0
3,148632566,3351,1.0,1.0
3,148632566,3352,1.0,1.0
3,148632566,3353,1.0,1.0
3,148632566,3354,1.0,1.0
3,148632566,3355,1.0,1.0
3,148632566,3356,1.0,1.0
3,148632566,3357,1.0,1.0
3,148632566,3358,1.0,1.0
3,148632566,3359,1.0,1.0
3,148632566,3360,1.0,1.0
3,148632566,3361,1.0,1.0
3,148632566,3362,1.0,1.0
3,148632566,3363,1.0,1.0
3,148632566,3364,1.0,1.0
3,148632566,3365,1.0,1.0
3,148632566,3366,1.0,1.0
3,148632566,3367,1.0,1.0
3,148632566,3368,1.0,1.0
3,148632566,3369,1.0,1.0
3,148632566,3370,1.0,1.0
3,148632566,3371,1.0,1.0
3,148632566,3372,1.0,1.0
3,148632566,3373,1.0,1.0
3,148632566,3374,1.0,1.0
3,148632566,3375,1.0,1.0
3,148632566,3376,1.0,1.0
3,148632566,3377,1.0,1.0
3,148632566,3378,1.0,1.0
3,148632566,3379,1.0,1.0
3,148632566,3380,1.0,1.0
3,148632566,3381,1.0,1.0
3,148632566,3382,1.0,1.0
3,148632566,3383,1.0,1.0
3,148632566,3384,1.0,1.0
3,148632566,3385,1.0,1.0
3,148632566,3386,1.0,1.0
3,148632566,3387,1.0,1.0
3,148632566,3388,1.0,1.0
3,148632566,3389,1.0,1.0
3,148632566,3390,1.0,1.0
3,148632566,3391,1.0,1.0
3,148632566,3392,1.0,1.0
3,148632566,3393,1.0,1.0
3,148632566,3394,1.0,1.0
3,148632566,3395,1.0,1.0
3,148632566,3396,1.0,1.0
3,148632566,3397,1.0,1.0
3,148632566,3398,1.0,1.0
3,148632566,3399,1.0,1.0
3,148632566,3400,1.0,1.0
3,148632566,3401,1.0,1.0
3,148632566,3402,1.0,1.0
3,148632566,3403,1.0,1.0
3,148632566,3404,1.0,1.0
3,148632566,3405,1.0,1.0
3,148632566,3406,1.0,1.0
3,148632566,3407,1.0,1.0
3,148632566,3408,1.0,1.0
3,148632566,3409,1.0,1.0
3,148632566,3410,1.0,1.0
3,148632566,3411,1.0,1.0
3,148632566,3412,1.0,1.0
3,148632566,3413,1.0,1.0
3,148632566,3414,1.0,1.0
3,148632566,3415,1.0,1.0
3,148632566,3416,1.0,1.0
3,148632566,3417,1.0,1.0
3,148632566,3418,1.0,1.0
3,148632566,3419,1.0,1.0
3,148632566,3420,1.0,1.0
3,148632566,3421,1.0,1.0
3,148632566,3422,1.0,1.0
3,148632566,3423,1.0,1.0
3,148632566,3424,1.0,1.0
3,148632566,3425,1.0,1.0
3,148632566,3426,1.0,1.0
3,148632566,3427,1.0,1.0
3,148632566,3428,1.0,1.0
3,148632566,3429,1.0,1.0
3,148632566,3430,1.0,1.0
3,148632566,3431,1.0,1.0
3,148632566,3432,1.0,1.0
3,148632566,3433,1.0,1.0
3,148632566,3434,1.0,1.0
3,148632566,3435,1.0,1.0
3,148632566,3436,1.0,1.0
3,148632566,3437,1.0,1.0
3,148632566,3438,1.0,1.0
3,148632566,3439,1.0,1.0
3,148632566,3440,1.0,1.0
3,148632566,3441,1.0,1.0
3,148632566,3442,1.0,1.0
3,148632566,3443,1.0,1.0
3,148632566,3444,1.0,1.0
3,148632566,3445,1.0,1.0
3,148632566,3446,1.0,1.0
3,148632566,3447,1.0,1.0
3,148632566,3448,1.0,1.0
3,148632566,3449,1.0,1.0
3,148632566,3450,1.0,1.0
3,148632566,3451,1.0,1.0
3,148632566,3452,1.0,1.0
3,148632566,3453,1.0,1.0
3,148632566,3454,1.0,1.0
3,148632566,3455,1.0,1.0
3,148632566,3456,1.0,1.0
3,148632566,3457,1.0,1.0
3,148632566,3458,1.0,1.0
3,148632566,3459,1.0,1.0
3,148632566,3460,1.0,1.0
3,148632566,3461,1.0,1.0
3,148632566,3462,1.0,1.0
3,148632566,3463,1.0,1.0
3,148632566,3464,1.0,1.0
3,148632566,3465,1.0,1.0
3,148632566,3466,1.0,1.0
3,148632566,3467,1.0,1.0
3,148632566,3468,1.0,1.0
3,148632566,3469,1.0,1.0
3,148632566,3470,1.0,1.0
3,148632566,3471,1.0,1.0
3,148632566,3472,1.0,1.0
3,148632566,3473,1.0,1.0
3,148632566,3474,1.0,1.0
3,148632566,3475,1.0,1.0
3,148632566,3476,1.0,1.0
3,148632566,3477,1.0,1.0
3,148632566,3478,1.0,1.0
3,148632566,3479,1.0,1.0
3,148632566,3480,1.0,1.0
3,148632566,3481,1.0,1.0
3,148632566,3482,1.0,1.0
3,148632566,3483,1.0,1.0
3,148632566,3484,1.0,1.0
3,148632566,3485,1.0,1.0
3,148632566,3486,1.0,1.0
3,148632566,3487,1.0,1.0
3,148632566,3488,1.0,1.0
3,148632566,3489,1.0,1.0
3,148632566,3490,1.0,1.0
3,148632566,3491,1.0,1.0
3,148632566,3492,1.0,1.0
3,148632566,3493,1.0,1.0
3,148632566,3494,1.0,1.0
3,148632566,3495,1.0,1.0
3,148632566,3496,1.0,1.0
3,148632566,3497,1.0,1.0
3,148632566,3498,1.0,1.0
3,148632566,3499,1.0,1.0
3,148632566,3500,1.0,1.0
3,148632566,3501,1.0,1.0
3,148632566,3502,1.0,1.0
3,148632566,3503,1.0,1.0
3,148632566,3504,1.0,1.0
3,148632566,3505,1.0,1.0
3,148632566,3506,1.0,1.0
3,148632566,3507,1.0,1.0
3,148632566,3508,1.0,1.0
3,148632566,3509,1.0,1.0
3,148632566,3510,1.0,1.0
3,148632566,3511,1.0,1.0
3,148632566,3512,1.0,1.0
3,148632566,3513,1.0,1.0
3,148632566,3514,1.0,1.0
3,148632566,3515,1.0,1.0
3,148632566,3516,1.0,1.0
3,148632566,3517,1.0,1.0
3,148632566,3518,1.0,1.0
3,148632566,3519,1.0,1.0
3,148632566,3520,1.0,1.0
3,148632566,3521,1.0,1.0
3,148632566,3522,1.0,1.0
3,148632566,3523,1.0,1.0
3,148632566,3524,1.0,1.0
3,148632566,3525,1.0,1.0
3,148632566,3526,1.0,1.0
3,148632566,3527,1.0,1.0
3,148632566,3528,1.0,1.0
3,148632566,3529,1.0,1.0
3,148632566,3530,1.0,1.0
3,148632566,3531,1.0,1.0
3,148632566,3532,1.0,1.0
3,148632566,3533,1.0,1.0
3,148632566,3534,1.0,1.0
3,148632566,3535,1.0,1.0
3,148632566,3536,1.0,1.0
3,148632566,3537,1.0,1.0
3,148632566,3538,1.0,1.0
3,148632566,3539,1.0,1.0
3,148632566,3540,1.0,1.0
3,148632566,3541,1.0,1.0
3,148632566,3542,1.0,1.0
3,148632566,3543,1.0,1.0
3,148632566,3544,1.0,1.0
3,148632566,3545,1.0,1.0
3,148632566,3546,1.0,1.0
3,148632566,3547,1.0,1.0
3,148632566,3548,1.0,1.0
3,148632566,3549,1.0,1.0
3,148632566,3550,1.0,1.0
3,148632566,3551,1.0,1.0
3,148632566,3552,1.0,1.0
3,148632566,3553,1.0,1.0
3,148632566,3554,1.0,1.0
3,148632566,3555,1.0,1.0
3,148632566,3556,1.0,1.0
3,148632566,3557,1.0,1.0
3,148632566,3558,1.0,1.0
3,148632566,3559,1.0,1.0
3,148632566,3560,1.0,1.0
3,148632566,3561,1.0,1.0
3,148632566,3562,1.0,1.0
3,148632566,3563,1.0,1.0
3,148632566,3564,1.0,1.0
3,148632566,3565,1.0,1.0
3,148632566,3566,1.0,1.0
3,148632566,3567,1.0,1.0
3,148632566,3568,1.0,1.0
3,148632566,3569,1.0,1.0
3,148632566,3570,1.0,1.0
3,148632566,3571,1.0,1.0
3,148632566,3572,1.0,1.0
3,148632566,3573,1.0,1.0
3,148632566,3574,1.0,1.0
3,148632566,3575,1.0,1.0
3,148632566,3576,1.0,1.0
3,148632566,3577,1.0,1.0
3,148632566,3578,1.0,1.0
3,148632566,3579,1.0,1.0
3,148632566,3580,1.0,1.0
3,148632566,3581,1.0,1.0
3,148632566,3582,1.0,1.0
3,148632566,3583,1.0,1.0
3,148632566,3584,1.0,1.0
3,148632566,3585,1.0,1.0
3,148632566,3586,1.0,1.0
3,148632566,3587,1.0,1.0
3,148632566,3588,1.0,1.0
3,148632566,3589,1.0,1.0
3,148632566,3590,1.0,1.0
3,148632566,3591,1.0,1.0
3,148632566,3592,1.0,1.0
3,148632566,3593,1.0,1.0
3,148632566,3594,1.0,1.0
3,148632566,3595,1.0,1.0
3,148632566,3596,1.0,1.0
3,148632566,3597,1.0,1.0
3,148632566,3598,1.0,1.0
3,148632566,3599,1.0,1.0
3,148632566,3600,1.0,1.0
3,148632566,3601,1.0,1.0
3,148632566,3602,1.0,1.0
3,148632566,3603,1.0,1.0
3,148632566,3604,1.0,1.0
3,148632566,3605,1.0,1.0
3,148632566,3606,1.0,1.0
3,148632566,3607,1.0,1.0
3,148632566,3608,1.0,1.0
3,148632566,3609,1.0,1.0
3,148632566,3610,1.0,1.0
3,148632566,3611,1.0,1.0
3,148632566,3612,1.0,1.0
3,148632566,3613,1.0,1.0
3,148632566,3614,1.0,1.0
3,148632566,3615,1.0,1.0
3,148632566,3616,1.0,1.0
3,148632566,3617,1.0,1.0
3,148632566,3618,1.0,1.0
3,148632566,3619,1.0,1.0
3,148632566,3620,1.0,1.0
3,148632566,3621,1.0,1.0
3,148632566,3622,1.0,1.0
3,148632566,3623,1.0,1.0
3,148632566,3624,1.0,1.0
3,148632566,3625,1.0,1.0
3,148632566,3626,1.0,1.0
3,148632566,3627,1.0,1.0
3,148632566,3628,1.0,1.0
3,148632566,3629,1.0,1.0
3,148632566,3630,1.0,1.0
3,148632566,3631,1.0,1.0
3,148632566,3632,1.0,1.0
3,148632566,3633,1.0,1.0
3,148632566,3634,1.0,1.0
3,148632566,3635,1.0,1.0
3,148632566,3636,1.0,1.0
3,148632566,3637,1.0,1.0
3,148632566,3638,1.0,1.0
3,148632566,3639,1.0,1.0
3,148632566,3640,1.0,1.0
3,148632566,3641,1.0,1.0
3,148632566,3642,1.0,1.0
3,148632566,3643,1.0,1.0
3,148632566,3644,1.0,1.0
3,148632566,3645,1.0,1.0
3,148632566,3646,1.0,1.0
3,148632566,3647,1.0,1.0
3,148632566,3648,1.0,1.0
3,148632566,3649,1.0,1.0
3,148632566,3650,1.0,1.0
3,148632566,3651,1.0,1.0
3,148632566,3652,1.0,1.0
3,148632566,3653,1.0,1.0
3,148632566,3654,1.0,1.0
3,148632566,3655,1.0,1.0
3,148632566,3656,1.0,1.0
3,148632566,3657,1.0,1.0
3,148632566,3658,1.0,1.0
3,148632566,3659,1.0,1.0
3,148632566,3660,1.0,1.0
3,148632566,3661,1.0,1.0
3,148632566,3662,1.0,1.0
3,148632566,3663,1.0,1.0
3,148632566,3664,1.0,1.0
3,148632566,3665,1.0,1.0
3,148632566,3666,1.0,1.0
3,148632566,3667,1.0,1.0
3,148632566,3668,1.0,1.0
3,148632566,3669,1.0,1.0
3,148632566,3670,1.0,1.0
3,148632566,3671,1.0,1.0
3,148632566,3672,1.0,1.0
3,148632566,3673,1.0,1.0
3,148632566,3674,1.0,1.0
3,148632566,3675,1.0,1.0
3,148632566,3676,1.0,1.0
3,148632566,3677,1.0,1.0
3,148632566,3678,1.0,1.0
3,148632566,3679,1.0,1.0
3,148632566,3680,1.0,1.0
3,148632566,3681,1.0,1.0
3,148632566,3682,1.0,1.0
3,148632566,3683,1.0,1.0
3,148632566,3684,1.0,1.0
3,148632566,3685,1.0,1.0
3,148632566,3686,1.0,1.0
3,148632566,3687,1.0,1.0
3,148632566,3688,1.0,1.0
3,148632566,3689,1.0,1.0
3,148632566,3690,1.0,1.0
3,148632566,3691,1.0,1.0
3,148632566,3692,1.0,1.0
3,148632566,3693,1.0,1.0
3,148632566,3694,1.0,1.0
3,148632566,3695,1.0,1.0
3,148632566,3696,1.0,1.0
3,148632566,3697,1.0,1.0
3,148632566,3698,1.0,1.0
3,148632566,3699,1.0,1.0
3,148632566,3700,1.0,1.0
3,148632566,3701,1.0,1.0
3,148632566,3702,1.0,1.0
3,148632566,3703,1.0,1.0
3,148632566,3704,1.0,1.0
3,148632566,3705,1.0,1.0
3,148632566,3706,1.0,1.0
3,148632566,3707,1.0,1.0
3,148632566,3708,1.0,1.0
3,148632566,3709,1.0,1.0
3,148632566,3710,1.0,1.0
3,148632566,3711,1.0,1.0
3,148632566,3712,1.0,1.0
3,148632566,3713,1.0,1.0
3,148632566,3714,1.0,1.0
3,148632566,3715,1.0,1.0
3,148632566,3716,1.0,1.0
3,148632566,3717,1.0,1.0
3,148632566,3718,1.0,1.0
3,148632566,3719,1.0,1.0
3,148632566,3720,1.0,1.0
3,148632566,3721,1.0,1.0
3,148632566,3722,1.0,1.0
3,148632566,3723,1.0,1.0
3,148632566,3724,1.0,1.0
3,148632566,3725,1.0,1.0
3,148632566,3726,1.0,1.0
3,148632566,3727,1.0,1.0
3,148632566,3728,1.0,1.0
3,148632566,3729,1.0,1.0
3,148632566,3730,1.0,1.0
3,148632566,3731,1.0,1.0
3,148632566,3732,1.0,1.0
3,148632566,3733,1.0,1.0
3,148632566,3734,1.0,1.0
3,148632566,3735,1.0,1.0
3,148632566,3736,1.0,1.0
3,148632566,3737,1.0,1.0
3,148632566,3738,1.0,1.0
3,148632566,3739,1.0,1.0
3,148632566,3740,1.0,1.0
3,148632566,3741,1.0,1.0
3,148632566,3742,1.0,1.0
3,148632566,3743,1.0,1.0
3,148632566,3744,1.0,1.0
3,148632566,3745,1.0,1.0
3,148632566,3746,1.0,1.0
3,148632566,3747,1.0,1.0
3,148632566,3748,1.0,1.0
3,148632566,3749,1.0,1.0
3,148632566,3750,1.0,1.0
3,148632566,3751,1.0,1.0
3,148632566,3752,1.0,1.0
3,148632566,3753,1.0,1.0
3,148632566,3754,1.0,1.0
3,148632566,3755,1.0,1.0
3,148632566,3756,1.0,1.0
3,148632566,3757,1.0,1.0
3,148632566,3758,1.0,1.0
3,148632566,3759,1.0,1.0
3,148632566,3760,1.0,1.0
3,148632566,3761,1.0,1.0
3,148632566,3762,1.0,1.0
3,148632566,3763,1.0,1.0
3,148632566,3764,1.0,1.0
3,148632566,3765,1.0,1.0
3,148632566,3766,1.0,1.0
3,148632566,3767,1.0,1.0
3,148632566,3768,1.0,1.0
3,148632566,3769,1.0,1.0
3,148632566,3770,1.0,1.0
3,148632566,3771,1.0,1.0
3,148632566,3772,1.0,1.0
3,148632566,3773,1.0,1.0
3,148632566,3774,1.0,1.0
3,148632566,3775,1.0,1.0
3,148632566,3776,1.0,1.0
3,148632566,3777,1.0,1.0
3,148632566,3778,1.0,1.0
3,148632566,3779,1.0,1.0
3,148632566,3780,1.0,1.0
3,148632566,3781,1.0,1.0
3,148632566,3782,1.0,1.0
3,148632566,3783,1.0,1.0
3,148632566,3784,1.0,1.0
3,148632566,3785,1.0,1.0
3,148632566,3786,1.0,1.0
3,148632566,3787,1.0,1.0
3,148632566,3788,1.0,1.0
3,148632566,3789,1.0,1.0
3,148632566,3790,1.0,1.0
3,148632566,3791,1.0,1.0
3,148632566,3792,1.0,1.0
3,148632566,3793,1.0,1.0
3,148632566,3794,1.0,1.0
3,148632566,3795,1.0,1.0
3,148632566,3796,1.0,1.0
3,148632566,3797,1.0,1.0
3,148632566,3798,1.0,1.0
3,148632566,3799,1.0,1.0
3,148632566,3800,1.0,1.0
3,148632566,3801,1.0,1.0
3,148632566,3802,1.0,1.0
3,148632566,3803,1.0,1.0
3,148632566,3804,1.0,1.0
3,148632566,3805,1.0,1.0
3,148632566,3806,1.0,1.0
3,148632566,3807,1.0,1.0
3,148632566,3808,1.0,1.0
3,148632566,3809,1.0,1.0
3,148632566,3810,1.0,1.0
3,148632566,3811,1.0,1.0
3,148632566,3812,1.0,1.0
3,148632566,3813,1.0,1.0
3,148632566,3814,1.0,1.0
3,148632566,3815,1.0,1.0
3,148632566,3816,1.0,1.0
3,148632566,3817,1.0,1.0
3,148632566,3818,1.0,1.0
3,148632566,3819,1.0,1.0
3,148632566,3820,1.0,1.0
3,148632566,3821,1.0,1.0
3,148632566,3822,1.0,1.0
3,148632566,3823,1.0,1.0
3,148632566,3824,1.0,1.0
3,148632566,3825,1.0,1.0
3,148632566,3826,1.0,1.0
3,148632566,3827,1.0,1.0
3,148632566,3828,1.0,1.0
3,148632566,3829,1.0,1.0
3,148632566,3830,1.0,1.0
3,148632566,3831,1.0,1.0
3,148632566,3832,1.0,1.0
3,148632566,3833,1.0,1.0
3,148632566,3834,1.0,1.0
3,148632566,3835,1.0,1.0
3,148632566,3836,1.0,1.0
3,148632566,3837,1.0,1.0
3,148632566,3838,0.9950000047683716,1.0
3,148632566,3839,1.0,1.0
3,148632566,3840,0.9950000047683716,1.0
3,148632566,3841,0.9950000047683716,1.0
3,148632566,3842,0.9950000047683716,1.0
3,148632566,3843,0.9950000047683716,1.0
3,148632566,3844,0.9950000047683716,1.0
3,148632566,3845,0.9950000047683716,1.0
3,148632566,3846,0.9950000047683716,1.0
3,148632566,3847,0.9950000047683716,1.0
3,148632566,3848,0.9950000047683716,1.0
3,148632566,3849,0.9950000047683716,1.0
3,148632566,3850,0.9950000047683716,1.0
3,148632566,3851,0.9950000047683716,1.0
3,148632566,3852,0.9950000047683716,1.0
3,148632566,3853,0.9950000047683716,1.0
3,148632566,3854,0.9950000047683716,1.0
3,148632566,3855,0.9950000047683716,1.0
3,148632566,3856,0.9950000047683716,1.0
3,148632566,3857,0.9950000047683716,1.0
3,148632566,3858,0.9950000047683716,1.0
3,148632566,3859,0.9899999499320984,1.0
3,148632566,3860,0.9950000047683716,1.0
3,148632566,3861,0.9950000047683716,1.0
3,148632566,3862,0.9950000047683716,1.0
3,148632566,3863,0.9950000047683716,1.0
3,148632566,3864,0.9950000047683716,1.0
3,148632566,3865,0.9950000047683716,1.0
3,148632566,3866,0.9950000047683716,1.0
3,148632566,3867,0.9950000047683716,1.0
3,148632566,3868,0.9950000047683716,1.0
3,148632566,3869,0.9950000047683716,1.0
3,148632566,3870,0.9950000047683716,1.0
3,148632566,3871,0.9950000047683716,1.0
3,148632566,3872,0.9950000047683716,1.0
3,148632566,3873,0.9950000047683716,1.0
3,148632566,3874,0.9950000047683716,1.0
3,148632566,3875,0.9950000047683716,1.0
3,148632566,3876,0.9950000047683716,1.0
3,148632566,3877,0.9899999499320984,1.0
3,148632566,3878,0.9950000047683716,1.0
3,148632566,3879,0.9950000047683716,1.0
3,148632566,3880,0.9950000047683716,1.0
3,148632566,3881,0.9950000047683716,1.0
3,148632566,3882,0.9950000047683716,1.0
3,148632566,3883,0.9899999499320984,1.0
3,148632566,3884,0.9950000047683716,1.0
3,148632566,3885,0.9899999499320984,1.0
3,148632566,3886,0.9950000047683716,1.0
3,148632566,3887,0.9950000047683716,1.0
3,148632566,3888,0.9950000047683716,1.0
3,148632566,3889,0.9950000047683716,1.0
3,148632566,3890,0.9950000047683716,1.0
3,148632566,3891,0.9899999499320984,1.0
3,148632566,3892,0.9950000047683716,1.0
3,148632566,3893,0.9950000047683716,1.0
3,148632566,3894,0.9899999499320984,1.0
3,148632566,3895,0.9899999499320984,1.0
3,148632566,3896,0.9950000047683716,1.0
3,148632566,3897,0.9899999499320984,1.0
3,148632566,3898,0.9950000047683716,1.0
3,148632566,3899,0.9950000047683716,1.0
3,148632566,3900,0.9899999499320984,1.0
3,148632566,3901,0.9899999499320984,1.0
3,148632566,3902,0.9950000047683716,1.0
3,148632566,3903,0.9899999499320984,1.0
3,148632566,3904,0.9950000047683716,1.0
3,148632566,3905,0.9899999499320984,1.0
3,148632566,3906,0.9899999499320984,1.0
3,148632566,3907,0.9899999499320984,1.0
3,148632566,3908,0.9899999499320984,1.0
3,148632566,3909,0.98499995470047,1.0
3,148632566,3910,0.98499995470047,1.0
3,148632566,3911,0.98499995470047,1.0
3,148632566,3912,0.9899999499320984,1.0
3,148632566,3913,0.98499995470047,1.0
3,148632566,3914,0.9899999499320984,1.0
3,148632566,3915,0.98499995470047,1.0
3,148632566,3916,0.9899999499320984,1.0
3,148632566,3917,0.98499995470047,1.0
3,148632566,3918,0.9899999499320984,1.0
3,148632566,3919,0.98499995470047,1.0
3,148632566,3920,0.9899999499320984,1.0
3,148632566,3921,0.98499995470047,1.0
3,148632566,3922,0.9899999499320984,1.0
3,148632566,3923,0.98499995470047,1.0
3,148632566,3924,0.9899999499320984,1.0
3,148632566,3925,0.98499995470047,1.0
3,148632566,3926,0.9899999499320984,1.0
3,148632566,3927,0.98499995470047,1.0
3,148632566,3928,0.9899999499320984,1.0
3,148632566,3929,0.98499995470047,1.0
3,148632566,3930,0.9899999499320984,1.0
3,148632566,3931,0.98499995470047,1.0
3,148632566,3932,0.9899999499320984,1.0
3,148632566,3933,0.98499995470047,1.0
3,148632566,3934,0.9899999499320984,1.0
3,148632566,3935,0.98499995470047,1.0
3,148632566,3936,0.9899999499320984,1.0
3,148632566,3937,0.98499995470047,1.0
3,148632566,3938,0.9899999499320984,1.0
3,148632566,3939,0.98499995470047,1.0
3,148632566,3940,0.9899999499320984,1.0
3,148632566,3941,0.98499995470047,1.0
3,148632566,3942,0.9899999499320984,1.0
3,148632566,3943,0.98499995470047,1.0
3,148632566,3944,0.9899999499320984,1.0
3,148632566,3945,0.98499995470047,1.0
3,148632566,3946,0.9899999499320984,1.0
3,148632566,3947,0.98499995470047,1.0
3,148632566,3948,0.9899999499320984,1.0
3,148632566,3949,0.98499995470047,1.0
3,148632566,3950,0.9899999499320984,1.0
3,148632566,3951,0.98499995470047,1.0
3,148632566,3952,0.9899999499320984,1.0
3,148632566,3953,0.98499995470047,1.0
3,148632566,3954,0.9899999499320984,1.0
3,148632566,3955,0.98499995470047,1.0
3,148632566,3956,0.9899999499320984,1.0
3,148632566,3957,0.98499995470047,1.0
3,148632566,3958,0.9899999499320984,1.0
3,148632566,3959,0.98499995470047,1.0
3,148632566,3960,0.9899999499320984,1.0
3,148632566,3961,0.98499995470047,1.0
3,148632566,3962,0.9899999499320984,1.0
3,148632566,3963,0.98499995470047,1.0
3,148632566,3964,0.9899999499320984,1.0
3,148632566,3965,0.98499995470047,1.0
3,148632566,3966,0.9899999499320984,1.0
3,148632566,3967,0.98499995470047,1.0
3,148632566,3968,0.9899999499320984,1.0
3,148632566,3969,0.98499995470047,1.0
3,148632566,3970,0.9899999499320984,1.0
3,148632566,3971,0.9899999499320984,1.0
3,148632566,3972,0.9899999499320984,1.0
3,148632566,3973,0.98499995470047,1.0
3,148632566,3974,0.9899999499320984,1.0
3,148632566,3975,0.98499995470047,1.0
3,148632566,3976,0.9899999499320984,1.0
3,148632566,3977,0.98499995470047,1.0
3,148632566,3978,0.9899999499320984,1.0
3,148632566,3979,0.98499995470047,1.0
3,148632566,3980,0.9899999499320984,1.0
3,148632566,3981,0.9899999499320984,1.0
3,148632566,3982,0.9899999499320984,1.0
3,148632566,3983,0.98499995470047,1.0
3,148632566,3984,0.9899999499320984,1.0
3,148632566,3985,0.9899999499320984,1.0
3,148632566,3986,0.9899999499320984,1.0
3,148632566,3987,0.9899999499320984,1.0
3,148632566,3988,0.9899999499320984,1.0
3,148632566,3989,0.9899999499320984,1.0
3,148632566,3990,0.9899999499320984,1.0
3,148632566,3991,0.9899999499320984,1.0
3,148632566,3992,0.9899999499320984,1.0
3,148632566,3993,0.9899999499320984,1.0
3,148632566,3994,0.9899999499320984,1.0
3,148632566,3995,0.9899999499320984,1.0
3,148632566,3996,0.9899999499320984,1.0
3,148632566,3997,0.9899999499320984,1.0
3,148632566,3998,0.9899999499320984,1.0
3,148632566,3999,0.9899999499320984,1.0
3,148632566,4000,0.9899999499320984,1.0
3,148632566,4001,0.9899999499320984,1.0
3,148632566,4002,0.9899999499320984,1.0
3,148632566,4003,0.9899999499320984,1.0
3,148632566,4004,0.9899999499320984,1.0
3,148632566,4005,0.9899999499320984,1.0
3,148632566,4006,0.9899999499320984,1.0
3,148632566,4007,0.9899999499320984,1.0
3,148632566,4008,0.9899999499320984,1.0
3,148632566,4009,0.9899999499320984,1.0
3,148632566,4010,0.9899999499320984,1.0
3,148632566,4011,0.9899999499320984,1.0
3,148632566,4012,0.9899999499320984,1.0
3,148632566,4013,0.9899999499320984,1.0
3,148632566,4014,0.9899999499320984,1.0
3,148632566,4015,0.9899999499320984,1.0
3,148632566,4016,0.9899999499320984,1.0
3,148632566,4017,0.9899999499320984,1.0
3,148632566,4018,0.9899999499320984,1.0
3,148632566,4019,0.9899999499320984,1.0
3,148632566,4020,0.9899999499320984,1.0
3,148632566,4021,0.9899999499320984,1.0
3,148632566,4022,0.9899999499320984,1.0
3,148632566,4023,0.9899999499320984,1.0
3,148632566,4024,0.9899999499320984,1.0
3,148632566,4025,0.9899999499320984,1.0
3,148632566,4026,0.9899999499320984,1.0
3,148632566,4027,0.9899999499320984,1.0
3,148632566,4028,0.9899999499320984,1.0
3,148632566,4029,0.9899999499320984,1.0
3,148632566,4030,0.9899999499320984,1.0
3,148632566,4031,0.9899999499320984,1.0
3,148632566,4032,0.9899999499320984,1.0
3,148632566,4033,0.9899999499320984,1.0
3,148632566,4034,0.9899999499320984,1.0
3,148632566,4035,0.9899999499320984,1.0
3,148632566,4036,0.9899999499320984,1.0
3,148632566,4037,0.9899999499320984,1.0
3,148632566,4038,0.9899999499320984,1.0
3,148632566,4039,0.9899999499320984,1.0
3,148632566,4040,0.9899999499320984,1.0
3,148632566,4041,0.9899999499320984,1.0
3,148632566,4042,0.9899999499320984,1.0
3,148632566,4043,0.9899999499320984,1.0
3,148632566,4044,0.9899999499320984,1.0
3,148632566,4045,0.9899999499320984,1.0
3,148632566,4046,0.9899999499320984,1.0
3,148632566,4047,0.9899999499320984,1.0
3,148632566,4048,0.9899999499320984,1.0
3,148632566,4049,0.9899999499320984,1.0
3,148632566,4050,0.9899999499320984,1.0
3,148632566,4051,0.9899999499320984,1.0
3,148632566,4052,0.9899999499320984,1.0
3,148632566,4053,0.9899999499320984,1.0
3,148632566,4054,0.9899999499320984,1.0
3,148632566,4055,0.9899999499320984,1.0
3,148632566,4056,0.9899999499320984,1.0
3,148632566,4057,0.9899999499320984,1.0
3,148632566,4058,0.9899999499320984,1.0
3,148632566,4059,0.9899999499320984,1.0
3,148632566,4060,0.9899999499320984,1.0
3,148632566,4061,0.9899999499320984,1.0
3,148632566,4062,0.9899999499320984,1.0
3,148632566,4063,0.9899999499320984,1.0
3,148632566,4064,0.9899999499320984,1.0
3,148632566,4065,0.9899999499320984,1.0
3,148632566,4066,0.9899999499320984,1.0
3,148632566,4067,0.9899999499320984,1.0
3,148632566,4068,0.9899999499320984,1.0
3,148632566,4069,0.9899999499320984,1.0
3,148632566,4070,0.9899999499320984,1.0
3,148632566,4071,0.9899999499320984,1.0
3,148632566,4072,0.9899999499320984,1.0
3,148632566,4073,0.9899999499320984,1.0
3,148632566,4074,0.9899999499320984,1.0
3,148632566,4075,0.9899999499320984,1.0
3,148632566,4076,0.9899999499320984,1.0
3,148632566,4077,0.9899999499320984,1.0
3,148632566,4078,0.9899999499320984,1.0
3,148632566,4079,0.9899999499320984,1.0
3,148632566,4080,0.9899999499320984,1.0
3,148632566,4081,0.9899999499320984,1.0
3,148632566,4082,0.9899999499320984,1.0
3,148632566,4083,0.9899999499320984,1.0
3,148632566,4084,0.9899999499320984,1.0
3,148632566,4085,0.9899999499320984,1.0
3,148632566,4086,0.9899999499320984,1.0
3,148632566,4087,0.9899999499320984,1.0
3,148632566,4088,0.9899999499320984,1.0
3,148632566,4089,0.9899999499320984,1.0
3,148632566,4090,0.9899999499320984,1.0
3,148632566,4091,0.9899999499320984,1.0
3,148632566,4092,0.9899999499320984,1.0
3,148632566,4093,0.9899999499320984,1.0
3,148632566,4094,0.9899999499320984,1.0
3,148632566,4095,0.9899999499320984,1.0
3,148632566,4096,0.9899999499320984,1.0
3,148632566,4097,0.9899999499320984,1.0
3,148632566,4098,0.9899999499320984,1.0
3,148632566,4099,0.9899999499320984,1.0
3,148632566,4100,0.9899999499320984,1.0
3,148632566,4101,0.9899999499320984,1.0
3,148632566,4102,0.9899999499320984,1.0
3,148632566,4103,0.9899999499320984,1.0
3,148632566,4104,0.9899999499320984,1.0
3,148632566,4105,0.9899999499320984,1.0
3,148632566,4106,0.9899999499320984,1.0
3,148632566,4107,0.9899999499320984,1.0
3,148632566,4108,0.9899999499320984,1.0
3,148632566,4109,0.9899999499320984,1.0
3,148632566,4110,0.9899999499320984,1.0
3,148632566,4111,0.9899999499320984,1.0
3,148632566,4112,0.9899999499320984,1.0
3,148632566,4113,0.9899999499320984,1.0
3,148632566,4114,0.9899999499320984,1.0
3,148632566,4115,0.9899999499320984,1.0
3,148632566,4116,0.9899999499320984,1.0
3,148632566,4117,0.9899999499320984,1.0
3,148632566,4118,0.9899999499320984,1.0
3,148632566,4119,0.9899999499320984,1.0
3,148632566,4120,0.9899999499320984,1.0
3,148632566,4121,0.9899999499320984,1.0
3,148632566,4122,0.9899999499320984,1.0
3,148632566,4123,0.9899999499320984,1.0
3,148632566,4124,0.9899999499320984,1.0
3,148632566,4125,0.9899999499320984,1.0
3,148632566,4126,0.9899999499320984,1.0
3,148632566,4127,0.9899999499320984,1.0
3,148632566,4128,0.9899999499320984,1.0
3,148632566,4129,0.9899999499320984,1.0
3,148632566,4130,0.9899999499320984,1.0
3,148632566,4131,0.9899999499320984,1.0
3,148632566,4132,0.9899999499320984,1.0
3,148632566,4133,0.9899999499320984,1.0
3,148632566,4134,0.9899999499320984,1.0
3,148632566,4135,0.9899999499320984,1.0
3,148632566,4136,0.9899999499320984,1.0
3,148632566,4137,0.9899999499320984,1.0
3,148632566,4138,0.9899999499320984,1.0
3,148632566,4139,0.9899999499320984,1.0
3,148632566,4140,0.9899999499320984,1.0
3,148632566,4141,0.9899999499320984,1.0
3,148632566,4142,0.9899999499320984,1.0
3,148632566,4143,0.9899999499320984,1.0
3,148632566,4144,0.9899999499320984,1.0
3,148632566,4145,0.9899999499320984,1.0
3,148632566,4146,0.9899999499320984,1.0
3,148632566,4147,0.9899999499320984,1.0
3,148632566,4148,0.9899999499320984,1.0
3,148632566,4149,0.9899999499320984,1.0
3,148632566,4150,0.9899999499320984,1.0
3,148632566,4151,0.9899999499320984,1.0
3,148632566,4152,0.9899999499320984,1.0
3,148632566,4153,0.9899999499320984,1.0
3,148632566,4154,0.9899999499320984,1.0
3,148632566,4155,0.9899999499320984,1.0
3,148632566,4156,0.9899999499320984,1.0
3,148632566,4157,0.9899999499320984,1.0
3,148632566,4158,0.9899999499320984,1.0
3,148632566,4159,0.9950000047683716,1.0
3,148632566,4160,0.9899999499320984,1.0
3,148632566,4161,0.9899999499320984,1.0
3,148632566,4162,0.9899999499320984,1.0
3,148632566,4163,0.9950000047683716,1.0
3,148632566,4164,0.9899999499320984,1.0
3,148632566,4165,0.9950000047683716,1.0
3,148632566,4166,0.9950000047683716,1.0
3,148632566,4167,0.9950000047683716,1.0
3,148632566,4168,0.9950000047683716,1.0
3,148632566,4169,0.9950000047683716,1.0
3,148632566,4170,0.9950000047683716,1.0
3,148632566,4171,0.9950000047683716,1.0
3,148632566,4172,0.9950000047683716,1.0
3,148632566,4173,0.9950000047683716,1.0
3,148632566,4174,0.9950000047683716,1.0
3,148632566,4175,0.9950000047683716,1.0
3,148632566,4176,0.9950000047683716,1.0
3,148632566,4177,0.9950000047683716,1.0
3,148632566,4178,0.9950000047683716,1.0
3,148632566,4179,0.9950000047683716,1.0
3,148632566,4180,0.9950000047683716,1.0
3,148632566,4181,0.9950000047683716,1.0
3,148632566,4182,0.9950000047683716,1.0
3,148632566,4183,0.9950000047683716,1.0
3,148632566,4184,0.9950000047683716,1.0
3,148632566,4185,0.9950000047683716,1.0
3,148632566,4186,0.9950000047683716,1.0
3,148632566,4187,0.9950000047683716,1.0
3,148632566,4188,0.9950000047683716,1.0
3,148632566,4189,0.9950000047683716,1.0
3,148632566,4190,0.9950000047683716,1.0
3,148632566,4191,0.9950000047683716,1.0
3,148632566,4192,0.9950000047683716,1.0
3,148632566,4193,0.9950000047683716,1.0
3,148632566,4194,0.9950000047683716,1.0
3,148632566,4195,0.9950000047683716,1.0
3,148632566,4196,1.0,1.0
3,148632566,4197,0.9950000047683716,1.0
3,148632566,4198,1.0,1.0
3,148632566,4199,0.9950000047683716,1.0
3,148632566,4200,1.0,1.0
3,148632566,4201,1.0,1.0
3,148632566,4202,1.0,1.0
3,148632566,4203,1.0,1.0
3,148632566,4204,1.0,1.0
3,148632566,4205,1.0,1.0
3,148632566,4206,1.0,1.0
3,148632566,4207,1.0,1.0
3,148632566,4208,1.0,1.0
3,148632566,4209,1.0,1.0
3,148632566,4210,1.0,1.0
3,148632566,4211,1.0,1.0
3,148632566,4212,1.0,1.0
3,148632566,4213,1.0,1.0
3,148632566,4214,1.0,1.0
3,148632566,4215,1.0,1.0
3,148632566,4216,1.0,1.0
3,148632566,4217,1.0,1.0
3,148632566,4218,1.0,1.0
3,148632566,4219,1.0,1.0
3,148632566,4220,1.0,1.0
3,148632566,4221,1.0,1.0
3,148632566,4222,1.0,1.0
3,148632566,4223,1.0,1.0
3,148632566,4224,1.0,1.0
3,148632566,4225,1.0,1.0
3,148632566,4226,1.0,1.0
3,148632566,4227,1.0,1.0
3,148632566,4228,1.0,1.0
3,148632566,4229,1.0,1.0
3,148632566,4230,1.0,1.0
3,148632566,4231,1.0,1.0
3,148632566,4232,1.0,1.0
3,148632566,4233,1.0,1.0
3,148632566,4234,1.0,1.0
3,148632566,4235,1.0,1.0
3,148632566,4236,1.0,1.0
3,148632566,4237,1.0,1.0
3,148632566,4238,1.0,1.0
3,148632566,4239,1.0,1.0
3,148632566,4240,1.0,1.0
3,148632566,4241,1.0,1.0
3,148632566,4242,1.0,1.0
3,148632566,4243,1.0,1.0
3,148632566,4244,1.0,1.0
3,148632566,4245,1.0,1.0
3,148632566,4246,1.0,1.0
3,148632566,4247,1.0,1.0
3,148632566,4248,1.0,1.0
3,148632566,4249,1.0,1.0
3,148632566,4250,1.0,1.0
3,148632566,4251,1.0,1.0
3,148632566,4252,1.0,1.0
3,148632566,4253,1.0,1.0
3,148632566,4254,1.0,1.0
3,148632566,4255,1.0,1.0
3,148632566,4256,1.0,1.0
3,148632566,4257,1.0,1.0
3,148632566,4258,1.0,1.0
3,148632566,4259,1.0,1.0
3,148632566,4260,1.0,1.0
3,148632566,4261,1.0,1.0
3,148632566,4262,1.0,1.0
3,148632566,4263,1.0,1.0
3,148632566,4264,1.0,1.0
3,148632566,4265,1.0,1.0
3,148632566,4266,1.0,1.0
3,148632566,4267,1.0,1.0
3,148632566,4268,1.0,1.0
3,148632566,4269,1.0,1.0
3,148632566,4270,1.0,1.0
3,148632566,4271,1.0,1.0
3,148632566,4272,1.0,1.0
3,148632566,4273,1.0,1.0
3,148632566,4274,1.0,1.0
3,148632566,4275,1.0,1.0
3,148632566,4276,1.0,1.0
3,148632566,4277,1.0,1.0
3,148632566,4278,1.0,1.0
3,148632566,4279,1.0,1.0
3,148632566,4280,1.0,1.0
3,148632566,4281,1.0,1.0
3,148632566,4282,1.0,1.0
3,148632566,4283,1.0,1.0
3,148632566,4284,1.0,1.0
3,148632566,4285,1.0,1.0
3,148632566,4286,1.0,1.0
3,148632566,4287,1.0,1.0
3,148632566,4288,1.0,1.0
3,148632566,4289,1.0,1.0
3,148632566,4290,1.0,1.0
3,148632566,4291,1.0,1.0
3,148632566,4292,1.0,1.0
3,148632566,4293,1.0,1.0
3,148632566,4294,1.0,1.0
3,148632566,4295,1.0,1.0
3,148632566,4296,1.0,1.0
3,148632566,4297,1.0,1.0
3,148632566,4298,1.0,1.0
3,148632566,4299,1.0,1.0
3,148632566,4300,1.0,1.0
3,148632566,4301,1.0,1.0
3,148632566,4302,1.0,1.0
3,148632566,4303,1.0,1.0
3,148632566,4304,1.0,1.0
3,148632566,4305,1.0,1.0
3,148632566,4306,1.0,1.0
3,148632566,4307,1.0,1.0
3,148632566,4308,1.0,1.0
3,148632566,4309,1.0,1.0
3,148632566,4310,1.0,1.0
3,148632566,4311,1.0,1.0
3,148632566,4312,1.0,1.0
3,148632566,4313,1.0,1.0
3,148632566,4314,1.0,1.0
3,148632566,4315,1.0,1.0
3,148632566,4316,1.0,1.0
3,148632566,4317,1.0,1.0
3,148632566,4318,1.0,1.0
3,148632566,4319,1.0,1.0
3,148632566,4320,1.0,1.0
3,148632566,4321,1.0,1.0
3,148632566,4322,1.0,1.0
3,148632566,4323,1.0,1.0
3,148632566,4324,1.0,1.0
3,148632566,4325,1.0,1.0
3,148632566,4326,1.0,1.0
3,148632566,4327,1.0,1.0
3,148632566,4328,1.0,1.0
3,148632566,4329,1.0,1.0
3,148632566,4330,1.0,1.0
3,148632566,4331,1.0,1.0
3,148632566,4332,1.0,1.0
3,148632566,4333,1.0,1.0
3,148632566,4334,1.0,1.0
3,148632566,4335,1.0,1.0
3,148632566,4336,1.0,1.0
3,148632566,4337,1.0,1.0
3,148632566,4338,1.0,1.0
3,148632566,4339,1.0,1.0
3,148632566,4340,1.0,1.0
3,148632566,4341,1.0,1.0
3,148632566,4342,1.0,1.0
3,148632566,4343,1.0,1.0
3,148632566,4344,1.0,1.0
3,148632566,4345,1.0,1.0
3,148632566,4346,1.0,1.0
3,148632566,4347,1.0,1.0
3,148632566,4348,1.0,1.0
3,148632566,4349,1.0,1.0
3,148632566,4350,1.0,1.0
3,148632566,4351,1.0,1.0
3,148632566,4352,1.0,1.0
3,148632566,4353,1.0,1.0
3,148632566,4354,1.0,1.0
3,148632566,4355,1.0,1.0
3,148632566,4356,1.0,1.0
3,148632566,4357,1.0,1.0
3,148632566,4358,1.0,1.0
3,148632566,4359,1.0,1.0
3,148632566,4360,1.0,1.0
3,148632566,4361,1.0,1.0
3,148632566,4362,1.0,1.0
3,148632566,4363,1.0,1.0
3,148632566,4364,1.0,1.0
3,148632566,4365,1.0,1.0
3,148632566,4366,1.0,1.0
3,148632566,4367,1.0,1.0
3,148632566,4368,1.0,1.0
3,148632566,4369,1.0,1.0
3,148632566,4370,1.0,1.0
3,148632566,4371,1.0,1.0
3,148632566,4372,1.0,1.0
3,148632566,4373,1.0,1.0
3,148632566,4374,1.0,1.0
3,148632566,4375,1.0,1.0
3,148632566,4376,1.0,1.0
3,148632566,4377,1.0,1.0
3,148632566,4378,1.0,1.0
3,148632566,4379,1.0,1.0
3,148632566,4380,1.0,1.0
3,148632566,4381,1.0,1.0
3,148632566,4382,1.0,1.0
3,148632566,4383,1.0,1.0
3,148632566,4384,1.0,1.0
3,148632566,4385,1.0,1.0
3,148632566,4386,1.0,1.0
3,148632566,4387,1.0,1.0
3,148632566,4388,1.0,1.0
3,148632566,4389,1.0,1.0
3,148632566,4390,1.0,1.0
3,148632566,4391,1.0,1.0
3,148632566,4392,1.0,1.0
3,148632566,4393,1.0,1.0
3,148632566,4394,1.0,1.0
3,148632566,4395,1.0,1.0
3,148632566,4396,1.0,1.0
3,148632566,4397,1.0,1.0
3,148632566,4398,1.0,1.0
3,148632566,4399,1.0,1.0
3,148632566,4400,1.0,1.0
3,148632566,4401,1.0,1.0
3,148632566,4402,1.0,1.0
3,148632566,4403,1.0,1.0
3,148632566,4404,1.0,1.0
3,148632566,4405,1.0,1.0
3,148632566,4406,1.0,1.0
3,148632566,4407,1.0,1.0
3,148632566,4408,1.0,1.0
3,148632566,4409,1.0,1.0
3,148632566,4410,1.0,1.0
3,148632566,4411,1.0,1.0
3,148632566,4412,1.0,1.0
3,148632566,4413,1.0,1.0
3,148632566,4414,1.0,1.0
3,148632566,4415,1.0,1.0
3,148632566,4416,1.0,1.0
3,148632566,4417,1.0,1.0
3,148632566,4418,1.0,1.0
3,148632566,4419,1.0,1.0
3,148632566,4420,1.0,1.0
3,148632566,4421,1.0,1.0
3,148632566,4422,1.0,1.0
3,148632566,4423,1.0,1.0
3,148632566,4424,1.0,1.0
3,148632566,4425,1.0,1.0
3,148632566,4426,1.0,1.0
3,148632566,4427,1.0,1.0
3,148632566,4428,1.0,1.0
3,148632566,4429,1.0,1.0
3,148632566,4430,1.0,1.0
3,148632566,4431,1.0,1.0
3,148632566,4432,1.0,1.0
3,148632566,4433,1.0,1.0
3,148632566,4434,1.0,1.0
3,148632566,4435,1.0,1.0
3,148632566,4436,1.0,1.0
3,148632566,4437,1.0,1.0
3,148632566,4438,1.0,1.0
3,148632566,4439,1.0,1.0
3,148632566,4440,1.0,1.0
3,148632566,4441,1.0,1.0
3,148632566,4442,1.0,1.0
3,148632566,4443,1.0,1.0
3,148632566,4444,1.0,1.0
3,148632566,4445,1.0,1.0
3,148632566,4446,1.0,1.0
3,148632566,4447,1.0,1.0
3,148632566,4448,1.0,1.0
3,148632566,4449,1.0,1.0
3,148632566,4450,1.0,1.0
3,148632566,4451,1.0,1.0
3,148632566,4452,1.0,1.0
3,148632566,4453,1.0,1.0
3,148632566,4454,1.0,1.0
3,148632566,4455,1.0,1.0
3,148632566,4456,1.0,1.0
3,148632566,4457,1.0,1.0
3,148632566,4458,1.0,1.0
3,148632566,4459,1.0,1.0
3,148632566,4460,1.0,1.0
3,148632566,4461,1.0,1.0
3,148632566,4462,1.0,1.0
3,148632566,4463,1.0,1.0
3,148632566,4464,1.0,1.0
3,148632566,4465,1.0,1.0
3,148632566,4466,1.0,1.0
3,148632566,4467,1.0,1.0
3,148632566,4468,1.0,1.0
3,148632566,4469,1.0,1.0
3,148632566,4470,1.0,1.0
3,148632566,4471,1.0,1.0
3,148632566,4472,1.0,1.0
3,148632566,4473,1.0,1.0
3,148632566,4474,1.0,1.0
3,148632566,4475,1.0,1.0
3,148632566,4476,1.0,1.0
3,148632566,4477,1.0,1.0
3,148632566,4478,1.0,1.0
3,148632566,4479,1.0,1.0
3,148632566,4480,1.0,1.0
3,148632566,4481,1.0,1.0
3,148632566,4482,1.0,1.0
3,148632566,4483,1.0,1.0
3,148632566,4484,1.0,1.0
3,148632566,4485,1.0,1.0
3,148632566,4486,1.0,1.0
3,148632566,4487,1.0,1.0
3,148632566,4488,1.0,1.0
3,148632566,4489,1.0,1.0
3,148632566,4490,1.0,1.0
3,148632566,4491,1.0,1.0
3,148632566,4492,1.0,1.0
3,148632566,4493,1.0,1.0
3,148632566,4494,1.0,1.0
3,148632566,4495,1.0,1.0
3,148632566,4496,1.0,1.0
3,148632566,4497,1.0,1.0
3,148632566,4498,1.0,1.0
3,148632566,4499,1.0,1.0
3,148632566,4500,1.0,1.0
3,148632566,4501,1.0,1.0
3,148632566,4502,1.0,1.0
3,148632566,4503,1.0,1.0
3,148632566,4504,1.0,1.0
3,148632566,4505,1.0,1.0
3,148632566,4506,1.0,1.0
3,148632566,4507,1.0,1.0
3,148632566,4508,1.0,1.0
3,148632566,4509,1.0,1.0
3,148632566,4510,1.0,1.0
3,148632566,4511,1.0,1.0
3,148632566,4512,1.0,1.0
3,148632566,4513,1.0,1.0
3,148632566,4514,1.0,1.0
3,148632566,4515,1.0,1.0
3,148632566,4516,1.0,1.0
3,148632566,4517,1.0,1.0
3,148632566,4518,1.0,1.0
3,148632566,4519,1.0,1.0
3,148632566,4520,1.0,1.0
3,148632566,4521,1.0,1.0
3,148632566,4522,1.0,1.0
3,148632566,4523,1.0,1.0
3,148632566,4524,1.0,1.0
3,148632566,4525,1.0,1.0
3,148632566,4526,1.0,1.0
3,148632566,4527,1.0,1.0
3,148632566,4528,1.0,1.0
3,148632566,4529,1.0,1.0
3,148632566,4530,1.0,1.0
3,148632566,4531,1.0,1.0
3,148632566,4532,1.0,1.0
3,148632566,4533,1.0,1.0
3,148632566,4534,1.0,1.0
3,148632566,4535,1.0,1.0
3,148632566,4536,1.0,1.0
3,148632566,4537,1.0,1.0
3,148632566,4538,1.0,1.0
3,148632566,4539,1.0,1.0
3,148632566,4540,1.0,1.0
3,148632566,4541,1.0,1.0
3,148632566,4542,1.0,1.0
3,148632566,4543,1.0,1.0
3,148632566,4544,1.0,1.0
3,148632566,4545,1.0,1.0
3,148632566,4546,1.0,1.0
3,148632566,4547,1.0,1.0
3,148632566,4548,1.0,1.0
3,148632566,4549,1.0,1.0
3,148632566,4550,1.0,1.0
3,148632566,4551,1.0,1.0
3,148632566,4552,1.0,1.0
3,148632566,4553,1.0,1.0
3,148632566,4554,1.0,1.0
3,148632566,4555,1.0,1.0
3,148632566,4556,1.0,1.0
3,148632566,4557,1.0,1.0
3,148632566,4558,1.0,1.0
3,148632566,4559,1.0,1.0
3,148632566,4560,1.0,1.0
3,148632566,4561,1.0,1.0
3,148632566,4562,1.0,1.0
3,148632566,4563,1.0,1.0
3,148632566,4564,1.0,1.0
3,148632566,4565,1.0,1.0
3,148632566,4566,1.0,1.0
3,148632566,4567,1.0,1.0
3,148632566,4568,1.0,1.0
3,148632566,4569,1.0,1.0
3,148632566,4570,1.0,1.0
3,148632566,4571,1.0,1.0
3,148632566,4572,1.0,1.0
3,148632566,4573,1.0,1.0
3,148632566,4574,1.0,1.0
3,148632566,4575,1.0,1.0
3,148632566,4576,1.0,1.0
3,148632566,4577,1.0,1.0
3,148632566,4578,1.0,1.0
3,148632566,4579,1.0,1.0
3,148632566,4580,1.0,1.0
3,148632566,4581,1.0,1.0
3,148632566,4582,1.0,1.0
3,148632566,4583,1.0,1.0
3,148632566,4584,1.0,1.0
3,148632566,4585,1.0,1.0
3,148632566,4586,1.0,1.0
3,148632566,4587,1.0,1.0
3,148632566,4588,1.0,1.0
3,148632566,4589,1.0,1.0
3,148632566,4590,1.0,1.0
3,148632566,4591,1.0,1.0
3,148632566,4592,1.0,1.0
3,148632566,4593,1.0,1.0
3,148632566,4594,1.0,1.0
3,148632566,4595,1.0,1.0
3,148632566,4596,1.0,1.0
3,148632566,4597,1.0,1.0
3,148632566,4598,1.0,1.0
3,148632566,4599,1.0,1.0
3,148632566,4600,1.0,1.0
3,148632566,4601,1.0,1.0
3,148632566,4602,1.0,1.0
3,148632566,4603,1.0,1.0
3,148632566,4604,1.0,1.0
3,148632566,4605,1.0,1.0
3,148632566,4606,1.0,1.0
3,148632566,4607,1.0,1.0
3,148632566,4608,1.0,1.0
3,148632566,4609,1.0,1.0
3,148632566,4610,1.0,1.0
3,148632566,4611,1.0,1.0
3,148632566,4612,1.0,1.0
3,148632566,4613,1.0,1.0
3,148632566,4614,1.0,1.0
3,148632566,4615,1.0,1.0
3,148632566,4616,1.0,1.0
3,148632566,4617,1.0,1.0
3,148632566,4618,1.0,1.0
3,148632566,4619,1.0,1.0
3,148632566,4620,1.0,1.0
3,148632566,4621,1.0,1.0
3,148632566,4622,1.0,1.0
3,148632566,4623,1.0,1.0
3,148632566,4624,1.0,1.0
3,148632566,4625,1.0,1.0
3,148632566,4626,1.0,1.0
3,148632566,4627,1.0,1.0
3,148632566,4628,1.0,1.0
3,148632566,4629,1.0,1.0
3,148632566,4630,1.0,1.0
3,148632566,4631,1.0,1.0
3,148632566,4632,1.0,1.0
3,148632566,4633,1.0,1.0
3,148632566,4634,1.0,1.0
3,148632566,4635,1.0,1.0
3,148632566,4636,1.0,1.0
3,148632566,4637,1.0,1.0
3,148632566,4638,1.0,1.0
3,148632566,4639,1.0,1.0
3,148632566,4640,1.0,1.0
3,148632566,4641,1.0,1.0
3,148632566,4642,1.0,1.0
3,148632566,4643,1.0,1.0
3,148632566,4644,1.0,1.0
3,148632566,4645,1.0,1.0
3,148632566,4646,1.0,1.0
3,148632566,4647,1.0,1.0
3,148632566,4648,1.0,1.0
3,148632566,4649,1.0,1.0
3,148632566,4650,1.0,1.0
3,148632566,4651,1.0,1.0
3,148632566,4652,1.0,1.0
3,148632566,4653,1.0,1.0
3,148632566,4654,1.0,1.0
3,148632566,4655,1.0,1.0
3,148632566,4656,1.0,1.0
3,148632566,4657,1.0,1.0
3,148632566,4658,1.0,1.0
3,148632566,4659,1.0,1.0
3,148632566,4660,1.0,1.0
3,148632566,4661,1.0,1.0
3,148632566,4662,1.0,1.0
3,148632566,4663,1.0,1.0
3,148632566,4664,1.0,1.0
3,148632566,4665,1.0,1.0
3,148632566,4666,1.0,1.0
3,148632566,4667,1.0,1.0
3,148632566,4668,1.0,1.0
3,148632566,4669,1.0,1.0
3,148632566,4670,1.0,1.0
3,148632566,4671,1.0,1.0
3,148632566,4672,1.0,1.0
3,148632566,4673,1.0,1.0
3,148632566,4674,1.0,1.0
3,148632566,4675,1.0,1.0
3,148632566,4676,1.0,1.0
3,148632566,4677,1.0,1.0
3,148632566,4678,1.0,1.0
3,148632566,4679,1.0,1.0
3,148632566,4680,1.0,1.0
3,148632566,4681,1.0,1.0
3,148632566,4682,1.0,1.0
3,148632566,4683,1.0,1.0
3,148632566,4684,1.0,1.0
3,148632566,4685,1.0,1.0
3,148632566,4686,1.0,1.0
3,148632566,4687,1.0,1.0
3,148632566,4688,1.0,1.0
3,148632566,4689,1.0,1.0
3,148632566,4690,1.0,1.0
3,148632566,4691,1.0,1.0
3,148632566,4692,1.0,1.0
3,148632566,4693,1.0,1.0
3,148632566,4694,1.0,1.0
3,148632566,4695,1.0,1.0
3,148632566,4696,1.0,1.0
3,148632566,4697,1.0,1.0
3,148632566,4698,1.0,1.0
3,148632566,4699,1.0,1.0
3,148632566,4700,1.0,1.0
3,148632566,4701,1.0,1.0
3,148632566,4702,1.0,1.0
3,148632566,4703,1.0,1.0
3,148632566,4704,1.0,1.0
3,148632566,4705,1.0,1.0
3,148632566,4706,1.0,1.0
3,148632566,4707,1.0,1.0
3,148632566,4708,1.0,1.0
3,148632566,4709,1.0,1.0
3,148632566,4710,1.0,1.0
3,148632566,4711,1.0,1.0
3,148632566,4712,1.0,1.0
3,148632566,4713,1.0,1.0
3,148632566,4714,1.0,1.0
3,148632566,4715,1.0,1.0
3,148632566,4716,1.0,1.0
3,148632566,4717,1.0,1.0
3,148632566,4718,1.0,1.0
3,148632566,4719,1.0,1.0
3,148632566,4720,1.0,1.0
3,148632566,4721,1.0,1.0
3,148632566,4722,1.0,1.0
3,148632566,4723,1.0,1.0
3,148632566,4724,1.0,1.0
3,148632566,4725,1.0,1.0
3,148632566,4726,1.0,1.0
3,148632566,4727,1.0,1.0
3,148632566,4728,1.0,1.0
3,148632566,4729,1.0,1.0
3,148632566,4730,1.0,1.0
3,148632566,4731,1.0,1.0
3,148632566,4732,1.0,1.0
3,148632566,4733,1.0,1.0
3,148632566,4734,1.0,1.0
3,148632566,4735,1.0,1.0
3,148632566,4736,1.0,1.0
3,148632566,4737,1.0,1.0
3,148632566,4738,1.0,1.0
3,148632566,4739,1.0,1.0
3,148632566,4740,1.0,1.0
3,148632566,4741,1.0,1.0
3,148632566,4742,1.0,1.0
3,148632566,4743,1.0,1.0
3,148632566,4744,1.0,1.0
3,148632566,4745,1.0,1.0
3,148632566,4746,1.0,1.0
3,148632566,4747,1.0,1.0
3,148632566,4748,1.0,1.0
3,148632566,4749,1.0,1.0
3,148632566,4750,1.0,1.0
3,148632566,4751,1.0,1.0
3,148632566,4752,1.0,1.0
3,148632566,4753,1.0,1.0
3,148632566,4754,1.0,1.0
3,148632566,4755,1.0,1.0
3,148632566,4756,1.0,1.0
3,148632566,4757,1.0,1.0
3,148632566,4758,1.0,1.0
3,148632566,4759,1.0,1.0
3,148632566,4760,1.0,1.0
3,148632566,4761,1.0,1.0
3,148632566,4762,1.0,1.0
3,148632566,4763,1.0,1.0
3,148632566,4764,1.0,1.0
3,148632566,4765,1.0,1.0
3,148632566,4766,1.0,1.0
3,148632566,4767,1.0,1.0
3,148632566,4768,1.0,1.0
3,148632566,4769,1.0,1.0
3,148632566,4770,1.0,1.0
3,148632566,4771,1.0,1.0
3,148632566,4772,1.0,1.0
3,148632566,4773,1.0,1.0
3,148632566,4774,1.0,1.0
3,148632566,4775,1.0,1.0
3,148632566,4776,1.0,1.0
3,148632566,4777,1.0,1.0
3,148632566,4778,1.0,1.0
3,148632566,4779,1.0,1.0
3,148632566,4780,1.0,1.0
3,148632566,4781,1.0,1.0
3,148632566,4782,1.0,1.0
3,148632566,4783,1.0,1.0
3,148632566,4784,1.0,1.0
3,148632566,4785,1.0,1.0
3,148632566,4786,1.0,1.0
3,148632566,4787,1.0,1.0
3,148632566,4788,1.0,1.0
3,148632566,4789,1.0,1.0
3,148632566,4790,1.0,1.0
3,148632566,4791,1.0,1.0
3,148632566,4792,1.0,1.0
3,148632566,4793,1.0,1.0
3,148632566,4794,1.0,1.0
3,148632566,4795,1.0,1.0
3,148632566,4796,1.0,1.0
3,148632566,4797,1.0,1.0
3,148632566,4798,1.0,1.0
3,148632566,4799,1.0,1.0
3,148632566,4800,1.0,1.0
3,148632566,4801,1.0,1.0
3,148632566,4802,1.0,1.0
3,148632566,4803,1.0,1.0
3,148632566,4804,1.0,1.0
3,148632566,4805,1.0,1.0
3,148632566,4806,1.0,1.0
3,148632566,4807,1.0,1.0
3,148632566,4808,1.0,1.0
3,148632566,4809,1.0,1.0
3,148632566,4810,1.0,1.0
3,148632566,4811,1.0,1.0
3,148632566,4812,1.0,1.0
3,148632566,4813,1.0,1.0
3,148632566,4814,1.0,1.0
3,148632566,4815,1.0,1.0
3,148632566,4816,1.0,1.0
3,148632566,4817,1.0,1.0
3,148632566,4818,1.0,1.0
3,148632566,4819,1.0,1.0
3,148632566,4820,1.0,1.0
3,148632566,4821,1.0,1.0
3,148632566,4822,1.0,1.0
3,148632566,4823,1.0,1.0
3,148632566,4824,1.0,1.0
3,148632566,4825,1.0,1.0
3,148632566,4826,1.0,1.0
3,148632566,4827,1.0,1.0
3,148632566,4828,1.0,1.0
3,148632566,4829,1.0,1.0
3,148632566,4830,1.0,1.0
3,148632566,4831,1.0,1.0
3,148632566,4832,1.0,1.0
3,148632566,4833,1.0,1.0
3,148632566,4834,1.0,1.0
3,148632566,4835,1.0,1.0
3,148632566,4836,1.0,1.0
3,148632566,4837,1.0,1.0
3,148632566,4838,1.0,1.0
3,148632566,4839,1.0,1.0
3,148632566,4840,1.0,1.0
3,148632566,4841,1.0,1.0
3,148632566,4842,1.0,1.0
3,148632566,4843,1.0,1.0
3,148632566,4844,1.0,1.0
3,148632566,4845,1.0,1.0
3,148632566,4846,1.0,1.0
3,148632566,4847,1.0,1.0
3,148632566,4848,1.0,1.0
3,148632566,4849,1.0,1.0
3,148632566,4850,1.0,1.0
3,148632566,4851,1.0,1.0
3,148632566,4852,1.0,1.0
3,148632566,4853,1.0,1.0
3,148632566,4854,1.0,1.0
3,148632566,4855,1.0,1.0
3,148632566,4856,1.0,1.0
3,148632566,4857,1.0,1.0
3,148632566,4858,1.0,1.0
3,148632566,4859,1.0,1.0
3,148632566,4860,1.0,1.0
3,148632566,4861,1.0,1.0
3,148632566,4862,1.0,1.0
3,148632566,4863,1.0,1.0
3,148632566,4864,1.0,1.0
3,148632566,4865,1.0,1.0
3,148632566,4866,1.0,1.0
3,148632566,4867,1.0,1.0
3,148632566,4868,1.0,1.0
3,148632566,4869,1.0,1.0
3,148632566,4870,1.0,1.0
3,148632566,4871,1.0,1.0
3,148632566,4872,1.0,1.0
3,148632566,4873,1.0,1.0
3,148632566,4874,1.0,1.0
3,148632566,4875,1.0,1.0
3,148632566,4876,1.0,1.0
3,148632566,4877,1.0,1.0
3,148632566,4878,1.0,1.0
3,148632566,4879,1.0,1.0
3,148632566,4880,1.0,1.0
3,148632566,4881,1.0,1.0
3,148632566,4882,1.0,1.0
3,148632566,4883,1.0,1.0
3,148632566,4884,1.0,1.0
3,148632566,4885,1.0,1.0
3,148632566,4886,1.0,1.0
3,148632566,4887,1.0,1.0
3,148632566,4888,1.0,1.0
3,148632566,4889,1.0,1.0
3,148632566,4890,1.0,1.0
3,148632566,4891,1.0,1.0
3,148632566,4892,1.0,1.0
3,148632566,4893,1.0,1.0
3,148632566,4894,1.0,1.0
3,148632566,4895,1.0,1.0
3,148632566,4896,1.0,1.0
3,148632566,4897,1.0,1.0
3,148632566,4898,1.0,1.0
3,148632566,4899,1.0,1.0
3,148632566,4900,1.0,1.0
3,148632566,4901,1.0,1.0
3,148632566,4902,1.0,1.0
3,148632566,4903,1.0,1.0
3,148632566,4904,1.0,1.0
3,148632566,4905,1.0,1.0
3,148632566,4906,1.0,1.0
3,148632566,4907,1.0,1.0
3,148632566,4908,1.0,1.0
3,148632566,4909,1.0,1.0
3,148632566,4910,1.0,1.0
3,148632566,4911,1.0,1.0
3,148632566,4912,1.0,1.0
3,148632566,4913,1.0,1.0
3,148632566,4914,1.0,1.0
3,148632566,4915,1.0,1.0
3,148632566,4916,1.0,1.0
3,148632566,4917,1.0,1.0
3,148632566,4918,1.0,1.0
3,148632566,4919,1.0,1.0
3,148632566,4920,1.0,1.0
3,148632566,4921,1.0,1.0
3,148632566,4922,1.0,1.0
3,148632566,4923,1.0,1.0
3,148632566,4924,1.0,1.0
3,148632566,4925,1.0,1.0
3,148632566,4926,1.0,1.0
3,148632566,4927,1.0,1.0
3,148632566,4928,1.0,1.0
3,148632566,4929,1.0,1.0
3,148632566,4930,1.0,1.0
3,148632566,4931,1.0,1.0
3,148632566,4932,1.0,1.0
3,148632566,4933,1.0,1.0
3,148632566,4934,1.0,1.0
3,148632566,4935,1.0,1.0
3,148632566,4936,1.0,1.0
3,148632566,4937,1.0,1.0
3,148632566,4938,1.0,1.0
3,148632566,4939,1.0,1.0
3,148632566,4940,1.0,1.0
3,148632566,4941,1.0,1.0
3,148632566,4942,1.0,1.0
3,148632566,4943,1.0,1.0
3,148632566,4944,1.0,1.0
3,148632566,4945,1.0,1.0
3,148632566,4946,1.0,1.0
3,148632566,4947,1.0,1.0
3,148632566,4948,1.0,1.0
3,148632566,4949,1.0,1.0
3,148632566,4950,1.0,1.0
3,148632566,4951,1.0,1.0
3,148632566,4952,1.0,1.0
3,148632566,4953,1.0,1.0
3,148632566,4954,1.0,1.0
3,148632566,4955,1.0,1.0
3,148632566,4956,1.0,1.0
3,148632566,4957,1.0,1.0
3,148632566,4958,1.0,1.0
3,148632566,4959,1.0,1.0
3,148632566,4960,1.0,1.0
3,148632566,4961,1.0,1.0
3,148632566,4962,1.0,1.0
3,148632566,4963,1.0,1.0
3,148632566,4964,1.0,1.0
3,148632566,4965,1.0,1.0
3,148632566,4966,1.0,1.0
3,148632566,4967,1.0,1.0
3,148632566,4968,1.0,1.0
3,148632566,4969,1.0,1.0
3,148632566,4970,1.0,1.0
3,148632566,4971,1.0,1.0
3,148632566,4972,1.0,1.0
3,148632566,4973,1.0,1.0
3,148632566,4974,1.0,1.0
3,148632566,4975,1.0,1.0
3,148632566,4976,1.0,1.0
3,148632566,4977,1.0,1.0
3,148632566,4978,1.0,1.0
3,148632566,4979,1.0,1.0
3,148632566,4980,1.0,1.0
3,148632566,4981,1.0,1.0
3,148632566,4982,1.0,1.0
3,148632566,4983,1.0,1.0
3,148632566,4984,1.0,1.0
3,148632566,4985,1.0,1.0
3,148632566,4986,1.0,1.0
3,148632566,4987,1.0,1.0
3,148632566,4988,1.0,1.0
3,148632566,4989,1.0,1.0
3,148632566,4990,1.0,1.0
3,148632566,4991,1.0,1.0
3,148632566,4992,1.0,1.0
3,148632566,4993,1.0,1.0
3,148632566,4994,1.0,1.0
3,148632566,4995,1.0,1.0
3,148632566,4996,1.0,1.0
3,148632566,4997,1.0,1.0
3,148632566,4998,1.0,1.0
3,148632566,4999,1.0,1.0
3,148632566,5000,1.0,1.0
4,571431387,0,0.5,0.5600000023841858
4,571431387,1,0.48499998450279236,0.550000011920929
4,571431387,2,0.4899999797344208,0.5450000166893005
4,571431387,3,0.48499998450279236,0.5450000166893005
4,571431387,4,0.5049999952316284,0.5450000166893005
4,571431387,5,0.5049999952316284,0.5299999713897705
4,571431387,6,0.5199999809265137,0.5299999713897705
4,571431387,7,0.5149999856948853,0.5450000166893005
4,571431387,8,0.5450000166893005,0.5349999666213989
4,571431387,9,0.5399999618530273,0.5450000166893005
4,571431387,10,0.5550000071525574,0.5399999618530273
4,571431387,11,0.5550000071525574,0.5399999618530273
4,571431387,12,0.5600000023841858,0.5450000166893005
4,571431387,13,0.5849999785423279,0.5450000166893005
4,571431387,14,0.5949999690055847,0.5450000166893005
4,571431387,15,0.5999999642372131,0.5399999618530273
4,571431387,16,0.6049999594688416,0.550000011920929
4,571431387,17,0.5999999642372131,0.5349999666213989
4,571431387,18,0.6100000143051147,0.5450000166893005
4,571431387,19,0.6150000095367432,0.5450000166893005
4,571431387,20,0.625,0.5450000166893005
4,571431387,21,0.6349999904632568,0.5450000166893005
4,571431387,22,0.6349999904632568,0.5450000166893005
4,571431387,23,0.6399999856948853,0.5399999618530273
4,571431387,24,0.6349999904632568,0.550000011920929
4,571431387,25,0.6499999761581421,0.5450000166893005
4,571431387,26,0.6449999809265137,0.5550000071525574
4,571431387,27,0.6549999713897705,0.550000011920929
4,571431387,28,0.6549999713897705,0.5450000166893005
4,571431387,29,0.6649999618530273,0.5399999618530273
4,571431387,30,0.675000011920929,0.5450000166893005
4,571431387,31,0.6850000023841858,0.550000011920929
4,571431387,32,0.6800000071525574,0.550000011920929
4,571431387,33,0.6949999928474426,0.5399999618530273
4,571431387,34,0.6949999928474426,0.550000011920929
4,571431387,35,0.699999988079071,0.550000011920929
4,571431387,36,0.699999988079071,0.5450000166893005
4,571431387,37,0.699999988079071,0.550000011920929
4,571431387,38,0.7049999833106995,0.550000011920929
4,571431387,39,0.7099999785423279,0.5450000166893005
4,571431387,40,0.7149999737739563,0.550000011920929
4,571431387,41,0.7199999690055847,0.550000011920929
4,571431387,42,0.7299999594688416,0.5450000166893005
4,571431387,43,0.7249999642372131,0.5450000166893005
4,571431387,44,0.7299999594688416,0.5450000166893005
4,571431387,45,0.7299999594688416,0.5450000166893005
4,571431387,46,0.7549999952316284,0.5450000166893005
4,571431387,47,0.7400000095367432,0.5450000166893005
4,571431387,48,0.75,0.550000011920929
4,571431387,49,0.7549999952316284,0.5450000166893005
4,571431387,50,0.7599999904632568,0.550000011920929
4,571431387,51,0.7549999952316284,0.5450000166893005
4,571431387,52,0.7649999856948853,0.550000011920929
4,571431387,53,0.7699999809265137,0.5450000166893005
4,571431387,54,0.7699999809265137,0.550000011920929
4,571431387,55,0.7849999666213989,0.550000011920929
4,571431387,56,0.7799999713897705,0.5450000166893005
4,571431387,57,0.7899999618530273,0.550000011920929
4,571431387,58,0.7799999713897705,0.550000011920929
4,571431387,59,0.7899999618530273,0.550000011920929
4,571431387,60,0.7899999618530273,0.5550000071525574
4,571431387,61,0.7949999570846558,0.550000011920929
4,571431387,62,0.7899999618530273,0.5550000071525574
4,571431387,63,0.7949999570846558,0.550000011920929
4,571431387,64,0.7949999570846558,0.550000011920929
4,571431387,65,0.8100000023841858,0.5550000071525574
4,571431387,66,0.8299999833106995,0.5550000071525574
4,571431387,67,0.8149999976158142,0.5550000071525574
4,571431387,68,0.8399999737739563,0.5600000023841858
4,571431387,69,0.8349999785423279,0.5550000071525574
4,571431387,70,0.8449999690055847,0.5550000071525574
4,571431387,71,0.8399999737739563,0.550000011920929
4,571431387,72,0.8499999642372131,0.550000011920929
4,571431387,73,0.8499999642372131,0.550000011920929
4,571431387,74,0.8499999642372131,0.550000011920929
4,571431387,75,0.8549999594688416,0.550000011920929
4,571431387,76,0.8549999594688416,0.5649999976158142
4,571431387,77,0.8650000095367432,0.550000011920929
4,571431387,78,0.8700000047683716,0.550000011920929
4,571431387,79,0.875,0.5550000071525574
4,571431387,80,0.875,0.5550000071525574
4,571431387,81,0.8799999952316284,0.5550000071525574
4,571431387,82,0.8849999904632568,0.5550000071525574
4,571431387,83,0.8849999904632568,0.550000011920929
4,571431387,84,0.875,0.550000011920929
4,571431387,85,0.8899999856948853,0.5550000071525574
4,571431387,86,0.8949999809265137,0.5699999928474426
4,571431387,87,0.8949999809265137,0.550000011920929
4,571431387,88,0.8949999809265137,0.5699999928474426
4,571431387,89,0.8949999809265137,0.5550000071525574
4,571431387,90,0.9049999713897705,0.5550000071525574
4,571431387,91,0.8999999761581421,0.5550000071525574
4,571431387,92,0.9149999618530273,0.5600000023841858
4,571431387,93,0.8999999761581421,0.5649999976158142
4,571431387,94,0.9300000071525574,0.5699999928474426
4,571431387,95,0.9099999666213989,0.550000011920929
4,571431387,96,0.9300000071525574,0.5550000071525574
4,571431387,97,0.9350000023841858,0.5649999976158142
4,571431387,98,0.9300000071525574,0.5600000023841858
4,571431387,99,0.9350000023841858,0.5600000023841858
4,571431387,100,0.9350000023841858,0.5600000023841858
4,571431387,101,0.9350000023841858,0.5550000071525574
4,571431387,102,0.9399999976158142,0.5649999976158142
4,571431387,103,0.9399999976158142,0.5649999976158142
4,571431387,104,0.9399999976158142,0.5649999976158142
4,571431387,105,0.949999988079071,0.5649999976158142
4,571431387,106,0.9449999928474426,0.5699999928474426
4,571431387,107,0.9549999833106995,0.5649999976158142
4,571431387,108,0.949999988079071,0.574999988079071
4,571431387,109,0.949999988079071,0.5600000023841858
4,571431387,110,0.949999988079071,0.5699999928474426
4,571431387,111,0.9599999785423279,0.5649999976158142
4,571431387,112,0.9599999785423279,0.574999988079071
4,571431387,113,0.9599999785423279,0.574999988079071
4,571431387,114,0.9599999785423279,0.5699999928474426
4,571431387,115,0.9649999737739563,0.5649999976158142
4,571431387,116,0.9599999785423279,0.574999988079071
4,571431387,117,0.9649999737739563,0.5699999928474426
4,571431387,118,0.9649999737739563,0.5799999833106995
4,571431387,119,0.9649999737739563,0.5649999976158142
4,571431387,120,0.9649999737739563,0.5799999833106995
4,571431387,121,0.9649999737739563,0.5600000023841858
4,571431387,122,0.9649999737739563,0.5699999928474426
4,571431387,123,0.9699999690055847,0.5699999928474426
4,571431387,124,0.9649999737739563,0.5899999737739563
4,571431387,125,0.9699999690055847,0.5799999833106995
4,571431387,126,0.9649999737739563,0.574999988079071
4,571431387,127,0.9749999642372131,0.5849999785423279
4,571431387,128,0.9699999690055847,0.5799999833106995
4,571431387,129,0.9749999642372131,0.5799999833106995
4,571431387,130,0.9699999690055847,0.5849999785423279
4,571431387,131,0.9749999642372131,0.5799999833106995
4,571431387,132,0.9699999690055847,0.5799999833106995
4,571431387,133,0.9799999594688416,0.5899999737739563
4,571431387,134,0.9799999594688416,0.5949999690055847
4,571431387,135,0.9799999594688416,0.5849999785423279
4,571431387,136,0.9799999594688416,0.5849999785423279
4,571431387,137,0.9799999594688416,0.574999988079071
4,571431387,138,0.9799999594688416,0.574999988079071
4,571431387,139,0.9799999594688416,0.5799999833106995
4,571431387,140,0.98499995470047,0.574999988079071
4,571431387,141,0.9799999594688416,0.5949999690055847
4,571431387,142,0.98499995470047,0.5949999690055847
4,571431387,143,0.9899999499320984,0.5849999785423279
4,571431387,144,0.98499995470047,0.5799999833106995
4,571431387,145,0.9899999499320984,0.5899999737739563
4,571431387,146,0.98499995470047,0.5899999737739563
4,571431387,147,0.9899999499320984,0.5799999833106995
4,571431387,148,0.9899999499320984,0.5899999737739563
4,571431387,149,0.9899999499320984,0.5899999737739563
4,571431387,150,0.9899999499320984,0.5849999785423279
4,571431387,151,0.9899999499320984,0.5899999737739563
4,571431387,152,0.9899999499320984,0.5949999690055847
4,571431387,153,0.9899999499320984,0.5899999737739563
4,571431387,154,0.9899999499320984,0.5999999642372131
4,571431387,155,1.0,0.5999999642372131
4,571431387,156,0.9950000047683716,0.574999988079071
4,571431387,157,0.9950000047683716,0.5949999690055847
4,571431387,158,1.0,0.5999999642372131
4,571431387,159,1.0,0.5899999737739563
4,571431387,160,1.0,0.5899999737739563
4,571431387,161,1.0,0.5949999690055847
4,571431387,162,1.0,0.574999988079071
4,571431387,163,1.0,0.5949999690055847
4,571431387,164,1.0,0.5949999690055847
4,571431387,165,1.0,0.5999999642372131
4,571431387,166,1.0,0.5949999690055847
4,571431387,167,1.0,0.5999999642372131
4,571431387,168,1.0,0.5799999833106995
4,571431387,169,1.0,0.5999999642372131
4,571431387,170,1.0,0.5899999737739563
4,571431387,171,1.0,0.5949999690055847
4,571431387,172,1.0,0.5949999690055847
4,571431387,173,1.0,0.5949999690055847
4,571431387,174,1.0,0.5999999642372131
4,571431387,175,1.0,0.5849999785423279
4,571431387,176,1.0,0.5999999642372131
4,571431387,177,1.0,0.5999999642372131
4,571431387,178,1.0,0.5999999642372131
4,571431387,179,1.0,0.5899999737739563
4,571431387,180,1.0,0.5999999642372131
4,571431387,181,1.0,0.5999999642372131
4,571431387,182,1.0,0.5999999642372131
4,571431387,183,1.0,0.5949999690055847
4,571431387,184,1.0,0.5949999690055847
4,571431387,185,1.0,0.5999999642372131
4,571431387,186,1.0,0.5999999642372131
4,571431387,187,1.0,0.6049999594688416
4,571431387,188,1.0,0.5999999642372131
4,571431387,189,1.0,0.5949999690055847
4,571431387,190,1.0,0.6049999594688416
4,571431387,191,1.0,0.5949999690055847
4,571431387,192,1.0,0.5999999642372131
4,571431387,193,1.0,0.6100000143051147
4,571431387,194,1.0,0.5949999690055847
4,571431387,195,1.0,0.5899999737739563
4,571431387,196,1.0,0.5999999642372131
4,571431387,197,1.0,0.5999999642372131
4,571431387,198,1.0,0.5999999642372131
4,571431387,199,1.0,0.6049999594688416
4,571431387,200,1.0,0.5949999690055847
4,571431387,201,1.0,0.6100000143051147
4,571431387,202,1.0,0.5999999642372131
4,571431387,203,1.0,0.6049999594688416
4,571431387,204,1.0,0.6049999594688416
4,571431387,205,1.0,0.6049999594688416
4,571431387,206,1.0,0.5999999642372131
4,571431387,207,1.0,0.6049999594688416
4,571431387,208,1.0,0.6049999594688416
4,571431387,209,1.0,0.5999999642372131
4,571431387,210,1.0,0.6049999594688416
4,571431387,211,1.0,0.6049999594688416
4,571431387,212,1.0,0.5949999690055847
4,571431387,213,1.0,0.6049999594688416
4,571431387,214,1.0,0.6049999594688416
4,571431387,215,1.0,0.5999999642372131
4,571431387,216,1.0,0.6049999594688416
4,571431387,217,1.0,0.5999999642372131
4,571431387,218,1.0,0.6100000143051147
4,571431387,219,1.0,0.5999999642372131
4,571431387,220,1.0,0.6150000095367432
4,571431387,221,1.0,0.5949999690055847
4,571431387,222,1.0,0.6049999594688416
4,571431387,223,1.0,0.5949999690055847
4,571431387,224,1.0,0.6150000095367432
4,571431387,225,1.0,0.6100000143051147
4,571431387,226,1.0,0.6049999594688416
4,571431387,227,1.0,0.6049999594688416
4,571431387,228,1.0,0.6100000143051147
4,571431387,229,1.0,0.6049999594688416
4,571431387,230,1.0,0.6100000143051147
4,571431387,231,1.0,0.6150000095367432
4,571431387,232,1.0,0.5999999642372131
4,571431387,233,1.0,0.6100000143051147
4,571431387,234,1.0,0.6049999594688416
4,571431387,235,1.0,0.6049999594688416
4,571431387,236,1.0,0.5999999642372131
4,571431387,237,1.0,0.6049999594688416
4,571431387,238,1.0,0.6049999594688416
4,571431387,239,1.0,0.5999999642372131
4,571431387,240,1.0,0.6100000143051147
4,571431387,241,1.0,0.6049999594688416
4,571431387,242,1.0,0.6049999594688416
4,571431387,243,1.0,0.6100000143051147
4,571431387,244,1.0,0.6100000143051147
4,571431387,245,1.0,0.6049999594688416
4,571431387,246,1.0,0.6100000143051147
4,571431387,247,1.0,0.6049999594688416
4,571431387,248,1.0,0.6049999594688416
4,571431387,249,1.0,0.6049999594688416
4,571431387,250,1.0,0.6200000047683716
4,571431387,251,1.0,0.5999999642372131
4,571431387,252,1.0,0.6049999594688416
4,571431387,253,1.0,0.6100000143051147
4,571431387,254,1.0,0.6049999594688416
4,571431387,255,1.0,0.6150000095367432
4,571431387,256,1.0,0.6100000143051147
4,571431387,257,1.0,0.6100000143051147
4,571431387,258,1.0,0.6049999594688416
4,571431387,259,1.0,0.6049999594688416
4,571431387,260,1.0,0.6100000143051147
4,571431387,261,1.0,0.6049999594688416
4,571431387,262,1.0,0.6150000095367432
4,571431387,263,1.0,0.6100000143051147
4,571431387,264,1.0,0.5999999642372131
4,571431387,265,1.0,0.6049999594688416
4,571431387,266,1.0,0.6049999594688416
4,571431387,267,1.0,0.6100000143051147
4,571431387,268,1.0,0.6100000143051147
4,571431387,269,1.0,0.6049999594688416
4,571431387,270,1.0,0.6049999594688416
4,571431387,271,1.0,0.6100000143051147
4,571431387,272,1.0,0.6150000095367432
4,571431387,273,1.0,0.6100000143051147
4,571431387,274,1.0,0.6049999594688416
4,571431387,275,1.0,0.6049999594688416
4,571431387,276,1.0,0.6150000095367432
4,571431387,277,1.0,0.6100000143051147
4,571431387,278,1.0,0.6100000143051147
4,571431387,279,1.0,0.6049999594688416
4,571431387,280,1.0,0.6049999594688416
4,571431387,281,1.0,0.6150000095367432
4,571431387,282,1.0,0.6150000095367432
4,571431387,283,1.0,0.6049999594688416
4,571431387,284,1.0,0.6100000143051147
4,571431387,285,1.0,0.6100000143051147
4,571431387,286,1.0,0.6100000143051147
4,571431387,287,1.0,0.6049999594688416
4,571431387,288,1.0,0.6100000143051147
4,571431387,289,1.0,0.6100000143051147
4,571431387,290,1.0,0.6100000143051147
4,571431387,291,1.0,0.6150000095367432
4,571431387,292,1.0,0.6049999594688416
4,571431387,293,1.0,0.6100000143051147
4,571431387,294,1.0,0.6100000143051147
4,571431387,295,1.0,0.6150000095367432
4,571431387,296,1.0,0.6100000143051147
4,571431387,297,1.0,0.6150000095367432
4,571431387,298,1.0,0.6100000143051147
4,571431387,299,1.0,0.6150000095367432
4,571431387,300,1.0,0.6200000047683716
4,571431387,301,1.0,0.6100000143051147
4,571431387,302,1.0,0.6150000095367432
4,571431387,303,1.0,0.6150000095367432
4,571431387,304,1.0,0.6100000143051147
4,571431387,305,1.0,0.6049999594688416
4,571431387,306,1.0,0.6150000095367432
4,571431387,307,1.0,0.6100000143051147
4,571431387,308,1.0,0.6049999594688416
4,571431387,309,1.0,0.6100000143051147
4,571431387,310,1.0,0.6100000143051147
4,571431387,311,1.0,0.6049999594688416
4,571431387,312,1.0,0.6150000095367432
4,571431387,313,1.0,0.6200000047683716
4,571431387,314,1.0,0.6049999594688416
4,571431387,315,1.0,0.6200000047683716
4,571431387,316,1.0,0.6150000095367432
4,571431387,317,1.0,0.6049999594688416
4,571431387,318,1.0,0.6150000095367432
4,571431387,319,1.0,0.6150000095367432
4,571431387,320,1.0,0.6100000143051147
4,571431387,321,1.0,0.6100000143051147
4,571431387,322,1.0,0.6100000143051147
4,571431387,323,1.0,0.6200000047683716
4,571431387,324,1.0,0.6150000095367432
4,571431387,325,1.0,0.6100000143051147
4,571431387,326,1.0,0.6100000143051147
4,571431387,327,1.0,0.6200000047683716
4,571431387,328,1.0,0.6150000095367432
4,571431387,329,1.0,0.6150000095367432
4,571431387,330,1.0,0.6150000095367432
4,571431387,331,1.0,0.625
4,571431387,332,1.0,0.6100000143051147
4,571431387,333,1.0,0.6150000095367432
4,571431387,334,1.0,0.625
4,571431387,335,1.0,0.625
4,571431387,336,1.0,0.6200000047683716
4,571431387,337,1.0,0.6150000095367432
4,571431387,338,1.0,0.6150000095367432
4,571431387,339,1.0,0.6150000095367432
4,571431387,340,1.0,0.6200000047683716
4,571431387,341,1.0,0.6150000095367432
4,571431387,342,1.0,0.6200000047683716
4,571431387,343,1.0,0.6200000047683716
4,571431387,344,1.0,0.6150000095367432
4,571431387,345,1.0,0.6150000095367432
4,571431387,346,1.0,0.6349999904632568
4,571431387,347,1.0,0.6100000143051147
4,571431387,348,1.0,0.6150000095367432
4,571431387,349,1.0,0.6200000047683716
4,571431387,350,1.0,0.6100000143051147
4,571431387,351,1.0,0.6150000095367432
4,571431387,352,1.0,0.6200000047683716
4,571431387,353,1.0,0.6049999594688416
4,571431387,354,1.0,0.6200000047683716
4,571431387,355,1.0,0.625
4,571431387,356,1.0,0.6150000095367432
4,571431387,357,1.0,0.625
4,571431387,358,1.0,0.625
4,571431387,359,1.0,0.6049999594688416
4,571431387,360,1.0,0.625
4,571431387,361,1.0,0.6100000143051147
4,571431387,362,1.0,0.6100000143051147
4,571431387,363,1.0,0.6150000095367432
4,571431387,364,1.0,0.6200000047683716
4,571431387,365,1.0,0.6100000143051147
4,571431387,366,1.0,0.6200000047683716
4,571431387,367,1.0,0.6150000095367432
4,571431387,368,1.0,0.6299999952316284
4,571431387,369,1.0,0.6150000095367432
4,571431387,370,1.0,0.6200000047683716
4,571431387,371,1.0,0.6200000047683716
4,571431387,372,1.0,0.625
4,571431387,373,1.0,0.6150000095367432
4,571431387,374,1.0,0.6200000047683716
4,571431387,375,1.0,0.6150000095367432
4,571431387,376,1.0,0.625
4,571431387,377,1.0,0.625
4,571431387,378,1.0,0.6200000047683716
4,571431387,379,1.0,0.625
4,571431387,380,1.0,0.6299999952316284
4,571431387,381,1.0,0.5999999642372131
4,571431387,382,1.0,0.6299999952316284
4,571431387,383,1.0,0.6150000095367432
4,571431387,384,1.0,0.6200000047683716
4,571431387,385,1.0,0.6349999904632568
4,571431387,386,1.0,0.6449999809265137
4,571431387,387,1.0,0.6200000047683716
4,571431387,388,1.0,0.6299999952316284
4,571431387,389,1.0,0.6150000095367432
4,571431387,390,1.0,0.6299999952316284
4,571431387,391,1.0,0.6399999856948853
4,571431387,392,1.0,0.6200000047683716
4,571431387,393,1.0,0.625
4,571431387,394,1.0,0.6399999856948853
4,571431387,395,1.0,0.6150000095367432
4,571431387,396,1.0,0.6399999856948853
4,571431387,397,1.0,0.6200000047683716
4,571431387,398,1.0,0.6349999904632568
4,571431387,399,1.0,0.6349999904632568
4,571431387,400,1.0,0.6299999952316284
4,571431387,401,1.0,0.625
4,571431387,402,1.0,0.6549999713897705
4,571431387,403,1.0,0.6399999856948853
4,571431387,404,1.0,0.6399999856948853
4,571431387,405,1.0,0.6349999904632568
4,571431387,406,1.0,0.6399999856948853
4,571431387,407,1.0,0.6349999904632568
4,571431387,408,1.0,0.6399999856948853
4,571431387,409,1.0,0.6349999904632568
4,571431387,410,1.0,0.6200000047683716
4,571431387,411,1.0,0.6299999952316284
4,571431387,412,1.0,0.6399999856948853
4,571431387,413,1.0,0.6399999856948853
4,571431387,414,1.0,0.6349999904632568
4,571431387,415,1.0,0.6349999904632568
4,571431387,416,1.0,0.6499999761581421
4,571431387,417,1.0,0.6449999809265137
4,571431387,418,1.0,0.6449999809265137
4,571431387,419,1.0,0.6200000047683716
4,571431387,420,1.0,0.6499999761581421
4,571431387,421,1.0,0.6449999809265137
4,571431387,422,1.0,0.6399999856948853
4,571431387,423,1.0,0.6299999952316284
4,571431387,424,1.0,0.6299999952316284
4,571431387,425,1.0,0.6399999856948853
4,571431387,426,1.0,0.6399999856948853
4,571431387,427,1.0,0.6399999856948853
4,571431387,428,1.0,0.6349999904632568
4,571431387,429,1.0,0.6549999713897705
4,571431387,430,1.0,0.6349999904632568
4,571431387,431,1.0,0.6200000047683716
4,571431387,432,1.0,0.6549999713897705
4,571431387,433,1.0,0.6499999761581421
4,571431387,434,1.0,0.6349999904632568
4,571431387,435,1.0,0.6349999904632568
4,571431387,436,1.0,0.6499999761581421
4,571431387,437,1.0,0.6299999952316284
4,571431387,438,1.0,0.6299999952316284
4,571431387,439,1.0,0.6449999809265137
4,571431387,440,1.0,0.625
4,571431387,441,1.0,0.6399999856948853
4,571431387,442,1.0,0.6299999952316284
4,571431387,443,1.0,0.6299999952316284
4,571431387,444,1.0,0.6399999856948853
4,571431387,445,1.0,0.6449999809265137
4,571431387,446,1.0,0.625
4,571431387,447,1.0,0.6499999761581421
4,571431387,448,1.0,0.6349999904632568
4,571431387,449,1.0,0.6449999809265137
4,571431387,450,1.0,0.6549999713897705
4,571431387,451,1.0,0.6499999761581421
4,571431387,452,1.0,0.6449999809265137
4,571431387,453,1.0,0.6549999713897705
4,571431387,454,1.0,0.6449999809265137
4,571431387,455,1.0,0.6299999952316284
4,571431387,456,1.0,0.6449999809265137
4,571431387,457,1.0,0.6449999809265137
4,571431387,458,1.0,0.6449999809265137
4,571431387,459,1.0,0.6349999904632568
4,571431387,460,1.0,0.6349999904632568
4,571431387,461,1.0,0.6399999856948853
4,571431387,462,1.0,0.6499999761581421
4,571431387,463,1.0,0.6499999761581421
4,571431387,464,1.0,0.6499999761581421
4,571431387,465,1.0,0.6399999856948853
4,571431387,466,1.0,0.6399999856948853
4,571431387,467,1.0,0.6449999809265137
4,571431387,468,1.0,0.6499999761581421
4,571431387,469,1.0,0.6499999761581421
4,571431387,470,1.0,0.6499999761581421
4,571431387,471,1.0,0.6449999809265137
4,571431387,472,1.0,0.6449999809265137
4,571431387,473,1.0,0.6499999761581421
4,571431387,474,1.0,0.6449999809265137
4,571431387,475,1.0,0.6499999761581421
4,571431387,476,1.0,0.6499999761581421
4,571431387,477,1.0,0.6449999809265137
4,571431387,478,1.0,0.6449999809265137
4,571431387,479,1.0,0.6449999809265137
4,571431387,480,1.0,0.6499999761581421
4,571431387,481,1.0,0.6399999856948853
4,571431387,482,1.0,0.6499999761581421
4,571431387,483,1.0,0.6499999761581421
4,571431387,484,1.0,0.6449999809265137
4,571431387,485,1.0,0.6549999713897705
4,571431387,486,1.0,0.6449999809265137
4,571431387,487,1.0,0.6499999761581421
4,571431387,488,1.0,0.6699999570846558
4,571431387,489,1.0,0.6349999904632568
4,571431387,490,1.0,0.6499999761581421
4,571431387,491,1.0,0.6649999618530273
4,571431387,492,1.0,0.6549999713897705
4,571431387,493,1.0,0.6549999713897705
4,571431387,494,1.0,0.6549999713897705
4,571431387,495,1.0,0.6499999761581421
4,571431387,496,1.0,0.6499999761581421
4,571431387,497,1.0,0.6449999809265137
4,571431387,498,1.0,0.6499999761581421
4,571431387,499,1.0,0.6499999761581421
4,571431387,500,1.0,0.675000011920929
4,571431387,501,1.0,0.6499999761581421
4,571431387,502,1.0,0.6499999761581421
4,571431387,503,1.0,0.6599999666213989
4,571431387,504,1.0,0.6599999666213989
4,571431387,505,1.0,0.6499999761581421
4,571431387,506,1.0,0.6699999570846558
4,571431387,507,1.0,0.6499999761581421
4,571431387,508,1.0,0.6599999666213989
4,571431387,509,1.0,0.6549999713897705
4,571431387,510,1.0,0.6449999809265137
4,571431387,511,1.0,0.6599999666213989
4,571431387,512,1.0,0.6699999570846558
4,571431387,513,1.0,0.6349999904632568
4,571431387,514,1.0,0.6549999713897705
4,571431387,515,1.0,0.6599999666213989
4,571431387,516,1.0,0.6599999666213989
4,571431387,517,1.0,0.6499999761581421
4,571431387,518,1.0,0.6599999666213989
4,571431387,519,1.0,0.6449999809265137
4,571431387,520,1.0,0.6649999618530273
4,571431387,521,1.0,0.6549999713897705
4,571431387,522,1.0,0.6649999618530273
4,571431387,523,1.0,0.6499999761581421
4,571431387,524,1.0,0.6449999809265137
4,571431387,525,1.0,0.6499999761581421
4,571431387,526,1.0,0.6599999666213989
4,571431387,527,1.0,0.6649999618530273
4,571431387,528,1.0,0.6549999713897705
4,571431387,529,1.0,0.6599999666213989
4,571431387,530,1.0,0.6599999666213989
4,571431387,531,1.0,0.6599999666213989
4,571431387,532,1.0,0.6649999618530273
4,571431387,533,1.0,0.6449999809265137
4,571431387,534,1.0,0.6549999713897705
4,571431387,535,1.0,0.6499999761581421
4,571431387,536,1.0,0.6699999570846558
4,571431387,537,1.0,0.6599999666213989
4,571431387,538,1.0,0.6649999618530273
4,571431387,539,1.0,0.6599999666213989
4,571431387,540,1.0,0.6599999666213989
4,571431387,541,1.0,0.6699999570846558
4,571431387,542,1.0,0.6699999570846558
4,571431387,543,1.0,0.6549999713897705
4,571431387,544,1.0,0.6649999618530273
4,571431387,545,1.0,0.6649999618530273
4,571431387,546,1.0,0.6599999666213989
4,571431387,547,1.0,0.6699999570846558
4,571431387,548,1.0,0.6699999570846558
4,571431387,549,1.0,0.6649999618530273
4,571431387,550,1.0,0.6649999618530273
4,571431387,551,1.0,0.6699999570846558
4,571431387,552,1.0,0.6699999570846558
4,571431387,553,1.0,0.6499999761581421
4,571431387,554,1.0,0.6699999570846558
4,571431387,555,1.0,0.6699999570846558
4,571431387,556,1.0,0.6599999666213989
4,571431387,557,1.0,0.6649999618530273
4,571431387,558,1.0,0.6599999666213989
4,571431387,559,1.0,0.6449999809265137
4,571431387,560,1.0,0.6649999618530273
4,571431387,561,1.0,0.6549999713897705
4,571431387,562,1.0,0.6699999570846558
4,571431387,563,1.0,0.675000011920929
4,571431387,564,1.0,0.6599999666213989
4,571431387,565,1.0,0.6449999809265137
4,571431387,566,1.0,0.6649999618530273
4,571431387,567,1.0,0.6800000071525574
4,571431387,568,1.0,0.6599999666213989
4,571431387,569,1.0,0.6699999570846558
4,571431387,570,1.0,0.6649999618530273
4,571431387,571,1.0,0.6549999713897705
4,571431387,572,1.0,0.6549999713897705
4,571431387,573,1.0,0.6549999713897705
4,571431387,574,1.0,0.6699999570846558
4,571431387,575,1.0,0.675000011920929
4,571431387,576,1.0,0.6599999666213989
4,571431387,577,1.0,0.675000011920929
4,571431387,578,1.0,0.6549999713897705
4,571431387,579,1.0,0.6599999666213989
4,571431387,580,1.0,0.6899999976158142
4,571431387,581,1.0,0.6649999618530273
4,571431387,582,1.0,0.6599999666213989
4,571431387,583,1.0,0.6549999713897705
4,571431387,584,1.0,0.6649999618530273
4,571431387,585,1.0,0.675000011920929
4,571431387,586,1.0,0.6649999618530273
4,571431387,587,1.0,0.6649999618530273
4,571431387,588,1.0,0.6499999761581421
4,571431387,589,1.0,0.675000011920929
4,571431387,590,1.0,0.675000011920929
4,571431387,591,1.0,0.6649999618530273
4,571431387,592,1.0,0.6649999618530273
4,571431387,593,1.0,0.6649999618530273
4,571431387,594,1.0,0.6599999666213989
4,571431387,595,1.0,0.6899999976158142
4,571431387,596,1.0,0.6599999666213989
4,571431387,597,1.0,0.6649999618530273
4,571431387,598,1.0,0.6899999976158142
4,571431387,599,1.0,0.6649999618530273
4,571431387,600,1.0,0.6699999570846558
4,571431387,601,1.0,0.6549999713897705
4,571431387,602,1.0,0.675000011920929
4,571431387,603,1.0,0.675000011920929
4,571431387,604,1.0,0.6850000023841858
4,571431387,605,1.0,0.675000011920929
4,571431387,606,1.0,0.675000011920929
4,571431387,607,1.0,0.6800000071525574
4,571431387,608,1.0,0.675000011920929
4,571431387,609,1.0,0.6649999618530273
4,571431387,610,1.0,0.675000011920929
4,571431387,611,1.0,0.675000011920929
4,571431387,612,1.0,0.6800000071525574
4,571431387,613,1.0,0.675000011920929
4,571431387,614,1.0,0.6850000023841858
4,571431387,615,1.0,0.6800000071525574
4,571431387,616,1.0,0.6699999570846558
4,571431387,617,1.0,0.6699999570846558
4,571431387,618,1.0,0.675000011920929
4,571431387,619,1.0,0.6800000071525574
4,571431387,620,1.0,0.6699999570846558
4,571431387,621,1.0,0.6699999570846558
4,571431387,622,1.0,0.6599999666213989
4,571431387,623,1.0,0.675000011920929
4,571431387,624,1.0,0.6649999618530273
4,571431387,625,1.0,0.675000011920929
4,571431387,626,1.0,0.6800000071525574
4,571431387,627,1.0,0.6699999570846558
4,571431387,628,1.0,0.6850000023841858
4,571431387,629,1.0,0.6649999618530273
4,571431387,630,1.0,0.6549999713897705
4,571431387,631,1.0,0.675000011920929
4,571431387,632,1.0,0.6800000071525574
4,571431387,633,1.0,0.6699999570846558
4,571431387,634,1.0,0.6800000071525574
4,571431387,635,1.0,0.6649999618530273
4,571431387,636,1.0,0.6800000071525574
4,571431387,637,1.0,0.6800000071525574
4,571431387,638,1.0,0.6850000023841858
4,571431387,639,1.0,0.6599999666213989
4,571431387,640,1.0,0.6850000023841858
4,571431387,641,1.0,0.6699999570846558
4,571431387,642,1.0,0.6599999666213989
4,571431387,643,1.0,0.6699999570846558
4,571431387,644,1.0,0.6649999618530273
4,571431387,645,1.0,0.675000011920929
4,571431387,646,1.0,0.6850000023841858
4,571431387,647,1.0,0.6649999618530273
4,571431387,648,1.0,0.6800000071525574
4,571431387,649,1.0,0.6699999570846558
4,571431387,650,1.0,0.675000011920929
4,571431387,651,1.0,0.6949999928474426
4,571431387,652,1.0,0.6850000023841858
4,571431387,653,1.0,0.6599999666213989
4,571431387,654,1.0,0.6800000071525574
4,571431387,655,1.0,0.6649999618530273
4,571431387,656,1.0,0.675000011920929
4,571431387,657,1.0,0.6850000023841858
4,571431387,658,1.0,0.675000011920929
4,571431387,659,1.0,0.6800000071525574
4,571431387,660,1.0,0.6949999928474426
4,571431387,661,1.0,0.6699999570846558
4,571431387,662,1.0,0.6800000071525574
4,571431387,663,1.0,0.6850000023841858
4,571431387,664,1.0,0.6800000071525574
4,571431387,665,1.0,0.6599999666213989
4,571431387,666,1.0,0.6800000071525574
4,571431387,667,1.0,0.699999988079071
4,571431387,668,1.0,0.675000011920929
4,571431387,669,1.0,0.675000011920929
4,571431387,670,1.0,0.6800000071525574
4,571431387,671,1.0,0.6800000071525574
4,571431387,672,1.0,0.6699999570846558
4,571431387,673,1.0,0.699999988079071
4,571431387,674,1.0,0.6850000023841858
4,571431387,675,1.0,0.6800000071525574
4,571431387,676,1.0,0.6850000023841858
4,571431387,677,1.0,0.6800000071525574
4,571431387,678,1.0,0.675000011920929
4,571431387,679,1.0,0.6699999570846558
4,571431387,680,1.0,0.675000011920929
4,571431387,681,1.0,0.6899999976158142
4,571431387,682,1.0,0.675000011920929
4,571431387,683,1.0,0.6699999570846558
4,571431387,684,1.0,0.699999988079071
4,571431387,685,1.0,0.6850000023841858
4,571431387,686,1.0,0.675000011920929
4,571431387,687,1.0,0.6899999976158142
4,571431387,688,1.0,0.699999988079071
4,571431387,689,1.0,0.675000011920929
4,571431387,690,1.0,0.699999988079071
4,571431387,691,1.0,0.6800000071525574
4,571431387,692,1.0,0.6850000023841858
4,571431387,693,1.0,0.7099999785423279
4,571431387,694,1.0,0.699999988079071
4,571431387,695,1.0,0.6599999666213989
4,571431387,696,1.0,0.6949999928474426
4,571431387,697,1.0,0.6949999928474426
4,571431387,698,1.0,0.6949999928474426
4,571431387,699,1.0,0.6800000071525574
4,571431387,700,1.0,0.6850000023841858
4,571431387,701,1.0,0.6649999618530273
4,571431387,702,1.0,0.6949999928474426
4,571431387,703,1.0,0.675000011920929
4,571431387,704,1.0,0.675000011920929
4,571431387,705,1.0,0.699999988079071
4,571431387,706,1.0,0.6949999928474426
4,571431387,707,1.0,0.6599999666213989
4,571431387,708,1.0,0.699999988079071
4,571431387,709,1.0,0.6899999976158142
4,571431387,710,1.0,0.6899999976158142
4,571431387,711,1.0,0.7099999785423279
4,571431387,712,1.0,0.6899999976158142
4,571431387,713,1.0,0.699999988079071
4,571431387,714,1.0,0.699999988079071
4,571431387,715,1.0,0.6850000023841858
4,571431387,716,1.0,0.6850000023841858
4,571431387,717,1.0,0.6949999928474426
4,571431387,718,1.0,0.699999988079071
4,571431387,719,1.0,0.675000011920929
4,571431387,720,1.0,0.699999988079071
4,571431387,721,1.0,0.6899999976158142
4,571431387,722,1.0,0.6800000071525574
4,571431387,723,1.0,0.6949999928474426
4,571431387,724,1.0,0.699999988079071
4,571431387,725,1.0,0.6800000071525574
4,571431387,726,1.0,0.7099999785423279
4,571431387,727,1.0,0.699999988079071
4,571431387,728,1.0,0.675000011920929
4,571431387,729,1.0,0.699999988079071
4,571431387,730,1.0,0.7049999833106995
4,571431387,731,1.0,0.675000011920929
4,571431387,732,1.0,0.6949999928474426
4,571431387,733,1.0,0.6899999976158142
4,571431387,734,1.0,0.7099999785423279
4,571431387,735,1.0,0.7149999737739563
4,571431387,736,1.0,0.6899999976158142
4,571431387,737,1.0,0.675000011920929
4,571431387,738,1.0,0.7149999737739563
4,571431387,739,1.0,0.699999988079071
4,571431387,740,1.0,0.6949999928474426
4,571431387,741,1.0,0.7049999833106995
4,571431387,742,1.0,0.6949999928474426
4,571431387,743,1.0,0.6899999976158142
4,571431387,744,1.0,0.7149999737739563
4,571431387,745,1.0,0.699999988079071
4,571431387,746,1.0,0.6949999928474426
4,571431387,747,1.0,0.7099999785423279
4,571431387,748,1.0,0.699999988079071
4,571431387,749,1.0,0.675000011920929
4,571431387,750,1.0,0.7049999833106995
4,571431387,751,1.0,0.6899999976158142
4,571431387,752,1.0,0.6800000071525574
4,571431387,753,1.0,0.699999988079071
4,571431387,754,1.0,0.699999988079071
4,571431387,755,1.0,0.6899999976158142
4,571431387,756,1.0,0.7049999833106995
4,571431387,757,1.0,0.699999988079071
4,571431387,758,1.0,0.699999988079071
4,571431387,759,1.0,0.7099999785423279
4,571431387,760,1.0,0.699999988079071
4,571431387,761,1.0,0.699999988079071
4,571431387,762,1.0,0.699999988079071
4,571431387,763,1.0,0.699999988079071
4,571431387,764,1.0,0.699999988079071
4,571431387,765,1.0,0.7149999737739563
4,571431387,766,1.0,0.7099999785423279
4,571431387,767,1.0,0.7099999785423279
4,571431387,768,1.0,0.7049999833106995
4,571431387,769,1.0,0.6949999928474426
4,571431387,770,1.0,0.6949999928474426
4,571431387,771,1.0,0.7199999690055847
4,571431387,772,1.0,0.6949999928474426
4,571431387,773,1.0,0.7049999833106995
4,571431387,774,1.0,0.7149999737739563
4,571431387,775,1.0,0.699999988079071
4,571431387,776,1.0,0.7049999833106995
4,571431387,777,1.0,0.7099999785423279
4,571431387,778,1.0,0.6800000071525574
4,571431387,779,1.0,0.7099999785423279
4,571431387,780,1.0,0.7199999690055847
4,571431387,781,1.0,0.7099999785423279
4,571431387,782,1.0,0.7199999690055847
4,571431387,783,1.0,0.7099999785423279
4,571431387,784,1.0,0.7049999833106995
4,571431387,785,1.0,0.699999988079071
4,571431387,786,1.0,0.7149999737739563
4,571431387,787,1.0,0.7049999833106995
4,571431387,788,1.0,0.7149999737739563
4,571431387,789,1.0,0.7299999594688416
4,571431387,790,1.0,0.7149999737739563
4,571431387,791,1.0,0.7099999785423279
4,571431387,792,1.0,0.7099999785423279
4,571431387,793,1.0,0.7149999737739563
4,571431387,794,1.0,0.7199999690055847
4,571431387,795,1.0,0.7149999737739563
4,571431387,796,1.0,0.7149999737739563
4,571431387,797,1.0,0.699999988079071
4,571431387,798,1.0,0.7249999642372131
4,571431387,799,1.0,0.699999988079071
4,571431387,800,1.0,0.7049999833106995
4,571431387,801,1.0,0.7149999737739563
4,571431387,802,1.0,0.7199999690055847
4,571431387,803,1.0,0.7199999690055847
4,571431387,804,1.0,0.7149999737739563
4,571431387,805,1.0,0.7199999690055847
4,571431387,806,1.0,0.7099999785423279
4,571431387,807,1.0,0.7299999594688416
4,571431387,808,1.0,0.7049999833106995
4,571431387,809,1.0,0.7149999737739563
4,571431387,810,1.0,0.7299999594688416
4,571431387,811,1.0,0.7299999594688416
4,571431387,812,1.0,0.7149999737739563
4,571431387,813,1.0,0.7199999690055847
4,571431387,814,1.0,0.7149999737739563
4,571431387,815,1.0,0.7099999785423279
4,571431387,816,1.0,0.7199999690055847
4,571431387,817,1.0,0.7149999737739563
4,571431387,818,1.0,0.7149999737739563
4,571431387,819,1.0,0.7249999642372131
4,571431387,820,1.0,0.7099999785423279
4,571431387,821,1.0,0.7049999833106995
4,571431387,822,1.0,0.7299999594688416
4,571431387,823,1.0,0.7249999642372131
4,571431387,824,1.0,0.7299999594688416
4,571431387,825,1.0,0.7199999690055847
4,571431387,826,1.0,0.7249999642372131
4,571431387,827,1.0,0.7099999785423279
4,571431387,828,1.0,0.7099999785423279
4,571431387,829,1.0,0.7299999594688416
4,571431387,830,1.0,0.73499995470047
4,571431387,831,1.0,0.7299999594688416
4,571431387,832,1.0,0.7199999690055847
4,571431387,833,1.0,0.73499995470047
4,571431387,834,1.0,0.7299999594688416
4,571431387,835,1.0,0.7199999690055847
4,571431387,836,1.0,0.7149999737739563
4,571431387,837,1.0,0.7400000095367432
4,571431387,838,1.0,0.7299999594688416
4,571431387,839,1.0,0.7299999594688416
4,571431387,840,1.0,0.7400000095367432
4,571431387,841,1.0,0.7099999785423279
4,571431387,842,1.0,0.7199999690055847
4,571431387,843,1.0,0.75
4,571431387,844,1.0,0.7199999690055847
4,571431387,845,1.0,0.7099999785423279
4,571431387,846,1.0,0.73499995470047
4,571431387,847,1.0,0.7299999594688416
4,571431387,848,1.0,0.7249999642372131
4,571431387,849,1.0,0.73499995470047
4,571431387,850,1.0,0.73499995470047
4,571431387,851,1.0,0.7249999642372131
4,571431387,852,1.0,0.7249999642372131
4,571431387,853,1.0,0.73499995470047
4,571431387,854,1.0,0.7299999594688416
4,571431387,855,1.0,0.7099999785423279
4,571431387,856,1.0,0.7249999642372131
4,571431387,857,1.0,0.7299999594688416
4,571431387,858,1.0,0.7450000047683716
4,571431387,859,1.0,0.7450000047683716
4,571431387,860,1.0,0.7299999594688416
4,571431387,861,1.0,0.7199999690055847
4,571431387,862,1.0,0.73499995470047
4,571431387,863,1.0,0.7299999594688416
4,571431387,864,1.0,0.7450000047683716
4,571431387,865,1.0,0.73499995470047
4,571431387,866,1.0,0.73499995470047
4,571431387,867,1.0,0.75
4,571431387,868,1.0,0.7249999642372131
4,571431387,869,1.0,0.7299999594688416
4,571431387,870,1.0,0.75
4,571431387,871,1.0,0.7249999642372131
4,571431387,872,1.0,0.7299999594688416
4,571431387,873,1.0,0.7299999594688416
4,571431387,874,1.0,0.7400000095367432
4,571431387,875,1.0,0.73499995470047
4,571431387,876,1.0,0.73499995470047
4,571431387,877,1.0,0.7450000047683716
4,571431387,878,1.0,0.7400000095367432
4,571431387,879,1.0,0.7400000095367432
4,571431387,880,1.0,0.7450000047683716
4,571431387,881,1.0,0.7400000095367432
4,571431387,882,1.0,0.7450000047683716
4,571431387,883,1.0,0.73499995470047
4,571431387,884,1.0,0.7299999594688416
4,571431387,885,1.0,0.73499995470047
4,571431387,886,1.0,0.7450000047683716
4,571431387,887,1.0,0.73499995470047
4,571431387,888,1.0,0.73499995470047
4,571431387,889,1.0,0.75
4,571431387,890,1.0,0.73499995470047
4,571431387,891,1.0,0.7299999594688416
4,571431387,892,1.0,0.73499995470047
4,571431387,893,1.0,0.7299999594688416
4,571431387,894,1.0,0.7450000047683716
4,571431387,895,1.0,0.7450000047683716
4,571431387,896,1.0,0.7400000095367432
4,571431387,897,1.0,0.7299999594688416
4,571431387,898,1.0,0.7299999594688416
4,571431387,899,1.0,0.7450000047683716
4,571431387,900,1.0,0.73499995470047
4,571431387,901,1.0,0.7400000095367432
4,571431387,902,1.0,0.7450000047683716
4,571431387,903,1.0,0.7400000095367432
4,571431387,904,1.0,0.7450000047683716
4,571431387,905,1.0,0.7649999856948853
4,571431387,906,1.0,0.73499995470047
4,571431387,907,1.0,0.7299999594688416
4,571431387,908,1.0,0.73499995470047
4,571431387,909,1.0,0.7549999952316284
4,571431387,910,1.0,0.75
4,571431387,911,1.0,0.7249999642372131
4,571431387,912,1.0,0.7450000047683716
4,571431387,913,1.0,0.7400000095367432
4,571431387,914,1.0,0.7749999761581421
4,571431387,915,1.0,0.7549999952316284
4,571431387,916,1.0,0.7450000047683716
4,571431387,917,1.0,0.7599999904632568
4,571431387,918,1.0,0.7549999952316284
4,571431387,919,1.0,0.7549999952316284
4,571431387,920,1.0,0.7450000047683716
4,571431387,921,1.0,0.75
4,571431387,922,1.0,0.73499995470047
4,571431387,923,1.0,0.7549999952316284
4,571431387,924,1.0,0.7599999904632568
4,571431387,925,1.0,0.7249999642372131
4,571431387,926,1.0,0.7649999856948853
4,571431387,927,1.0,0.7599999904632568
4,571431387,928,1.0,0.7450000047683716
4,571431387,929,1.0,0.7450000047683716
4,571431387,930,1.0,0.75
4,571431387,931,1.0,0.75
4,571431387,932,1.0,0.7599999904632568
4,571431387,933,1.0,0.75
4,571431387,934,1.0,0.75
4,571431387,935,1.0,0.7450000047683716
4,571431387,936,1.0,0.75
4,571431387,937,1.0,0.75
4,571431387,938,1.0,0.75
4,571431387,939,1.0,0.7549999952316284
4,571431387,940,1.0,0.7400000095367432
4,571431387,941,1.0,0.7549999952316284
4,571431387,942,1.0,0.7549999952316284
4,571431387,943,1.0,0.75
4,571431387,944,1.0,0.7549999952316284
4,571431387,945,1.0,0.75
4,571431387,946,1.0,0.7549999952316284
4,571431387,947,1.0,0.7649999856948853
4,571431387,948,1.0,0.75
4,571431387,949,1.0,0.7549999952316284
4,571431387,950,1.0,0.7549999952316284
4,571431387,951,1.0,0.75
4,571431387,952,1.0,0.75
4,571431387,953,1.0,0.75
4,571431387,954,1.0,0.7649999856948853
4,571431387,955,1.0,0.7549999952316284
4,571431387,956,1.0,0.7649999856948853
4,571431387,957,1.0,0.75
4,571431387,958,1.0,0.7549999952316284
4,571431387,959,1.0,0.7599999904632568
4,571431387,960,1.0,0.7649999856948853
4,571431387,961,1.0,0.75
4,571431387,962,1.0,0.7699999809265137
4,571431387,963,1.0,0.7649999856948853
4,571431387,964,1.0,0.7599999904632568
4,571431387,965,1.0,0.7549999952316284
4,571431387,966,1.0,0.7549999952316284
4,571431387,967,1.0,0.75
4,571431387,968,1.0,0.7549999952316284
4,571431387,969,1.0,0.7599999904632568
4,571431387,970,1.0,0.7799999713897705
4,571431387,971,1.0,0.7599999904632568
4,571431387,972,1.0,0.7549999952316284
4,571431387,973,1.0,0.7549999952316284
4,571431387,974,1.0,0.7699999809265137
4,571431387,975,1.0,0.7749999761581421
4,571431387,976,1.0,0.7599999904632568
4,571431387,977,1.0,0.7599999904632568
4,571431387,978,1.0,0.7649999856948853
4,571431387,979,1.0,0.7649999856948853
4,571431387,980,1.0,0.7549999952316284
4,571431387,981,1.0,0.7649999856948853
4,571431387,982,1.0,0.7649999856948853
4,571431387,983,1.0,0.7749999761581421
4,571431387,984,1.0,0.7599999904632568
4,571431387,985,1.0,0.7599999904632568
4,571431387,986,1.0,0.7699999809265137
4,571431387,987,1.0,0.7649999856948853
4,571431387,988,1.0,0.7649999856948853
4,571431387,989,1.0,0.7649999856948853
4,571431387,990,1.0,0.7599999904632568
4,571431387,991,1.0,0.7749999761581421
4,571431387,992,1.0,0.7699999809265137
4,571431387,993,1.0,0.7649999856948853
4,571431387,994,1.0,0.7649999856948853
4,571431387,995,1.0,0.7599999904632568
4,571431387,996,1.0,0.7649999856948853
4,571431387,997,1.0,0.7599999904632568
4,571431387,998,1.0,0.7549999952316284
4,571431387,999,1.0,0.7749999761581421
4,571431387,1000,1.0,0.7649999856948853
4,571431387,1001,1.0,0.75
4,571431387,1002,1.0,0.7799999713897705
4,571431387,1003,1.0,0.7749999761581421
4,571431387,1004,1.0,0.7799999713897705
4,571431387,1005,1.0,0.7599999904632568
4,571431387,1006,1.0,0.75
4,571431387,1007,1.0,0.75
4,571431387,1008,1.0,0.7749999761581421
4,571431387,1009,1.0,0.7799999713897705
4,571431387,1010,1.0,0.7799999713897705
4,571431387,1011,1.0,0.7649999856948853
4,571431387,1012,1.0,0.7649999856948853
4,571431387,1013,1.0,0.7549999952316284
4,571431387,1014,1.0,0.7699999809265137
4,571431387,1015,1.0,0.7649999856948853
4,571431387,1016,1.0,0.7849999666213989
4,571431387,1017,1.0,0.7699999809265137
4,571431387,1018,1.0,0.7799999713897705
4,571431387,1019,1.0,0.7799999713897705
4,571431387,1020,1.0,0.7599999904632568
4,571431387,1021,1.0,0.7699999809265137
4,571431387,1022,1.0,0.7799999713897705
4,571431387,1023,1.0,0.7799999713897705
4,571431387,1024,1.0,0.7649999856948853
4,571431387,1025,1.0,0.7599999904632568
4,571431387,1026,1.0,0.7799999713897705
4,571431387,1027,1.0,0.7699999809265137
4,571431387,1028,1.0,0.7699999809265137
4,571431387,1029,1.0,0.7699999809265137
4,571431387,1030,1.0,0.7849999666213989
4,571431387,1031,1.0,0.7749999761581421
4,571431387,1032,1.0,0.7849999666213989
4,571431387,1033,1.0,0.7799999713897705
4,571431387,1034,1.0,0.7899999618530273
4,571431387,1035,1.0,0.7599999904632568
4,571431387,1036,1.0,0.7649999856948853
4,571431387,1037,1.0,0.7749999761581421
4,571431387,1038,1.0,0.7749999761581421
4,571431387,1039,1.0,0.7799999713897705
4,571431387,1040,1.0,0.7799999713897705
4,571431387,1041,1.0,0.7799999713897705
4,571431387,1042,1.0,0.7799999713897705
4,571431387,1043,1.0,0.7799999713897705
4,571431387,1044,1.0,0.7899999618530273
4,571431387,1045,1.0,0.7699999809265137
4,571431387,1046,1.0,0.7799999713897705
4,571431387,1047,1.0,0.7899999618530273
4,571431387,1048,1.0,0.7949999570846558
4,571431387,1049,1.0,0.7849999666213989
4,571431387,1050,1.0,0.7899999618530273
4,571431387,1051,1.0,0.7899999618530273
4,571431387,1052,1.0,0.7749999761581421
4,571431387,1053,1.0,0.7799999713897705
4,571431387,1054,1.0,0.7949999570846558
4,571431387,1055,1.0,0.7799999713897705
4,571431387,1056,1.0,0.7749999761581421
4,571431387,1057,1.0,0.7799999713897705
4,571431387,1058,1.0,0.7899999618530273
4,571431387,1059,1.0,0.7749999761581421
4,571431387,1060,1.0,0.7799999713897705
4,571431387,1061,1.0,0.7799999713897705
4,571431387,1062,1.0,0.7849999666213989
4,571431387,1063,1.0,0.7849999666213989
4,571431387,1064,1.0,0.7849999666213989
4,571431387,1065,1.0,0.7699999809265137
4,571431387,1066,1.0,0.8149999976158142
4,571431387,1067,1.0,0.7899999618530273
4,571431387,1068,1.0,0.7899999618530273
4,571431387,1069,1.0,0.7699999809265137
4,571431387,1070,1.0,0.7949999570846558
4,571431387,1071,1.0,0.7799999713897705
4,571431387,1072,1.0,0.7949999570846558
4,571431387,1073,1.0,0.7949999570846558
4,571431387,1074,1.0,0.7949999570846558
4,571431387,1075,1.0,0.7999999523162842
4,571431387,1076,1.0,0.7899999618530273
4,571431387,1077,1.0,0.7849999666213989
4,571431387,1078,1.0,0.7899999618530273
4,571431387,1079,1.0,0.7899999618530273
4,571431387,1080,1.0,0.8050000071525574
4,571431387,1081,1.0,0.7999999523162842
4,571431387,1082,1.0,0.7799999713897705
4,571431387,1083,1.0,0.8050000071525574
4,571431387,1084,1.0,0.8100000023841858
4,571431387,1085,1.0,0.8149999976158142
4,571431387,1086,1.0,0.7949999570846558
4,571431387,1087,1.0,0.7999999523162842
4,571431387,1088,1.0,0.7949999570846558
4,571431387,1089,1.0,0.8349999785423279
4,571431387,1090,1.0,0.8100000023841858
4,571431387,1091,1.0,0.7999999523162842
4,571431387,1092,1.0,0.7949999570846558
4,571431387,1093,1.0,0.7899999618530273
4,571431387,1094,1.0,0.8050000071525574
4,571431387,1095,1.0,0.8050000071525574
4,571431387,1096,1.0,0.8149999976158142
4,571431387,1097,1.0,0.8100000023841858
4,571431387,1098,1.0,0.8199999928474426
4,571431387,1099,1.0,0.8050000071525574
4,571431387,1100,1.0,0.8050000071525574
4,571431387,1101,1.0,0.8349999785423279
4,571431387,1102,1.0,0.8050000071525574
4,571431387,1103,1.0,0.824999988079071
4,571431387,1104,1.0,0.8199999928474426
4,571431387,1105,1.0,0.8199999928474426
4,571431387,1106,1.0,0.824999988079071
4,571431387,1107,1.0,0.8149999976158142
4,571431387,1108,1.0,0.8100000023841858
4,571431387,1109,1.0,0.8199999928474426
4,571431387,1110,1.0,0.8149999976158142
4,571431387,1111,1.0,0.824999988079071
4,571431387,1112,1.0,0.8100000023841858
4,571431387,1113,1.0,0.824999988079071
4,571431387,1114,1.0,0.8050000071525574
4,571431387,1115,1.0,0.8199999928474426
4,571431387,1116,1.0,0.8199999928474426
4,571431387,1117,1.0,0.8100000023841858
4,571431387,1118,1.0,0.8299999833106995
4,571431387,1119,1.0,0.8199999928474426
4,571431387,1120,1.0,0.824999988079071
4,571431387,1121,1.0,0.8199999928474426
4,571431387,1122,1.0,0.824999988079071
4,571431387,1123,1.0,0.8199999928474426
4,571431387,1124,1.0,0.8149999976158142
4,571431387,1125,1.0,0.824999988079071
4,571431387,1126,1.0,0.8199999928474426
4,571431387,1127,1.0,0.8199999928474426
4,571431387,1128,1.0,0.8299999833106995
4,571431387,1129,1.0,0.8199999928474426
4,571431387,1130,1.0,0.824999988079071
4,571431387,1131,1.0,0.8149999976158142
4,571431387,1132,1.0,0.8149999976158142
4,571431387,1133,1.0,0.824999988079071
4,571431387,1134,1.0,0.824999988079071
4,571431387,1135,1.0,0.8299999833106995
4,571431387,1136,1.0,0.824999988079071
4,571431387,1137,1.0,0.8349999785423279
4,571431387,1138,1.0,0.8349999785423279
4,571431387,1139,1.0,0.8299999833106995
4,571431387,1140,1.0,0.8349999785423279
4,571431387,1141,1.0,0.8199999928474426
4,571431387,1142,1.0,0.8299999833106995
4,571431387,1143,1.0,0.8349999785423279
4,571431387,1144,1.0,0.8399999737739563
4,571431387,1145,1.0,0.8299999833106995
4,571431387,1146,1.0,0.8100000023841858
4,571431387,1147,1.0,0.8399999737739563
4,571431387,1148,1.0,0.8349999785423279
4,571431387,1149,1.0,0.824999988079071
4,571431387,1150,1.0,0.8349999785423279
4,571431387,1151,1.0,0.8199999928474426
4,571431387,1152,1.0,0.824999988079071
4,571431387,1153,1.0,0.8349999785423279
4,571431387,1154,1.0,0.8349999785423279
4,571431387,1155,1.0,0.8449999690055847
4,571431387,1156,1.0,0.8299999833106995
4,571431387,1157,1.0,0.8199999928474426
4,571431387,1158,1.0,0.8399999737739563
4,571431387,1159,1.0,0.8399999737739563
4,571431387,1160,1.0,0.8399999737739563
4,571431387,1161,1.0,0.8399999737739563
4,571431387,1162,1.0,0.8349999785423279
4,571431387,1163,1.0,0.8399999737739563
4,571431387,1164,1.0,0.8349999785423279
4,571431387,1165,1.0,0.8299999833106995
4,571431387,1166,1.0,0.8449999690055847
4,571431387,1167,1.0,0.8449999690055847
4,571431387,1168,1.0,0.8299999833106995
4,571431387,1169,1.0,0.8399999737739563
4,571431387,1170,1.0,0.8299999833106995
4,571431387,1171,1.0,0.8299999833106995
4,571431387,1172,1.0,0.8399999737739563
4,571431387,1173,1.0,0.8449999690055847
4,571431387,1174,1.0,0.8449999690055847
4,571431387,1175,1.0,0.8399999737739563
4,571431387,1176,1.0,0.8399999737739563
4,571431387,1177,1.0,0.8399999737739563
4,571431387,1178,1.0,0.8449999690055847
4,571431387,1179,1.0,0.8499999642372131
4,571431387,1180,1.0,0.8399999737739563
4,571431387,1181,1.0,0.8399999737739563
4,571431387,1182,1.0,0.8349999785423279
4,571431387,1183,1.0,0.8399999737739563
4,571431387,1184,1.0,0.8399999737739563
4,571431387,1185,1.0,0.85999995470047
4,571431387,1186,1.0,0.8449999690055847
4,571431387,1187,1.0,0.8449999690055847
4,571431387,1188,1.0,0.8349999785423279
4,571431387,1189,1.0,0.8549999594688416
4,571431387,1190,1.0,0.8700000047683716
4,571431387,1191,1.0,0.8499999642372131
4,571431387,1192,1.0,0.8399999737739563
4,571431387,1193,1.0,0.8399999737739563
4,571431387,1194,1.0,0.8499999642372131
4,571431387,1195,1.0,0.8399999737739563
4,571431387,1196,1.0,0.8449999690055847
4,571431387,1197,1.0,0.8549999594688416
4,571431387,1198,1.0,0.8549999594688416
4,571431387,1199,1.0,0.8449999690055847
4,571431387,1200,1.0,0.8449999690055847
4,571431387,1201,1.0,0.8349999785423279
4,571431387,1202,1.0,0.8449999690055847
4,571431387,1203,1.0,0.8449999690055847
4,571431387,1204,1.0,0.8549999594688416
4,571431387,1205,1.0,0.8399999737739563
4,571431387,1206,1.0,0.8449999690055847
4,571431387,1207,1.0,0.8549999594688416
4,571431387,1208,1.0,0.8549999594688416
4,571431387,1209,1.0,0.8549999594688416
4,571431387,1210,1.0,0.8549999594688416
4,571431387,1211,1.0,0.8499999642372131
4,571431387,1212,1.0,0.8499999642372131
4,571431387,1213,1.0,0.8499999642372131
4,571431387,1214,1.0,0.8399999737739563
4,571431387,1215,1.0,0.8499999642372131
4,571431387,1216,1.0,0.85999995470047
4,571431387,1217,1.0,0.8449999690055847
4,571431387,1218,1.0,0.8399999737739563
4,571431387,1219,1.0,0.8399999737739563
4,571431387,1220,1.0,0.8449999690055847
4,571431387,1221,1.0,0.8499999642372131
4,571431387,1222,1.0,0.8549999594688416
4,571431387,1223,1.0,0.8399999737739563
4,571431387,1224,1.0,0.8449999690055847
4,571431387,1225,1.0,0.8549999594688416
4,571431387,1226,1.0,0.8499999642372131
4,571431387,1227,1.0,0.8449999690055847
4,571431387,1228,1.0,0.8499999642372131
4,571431387,1229,1.0,0.8549999594688416
4,571431387,1230,1.0,0.85999995470047
4,571431387,1231,1.0,0.85999995470047
4,571431387,1232,1.0,0.8499999642372131
4,571431387,1233,1.0,0.8549999594688416
4,571431387,1234,1.0,0.8549999594688416
4,571431387,1235,1.0,0.8499999642372131
4,571431387,1236,1.0,0.8549999594688416
4,571431387,1237,1.0,0.8650000095367432
4,571431387,1238,1.0,0.8449999690055847
4,571431387,1239,1.0,0.8549999594688416
4,571431387,1240,1.0,0.8549999594688416
4,571431387,1241,1.0,0.8499999642372131
4,571431387,1242,1.0,0.8700000047683716
4,571431387,1243,1.0,0.8499999642372131
4,571431387,1244,1.0,0.85999995470047
4,571431387,1245,1.0,0.85999995470047
4,571431387,1246,1.0,0.8499999642372131
4,571431387,1247,1.0,0.8549999594688416
4,571431387,1248,1.0,0.8499999642372131
4,571431387,1249,1.0,0.8650000095367432
4,571431387,1250,1.0,0.8449999690055847
4,571431387,1251,1.0,0.8549999594688416
4,571431387,1252,1.0,0.8499999642372131
4,571431387,1253,1.0,0.8499999642372131
4,571431387,1254,1.0,0.8650000095367432
4,571431387,1255,1.0,0.85999995470047
4,571431387,1256,1.0,0.8650000095367432
4,571431387,1257,1.0,0.8499999642372131
4,571431387,1258,1.0,0.85999995470047
4,571431387,1259,1.0,0.8549999594688416
4,571431387,1260,1.0,0.8650000095367432
4,571431387,1261,1.0,0.8650000095367432
4,571431387,1262,1.0,0.85999995470047
4,571431387,1263,1.0,0.8549999594688416
4,571431387,1264,1.0,0.8449999690055847
4,571431387,1265,1.0,0.85999995470047
4,571431387,1266,1.0,0.8549999594688416
4,571431387,1267,1.0,0.8650000095367432
4,571431387,1268,1.0,0.8700000047683716
4,571431387,1269,1.0,0.8549999594688416
4,571431387,1270,1.0,0.8650000095367432
4,571431387,1271,1.0,0.8650000095367432
4,571431387,1272,1.0,0.8650000095367432
4,571431387,1273,1.0,0.8799999952316284
4,571431387,1274,1.0,0.85999995470047
4,571431387,1275,1.0,0.85999995470047
4,571431387,1276,1.0,0.85999995470047
4,571431387,1277,1.0,0.875
4,571431387,1278,1.0,0.8700000047683716
4,571431387,1279,1.0,0.8650000095367432
4,571431387,1280,1.0,0.8549999594688416
4,571431387,1281,1.0,0.8549999594688416
4,571431387,1282,1.0,0.85999995470047
4,571431387,1283,1.0,0.8650000095367432
4,571431387,1284,1.0,0.8650000095367432
4,571431387,1285,1.0,0.875
4,571431387,1286,1.0,0.85999995470047
4,571431387,1287,1.0,0.8650000095367432
4,571431387,1288,1.0,0.85999995470047
4,571431387,1289,1.0,0.8549999594688416
4,571431387,1290,1.0,0.85999995470047
4,571431387,1291,1.0,0.85999995470047
4,571431387,1292,1.0,0.8650000095367432
4,571431387,1293,1.0,0.8650000095367432
4,571431387,1294,1.0,0.85999995470047
4,571431387,1295,1.0,0.85999995470047
4,571431387,1296,1.0,0.8650000095367432
4,571431387,1297,1.0,0.8650000095367432
4,571431387,1298,1.0,0.85999995470047
4,571431387,1299,1.0,0.85999995470047
4,571431387,1300,1.0,0.8700000047683716
4,571431387,1301,1.0,0.8650000095367432
4,571431387,1302,1.0,0.8700000047683716
4,571431387,1303,1.0,0.85999995470047
4,571431387,1304,1.0,0.8700000047683716
4,571431387,1305,1.0,0.8700000047683716
4,571431387,1306,1.0,0.875
4,571431387,1307,1.0,0.8700000047683716
4,571431387,1308,1.0,0.875
4,571431387,1309,1.0,0.8650000095367432
4,571431387,1310,1.0,0.8650000095367432
4,571431387,1311,1.0,0.875
4,571431387,1312,1.0,0.8700000047683716
4,571431387,1313,1.0,0.85999995470047
4,571431387,1314,1.0,0.8650000095367432
4,571431387,1315,1.0,0.8700000047683716
4,571431387,1316,1.0,0.8799999952316284
4,571431387,1317,1.0,0.875
4,571431387,1318,1.0,0.875
4,571431387,1319,1.0,0.8799999952316284
4,571431387,1320,1.0,0.8650000095367432
4,571431387,1321,1.0,0.875
4,571431387,1322,1.0,0.8700000047683716
4,571431387,1323,1.0,0.8700000047683716
4,571431387,1324,1.0,0.8700000047683716
4,571431387,1325,1.0,0.8700000047683716
4,571431387,1326,1.0,0.8849999904632568
4,571431387,1327,1.0,0.8799999952316284
4,571431387,1328,1.0,0.875
4,571431387,1329,1.0,0.875
4,571431387,1330,1.0,0.875
4,571431387,1331,1.0,0.875
4,571431387,1332,1.0,0.8700000047683716
4,571431387,1333,1.0,0.8650000095367432
4,571431387,1334,1.0,0.875
4,571431387,1335,1.0,0.8849999904632568
4,571431387,1336,1.0,0.8949999809265137
4,571431387,1337,1.0,0.875
4,571431387,1338,1.0,0.875
4,571431387,1339,1.0,0.8799999952316284
4,571431387,1340,1.0,0.8700000047683716
4,571431387,1341,1.0,0.8799999952316284
4,571431387,1342,1.0,0.8849999904632568
4,571431387,1343,1.0,0.8799999952316284
4,571431387,1344,1.0,0.875
4,571431387,1345,1.0,0.875
4,571431387,1346,1.0,0.8849999904632568
4,571431387,1347,1.0,0.8799999952316284
4,571431387,1348,1.0,0.8799999952316284
4,571431387,1349,1.0,0.8700000047683716
4,571431387,1350,1.0,0.875
4,571431387,1351,1.0,0.8849999904632568
4,571431387,1352,1.0,0.8849999904632568
4,571431387,1353,1.0,0.8799999952316284
4,571431387,1354,1.0,0.8799999952316284
4,571431387,1355,1.0,0.8849999904632568
4,571431387,1356,1.0,0.8849999904632568
4,571431387,1357,1.0,0.8899999856948853
4,571431387,1358,1.0,0.8799999952316284
4,571431387,1359,1.0,0.8799999952316284
4,571431387,1360,1.0,0.8849999904632568
4,571431387,1361,1.0,0.8849999904632568
4,571431387,1362,1.0,0.8799999952316284
4,571431387,1363,1.0,0.8849999904632568
4,571431387,1364,1.0,0.875
4,571431387,1365,1.0,0.8849999904632568
4,571431387,1366,1.0,0.8949999809265137
4,571431387,1367,1.0,0.8949999809265137
4,571431387,1368,1.0,0.8799999952316284
4,571431387,1369,1.0,0.875
4,571431387,1370,1.0,0.8799999952316284
4,571431387,1371,1.0,0.8799999952316284
4,571431387,1372,1.0,0.8899999856948853
4,571431387,1373,1.0,0.8899999856948853
4,571431387,1374,1.0,0.8849999904632568
4,571431387,1375,1.0,0.8799999952316284
4,571431387,1376,1.0,0.8999999761581421
4,571431387,1377,1.0,0.8849999904632568
4,571431387,1378,1.0,0.8899999856948853
4,571431387,1379,1.0,0.875
4,571431387,1380,1.0,0.875
4,571431387,1381,1.0,0.8949999809265137
4,571431387,1382,1.0,0.8849999904632568
4,571431387,1383,1.0,0.8849999904632568
4,571431387,1384,1.0,0.8949999809265137
4,571431387,1385,1.0,0.8849999904632568
4,571431387,1386,1.0,0.8999999761581421
4,571431387,1387,1.0,0.8849999904632568
4,571431387,1388,1.0,0.8899999856948853
4,571431387,1389,1.0,0.8799999952316284
4,571431387,1390,1.0,0.8949999809265137
4,571431387,1391,1.0,0.8949999809265137
4,571431387,1392,1.0,0.8949999809265137
4,571431387,1393,1.0,0.8899999856948853
4,571431387,1394,1.0,0.8849999904632568
4,571431387,1395,1.0,0.8849999904632568
4,571431387,1396,1.0,0.8899999856948853
4,571431387,1397,1.0,0.8899999856948853
4,571431387,1398,1.0,0.8899999856948853
4,571431387,1399,1.0,0.8849999904632568
4,571431387,1400,1.0,0.8899999856948853
4,571431387,1401,1.0,0.8999999761581421
4,571431387,1402,1.0,0.8949999809265137
4,571431387,1403,1.0,0.8849999904632568
4,571431387,1404,1.0,0.8899999856948853
4,571431387,1405,1.0,0.8949999809265137
4,571431387,1406,1.0,0.8949999809265137
4,571431387,1407,1.0,0.8799999952316284
4,571431387,1408,1.0,0.8899999856948853
4,571431387,1409,1.0,0.8949999809265137
4,571431387,1410,1.0,0.8849999904632568
4,571431387,1411,1.0,0.8899999856948853
4,571431387,1412,1.0,0.8949999809265137
4,571431387,1413,1.0,0.8949999809265137
4,571431387,1414,1.0,0.8899999856948853
4,571431387,1415,1.0,0.8849999904632568
4,571431387,1416,1.0,0.8799999952316284
4,571431387,1417,1.0,0.8949999809265137
4,571431387,1418,1.0,0.8949999809265137
4,571431387,1419,1.0,0.8949999809265137
4,571431387,1420,1.0,0.8999999761581421
4,571431387,1421,1.0,0.8849999904632568
4,571431387,1422,1.0,0.8949999809265137
4,571431387,1423,1.0,0.8899999856948853
4,571431387,1424,1.0,0.8899999856948853
4,571431387,1425,1.0,0.8999999761581421
4,571431387,1426,1.0,0.8849999904632568
4,571431387,1427,1.0,0.8949999809265137
4,571431387,1428,1.0,0.8799999952316284
4,571431387,1429,1.0,0.8999999761581421
4,571431387,1430,1.0,0.8949999809265137
4,571431387,1431,1.0,0.8999999761581421
4,571431387,1432,1.0,0.8949999809265137
4,571431387,1433,1.0,0.8899999856948853
4,571431387,1434,1.0,0.8899999856948853
4,571431387,1435,1.0,0.8949999809265137
4,571431387,1436,1.0,0.8899999856948853
4,571431387,1437,1.0,0.8949999809265137
4,571431387,1438,1.0,0.8999999761581421
4,571431387,1439,1.0,0.8949999809265137
4,571431387,1440,1.0,0.8899999856948853
4,571431387,1441,1.0,0.8999999761581421
4,571431387,1442,1.0,0.8999999761581421
4,571431387,1443,1.0,0.8999999761581421
4,571431387,1444,1.0,0.8899999856948853
4,571431387,1445,1.0,0.8899999856948853
4,571431387,1446,1.0,0.8949999809265137
4,571431387,1447,1.0,0.8999999761581421
4,571431387,1448,1.0,0.8949999809265137
4,571431387,1449,1.0,0.9049999713897705
4,571431387,1450,1.0,0.8899999856948853
4,571431387,1451,1.0,0.8949999809265137
4,571431387,1452,1.0,0.8949999809265137
4,571431387,1453,1.0,0.8999999761581421
4,571431387,1454,1.0,0.8949999809265137
4,571431387,1455,1.0,0.8949999809265137
4,571431387,1456,1.0,0.8949999809265137
4,571431387,1457,1.0,0.8849999904632568
4,571431387,1458,1.0,0.8799999952316284
4,571431387,1459,1.0,0.8949999809265137
4,571431387,1460,1.0,0.8999999761581421
4,571431387,1461,1.0,0.8999999761581421
4,571431387,1462,1.0,0.8899999856948853
4,571431387,1463,1.0,0.8849999904632568
4,571431387,1464,1.0,0.8899999856948853
4,571431387,1465,1.0,0.9049999713897705
4,571431387,1466,1.0,0.8999999761581421
4,571431387,1467,1.0,0.8949999809265137
4,571431387,1468,1.0,0.8849999904632568
4,571431387,1469,1.0,0.8949999809265137
4,571431387,1470,1.0,0.875
4,571431387,1471,1.0,0.8899999856948853
4,571431387,1472,1.0,0.8949999809265137
4,571431387,1473,1.0,0.8949999809265137
4,571431387,1474,1.0,0.8899999856948853
4,571431387,1475,1.0,0.8899999856948853
4,571431387,1476,1.0,0.8949999809265137
4,571431387,1477,1.0,0.8999999761581421
4,571431387,1478,1.0,0.8949999809265137
4,571431387,1479,1.0,0.8949999809265137
4,571431387,1480,1.0,0.8899999856948853
4,571431387,1481,1.0,0.8899999856948853
4,571431387,1482,1.0,0.9049999713897705
4,571431387,1483,1.0,0.8899999856948853
4,571431387,1484,1.0,0.8949999809265137
4,571431387,1485,1.0,0.8899999856948853
4,571431387,1486,1.0,0.8899999856948853
4,571431387,1487,1.0,0.8899999856948853
4,571431387,1488,1.0,0.8999999761581421
4,571431387,1489,1.0,0.8999999761581421
4,571431387,1490,1.0,0.8899999856948853
4,571431387,1491,1.0,0.8849999904632568
4,571431387,1492,1.0,0.8949999809265137
4,571431387,1493,1.0,0.8949999809265137
4,571431387,1494,1.0,0.8899999856948853
4,571431387,1495,1.0,0.8849999904632568
4,571431387,1496,1.0,0.8999999761581421
4,571431387,1497,1.0,0.8949999809265137
4,571431387,1498,1.0,0.8949999809265137
4,571431387,1499,1.0,0.8849999904632568
4,571431387,1500,1.0,0.8899999856948853
4,571431387,1501,1.0,0.8899999856948853
4,571431387,1502,1.0,0.8949999809265137
4,571431387,1503,1.0,0.8899999856948853
4,571431387,1504,1.0,0.8949999809265137
4,571431387,1505,1.0,0.8799999952316284
4,571431387,1506,1.0,0.9099999666213989
4,571431387,1507,1.0,0.8949999809265137
4,571431387,1508,1.0,0.8899999856948853
4,571431387,1509,1.0,0.8999999761581421
4,571431387,1510,1.0,0.8899999856948853
4,571431387,1511,1.0,0.8899999856948853
4,571431387,1512,1.0,0.8999999761581421
4,571431387,1513,1.0,0.8899999856948853
4,571431387,1514,1.0,0.8949999809265137
4,571431387,1515,1.0,0.8949999809265137
4,571431387,1516,1.0,0.8999999761581421
4,571431387,1517,1.0,0.8999999761581421
4,571431387,1518,1.0,0.8949999809265137
4,571431387,1519,1.0,0.9099999666213989
4,571431387,1520,1.0,0.8999999761581421
4,571431387,1521,1.0,0.8849999904632568
4,571431387,1522,1.0,0.8849999904632568
4,571431387,1523,1.0,0.8899999856948853
4,571431387,1524,1.0,0.8949999809265137
4,571431387,1525,1.0,0.8899999856948853
4,571431387,1526,1.0,0.8899999856948853
4,571431387,1527,1.0,0.875
4,571431387,1528,1.0,0.8899999856948853
4,571431387,1529,1.0,0.8949999809265137
4,571431387,1530,1.0,0.9049999713897705
4,571431387,1531,1.0,0.8849999904632568
4,571431387,1532,1.0,0.8999999761581421
4,571431387,1533,1.0,0.8849999904632568
4,571431387,1534,1.0,0.8949999809265137
4,571431387,1535,1.0,0.8949999809265137
4,571431387,1536,1.0,0.8999999761581421
4,571431387,1537,1.0,0.8799999952316284
4,571431387,1538,1.0,0.8849999904632568
4,571431387,1539,1.0,0.8899999856948853
4,571431387,1540,1.0,0.8899999856948853
4,571431387,1541,1.0,0.8999999761581421
4,571431387,1542,1.0,0.8949999809265137
4,571431387,1543,1.0,0.8949999809265137
4,571431387,1544,1.0,0.8999999761581421
4,571431387,1545,1.0,0.9099999666213989
4,571431387,1546,1.0,0.8849999904632568
4,571431387,1547,1.0,0.8899999856948853
4,571431387,1548,1.0,0.8999999761581421
4,571431387,1549,1.0,0.8999999761581421
4,571431387,1550,1.0,0.8949999809265137
4,571431387,1551,1.0,0.8899999856948853
4,571431387,1552,1.0,0.8949999809265137
4,571431387,1553,1.0,0.8899999856948853
4,571431387,1554,1.0,0.9049999713897705
4,571431387,1555,1.0,0.9049999713897705
4,571431387,1556,1.0,0.8999999761581421
4,571431387,1557,1.0,0.8949999809265137
4,571431387,1558,1.0,0.8949999809265137
4,571431387,1559,1.0,0.9049999713897705
4,571431387,1560,1.0,0.9099999666213989
4,571431387,1561,1.0,0.8899999856948853
4,571431387,1562,1.0,0.8949999809265137
4,571431387,1563,1.0,0.8949999809265137
4,571431387,1564,1.0,0.8999999761581421
4,571431387,1565,1.0,0.8849999904632568
4,571431387,1566,1.0,0.9049999713897705
4,571431387,1567,1.0,0.8899999856948853
4,571431387,1568,1.0,0.8849999904632568
4,571431387,1569,1.0,0.8899999856948853
4,571431387,1570,1.0,0.8949999809265137
4,571431387,1571,1.0,0.9049999713897705
4,571431387,1572,1.0,0.9049999713897705
4,571431387,1573,1.0,0.9049999713897705
4,571431387,1574,1.0,0.8949999809265137
4,571431387,1575,1.0,0.8899999856948853
4,571431387,1576,1.0,0.8949999809265137
4,571431387,1577,1.0,0.8899999856948853
4,571431387,1578,1.0,0.8999999761581421
4,571431387,1579,1.0,0.8999999761581421
4,571431387,1580,1.0,0.9099999666213989
4,571431387,1581,1.0,0.8899999856948853
4,571431387,1582,1.0,0.8999999761581421
4,571431387,1583,1.0,0.9099999666213989
4,571431387,1584,1.0,0.9049999713897705
4,571431387,1585,1.0,0.8999999761581421
4,571431387,1586,1.0,0.8999999761581421
4,571431387,1587,1.0,0.9049999713897705
4,571431387,1588,1.0,0.8999999761581421
4,571431387,1589,1.0,0.8899999856948853
4,571431387,1590,1.0,0.8999999761581421
4,571431387,1591,1.0,0.8949999809265137
4,571431387,1592,1.0,0.9049999713897705
4,571431387,1593,1.0,0.8949999809265137
4,571431387,1594,1.0,0.8999999761581421
4,571431387,1595,1.0,0.8949999809265137
4,571431387,1596,1.0,0.9049999713897705
4,571431387,1597,1.0,0.9049999713897705
4,571431387,1598,1.0,0.9099999666213989
4,571431387,1599,1.0,0.8999999761581421
4,571431387,1600,1.0,0.8949999809265137
4,571431387,1601,1.0,0.9149999618530273
4,571431387,1602,1.0,0.9099999666213989
4,571431387,1603,1.0,0.9099999666213989
4,571431387,1604,1.0,0.8949999809265137
4,571431387,1605,1.0,0.8899999856948853
4,571431387,1606,1.0,0.8899999856948853
4,571431387,1607,1.0,0.8999999761581421
4,571431387,1608,1.0,0.8999999761581421
4,571431387,1609,1.0,0.8949999809265137
4,571431387,1610,1.0,0.8999999761581421
4,571431387,1611,1.0,0.9149999618530273
4,571431387,1612,1.0,0.9099999666213989
4,571431387,1613,1.0,0.9049999713897705
4,571431387,1614,1.0,0.8949999809265137
4,571431387,1615,1.0,0.8999999761581421
4,571431387,1616,1.0,0.8949999809265137
4,571431387,1617,1.0,0.9049999713897705
4,571431387,1618,1.0,0.8949999809265137
4,571431387,1619,1.0,0.8899999856948853
4,571431387,1620,1.0,0.8849999904632568
4,571431387,1621,1.0,0.9049999713897705
4,571431387,1622,1.0,0.9199999570846558
4,571431387,1623,1.0,0.9149999618530273
4,571431387,1624,1.0,0.8949999809265137
4,571431387,1625,1.0,0.8999999761581421
4,571431387,1626,1.0,0.9049999713897705
4,571431387,1627,1.0,0.9049999713897705
4,571431387,1628,1.0,0.8999999761581421
4,571431387,1629,1.0,0.8899999856948853
4,571431387,1630,1.0,0.8999999761581421
4,571431387,1631,1.0,0.8999999761581421
4,571431387,1632,1.0,0.8899999856948853
4,571431387,1633,1.0,0.9049999713897705
4,571431387,1634,1.0,0.9049999713897705
4,571431387,1635,1.0,0.8949999809265137
4,571431387,1636,1.0,0.8999999761581421
4,571431387,1637,1.0,0.9099999666213989
4,571431387,1638,1.0,0.9049999713897705
4,571431387,1639,1.0,0.9099999666213989
4,571431387,1640,1.0,0.9099999666213989
4,571431387,1641,1.0,0.9049999713897705
4,571431387,1642,1.0,0.9049999713897705
4,571431387,1643,1.0,0.8949999809265137
4,571431387,1644,1.0,0.9049999713897705
4,571431387,1645,1.0,0.9049999713897705
4,571431387,1646,1.0,0.9099999666213989
4,571431387,1647,1.0,0.9099999666213989
4,571431387,1648,1.0,0.9199999570846558
4,571431387,1649,1.0,0.9249999523162842
4,571431387,1650,1.0,0.9099999666213989
4,571431387,1651,1.0,0.9049999713897705
4,571431387,1652,1.0,0.9149999618530273
4,571431387,1653,1.0,0.9199999570846558
4,571431387,1654,1.0,0.9149999618530273
4,571431387,1655,1.0,0.8999999761581421
4,571431387,1656,1.0,0.8999999761581421
4,571431387,1657,1.0,0.9049999713897705
4,571431387,1658,1.0,0.9099999666213989
4,571431387,1659,1.0,0.9049999713897705
4,571431387,1660,1.0,0.9199999570846558
4,571431387,1661,1.0,0.9199999570846558
4,571431387,1662,1.0,0.9099999666213989
4,571431387,1663,1.0,0.9199999570846558
4,571431387,1664,1.0,0.9199999570846558
4,571431387,1665,1.0,0.9099999666213989
4,571431387,1666,1.0,0.9049999713897705
4,571431387,1667,1.0,0.9199999570846558
4,571431387,1668,1.0,0.9049999713897705
4,571431387,1669,1.0,0.9099999666213989
4,571431387,1670,1.0,0.9049999713897705
4,571431387,1671,1.0,0.9149999618530273
4,571431387,1672,1.0,0.9199999570846558
4,571431387,1673,1.0,0.9049999713897705
4,571431387,1674,1.0,0.9099999666213989
4,571431387,1675,1.0,0.9049999713897705
4,571431387,1676,1.0,0.9199999570846558
4,571431387,1677,1.0,0.9249999523162842
4,571431387,1678,1.0,0.9149999618530273
4,571431387,1679,1.0,0.9149999618530273
4,571431387,1680,1.0,0.8999999761581421
4,571431387,1681,1.0,0.9099999666213989
4,571431387,1682,1.0,0.8999999761581421
4,571431387,1683,1.0,0.9099999666213989
4,571431387,1684,1.0,0.9199999570846558
4,571431387,1685,1.0,0.9199999570846558
4,571431387,1686,1.0,0.9300000071525574
4,571431387,1687,1.0,0.9149999618530273
4,571431387,1688,1.0,0.9149999618530273
4,571431387,1689,1.0,0.9149999618530273
4,571431387,1690,1.0,0.9099999666213989
4,571431387,1691,1.0,0.8949999809265137
4,571431387,1692,1.0,0.9049999713897705
4,571431387,1693,1.0,0.9199999570846558
4,571431387,1694,1.0,0.9249999523162842
4,571431387,1695,1.0,0.9099999666213989
4,571431387,1696,1.0,0.9249999523162842
4,571431387,1697,1.0,0.9199999570846558
4,571431387,1698,1.0,0.8999999761581421
4,571431387,1699,1.0,0.8999999761581421
4,571431387,1700,1.0,0.9149999618530273
4,571431387,1701,1.0,0.9199999570846558
4,571431387,1702,1.0,0.9149999618530273
4,571431387,1703,1.0,0.9350000023841858
4,571431387,1704,1.0,0.9249999523162842
4,571431387,1705,1.0,0.9300000071525574
4,571431387,1706,1.0,0.9199999570846558
4,571431387,1707,1.0,0.9099999666213989
4,571431387,1708,1.0,0.9149999618530273
4,571431387,1709,1.0,0.9199999570846558
4,571431387,1710,1.0,0.9149999618530273
4,571431387,1711,1.0,0.9199999570846558
4,571431387,1712,1.0,0.9149999618530273
4,571431387,1713,1.0,0.9149999618530273
4,571431387,1714,1.0,0.9249999523162842
4,571431387,1715,1.0,0.9199999570846558
4,571431387,1716,1.0,0.9199999570846558
4,571431387,1717,1.0,0.9199999570846558
4,571431387,1718,1.0,0.9149999618530273
4,571431387,1719,1.0,0.9049999713897705
4,571431387,1720,1.0,0.9199999570846558
4,571431387,1721,1.0,0.9199999570846558
4,571431387,1722,1.0,0.9199999570846558
4,571431387,1723,1.0,0.9249999523162842
4,571431387,1724,1.0,0.9149999618530273
4,571431387,1725,1.0,0.9149999618530273
4,571431387,1726,1.0,0.9099999666213989
4,571431387,1727,1.0,0.9099999666213989
4,571431387,1728,1.0,0.9300000071525574
4,571431387,1729,1.0,0.9249999523162842
4,571431387,1730,1.0,0.9300000071525574
4,571431387,1731,1.0,0.9300000071525574
4,571431387,1732,1.0,0.9399999976158142
4,571431387,1733,1.0,0.9399999976158142
4,571431387,1734,1.0,0.9249999523162842
4,571431387,1735,1.0,0.9300000071525574
4,571431387,1736,1.0,0.9249999523162842
4,571431387,1737,1.0,0.9249999523162842
4,571431387,1738,1.0,0.9099999666213989
4,571431387,1739,1.0,0.9099999666213989
4,571431387,1740,1.0,0.9199999570846558
4,571431387,1741,1.0,0.9449999928474426
4,571431387,1742,1.0,0.9449999928474426
4,571431387,1743,1.0,0.9300000071525574
4,571431387,1744,1.0,0.9449999928474426
4,571431387,1745,1.0,0.9149999618530273
4,571431387,1746,1.0,0.9350000023841858
4,571431387,1747,1.0,0.9350000023841858
4,571431387,1748,1.0,0.949999988079071
4,571431387,1749,1.0,0.949999988079071
4,571431387,1750,1.0,0.9399999976158142
4,571431387,1751,1.0,0.9399999976158142
4,571431387,1752,1.0,0.9249999523162842
4,571431387,1753,1.0,0.9249999523162842
4,571431387,1754,1.0,0.9199999570846558
4,571431387,1755,1.0,0.9350000023841858
4,571431387,1756,1.0,0.949999988079071
4,571431387,1757,1.0,0.949999988079071
4,571431387,1758,1.0,0.949999988079071
4,571431387,1759,1.0,0.9350000023841858
4,571431387,1760,1.0,0.9350000023841858
4,571431387,1761,1.0,0.9300000071525574
4,571431387,1762,1.0,0.9449999928474426
4,571431387,1763,1.0,0.9449999928474426
4,571431387,1764,1.0,0.9350000023841858
4,571431387,1765,1.0,0.9350000023841858
4,571431387,1766,1.0,0.9449999928474426
4,571431387,1767,1.0,0.9449999928474426
4,571431387,1768,1.0,0.9449999928474426
4,571431387,1769,1.0,0.9449999928474426
4,571431387,1770,1.0,0.9449999928474426
4,571431387,1771,1.0,0.9350000023841858
4,571431387,1772,1.0,0.9300000071525574
4,571431387,1773,1.0,0.9199999570846558
4,571431387,1774,1.0,0.9449999928474426
4,571431387,1775,1.0,0.9350000023841858
4,571431387,1776,1.0,0.9399999976158142
4,571431387,1777,1.0,0.9399999976158142
4,571431387,1778,1.0,0.9399999976158142
4,571431387,1779,1.0,0.9300000071525574
4,571431387,1780,1.0,0.9399999976158142
4,571431387,1781,1.0,0.949999988079071
4,571431387,1782,1.0,0.949999988079071
4,571431387,1783,1.0,0.9549999833106995
4,571431387,1784,1.0,0.9350000023841858
4,571431387,1785,1.0,0.9399999976158142
4,571431387,1786,1.0,0.9399999976158142
4,571431387,1787,1.0,0.9549999833106995
4,571431387,1788,1.0,0.9599999785423279
4,571431387,1789,1.0,0.9549999833106995
4,571431387,1790,1.0,0.9399999976158142
4,571431387,1791,1.0,0.9399999976158142
4,571431387,1792,1.0,0.9300000071525574
4,571431387,1793,1.0,0.9350000023841858
4,571431387,1794,1.0,0.9449999928474426
4,571431387,1795,1.0,0.9449999928474426
4,571431387,1796,1.0,0.949999988079071
4,571431387,1797,1.0,0.9549999833106995
4,571431387,1798,1.0,0.9399999976158142
4,571431387,1799,1.0,0.9399999976158142
4,571431387,1800,1.0,0.949999988079071
4,571431387,1801,1.0,0.9449999928474426
4,571431387,1802,1.0,0.9449999928474426
4,571431387,1803,1.0,0.949999988079071
4,571431387,1804,1.0,0.949999988079071
4,571431387,1805,1.0,0.9449999928474426
4,571431387,1806,1.0,0.9449999928474426
4,571431387,1807,1.0,0.9449999928474426
4,571431387,1808,1.0,0.9449999928474426
4,571431387,1809,1.0,0.9399999976158142
4,571431387,1810,1.0,0.9350000023841858
4,571431387,1811,1.0,0.9399999976158142
4,571431387,1812,1.0,0.949999988079071
4,571431387,1813,1.0,0.9399999976158142
4,571431387,1814,1.0,0.9449999928474426
4,571431387,1815,1.0,0.949999988079071
4,571431387,1816,1.0,0.949999988079071
4,571431387,1817,1.0,0.9549999833106995
4,571431387,1818,1.0,0.949999988079071
4,571431387,1819,1.0,0.9449999928474426
4,571431387,1820,1.0,0.9449999928474426
4,571431387,1821,1.0,0.9399999976158142
4,571431387,1822,1.0,0.9449999928474426
4,571431387,1823,1.0,0.9399999976158142
4,571431387,1824,1.0,0.9449999928474426
4,571431387,1825,1.0,0.9449999928474426
4,571431387,1826,1.0,0.9399999976158142
4,571431387,1827,1.0,0.9549999833106995
4,571431387,1828,1.0,0.9599999785423279
4,571431387,1829,1.0,0.9649999737739563
4,571431387,1830,1.0,0.9549999833106995
4,571431387,1831,1.0,0.9549999833106995
4,571431387,1832,1.0,0.9399999976158142
4,571431387,1833,1.0,0.9549999833106995
4,571431387,1834,1.0,0.9449999928474426
4,571431387,1835,1.0,0.9549999833106995
4,571431387,1836,1.0,0.9549999833106995
4,571431387,1837,1.0,0.9549999833106995
4,571431387,1838,1.0,0.9449999928474426
4,571431387,1839,1.0,0.9549999833106995
4,571431387,1840,1.0,0.9599999785423279
4,571431387,1841,1.0,0.9649999737739563
4,571431387,1842,1.0,0.9649999737739563
4,571431387,1843,1.0,0.9449999928474426
4,571431387,1844,1.0,0.9399999976158142
4,571431387,1845,1.0,0.9449999928474426
4,571431387,1846,1.0,0.9599999785423279
4,571431387,1847,1.0,0.949999988079071
4,571431387,1848,1.0,0.949999988079071
4,571431387,1849,1.0,0.9549999833106995
4,571431387,1850,1.0,0.9649999737739563
4,571431387,1851,1.0,0.9549999833106995
4,571431387,1852,1.0,0.9549999833106995
4,571431387,1853,1.0,0.9599999785423279
4,571431387,1854,1.0,0.949999988079071
4,571431387,1855,1.0,0.949999988079071
4,571431387,1856,1.0,0.9649999737739563
4,571431387,1857,1.0,0.9649999737739563
4,571431387,1858,1.0,0.9649999737739563
4,571431387,1859,1.0,0.9649999737739563
4,571431387,1860,1.0,0.9649999737739563
4,571431387,1861,1.0,0.949999988079071
4,571431387,1862,1.0,0.9549999833106995
4,571431387,1863,1.0,0.9549999833106995
4,571431387,1864,1.0,0.9449999928474426
4,571431387,1865,1.0,0.9699999690055847
4,571431387,1866,1.0,0.9699999690055847
4,571431387,1867,1.0,0.9699999690055847
4,571431387,1868,1.0,0.9699999690055847
4,571431387,1869,1.0,0.9649999737739563
4,571431387,1870,1.0,0.9649999737739563
4,571431387,1871,1.0,0.949999988079071
4,571431387,1872,1.0,0.9649999737739563
4,571431387,1873,1.0,0.9649999737739563
4,571431387,1874,1.0,0.9649999737739563
4,571431387,1875,1.0,0.949999988079071
4,571431387,1876,1.0,0.9549999833106995
4,571431387,1877,1.0,0.9599999785423279
4,571431387,1878,1.0,0.9649999737739563
4,571431387,1879,1.0,0.9649999737739563
4,571431387,1880,1.0,0.9549999833106995
4,571431387,1881,1.0,0.9649999737739563
4,571431387,1882,1.0,0.9649999737739563
4,571431387,1883,1.0,0.9599999785423279
4,571431387,1884,1.0,0.9599999785423279
4,571431387,1885,1.0,0.9599999785423279
4,571431387,1886,1.0,0.9599999785423279
4,571431387,1887,1.0,0.9699999690055847
4,571431387,1888,1.0,0.9699999690055847
4,571431387,1889,1.0,0.9649999737739563
4,571431387,1890,1.0,0.949999988079071
4,571431387,1891,1.0,0.9549999833106995
4,571431387,1892,1.0,0.9649999737739563
4,571431387,1893,1.0,0.9649999737739563
4,571431387,1894,1.0,0.9699999690055847
4,571431387,1895,1.0,0.9599999785423279
4,571431387,1896,1.0,0.9649999737739563
4,571431387,1897,1.0,0.9649999737739563
4,571431387,1898,1.0,0.9599999785423279
4,571431387,1899,1.0,0.9599999785423279
4,571431387,1900,1.0,0.9649999737739563
4,571431387,1901,1.0,0.9699999690055847
4,571431387,1902,1.0,0.9599999785423279
4,571431387,1903,1.0,0.9649999737739563
4,571431387,1904,1.0,0.9649999737739563
4,571431387,1905,1.0,0.9599999785423279
4,571431387,1906,1.0,0.9649999737739563
4,571431387,1907,1.0,0.9699999690055847
4,571431387,1908,1.0,0.9699999690055847
4,571431387,1909,1.0,0.9649999737739563
4,571431387,1910,1.0,0.9649999737739563
4,571431387,1911,1.0,0.9649999737739563
4,571431387,1912,1.0,0.9699999690055847
4,571431387,1913,1.0,0.9649999737739563
4,571431387,1914,1.0,0.9649999737739563
4,571431387,1915,1.0,0.9649999737739563
4,571431387,1916,1.0,0.9649999737739563
4,571431387,1917,1.0,0.9649999737739563
4,571431387,1918,1.0,0.9649999737739563
4,571431387,1919,1.0,0.9749999642372131
4,571431387,1920,1.0,0.9649999737739563
4,571431387,1921,1.0,0.9549999833106995
4,571431387,1922,1.0,0.9599999785423279
4,571431387,1923,1.0,0.9599999785423279
4,571431387,1924,1.0,0.9649999737739563
4,571431387,1925,1.0,0.9649999737739563
4,571431387,1926,1.0,0.9649999737739563
4,571431387,1927,1.0,0.9699999690055847
4,571431387,1928,1.0,0.9649999737739563
4,571431387,1929,1.0,0.9699999690055847
4,571431387,1930,1.0,0.9699999690055847
4,571431387,1931,1.0,0.9699999690055847
4,571431387,1932,1.0,0.9699999690055847
4,571431387,1933,1.0,0.9649999737739563
4,571431387,1934,1.0,0.9649999737739563
4,571431387,1935,1.0,0.9599999785423279
4,571431387,1936,1.0,0.9649999737739563
4,571431387,1937,1.0,0.9649999737739563
4,571431387,1938,1.0,0.9649999737739563
4,571431387,1939,1.0,0.9699999690055847
4,571431387,1940,1.0,0.9699999690055847
4,571431387,1941,1.0,0.9649999737739563
4,571431387,1942,1.0,0.9649999737739563
4,571431387,1943,1.0,0.9649999737739563
4,571431387,1944,1.0,0.9649999737739563
4,571431387,1945,1.0,0.9699999690055847
4,571431387,1946,1.0,0.9699999690055847
4,571431387,1947,1.0,0.9699999690055847
4,571431387,1948,1.0,0.9649999737739563
4,571431387,1949,1.0,0.9649999737739563
4,571431387,1950,1.0,0.9649999737739563
4,571431387,1951,1.0,0.9599999785423279
4,571431387,1952,1.0,0.9649999737739563
4,571431387,1953,1.0,0.9699999690055847
4,571431387,1954,1.0,0.9649999737739563
4,571431387,1955,1.0,0.9649999737739563
4,571431387,1956,1.0,0.9649999737739563
4,571431387,1957,1.0,0.9649999737739563
4,571431387,1958,1.0,0.9649999737739563
4,571431387,1959,1.0,0.9649999737739563
4,571431387,1960,1.0,0.9649999737739563
4,571431387,1961,1.0,0.9649999737739563
4,571431387,1962,1.0,0.9649999737739563
4,571431387,1963,1.0,0.9649999737739563
4,571431387,1964,1.0,0.9699999690055847
4,571431387,1965,1.0,0.9649999737739563
4,571431387,1966,1.0,0.9649999737739563
4,571431387,1967,1.0,0.9649999737739563
4,571431387,1968,1.0,0.9649999737739563
4,571431387,1969,1.0,0.9649999737739563
4,571431387,1970,1.0,0.9649999737739563
4,571431387,1971,1.0,0.9699999690055847
4,571431387,1972,1.0,0.9649999737739563
4,571431387,1973,1.0,0.9649999737739563
4,571431387,1974,1.0,0.9649999737739563
4,571431387,1975,1.0,0.9649999737739563
4,571431387,1976,1.0,0.9649999737739563
4,571431387,1977,1.0,0.9649999737739563
4,571431387,1978,1.0,0.9649999737739563
4,571431387,1979,1.0,0.9649999737739563
4,571431387,1980,1.0,0.9649999737739563
4,571431387,1981,1.0,0.9649999737739563
4,571431387,1982,1.0,0.9649999737739563
4,571431387,1983,1.0,0.9649999737739563
4,571431387,1984,1.0,0.9649999737739563
4,571431387,1985,1.0,0.9649999737739563
4,571431387,1986,1.0,0.9649999737739563
4,571431387,1987,1.0,0.9649999737739563
4,571431387,1988,1.0,0.9699999690055847
4,571431387,1989,1.0,0.9699999690055847
4,571431387,1990,1.0,0.9649999737739563
4,571431387,1991,1.0,0.9649999737739563
4,571431387,1992,1.0,0.9649999737739563
4,571431387,1993,1.0,0.9649999737739563
4,571431387,1994,1.0,0.9649999737739563
4,571431387,1995,1.0,0.9649999737739563
4,571431387,1996,1.0,0.9649999737739563
4,571431387,1997,1.0,0.9649999737739563
4,571431387,1998,1.0,0.9699999690055847
4,571431387,1999,1.0,0.9649999737739563
4,571431387,2000,1.0,0.9649999737739563
4,571431387,2001,1.0,0.9649999737739563
4,571431387,2002,1.0,0.9649999737739563
4,571431387,2003,1.0,0.9649999737739563
4,571431387,2004,1.0,0.9649999737739563
4,571431387,2005,1.0,0.9649999737739563
4,571431387,2006,1.0,0.9649999737739563
4,571431387,2007,1.0,0.9649999737739563
4,571431387,2008,1.0,0.9649999737739563
4,571431387,2009,1.0,0.9649999737739563
4,571431387,2010,1.0,0.9649999737739563
4,571431387,2011,1.0,0.9649999737739563
4,571431387,2012,1.0,0.9649999737739563
4,571431387,2013,1.0,0.9649999737739563
4,571431387,2014,1.0,0.9649999737739563
4,571431387,2015,1.0,0.9649999737739563
4,571431387,2016,1.0,0.9649999737739563
4,571431387,2017,1.0,0.9699999690055847
4,571431387,2018,1.0,0.9649999737739563
4,571431387,2019,1.0,0.9649999737739563
4,571431387,2020,1.0,0.9649999737739563
4,571431387,2021,1.0,0.9649999737739563
4,571431387,2022,1.0,0.9699999690055847
4,571431387,2023,1.0,0.9699999690055847
4,571431387,2024,1.0,0.9699999690055847
4,571431387,2025,1.0,0.9649999737739563
4,571431387,2026,1.0,0.9649999737739563
4,571431387,2027,1.0,0.9649999737739563
4,571431387,2028,1.0,0.9649999737739563
4,571431387,2029,1.0,0.9649999737739563
4,571431387,2030,1.0,0.9699999690055847
4,571431387,2031,1.0,0.9649999737739563
4,571431387,2032,1.0,0.9699999690055847
4,571431387,2033,1.0,0.9699999690055847
4,571431387,2034,1.0,0.9649999737739563
4,571431387,2035,1.0,0.9649999737739563
4,571431387,2036,1.0,0.9649999737739563
4,571431387,2037,1.0,0.9649999737739563
4,571431387,2038,1.0,0.9649999737739563
4,571431387,2039,1.0,0.9649999737739563
4,571431387,2040,1.0,0.9649999737739563
4,571431387,2041,1.0,0.9649999737739563
4,571431387,2042,1.0,0.9649999737739563
4,571431387,2043,1.0,0.9649999737739563
4,571431387,2044,1.0,0.9649999737739563
4,571431387,2045,1.0,0.9649999737739563
4,571431387,2046,1.0,0.9649999737739563
4,571431387,2047,1.0,0.9649999737739563
4,571431387,2048,1.0,0.9649999737739563
4,571431387,2049,1.0,0.9649999737739563
4,571431387,2050,1.0,0.9649999737739563
4,571431387,2051,1.0,0.9649999737739563
4,571431387,2052,1.0,0.9649999737739563
4,571431387,2053,1.0,0.9649999737739563
4,571431387,2054,1.0,0.9649999737739563
4,571431387,2055,1.0,0.9699999690055847
4,571431387,2056,1.0,0.9649999737739563
4,571431387,2057,1.0,0.9649999737739563
4,571431387,2058,1.0,0.9649999737739563
4,571431387,2059,1.0,0.9699999690055847
4,571431387,2060,1.0,0.9699999690055847
4,571431387,2061,1.0,0.9699999690055847
4,571431387,2062,1.0,0.9699999690055847
4,571431387,2063,1.0,0.9649999737739563
4,571431387,2064,1.0,0.9649999737739563
4,571431387,2065,1.0,0.9649999737739563
4,571431387,2066,1.0,0.9649999737739563
4,571431387,2067,1.0,0.9649999737739563
4,571431387,2068,1.0,0.9649999737739563
4,571431387,2069,1.0,0.9649999737739563
4,571431387,2070,1.0,0.9649999737739563
4,571431387,2071,1.0,0.9649999737739563
4,571431387,2072,1.0,0.9649999737739563
4,571431387,2073,1.0,0.9649999737739563
4,571431387,2074,1.0,0.9649999737739563
4,571431387,2075,1.0,0.9649999737739563
4,571431387,2076,1.0,0.9649999737739563
4,571431387,2077,1.0,0.9649999737739563
4,571431387,2078,1.0,0.9649999737739563
4,571431387,2079,1.0,0.9649999737739563
4,571431387,2080,1.0,0.9649999737739563
4,571431387,2081,1.0,0.9649999737739563
4,571431387,2082,1.0,0.9649999737739563
4,571431387,2083,1.0,0.9699999690055847
4,571431387,2084,1.0,0.9649999737739563
4,571431387,2085,1.0,0.9699999690055847
4,571431387,2086,1.0,0.9699999690055847
4,571431387,2087,1.0,0.9699999690055847
4,571431387,2088,1.0,0.9699999690055847
4,571431387,2089,1.0,0.9749999642372131
4,571431387,2090,1.0,0.9699999690055847
4,571431387,2091,1.0,0.9649999737739563
4,571431387,2092,1.0,0.9649999737739563
4,571431387,2093,1.0,0.9649999737739563
4,571431387,2094,1.0,0.9649999737739563
4,571431387,2095,1.0,0.9649999737739563
4,571431387,2096,1.0,0.9649999737739563
4,571431387,2097,1.0,0.9649999737739563
4,571431387,2098,1.0,0.9699999690055847
4,571431387,2099,1.0,0.9649999737739563
4,571431387,2100,1.0,0.9699999690055847
4,571431387,2101,1.0,0.9749999642372131
4,571431387,2102,1.0,0.9649999737739563
4,571431387,2103,1.0,0.9649999737739563
4,571431387,2104,1.0,0.9649999737739563
4,571431387,2105,1.0,0.9699999690055847
4,571431387,2106,1.0,0.9749999642372131
4,571431387,2107,1.0,0.9749999642372131
4,571431387,2108,1.0,0.9649999737739563
4,571431387,2109,1.0,0.9699999690055847
4,571431387,2110,1.0,0.9649999737739563
4,571431387,2111,1.0,0.9649999737739563
4,571431387,2112,1.0,0.9699999690055847
4,571431387,2113,1.0,0.9749999642372131
4,571431387,2114,1.0,0.9749999642372131
4,571431387,2115,1.0,0.9649999737739563
4,571431387,2116,1.0,0.9699999690055847
4,571431387,2117,1.0,0.9699999690055847
4,571431387,2118,1.0,0.9699999690055847
4,571431387,2119,1.0,0.9649999737739563
4,571431387,2120,1.0,0.9649999737739563
4,571431387,2121,1.0,0.9649999737739563
4,571431387,2122,1.0,0.9649999737739563
4,571431387,2123,1.0,0.9649999737739563
4,571431387,2124,1.0,0.9749999642372131
4,571431387,2125,1.0,0.9749999642372131
4,571431387,2126,1.0,0.9699999690055847
4,571431387,2127,1.0,0.9649999737739563
4,571431387,2128,1.0,0.9649999737739563
4,571431387,2129,1.0,0.9649999737739563
4,571431387,2130,1.0,0.9749999642372131
4,571431387,2131,1.0,0.9749999642372131
4,571431387,2132,1.0,0.9699999690055847
4,571431387,2133,1.0,0.9649999737739563
4,571431387,2134,1.0,0.9649999737739563
4,571431387,2135,1.0,0.9649999737739563
4,571431387,2136,1.0,0.9649999737739563
4,571431387,2137,1.0,0.9699999690055847
4,571431387,2138,1.0,0.9749999642372131
4,571431387,2139,1.0,0.9649999737739563
4,571431387,2140,1.0,0.9649999737739563
4,571431387,2141,1.0,0.9749999642372131
4,571431387,2142,1.0,0.9649999737739563
4,571431387,2143,1.0,0.9649999737739563
4,571431387,2144,1.0,0.9699999690055847
4,571431387,2145,1.0,0.9699999690055847
4,571431387,2146,1.0,0.9699999690055847
4,571431387,2147,1.0,0.9799999594688416
4,571431387,2148,1.0,0.9749999642372131
4,571431387,2149,1.0,0.9699999690055847
4,571431387,2150,1.0,0.9749999642372131
4,571431387,2151,1.0,0.9699999690055847
4,571431387,2152,1.0,0.9749999642372131
4,571431387,2153,1.0,0.9749999642372131
4,571431387,2154,1.0,0.9749999642372131
4,571431387,2155,1.0,0.9699999690055847
4,571431387,2156,1.0,0.9699999690055847
4,571431387,2157,1.0,0.9699999690055847
4,571431387,2158,1.0,0.9699999690055847
4,571431387,2159,1.0,0.9649999737739563
4,571431387,2160,1.0,0.9699999690055847
4,571431387,2161,1.0,0.9699999690055847
4,571431387,2162,1.0,0.9699999690055847
4,571431387,2163,1.0,0.9699999690055847
4,571431387,2164,1.0,0.9749999642372131
4,571431387,2165,1.0,0.9799999594688416
4,571431387,2166,1.0,0.9699999690055847
4,571431387,2167,1.0,0.9749999642372131
4,571431387,2168,1.0,0.9799999594688416
4,571431387,2169,1.0,0.9749999642372131
4,571431387,2170,1.0,0.9749999642372131
4,571431387,2171,1.0,0.9749999642372131
4,571431387,2172,1.0,0.9749999642372131
4,571431387,2173,1.0,0.9699999690055847
4,571431387,2174,1.0,0.9699999690055847
4,571431387,2175,1.0,0.9699999690055847
4,571431387,2176,1.0,0.9699999690055847
4,571431387,2177,1.0,0.9799999594688416
4,571431387,2178,1.0,0.9749999642372131
4,571431387,2179,1.0,0.9799999594688416
4,571431387,2180,1.0,0.9799999594688416
4,571431387,2181,1.0,0.9799999594688416
4,571431387,2182,1.0,0.9699999690055847
4,571431387,2183,1.0,0.9749999642372131
4,571431387,2184,1.0,0.9799999594688416
4,571431387,2185,1.0,0.98499995470047
4,571431387,2186,1.0,0.9699999690055847
4,571431387,2187,1.0,0.9649999737739563
4,571431387,2188,1.0,0.9699999690055847
4,571431387,2189,1.0,0.9749999642372131
4,571431387,2190,1.0,0.9799999594688416
4,571431387,2191,1.0,0.9749999642372131
4,571431387,2192,1.0,0.9799999594688416
4,571431387,2193,1.0,0.9799999594688416
4,571431387,2194,1.0,0.9749999642372131
4,571431387,2195,1.0,0.9749999642372131
4,571431387,2196,1.0,0.9749999642372131
4,571431387,2197,1.0,0.9799999594688416
4,571431387,2198,1.0,0.9749999642372131
4,571431387,2199,1.0,0.9749999642372131
4,571431387,2200,1.0,0.9699999690055847
4,571431387,2201,1.0,0.9749999642372131
4,571431387,2202,1.0,0.9699999690055847
4,571431387,2203,1.0,0.9799999594688416
4,571431387,2204,1.0,0.9799999594688416
4,571431387,2205,1.0,0.9699999690055847
4,571431387,2206,1.0,0.9749999642372131
4,571431387,2207,1.0,0.9799999594688416
4,571431387,2208,1.0,0.9749999642372131
4,571431387,2209,1.0,0.9799999594688416
4,571431387,2210,1.0,0.9749999642372131
4,571431387,2211,1.0,0.9749999642372131
4,571431387,2212,1.0,0.9699999690055847
4,571431387,2213,1.0,0.9749999642372131
4,571431387,2214,1.0,0.9749999642372131
4,571431387,2215,1.0,0.9699999690055847
4,571431387,2216,1.0,0.9799999594688416
4,571431387,2217,1.0,0.98499995470047
4,571431387,2218,1.0,0.98499995470047
4,571431387,2219,1.0,0.98499995470047
4,571431387,2220,1.0,0.9799999594688416
4,571431387,2221,1.0,0.9799999594688416
4,571431387,2222,1.0,0.9799999594688416
4,571431387,2223,1.0,0.9749999642372131
4,571431387,2224,1.0,0.9749999642372131
4,571431387,2225,1.0,0.9799999594688416
4,571431387,2226,1.0,0.98499995470047
4,571431387,2227,1.0,0.98499995470047
4,571431387,2228,1.0,0.98499995470047
4,571431387,2229,1.0,0.98499995470047
4,571431387,2230,1.0,0.98499995470047
4,571431387,2231,1.0,0.98499995470047
4,571431387,2232,1.0,0.98499995470047
4,571431387,2233,1.0,0.98499995470047
4,571431387,2234,1.0,0.98499995470047
4,571431387,2235,1.0,0.98499995470047
4,571431387,2236,1.0,0.98499995470047
4,571431387,2237,1.0,0.98499995470047
4,571431387,2238,1.0,0.98499995470047
4,571431387,2239,1.0,0.98499995470047
4,571431387,2240,1.0,0.98499995470047
4,571431387,2241,1.0,0.98499995470047
4,571431387,2242,1.0,0.98499995470047
4,571431387,2243,1.0,0.98499995470047
4,571431387,2244,1.0,0.98499995470047
4,571431387,2245,1.0,0.98499995470047
4,571431387,2246,1.0,0.98499995470047
4,571431387,2247,1.0,0.98499995470047
4,571431387,2248,1.0,0.98499995470047
4,571431387,2249,1.0,0.98499995470047
4,571431387,2250,1.0,0.98499995470047
4,571431387,2251,1.0,0.98499995470047
4,571431387,2252,1.0,0.98499995470047
4,571431387,2253,1.0,0.98499995470047
4,571431387,2254,1.0,0.98499995470047
4,571431387,2255,1.0,0.98499995470047
4,571431387,2256,1.0,0.98499995470047
4,571431387,2257,1.0,0.98499995470047
4,571431387,2258,1.0,0.98499995470047
4,571431387,2259,1.0,0.98499995470047
4,571431387,2260,1.0,0.98499995470047
4,571431387,2261,1.0,0.98499995470047
4,571431387,2262,1.0,0.98499995470047
4,571431387,2263,1.0,0.98499995470047
4,571431387,2264,1.0,0.98499995470047
4,571431387,2265,1.0,0.98499995470047
4,571431387,2266,1.0,0.98499995470047
4,571431387,2267,1.0,0.98499995470047
4,571431387,2268,1.0,0.98499995470047
4,571431387,2269,1.0,0.98499995470047
4,571431387,2270,1.0,0.98499995470047
4,571431387,2271,1.0,0.98499995470047
4,571431387,2272,1.0,0.98499995470047
4,571431387,2273,1.0,0.98499995470047
4,571431387,2274,1.0,0.98499995470047
4,571431387,2275,1.0,0.98499995470047
4,571431387,2276,1.0,0.98499995470047
4,571431387,2277,1.0,0.98499995470047
4,571431387,2278,1.0,0.98499995470047
4,571431387,2279,1.0,0.98499995470047
4,571431387,2280,1.0,0.98499995470047
4,571431387,2281,1.0,0.98499995470047
4,571431387,2282,1.0,0.98499995470047
4,571431387,2283,1.0,0.98499995470047
4,571431387,2284,1.0,0.98499995470047
4,571431387,2285,1.0,0.98499995470047
4,571431387,2286,1.0,0.98499995470047
4,571431387,2287,1.0,0.98499995470047
4,571431387,2288,1.0,0.98499995470047
4,571431387,2289,1.0,0.98499995470047
4,571431387,2290,1.0,0.98499995470047
4,571431387,2291,1.0,0.98499995470047
4,571431387,2292,1.0,0.98499995470047
4,571431387,2293,1.0,0.98499995470047
4,571431387,2294,1.0,0.98499995470047
4,571431387,2295,1.0,0.98499995470047
4,571431387,2296,1.0,0.98499995470047
4,571431387,2297,1.0,0.98499995470047
4,571431387,2298,1.0,0.98499995470047
4,571431387,2299,1.0,0.98499995470047
4,571431387,2300,1.0,0.98499995470047
4,571431387,2301,1.0,0.98499995470047
4,571431387,2302,1.0,0.98499995470047
4,571431387,2303,1.0,0.98499995470047
4,571431387,2304,1.0,0.98499995470047
4,571431387,2305,1.0,0.98499995470047
4,571431387,2306,1.0,0.98499995470047
4,571431387,2307,1.0,0.98499995470047
4,571431387,2308,1.0,0.98499995470047
4,571431387,2309,1.0,0.98499995470047
4,571431387,2310,1.0,0.98499995470047
4,571431387,2311,1.0,0.98499995470047
4,571431387,2312,1.0,0.98499995470047
4,571431387,2313,1.0,0.98499995470047
4,571431387,2314,1.0,0.98499995470047
4,571431387,2315,1.0,0.98499995470047
4,571431387,2316,1.0,0.98499995470047
4,571431387,2317,1.0,0.98499995470047
4,571431387,2318,1.0,0.98499995470047
4,571431387,2319,1.0,0.98499995470047
4,571431387,2320,1.0,0.98499995470047
4,571431387,2321,1.0,0.98499995470047
4,571431387,2322,1.0,0.98499995470047
4,571431387,2323,1.0,0.98499995470047
4,571431387,2324,1.0,0.98499995470047
4,571431387,2325,1.0,0.98499995470047
4,571431387,2326,1.0,0.98499995470047
4,571431387,2327,1.0,0.98499995470047
4,571431387,2328,1.0,0.98499995470047
4,571431387,2329,1.0,0.98499995470047
4,571431387,2330,1.0,0.98499995470047
4,571431387,2331,1.0,0.98499995470047
4,571431387,2332,1.0,0.98499995470047
4,571431387,2333,1.0,0.98499995470047
4,571431387,2334,1.0,0.98499995470047
4,571431387,2335,1.0,0.98499995470047
4,571431387,2336,1.0,0.98499995470047
4,571431387,2337,1.0,0.98499995470047
4,571431387,2338,1.0,0.98499995470047
4,571431387,2339,1.0,0.98499995470047
4,571431387,2340,1.0,0.98499995470047
4,571431387,2341,1.0,0.98499995470047
4,571431387,2342,1.0,0.98499995470047
4,571431387,2343,1.0,0.98499995470047
4,571431387,2344,1.0,0.98499995470047
4,571431387,2345,1.0,0.98499995470047
4,571431387,2346,1.0,0.98499995470047
4,571431387,2347,1.0,0.98499995470047
4,571431387,2348,1.0,0.98499995470047
4,571431387,2349,1.0,0.98499995470047
4,571431387,2350,1.0,0.98499995470047
4,571431387,2351,1.0,0.98499995470047
4,571431387,2352,1.0,0.98499995470047
4,571431387,2353,1.0,0.98499995470047
4,571431387,2354,1.0,0.98499995470047
4,571431387,2355,1.0,0.98499995470047
4,571431387,2356,1.0,0.98499995470047
4,571431387,2357,1.0,0.98499995470047
4,571431387,2358,1.0,0.98499995470047
4,571431387,2359,1.0,0.98499995470047
4,571431387,2360,1.0,0.98499995470047
4,571431387,2361,1.0,0.98499995470047
4,571431387,2362,1.0,0.98499995470047
4,571431387,2363,1.0,0.98499995470047
4,571431387,2364,1.0,0.98499995470047
4,571431387,2365,1.0,0.98499995470047
4,571431387,2366,1.0,0.98499995470047
4,571431387,2367,1.0,0.98499995470047
4,571431387,2368,1.0,0.98499995470047
4,571431387,2369,1.0,0.98499995470047
4,571431387,2370,1.0,0.98499995470047
4,571431387,2371,1.0,0.98499995470047
4,571431387,2372,1.0,0.98499995470047
4,571431387,2373,1.0,0.98499995470047
4,571431387,2374,1.0,0.98499995470047
4,571431387,2375,1.0,0.98499995470047
4,571431387,2376,1.0,0.98499995470047
4,571431387,2377,1.0,0.98499995470047
4,571431387,2378,1.0,0.98499995470047
4,571431387,2379,1.0,0.98499995470047
4,571431387,2380,1.0,0.98499995470047
4,571431387,2381,1.0,0.98499995470047
4,571431387,2382,1.0,0.98499995470047
4,571431387,2383,1.0,0.98499995470047
4,571431387,2384,1.0,0.98499995470047
4,571431387,2385,1.0,0.98499995470047
4,571431387,2386,1.0,0.98499995470047
4,571431387,2387,1.0,0.98499995470047
4,571431387,2388,1.0,0.98499995470047
4,571431387,2389,1.0,0.98499995470047
4,571431387,2390,1.0,0.98499995470047
4,571431387,2391,1.0,0.98499995470047
4,571431387,2392,1.0,0.98499995470047
4,571431387,2393,1.0,0.98499995470047
4,571431387,2394,1.0,0.98499995470047
4,571431387,2395,1.0,0.98499995470047
4,571431387,2396,1.0,0.98499995470047
4,571431387,2397,1.0,0.98499995470047
4,571431387,2398,1.0,0.98499995470047
4,571431387,2399,1.0,0.98499995470047
4,571431387,2400,1.0,0.98499995470047
4,571431387,2401,1.0,0.98499995470047
4,571431387,2402,1.0,0.98499995470047
4,571431387,2403,1.0,0.98499995470047
4,571431387,2404,1.0,0.98499995470047
4,571431387,2405,1.0,0.98499995470047
4,571431387,2406,1.0,0.98499995470047
4,571431387,2407,1.0,0.98499995470047
4,571431387,2408,1.0,0.98499995470047
4,571431387,2409,1.0,0.98499995470047
4,571431387,2410,1.0,0.98499995470047
4,571431387,2411,1.0,0.98499995470047
4,571431387,2412,1.0,0.98499995470047
4,571431387,2413,1.0,0.98499995470047
4,571431387,2414,1.0,0.98499995470047
4,571431387,2415,1.0,0.98499995470047
4,571431387,2416,1.0,0.98499995470047
4,571431387,2417,1.0,0.98499995470047
4,571431387,2418,1.0,0.98499995470047
4,571431387,2419,1.0,0.98499995470047
4,571431387,2420,1.0,0.98499995470047
4,571431387,2421,1.0,0.98499995470047
4,571431387,2422,1.0,0.98499995470047
4,571431387,2423,1.0,0.98499995470047
4,571431387,2424,1.0,0.98499995470047
4,571431387,2425,1.0,0.98499995470047
4,571431387,2426,1.0,0.98499995470047
4,571431387,2427,1.0,0.98499995470047
4,571431387,2428,1.0,0.98499995470047
4,571431387,2429,1.0,0.98499995470047
4,571431387,2430,1.0,0.98499995470047
4,571431387,2431,1.0,0.98499995470047
4,571431387,2432,1.0,0.98499995470047
4,571431387,2433,1.0,0.98499995470047
4,571431387,2434,1.0,0.98499995470047
4,571431387,2435,1.0,0.98499995470047
4,571431387,2436,1.0,0.98499995470047
4,571431387,2437,1.0,0.98499995470047
4,571431387,2438,1.0,0.98499995470047
4,571431387,2439,1.0,0.98499995470047
4,571431387,2440,1.0,0.98499995470047
4,571431387,2441,1.0,0.98499995470047
4,571431387,2442,1.0,0.98499995470047
4,571431387,2443,1.0,0.98499995470047
4,571431387,2444,1.0,0.98499995470047
4,571431387,2445,1.0,0.98499995470047
4,571431387,2446,1.0,0.98499995470047
4,571431387,2447,1.0,0.98499995470047
4,571431387,2448,1.0,0.98499995470047
4,571431387,2449,1.0,0.98499995470047
4,571431387,2450,1.0,0.98499995470047
4,571431387,2451,1.0,0.98499995470047
4,571431387,2452,1.0,0.98499995470047
4,571431387,2453,1.0,0.98499995470047
4,571431387,2454,1.0,0.98499995470047
4,571431387,2455,1.0,0.98499995470047
4,571431387,2456,1.0,0.9899999499320984
4,571431387,2457,1.0,0.9899999499320984
4,571431387,2458,1.0,0.9899999499320984
4,571431387,2459,1.0,0.9899999499320984
4,571431387,2460,1.0,0.9899999499320984
4,571431387,2461,1.0,0.9899999499320984
4,571431387,2462,1.0,0.98499995470047
4,571431387,2463,1.0,0.98499995470047
4,571431387,2464,1.0,0.98499995470047
4,571431387,2465,1.0,0.9899999499320984
4,571431387,2466,1.0,0.9899999499320984
4,571431387,2467,1.0,0.98499995470047
4,571431387,2468,1.0,0.98499995470047
4,571431387,2469,1.0,0.9899999499320984
4,571431387,2470,1.0,0.9899999499320984
4,571431387,2471,1.0,0.9899999499320984
4,571431387,2472,1.0,0.9950000047683716
4,571431387,2473,1.0,0.9899999499320984
4,571431387,2474,1.0,0.9899999499320984
4,571431387,2475,1.0,0.9899999499320984
4,571431387,2476,1.0,0.9899999499320984
4,571431387,2477,1.0,0.9950000047683716
4,571431387,2478,1.0,0.9950000047683716
4,571431387,2479,1.0,0.9950000047683716
4,571431387,2480,1.0,0.9899999499320984
4,571431387,2481,1.0,0.9899999499320984
4,571431387,2482,1.0,0.9899999499320984
4,571431387,2483,1.0,0.9950000047683716
4,571431387,2484,1.0,0.9899999499320984
4,571431387,2485,1.0,0.9899999499320984
4,571431387,2486,1.0,0.9950000047683716
4,571431387,2487,1.0,0.9950000047683716
4,571431387,2488,1.0,0.9950000047683716
4,571431387,2489,1.0,0.9950000047683716
4,571431387,2490,1.0,0.9950000047683716
4,571431387,2491,1.0,0.9950000047683716
4,571431387,2492,1.0,0.9950000047683716
4,571431387,2493,1.0,0.9950000047683716
4,571431387,2494,1.0,0.9950000047683716
4,571431387,2495,1.0,0.9950000047683716
4,571431387,2496,1.0,0.9950000047683716
4,571431387,2497,1.0,0.9950000047683716
4,571431387,2498,1.0,0.9950000047683716
4,571431387,2499,1.0,0.9950000047683716
4,571431387,2500,1.0,0.9899999499320984
4,571431387,2501,1.0,0.9950000047683716
4,571431387,2502,1.0,0.9950000047683716
4,571431387,2503,1.0,0.9950000047683716
4,571431387,2504,1.0,0.9950000047683716
4,571431387,2505,1.0,0.9950000047683716
4,571431387,2506,1.0,0.9950000047683716
4,571431387,2507,1.0,0.9950000047683716
4,571431387,2508,1.0,0.9950000047683716
4,571431387,2509,1.0,0.9950000047683716
4,571431387,2510,1.0,0.9950000047683716
4,571431387,2511,1.0,0.9950000047683716
4,571431387,2512,1.0,0.9950000047683716
4,571431387,2513,1.0,0.9950000047683716
4,571431387,2514,1.0,0.9950000047683716
4,571431387,2515,1.0,0.9950000047683716
4,571431387,2516,1.0,0.9950000047683716
4,571431387,2517,1.0,0.9950000047683716
4,571431387,2518,1.0,0.9950000047683716
4,571431387,2519,1.0,0.9950000047683716
4,571431387,2520,1.0,0.9950000047683716
4,571431387,2521,1.0,0.9950000047683716
4,571431387,2522,1.0,0.9950000047683716
4,571431387,2523,1.0,0.9950000047683716
4,571431387,2524,1.0,0.9950000047683716
4,571431387,2525,1.0,0.9950000047683716
4,571431387,2526,1.0,0.9950000047683716
4,571431387,2527,1.0,0.9950000047683716
4,571431387,2528,1.0,0.9950000047683716
4,571431387,2529,1.0,0.9950000047683716
4,571431387,2530,1.0,0.9950000047683716
4,571431387,2531,1.0,0.9950000047683716
4,571431387,2532,1.0,0.9950000047683716
4,571431387,2533,1.0,0.9950000047683716
4,571431387,2534,1.0,0.9950000047683716
4,571431387,2535,1.0,0.9950000047683716
4,571431387,2536,1.0,0.9950000047683716
4,571431387,2537,1.0,0.9950000047683716
4,571431387,2538,1.0,0.9950000047683716
4,571431387,2539,1.0,0.9950000047683716
4,571431387,2540,1.0,0.9950000047683716
4,571431387,2541,1.0,0.9950000047683716
4,571431387,2542,1.0,0.9950000047683716
4,571431387,2543,1.0,0.9950000047683716
4,571431387,2544,1.0,0.9950000047683716
4,571431387,2545,1.0,0.9950000047683716
4,571431387,2546,1.0,0.9950000047683716
4,571431387,2547,1.0,0.9950000047683716
4,571431387,2548,1.0,0.9950000047683716
4,571431387,2549,1.0,0.9950000047683716
4,571431387,2550,1.0,0.9950000047683716
4,571431387,2551,1.0,0.9950000047683716
4,571431387,2552,1.0,0.9950000047683716
4,571431387,2553,1.0,0.9950000047683716
4,571431387,2554,1.0,0.9950000047683716
4,571431387,2555,1.0,0.9950000047683716
4,571431387,2556,1.0,0.9950000047683716
4,571431387,2557,1.0,0.9950000047683716
4,571431387,2558,1.0,0.9950000047683716
4,571431387,2559,1.0,0.9950000047683716
4,571431387,2560,1.0,0.9950000047683716
4,571431387,2561,1.0,0.9950000047683716
4,571431387,2562,1.0,0.9950000047683716
4,571431387,2563,1.0,0.9950000047683716
4,571431387,2564,1.0,0.9950000047683716
4,571431387,2565,1.0,0.9950000047683716
4,571431387,2566,1.0,0.9950000047683716
4,571431387,2567,1.0,0.9950000047683716
4,571431387,2568,1.0,0.9950000047683716
4,571431387,2569,1.0,0.9950000047683716
4,571431387,2570,1.0,0.9950000047683716
4,571431387,2571,1.0,1.0
4,571431387,2572,1.0,0.9950000047683716
4,571431387,2573,1.0,0.9950000047683716
4,571431387,2574,1.0,0.9950000047683716
4,571431387,2575,1.0,0.9950000047683716
4,571431387,2576,1.0,0.9950000047683716
4,571431387,2577,1.0,0.9950000047683716
4,571431387,2578,1.0,0.9950000047683716
4,571431387,2579,1.0,0.9950000047683716
4,571431387,2580,1.0,0.9950000047683716
4,571431387,2581,1.0,0.9950000047683716
4,571431387,2582,1.0,0.9950000047683716
4,571431387,2583,1.0,0.9950000047683716
4,571431387,2584,1.0,0.9950000047683716
4,571431387,2585,1.0,0.9950000047683716
4,571431387,2586,1.0,0.9950000047683716
4,571431387,2587,1.0,0.9950000047683716
4,571431387,2588,1.0,0.9950000047683716
4,571431387,2589,1.0,0.9950000047683716
4,571431387,2590,1.0,0.9950000047683716
4,571431387,2591,1.0,0.9950000047683716
4,571431387,2592,1.0,0.9950000047683716
4,571431387,2593,1.0,0.9950000047683716
4,571431387,2594,1.0,0.9950000047683716
4,571431387,2595,1.0,0.9950000047683716
4,571431387,2596,1.0,0.9950000047683716
4,571431387,2597,1.0,0.9950000047683716
4,571431387,2598,1.0,0.9950000047683716
4,571431387,2599,1.0,0.9950000047683716
4,571431387,2600,1.0,0.9950000047683716
4,571431387,2601,1.0,0.9950000047683716
4,571431387,2602,1.0,0.9950000047683716
4,571431387,2603,1.0,0.9950000047683716
4,571431387,2604,1.0,0.9950000047683716
4,571431387,2605,1.0,0.9950000047683716
4,571431387,2606,1.0,0.9950000047683716
4,571431387,2607,1.0,0.9950000047683716
4,571431387,2608,1.0,0.9950000047683716
4,571431387,2609,1.0,0.9950000047683716
4,571431387,2610,1.0,0.9950000047683716
4,571431387,2611,1.0,0.9950000047683716
4,571431387,2612,1.0,0.9950000047683716
4,571431387,2613,1.0,0.9950000047683716
4,571431387,2614,1.0,0.9950000047683716
4,571431387,2615,1.0,0.9950000047683716
4,571431387,2616,1.0,0.9950000047683716
4,571431387,2617,1.0,0.9950000047683716
4,571431387,2618,1.0,0.9950000047683716
4,571431387,2619,1.0,0.9950000047683716
4,571431387,2620,1.0,0.9950000047683716
4,571431387,2621,1.0,0.9950000047683716
4,571431387,2622,1.0,0.9950000047683716
4,571431387,2623,1.0,0.9950000047683716
4,571431387,2624,1.0,0.9950000047683716
4,571431387,2625,1.0,0.9950000047683716
4,571431387,2626,1.0,0.9950000047683716
4,571431387,2627,1.0,0.9950000047683716
4,571431387,2628,1.0,0.9950000047683716
4,571431387,2629,1.0,0.9950000047683716
4,571431387,2630,1.0,0.9950000047683716
4,571431387,2631,1.0,0.9950000047683716
4,571431387,2632,1.0,0.9950000047683716
4,571431387,2633,1.0,0.9950000047683716
4,571431387,2634,1.0,0.9950000047683716
4,571431387,2635,1.0,0.9950000047683716
4,571431387,2636,1.0,0.9950000047683716
4,571431387,2637,1.0,0.9950000047683716
4,571431387,2638,1.0,0.9950000047683716
4,571431387,2639,1.0,0.9950000047683716
4,571431387,2640,1.0,1.0
4,571431387,2641,1.0,1.0
4,571431387,2642,1.0,0.9950000047683716
4,571431387,2643,1.0,0.9950000047683716
4,571431387,2644,1.0,0.9950000047683716
4,571431387,2645,1.0,0.9950000047683716
4,571431387,2646,1.0,0.9950000047683716
4,571431387,2647,1.0,0.9950000047683716
4,571431387,2648,1.0,0.9950000047683716
4,571431387,2649,1.0,0.9950000047683716
4,571431387,2650,1.0,0.9950000047683716
4,571431387,2651,1.0,1.0
4,571431387,2652,1.0,0.9950000047683716
4,571431387,2653,1.0,0.9950000047683716
4,571431387,2654,1.0,0.9950000047683716
4,571431387,2655,1.0,0.9950000047683716
4,571431387,2656,1.0,0.9950000047683716
4,571431387,2657,1.0,1.0
4,571431387,2658,1.0,1.0
4,571431387,2659,1.0,1.0
4,571431387,2660,1.0,0.9950000047683716
4,571431387,2661,1.0,0.9950000047683716
4,571431387,2662,1.0,0.9950000047683716
4,571431387,2663,1.0,0.9950000047683716
4,571431387,2664,1.0,0.9950000047683716
4,571431387,2665,1.0,1.0
4,571431387,2666,1.0,1.0
4,571431387,2667,1.0,0.9950000047683716
4,571431387,2668,1.0,0.9950000047683716
4,571431387,2669,1.0,0.9950000047683716
4,571431387,2670,1.0,0.9950000047683716
4,571431387,2671,1.0,1.0
4,571431387,2672,1.0,1.0
4,571431387,2673,1.0,1.0
4,571431387,2674,1.0,1.0
4,571431387,2675,1.0,1.0
4,571431387,2676,1.0,1.0
4,571431387,2677,1.0,1.0
4,571431387,2678,1.0,1.0
4,571431387,2679,1.0,1.0
4,571431387,2680,1.0,1.0
4,571431387,2681,1.0,1.0
4,571431387,2682,1.0,1.0
4,571431387,2683,1.0,1.0
4,571431387,2684,1.0,1.0
4,571431387,2685,1.0,1.0
4,571431387,2686,1.0,1.0
4,571431387,2687,1.0,1.0
4,571431387,2688,1.0,1.0
4,571431387,2689,1.0,1.0
4,571431387,2690,1.0,1.0
4,571431387,2691,1.0,1.0
4,571431387,2692,1.0,1.0
4,571431387,2693,1.0,1.0
4,571431387,2694,1.0,1.0
4,571431387,2695,1.0,1.0
4,571431387,2696,1.0,1.0
4,571431387,2697,1.0,1.0
4,571431387,2698,1.0,1.0
4,571431387,2699,1.0,1.0
4,571431387,2700,1.0,1.0
4,571431387,2701,1.0,1.0
4,571431387,2702,1.0,1.0
4,571431387,2703,1.0,1.0
4,571431387,2704,1.0,1.0
4,571431387,2705,1.0,1.0
4,571431387,2706,1.0,1.0
4,571431387,2707,1.0,1.0
4,571431387,2708,1.0,1.0
4,571431387,2709,1.0,1.0
4,571431387,2710,1.0,1.0
4,571431387,2711,1.0,1.0
4,571431387,2712,1.0,1.0
4,571431387,2713,1.0,1.0
4,571431387,2714,1.0,1.0
4,571431387,2715,1.0,1.0
4,571431387,2716,1.0,1.0
4,571431387,2717,1.0,1.0
4,571431387,2718,1.0,1.0
4,571431387,2719,1.0,1.0
4,571431387,2720,1.0,1.0
4,571431387,2721,1.0,1.0
4,571431387,2722,1.0,1.0
4,571431387,2723,1.0,1.0
4,571431387,2724,1.0,1.0
4,571431387,2725,1.0,1.0
4,571431387,2726,1.0,1.0
4,571431387,2727,1.0,1.0
4,571431387,2728,1.0,1.0
4,571431387,2729,1.0,1.0
4,571431387,2730,1.0,1.0
4,571431387,2731,1.0,1.0
4,571431387,2732,1.0,1.0
4,571431387,2733,1.0,1.0
4,571431387,2734,1.0,1.0
4,571431387,2735,1.0,1.0
4,571431387,2736,1.0,1.0
4,571431387,2737,1.0,1.0
4,571431387,2738,1.0,1.0
4,571431387,2739,1.0,1.0
4,571431387,2740,1.0,1.0
4,571431387,2741,1.0,1.0
4,571431387,2742,1.0,1.0
4,571431387,2743,1.0,1.0
4,571431387,2744,1.0,1.0
4,571431387,2745,1.0,1.0
4,571431387,2746,1.0,1.0
4,571431387,2747,1.0,1.0
4,571431387,2748,1.0,1.0
4,571431387,2749,1.0,1.0
4,571431387,2750,1.0,1.0
4,571431387,2751,1.0,1.0
4,571431387,2752,1.0,1.0
4,571431387,2753,1.0,1.0
4,571431387,2754,1.0,1.0
4,571431387,2755,1.0,1.0
4,571431387,2756,1.0,1.0
4,571431387,2757,1.0,1.0
4,571431387,2758,1.0,0.9950000047683716
4,571431387,2759,1.0,1.0
4,571431387,2760,1.0,1.0
4,571431387,2761,1.0,1.0
4,571431387,2762,1.0,1.0
4,571431387,2763,1.0,1.0
4,571431387,2764,1.0,1.0
4,571431387,2765,1.0,1.0
4,571431387,2766,1.0,1.0
4,571431387,2767,1.0,1.0
4,571431387,2768,1.0,1.0
4,571431387,2769,1.0,1.0
4,571431387,2770,1.0,1.0
4,571431387,2771,1.0,1.0
4,571431387,2772,1.0,1.0
4,571431387,2773,1.0,1.0
4,571431387,2774,1.0,1.0
4,571431387,2775,1.0,1.0
4,571431387,2776,1.0,1.0
4,571431387,2777,1.0,1.0
4,571431387,2778,1.0,1.0
4,571431387,2779,1.0,1.0
4,571431387,2780,1.0,1.0
4,571431387,2781,1.0,1.0
4,571431387,2782,1.0,1.0
4,571431387,2783,1.0,1.0
4,571431387,2784,1.0,1.0
4,571431387,2785,1.0,1.0
4,571431387,2786,1.0,1.0
4,571431387,2787,1.0,1.0
4,571431387,2788,1.0,1.0
4,571431387,2789,1.0,1.0
4,571431387,2790,1.0,1.0
4,571431387,2791,1.0,1.0
4,571431387,2792,1.0,1.0
4,571431387,2793,1.0,1.0
4,571431387,2794,1.0,1.0
4,571431387,2795,1.0,1.0
4,571431387,2796,1.0,1.0
4,571431387,2797,1.0,1.0
4,571431387,2798,1.0,1.0
4,571431387,2799,1.0,1.0
4,571431387,2800,1.0,1.0
4,571431387,2801,1.0,1.0
4,571431387,2802,1.0,1.0
4,571431387,2803,1.0,1.0
4,571431387,2804,1.0,1.0
4,571431387,2805,1.0,1.0
4,571431387,2806,1.0,1.0
4,571431387,2807,1.0,1.0
4,571431387,2808,1.0,1.0
4,571431387,2809,1.0,1.0
4,571431387,2810,1.0,1.0
4,571431387,2811,1.0,1.0
4,571431387,2812,1.0,1.0
4,571431387,2813,1.0,1.0
4,571431387,2814,1.0,1.0
4,571431387,2815,1.0,1.0
4,571431387,2816,1.0,1.0
4,571431387,2817,1.0,1.0
4,571431387,2818,1.0,1.0
4,571431387,2819,1.0,1.0
4,571431387,2820,1.0,1.0
4,571431387,2821,1.0,1.0
4,571431387,2822,1.0,1.0
4,571431387,2823,1.0,1.0
4,571431387,2824,1.0,1.0
4,571431387,2825,1.0,1.0
4,571431387,2826,1.0,1.0
4,571431387,2827,1.0,1.0
4,571431387,2828,1.0,1.0
4,571431387,2829,1.0,1.0
4,571431387,2830,1.0,1.0
4,571431387,2831,1.0,1.0
4,571431387,2832,1.0,1.0
4,571431387,2833,1.0,1.0
4,571431387,2834,1.0,1.0
4,571431387,2835,1.0,1.0
4,571431387,2836,1.0,1.0
4,571431387,2837,1.0,1.0
4,571431387,2838,1.0,1.0
4,571431387,2839,1.0,1.0
4,571431387,2840,1.0,1.0
4,571431387,2841,1.0,1.0
4,571431387,2842,1.0,1.0
4,571431387,2843,1.0,1.0
4,571431387,2844,1.0,1.0
4,571431387,2845,1.0,1.0
4,571431387,2846,1.0,1.0
4,571431387,2847,1.0,1.0
4,571431387,2848,1.0,1.0
4,571431387,2849,1.0,1.0
4,571431387,2850,1.0,1.0
4,571431387,2851,1.0,1.0
4,571431387,2852,1.0,1.0
4,571431387,2853,1.0,1.0
4,571431387,2854,1.0,1.0
4,571431387,2855,1.0,1.0
4,571431387,2856,1.0,1.0
4,571431387,2857,1.0,1.0
4,571431387,2858,1.0,1.0
4,571431387,2859,1.0,1.0
4,571431387,2860,1.0,1.0
4,571431387,2861,1.0,1.0
4,571431387,2862,1.0,1.0
4,571431387,2863,1.0,1.0
4,571431387,2864,1.0,1.0
4,571431387,2865,1.0,1.0
4,571431387,2866,1.0,1.0
4,571431387,2867,1.0,1.0
4,571431387,2868,1.0,1.0
4,571431387,2869,1.0,1.0
4,571431387,2870,1.0,1.0
4,571431387,2871,1.0,1.0
4,571431387,2872,1.0,1.0
4,571431387,2873,1.0,1.0
4,571431387,2874,1.0,1.0
4,571431387,2875,1.0,1.0
4,571431387,2876,1.0,1.0
4,571431387,2877,1.0,1.0
4,571431387,2878,1.0,1.0
4,571431387,2879,1.0,1.0
4,571431387,2880,1.0,1.0
4,571431387,2881,1.0,1.0
4,571431387,2882,1.0,1.0
4,571431387,2883,1.0,1.0
4,571431387,2884,1.0,1.0
4,571431387,2885,1.0,1.0
4,571431387,2886,1.0,1.0
4,571431387,2887,1.0,1.0
4,571431387,2888,1.0,1.0
4,571431387,2889,1.0,1.0
4,571431387,2890,1.0,1.0
4,571431387,2891,1.0,1.0
4,571431387,2892,1.0,1.0
4,571431387,2893,1.0,1.0
4,571431387,2894,1.0,1.0
4,571431387,2895,1.0,1.0
4,571431387,2896,1.0,1.0
4,571431387,2897,1.0,1.0
4,571431387,2898,1.0,1.0
4,571431387,2899,1.0,1.0
4,571431387,2900,1.0,1.0
4,571431387,2901,1.0,1.0
4,571431387,2902,1.0,1.0
4,571431387,2903,1.0,1.0
4,571431387,2904,1.0,1.0
4,571431387,2905,1.0,1.0
4,571431387,2906,1.0,1.0
4,571431387,2907,1.0,1.0
4,571431387,2908,1.0,1.0
4,571431387,2909,1.0,1.0
4,571431387,2910,1.0,1.0
4,571431387,2911,1.0,1.0
4,571431387,2912,1.0,1.0
4,571431387,2913,1.0,1.0
4,571431387,2914,1.0,1.0
4,571431387,2915,1.0,1.0
4,571431387,2916,1.0,1.0
4,571431387,2917,1.0,1.0
4,571431387,2918,1.0,1.0
4,571431387,2919,1.0,1.0
4,571431387,2920,1.0,1.0
4,571431387,2921,1.0,1.0
4,571431387,2922,1.0,1.0
4,571431387,2923,1.0,1.0
4,571431387,2924,1.0,1.0
4,571431387,2925,1.0,1.0
4,571431387,2926,1.0,1.0
4,571431387,2927,1.0,1.0
4,571431387,2928,1.0,1.0
4,571431387,2929,1.0,1.0
4,571431387,2930,1.0,1.0
4,571431387,2931,1.0,1.0
4,571431387,2932,1.0,1.0
4,571431387,2933,1.0,1.0
4,571431387,2934,1.0,1.0
4,571431387,2935,1.0,1.0
4,571431387,2936,1.0,1.0
4,571431387,2937,1.0,1.0
4,571431387,2938,1.0,1.0
4,571431387,2939,1.0,1.0
4,571431387,2940,1.0,1.0
4,571431387,2941,1.0,1.0
4,571431387,2942,1.0,1.0
4,571431387,2943,1.0,1.0
4,571431387,2944,1.0,1.0
4,571431387,2945,1.0,1.0
4,571431387,2946,1.0,1.0
4,571431387,2947,1.0,1.0
4,571431387,2948,1.0,1.0
4,571431387,2949,1.0,1.0
4,571431387,2950,1.0,1.0
4,571431387,2951,1.0,1.0
4,571431387,2952,1.0,1.0
4,571431387,2953,1.0,1.0
4,571431387,2954,1.0,1.0
4,571431387,2955,1.0,1.0
4,571431387,2956,1.0,1.0
4,571431387,2957,1.0,1.0
4,571431387,2958,1.0,1.0
4,571431387,2959,1.0,1.0
4,571431387,2960,1.0,1.0
4,571431387,2961,1.0,1.0
4,571431387,2962,1.0,1.0
4,571431387,2963,1.0,1.0
4,571431387,2964,1.0,1.0
4,571431387,2965,1.0,1.0
4,571431387,2966,1.0,1.0
4,571431387,2967,1.0,1.0
4,571431387,2968,1.0,1.0
4,571431387,2969,1.0,1.0
4,571431387,2970,1.0,1.0
4,571431387,2971,1.0,1.0
4,571431387,2972,1.0,1.0
4,571431387,2973,1.0,1.0
4,571431387,2974,1.0,1.0
4,571431387,2975,1.0,1.0
4,571431387,2976,1.0,1.0
4,571431387,2977,1.0,1.0
4,571431387,2978,1.0,1.0
4,571431387,2979,1.0,1.0
4,571431387,2980,1.0,1.0
4,571431387,2981,1.0,1.0
4,571431387,2982,1.0,1.0
4,571431387,2983,1.0,1.0
4,571431387,2984,1.0,1.0
4,571431387,2985,1.0,1.0
4,571431387,2986,1.0,1.0
4,571431387,2987,1.0,1.0
4,571431387,2988,1.0,1.0
4,571431387,2989,1.0,1.0
4,571431387,2990,1.0,1.0
4,571431387,2991,1.0,1.0
4,571431387,2992,1.0,1.0
4,571431387,2993,1.0,1.0
4,571431387,2994,1.0,1.0
4,571431387,2995,1.0,1.0
4,571431387,2996,1.0,1.0
4,571431387,2997,1.0,1.0
4,571431387,2998,1.0,1.0
4,571431387,2999,1.0,1.0
4,571431387,3000,1.0,1.0
4,571431387,3001,1.0,1.0
4,571431387,3002,1.0,1.0
4,571431387,3003,1.0,1.0
4,571431387,3004,1.0,1.0
4,571431387,3005,1.0,1.0
4,571431387,3006,1.0,1.0
4,571431387,3007,1.0,1.0
4,571431387,3008,1.0,1.0
4,571431387,3009,1.0,1.0
4,571431387,3010,1.0,1.0
4,571431387,3011,1.0,1.0
4,571431387,3012,1.0,1.0
4,571431387,3013,1.0,1.0
4,571431387,3014,1.0,1.0
4,571431387,3015,1.0,1.0
4,571431387,3016,1.0,1.0
4,571431387,3017,1.0,1.0
4,571431387,3018,1.0,1.0
4,571431387,3019,1.0,1.0
4,571431387,3020,1.0,1.0
4,571431387,3021,1.0,1.0
4,571431387,3022,1.0,1.0
4,571431387,3023,1.0,1.0
4,571431387,3024,1.0,1.0
4,571431387,3025,1.0,1.0
4,571431387,3026,1.0,1.0
4,571431387,3027,1.0,1.0
4,571431387,3028,1.0,1.0
4,571431387,3029,1.0,1.0
4,571431387,3030,1.0,1.0
4,571431387,3031,1.0,1.0
4,571431387,3032,1.0,1.0
4,571431387,3033,1.0,1.0
4,571431387,3034,1.0,1.0
4,571431387,3035,1.0,1.0
4,571431387,3036,1.0,1.0
4,571431387,3037,1.0,1.0
4,571431387,3038,1.0,1.0
4,571431387,3039,1.0,1.0
4,571431387,3040,1.0,1.0
4,571431387,3041,1.0,1.0
4,571431387,3042,1.0,1.0
4,571431387,3043,1.0,1.0
4,571431387,3044,1.0,1.0
4,571431387,3045,1.0,1.0
4,571431387,3046,1.0,1.0
4,571431387,3047,1.0,1.0
4,571431387,3048,1.0,1.0
4,571431387,3049,1.0,1.0
4,571431387,3050,1.0,1.0
4,571431387,3051,1.0,1.0
4,571431387,3052,1.0,1.0
4,571431387,3053,1.0,1.0
4,571431387,3054,1.0,1.0
4,571431387,3055,1.0,1.0
4,571431387,3056,1.0,1.0
4,571431387,3057,1.0,1.0
4,571431387,3058,1.0,1.0
4,571431387,3059,1.0,1.0
4,571431387,3060,1.0,1.0
4,571431387,3061,1.0,1.0
4,571431387,3062,1.0,1.0
4,571431387,3063,1.0,1.0
4,571431387,3064,1.0,1.0
4,571431387,3065,1.0,1.0
4,571431387,3066,1.0,1.0
4,571431387,3067,1.0,1.0
4,571431387,3068,1.0,1.0
4,571431387,3069,1.0,1.0
4,571431387,3070,1.0,1.0
4,571431387,3071,1.0,1.0
4,571431387,3072,1.0,1.0
4,571431387,3073,1.0,1.0
4,571431387,3074,1.0,1.0
4,571431387,3075,1.0,1.0
4,571431387,3076,1.0,1.0
4,571431387,3077,1.0,1.0
4,571431387,3078,1.0,1.0
4,571431387,3079,1.0,1.0
4,571431387,3080,1.0,1.0
4,571431387,3081,1.0,1.0
4,571431387,3082,1.0,1.0
4,571431387,3083,1.0,1.0
4,571431387,3084,1.0,1.0
4,571431387,3085,1.0,1.0
4,571431387,3086,1.0,1.0
4,571431387,3087,1.0,1.0
4,571431387,3088,1.0,1.0
4,571431387,3089,1.0,1.0
4,571431387,3090,1.0,1.0
4,571431387,3091,1.0,1.0
4,571431387,3092,1.0,1.0
4,571431387,3093,1.0,1.0
4,571431387,3094,1.0,1.0
4,571431387,3095,1.0,1.0
4,571431387,3096,1.0,1.0
4,571431387,3097,1.0,1.0
4,571431387,3098,1.0,1.0
4,571431387,3099,1.0,1.0
4,571431387,3100,1.0,1.0
4,571431387,3101,1.0,1.0
4,571431387,3102,1.0,1.0
4,571431387,3103,1.0,1.0
4,571431387,3104,1.0,1.0
4,571431387,3105,1.0,1.0
4,571431387,3106,1.0,1.0
4,571431387,3107,1.0,1.0
4,571431387,3108,1.0,1.0
4,571431387,3109,1.0,1.0
4,571431387,3110,1.0,1.0
4,571431387,3111,1.0,1.0
4,571431387,3112,1.0,1.0
4,571431387,3113,1.0,1.0
4,571431387,3114,1.0,1.0
4,571431387,3115,1.0,1.0
4,571431387,3116,1.0,1.0
4,571431387,3117,1.0,1.0
4,571431387,3118,1.0,1.0
4,571431387,3119,1.0,1.0
4,571431387,3120,1.0,1.0
4,571431387,3121,1.0,1.0
4,571431387,3122,1.0,1.0
4,571431387,3123,1.0,1.0
4,571431387,3124,1.0,1.0
4,571431387,3125,1.0,1.0
4,571431387,3126,1.0,1.0
4,571431387,3127,1.0,1.0
4,571431387,3128,1.0,1.0
4,571431387,3129,1.0,1.0
4,571431387,3130,1.0,1.0
4,571431387,3131,1.0,1.0
4,571431387,3132,1.0,1.0
4,571431387,3133,1.0,1.0
4,571431387,3134,1.0,1.0
4,571431387,3135,1.0,1.0
4,571431387,3136,1.0,1.0
4,571431387,3137,1.0,1.0
4,571431387,3138,1.0,1.0
4,571431387,3139,1.0,1.0
4,571431387,3140,1.0,1.0
4,571431387,3141,1.0,1.0
4,571431387,3142,1.0,1.0
4,571431387,3143,1.0,1.0
4,571431387,3144,1.0,1.0
4,571431387,3145,1.0,1.0
4,571431387,3146,1.0,1.0
4,571431387,3147,1.0,1.0
4,571431387,3148,1.0,1.0
4,571431387,3149,1.0,1.0
4,571431387,3150,1.0,1.0
4,571431387,3151,1.0,1.0
4,571431387,3152,1.0,1.0
4,571431387,3153,1.0,1.0
4,571431387,3154,1.0,1.0
4,571431387,3155,1.0,1.0
4,571431387,3156,1.0,1.0
4,571431387,3157,1.0,1.0
4,571431387,3158,1.0,1.0
4,571431387,3159,1.0,1.0
4,571431387,3160,1.0,1.0
4,571431387,3161,1.0,1.0
4,571431387,3162,1.0,1.0
4,571431387,3163,1.0,1.0
4,571431387,3164,1.0,1.0
4,571431387,3165,1.0,1.0
4,571431387,3166,1.0,1.0
4,571431387,3167,1.0,1.0
4,571431387,3168,1.0,1.0
4,571431387,3169,1.0,1.0
4,571431387,3170,1.0,1.0
4,571431387,3171,1.0,1.0
4,571431387,3172,1.0,1.0
4,571431387,3173,1.0,1.0
4,571431387,3174,1.0,1.0
4,571431387,3175,1.0,1.0
4,571431387,3176,1.0,1.0
4,571431387,3177,1.0,1.0
4,571431387,3178,1.0,1.0
4,571431387,3179,1.0,1.0
4,571431387,3180,1.0,1.0
4,571431387,3181,1.0,1.0
4,571431387,3182,1.0,1.0
4,571431387,3183,1.0,1.0
4,571431387,3184,1.0,1.0
4,571431387,3185,1.0,1.0
4,571431387,3186,1.0,1.0
4,571431387,3187,1.0,1.0
4,571431387,3188,1.0,1.0
4,571431387,3189,1.0,1.0
4,571431387,3190,1.0,1.0
4,571431387,3191,1.0,1.0
4,571431387,3192,1.0,1.0
4,571431387,3193,1.0,1.0
4,571431387,3194,1.0,1.0
4,571431387,3195,1.0,1.0
4,571431387,3196,1.0,1.0
4,571431387,3197,1.0,1.0
4,571431387,3198,1.0,1.0
4,571431387,3199,1.0,1.0
4,571431387,3200,1.0,1.0
4,571431387,3201,1.0,1.0
4,571431387,3202,1.0,1.0
4,571431387,3203,1.0,1.0
4,571431387,3204,1.0,1.0
4,571431387,3205,1.0,1.0
4,571431387,3206,1.0,1.0
4,571431387,3207,1.0,1.0
4,571431387,3208,1.0,1.0
4,571431387,3209,1.0,1.0
4,571431387,3210,1.0,1.0
4,571431387,3211,1.0,1.0
4,571431387,3212,1.0,1.0
4,571431387,3213,1.0,1.0
4,571431387,3214,1.0,1.0
4,571431387,3215,1.0,1.0
4,571431387,3216,1.0,1.0
4,571431387,3217,1.0,1.0
4,571431387,3218,1.0,1.0
4,571431387,3219,1.0,1.0
4,571431387,3220,1.0,1.0
4,571431387,3221,1.0,1.0
4,571431387,3222,1.0,1.0
4,571431387,3223,1.0,1.0
4,571431387,3224,1.0,1.0
4,571431387,3225,1.0,1.0
4,571431387,3226,1.0,1.0
4,571431387,3227,1.0,1.0
4,571431387,3228,1.0,1.0
4,571431387,3229,1.0,1.0
4,571431387,3230,1.0,1.0
4,571431387,3231,1.0,1.0
4,571431387,3232,1.0,1.0
4,571431387,3233,1.0,1.0
4,571431387,3234,1.0,1.0
4,571431387,3235,1.0,1.0
4,571431387,3236,1.0,1.0
4,571431387,3237,1.0,1.0
4,571431387,3238,1.0,1.0
4,571431387,3239,1.0,1.0
4,571431387,3240,1.0,1.0
4,571431387,3241,1.0,1.0
4,571431387,3242,1.0,1.0
4,571431387,3243,1.0,1.0
4,571431387,3244,1.0,1.0
4,571431387,3245,1.0,1.0
4,571431387,3246,1.0,1.0
4,571431387,3247,1.0,1.0
4,571431387,3248,1.0,1.0
4,571431387,3249,1.0,1.0
4,571431387,3250,1.0,1.0
4,571431387,3251,1.0,1.0
4,571431387,3252,1.0,1.0
4,571431387,3253,1.0,1.0
4,571431387,3254,1.0,1.0
4,571431387,3255,1.0,1.0
4,571431387,3256,1.0,1.0
4,571431387,3257,1.0,1.0
4,571431387,3258,1.0,1.0
4,571431387,3259,1.0,1.0
4,571431387,3260,1.0,1.0
4,571431387,3261,1.0,1.0
4,571431387,3262,1.0,1.0
4,571431387,3263,1.0,1.0
4,571431387,3264,1.0,1.0
4,571431387,3265,1.0,1.0
4,571431387,3266,1.0,1.0
4,571431387,3267,1.0,1.0
4,571431387,3268,1.0,1.0
4,571431387,3269,1.0,1.0
4,571431387,3270,1.0,1.0
4,571431387,3271,1.0,1.0
4,571431387,3272,1.0,1.0
4,571431387,3273,1.0,1.0
4,571431387,3274,1.0,1.0
4,571431387,3275,1.0,1.0
4,571431387,3276,1.0,1.0
4,571431387,3277,1.0,1.0
4,571431387,3278,1.0,1.0
4,571431387,3279,1.0,1.0
4,571431387,3280,1.0,1.0
4,571431387,3281,1.0,1.0
4,571431387,3282,1.0,1.0
4,571431387,3283,1.0,1.0
4,571431387,3284,1.0,1.0
4,571431387,3285,1.0,1.0
4,571431387,3286,1.0,1.0
4,571431387,3287,1.0,1.0
4,571431387,3288,1.0,1.0
4,571431387,3289,1.0,1.0
4,571431387,3290,1.0,1.0
4,571431387,3291,1.0,1.0
4,571431387,3292,1.0,1.0
4,571431387,3293,1.0,1.0
4,571431387,3294,1.0,1.0
4,571431387,3295,1.0,1.0
4,571431387,3296,1.0,1.0
4,571431387,3297,1.0,1.0
4,571431387,3298,1.0,1.0
4,571431387,3299,1.0,1.0
4,571431387,3300,1.0,1.0
4,571431387,3301,1.0,1.0
4,571431387,3302,1.0,1.0
4,571431387,3303,1.0,1.0
4,571431387,3304,1.0,1.0
4,571431387,3305,1.0,1.0
4,571431387,3306,1.0,1.0
4,571431387,3307,1.0,1.0
4,571431387,3308,1.0,1.0
4,571431387,3309,1.0,1.0
4,571431387,3310,1.0,1.0
4,571431387,3311,1.0,1.0
4,571431387,3312,1.0,1.0
4,571431387,3313,1.0,1.0
4,571431387,3314,1.0,1.0
4,571431387,3315,1.0,1.0
4,571431387,3316,1.0,1.0
4,571431387,3317,1.0,1.0
4,571431387,3318,1.0,1.0
4,571431387,3319,1.0,1.0
4,571431387,3320,1.0,1.0
4,571431387,3321,1.0,1.0
4,571431387,3322,1.0,1.0
4,571431387,3323,1.0,1.0
4,571431387,3324,1.0,1.0
4,571431387,3325,1.0,1.0
4,571431387,3326,1.0,1.0
4,571431387,3327,1.0,1.0
4,571431387,3328,1.0,1.0
4,571431387,3329,1.0,1.0
4,571431387,3330,1.0,1.0
4,571431387,3331,1.0,1.0
4,571431387,3332,1.0,1.0
4,571431387,3333,1.0,1.0
4,571431387,3334,1.0,1.0
4,571431387,3335,1.0,1.0
4,571431387,3336,1.0,1.0
4,571431387,3337,1.0,1.0
4,571431387,3338,1.0,1.0
4,571431387,3339,1.0,1.0
4,571431387,3340,1.0,1.0
4,571431387,3341,1.0,1.0
4,571431387,3342,1.0,1.0
4,571431387,3343,1.0,1.0
4,571431387,3344,1.0,1.0
4,571431387,3345,1.0,1.0
4,571431387,3346,1.0,1.0
4,571431387,3347,1.0,1.0
4,571431387,3348,1.0,1.0
4,571431387,3349,1.0,1.0
4,571431387,3350,1.0,1.0
4,571431387,3351,1.0,1.0
4,571431387,3352,1.0,1.0
4,571431387,3353,1.0,1.0
4,571431387,3354,1.0,1.0
4,571431387,3355,1.0,1.0
4,571431387,3356,1.0,1.0
4,571431387,3357,1.0,1.0
4,571431387,3358,1.0,1.0
4,571431387,3359,1.0,1.0
4,571431387,3360,1.0,1.0
4,571431387,3361,1.0,1.0
4,571431387,3362,1.0,1.0
4,571431387,3363,1.0,1.0
4,571431387,3364,1.0,1.0
4,571431387,3365,1.0,1.0
4,571431387,3366,1.0,1.0
4,571431387,3367,1.0,1.0
4,571431387,3368,1.0,1.0
4,571431387,3369,1.0,1.0
4,571431387,3370,1.0,1.0
4,571431387,3371,1.0,1.0
4,571431387,3372,1.0,1.0
4,571431387,3373,1.0,1.0
4,571431387,3374,1.0,1.0
4,571431387,3375,1.0,1.0
4,571431387,3376,1.0,1.0
4,571431387,3377,1.0,1.0
4,571431387,3378,1.0,1.0
4,571431387,3379,1.0,1.0
4,571431387,3380,1.0,1.0
4,571431387,3381,1.0,1.0
4,571431387,3382,1.0,1.0
4,571431387,3383,1.0,1.0
4,571431387,3384,1.0,1.0
4,571431387,3385,1.0,1.0
4,571431387,3386,1.0,1.0
4,571431387,3387,1.0,1.0
4,571431387,3388,1.0,1.0
4,571431387,3389,1.0,1.0
4,571431387,3390,1.0,1.0
4,571431387,3391,1.0,1.0
4,571431387,3392,1.0,1.0
4,571431387,3393,1.0,1.0
4,571431387,3394,1.0,1.0
4,571431387,3395,1.0,1.0
4,571431387,3396,1.0,1.0
4,571431387,3397,1.0,1.0
4,571431387,3398,1.0,1.0
4,571431387,3399,1.0,1.0
4,571431387,3400,1.0,1.0
4,571431387,3401,1.0,1.0
4,571431387,3402,1.0,1.0
4,571431387,3403,1.0,1.0
4,571431387,3404,1.0,1.0
4,571431387,3405,1.0,1.0
4,571431387,3406,1.0,1.0
4,571431387,3407,1.0,1.0
4,571431387,3408,1.0,1.0
4,571431387,3409,1.0,1.0
4,571431387,3410,1.0,1.0
4,571431387,3411,1.0,1.0
4,571431387,3412,1.0,1.0
4,571431387,3413,1.0,1.0
4,571431387,3414,1.0,1.0
4,571431387,3415,1.0,1.0
4,571431387,3416,1.0,1.0
4,571431387,3417,1.0,1.0
4,571431387,3418,1.0,1.0
4,571431387,3419,1.0,1.0
4,571431387,3420,1.0,1.0
4,571431387,3421,1.0,1.0
4,571431387,3422,1.0,1.0
4,571431387,3423,1.0,1.0
4,571431387,3424,1.0,1.0
4,571431387,3425,1.0,1.0
4,571431387,3426,1.0,1.0
4,571431387,3427,1.0,1.0
4,571431387,3428,1.0,1.0
4,571431387,3429,1.0,1.0
4,571431387,3430,1.0,1.0
4,571431387,3431,1.0,1.0
4,571431387,3432,1.0,1.0
4,571431387,3433,1.0,1.0
4,571431387,3434,1.0,1.0
4,571431387,3435,1.0,1.0
4,571431387,3436,1.0,1.0
4,571431387,3437,1.0,1.0
4,571431387,3438,1.0,1.0
4,571431387,3439,1.0,1.0
4,571431387,3440,1.0,1.0
4,571431387,3441,1.0,1.0
4,571431387,3442,1.0,1.0
4,571431387,3443,1.0,1.0
4,571431387,3444,1.0,1.0
4,571431387,3445,1.0,1.0
4,571431387,3446,1.0,1.0
4,571431387,3447,1.0,1.0
4,571431387,3448,1.0,1.0
4,571431387,3449,1.0,1.0
4,571431387,3450,1.0,1.0
4,571431387,3451,1.0,1.0
4,571431387,3452,1.0,1.0
4,571431387,3453,1.0,1.0
4,571431387,3454,1.0,1.0
4,571431387,3455,1.0,1.0
4,571431387,3456,1.0,1.0
4,571431387,3457,1.0,1.0
4,571431387,3458,1.0,1.0
4,571431387,3459,1.0,1.0
4,571431387,3460,1.0,1.0
4,571431387,3461,1.0,1.0
4,571431387,3462,1.0,1.0
4,571431387,3463,1.0,1.0
4,571431387,3464,1.0,1.0
4,571431387,3465,1.0,1.0
4,571431387,3466,1.0,1.0
4,571431387,3467,1.0,1.0
4,571431387,3468,1.0,1.0
4,571431387,3469,1.0,1.0
4,571431387,3470,1.0,1.0
4,571431387,3471,1.0,1.0
4,571431387,3472,1.0,1.0
4,571431387,3473,1.0,1.0
4,571431387,3474,1.0,1.0
4,571431387,3475,1.0,1.0
4,571431387,3476,1.0,1.0
4,571431387,3477,1.0,1.0
4,571431387,3478,1.0,1.0
4,571431387,3479,1.0,1.0
4,571431387,3480,1.0,1.0
4,571431387,3481,1.0,1.0
4,571431387,3482,1.0,1.0
4,571431387,3483,1.0,1.0
4,571431387,3484,1.0,1.0
4,571431387,3485,1.0,1.0
4,571431387,3486,1.0,1.0
4,571431387,3487,1.0,1.0
4,571431387,3488,1.0,1.0
4,571431387,3489,1.0,1.0
4,571431387,3490,1.0,1.0
4,571431387,3491,1.0,1.0
4,571431387,3492,1.0,1.0
4,571431387,3493,1.0,1.0
4,571431387,3494,1.0,1.0
4,571431387,3495,1.0,1.0
4,571431387,3496,1.0,1.0
4,571431387,3497,1.0,1.0
4,571431387,3498,1.0,1.0
4,571431387,3499,1.0,1.0
4,571431387,3500,1.0,1.0
4,571431387,3501,1.0,1.0
4,571431387,3502,1.0,1.0
4,571431387,3503,1.0,1.0
4,571431387,3504,1.0,1.0
4,571431387,3505,1.0,1.0
4,571431387,3506,1.0,1.0
4,571431387,3507,1.0,1.0
4,571431387,3508,1.0,1.0
4,571431387,3509,1.0,1.0
4,571431387,3510,1.0,1.0
4,571431387,3511,1.0,1.0
4,571431387,3512,1.0,1.0
4,571431387,3513,1.0,1.0
4,571431387,3514,1.0,1.0
4,571431387,3515,1.0,1.0
4,571431387,3516,1.0,1.0
4,571431387,3517,1.0,1.0
4,571431387,3518,1.0,1.0
4,571431387,3519,1.0,1.0
4,571431387,3520,1.0,1.0
4,571431387,3521,1.0,1.0
4,571431387,3522,1.0,1.0
4,571431387,3523,1.0,1.0
4,571431387,3524,1.0,1.0
4,571431387,3525,1.0,1.0
4,571431387,3526,1.0,1.0
4,571431387,3527,1.0,1.0
4,571431387,3528,1.0,1.0
4,571431387,3529,1.0,1.0
4,571431387,3530,1.0,1.0
4,571431387,3531,1.0,1.0
4,571431387,3532,1.0,1.0
4,571431387,3533,1.0,1.0
4,571431387,3534,1.0,1.0
4,571431387,3535,1.0,1.0
4,571431387,3536,1.0,1.0
4,571431387,3537,1.0,1.0
4,571431387,3538,1.0,1.0
4,571431387,3539,1.0,1.0
4,571431387,3540,1.0,1.0
4,571431387,3541,1.0,1.0
4,571431387,3542,1.0,1.0
4,571431387,3543,1.0,1.0
4,571431387,3544,1.0,1.0
4,571431387,3545,1.0,1.0
4,571431387,3546,1.0,1.0
4,571431387,3547,1.0,1.0
4,571431387,3548,1.0,1.0
4,571431387,3549,1.0,1.0
4,571431387,3550,1.0,1.0
4,571431387,3551,1.0,1.0
4,571431387,3552,1.0,1.0
4,571431387,3553,1.0,1.0
4,571431387,3554,1.0,1.0
4,571431387,3555,1.0,1.0
4,571431387,3556,1.0,1.0
4,571431387,3557,1.0,1.0
4,571431387,3558,1.0,1.0
4,571431387,3559,1.0,1.0
4,571431387,3560,1.0,1.0
4,571431387,3561,1.0,1.0
4,571431387,3562,1.0,1.0
4,571431387,3563,1.0,1.0
4,571431387,3564,1.0,1.0
4,571431387,3565,1.0,1.0
4,571431387,3566,1.0,1.0
4,571431387,3567,1.0,1.0
4,571431387,3568,1.0,1.0
4,571431387,3569,1.0,1.0
4,571431387,3570,1.0,1.0
4,571431387,3571,1.0,1.0
4,571431387,3572,1.0,1.0
4,571431387,3573,1.0,1.0
4,571431387,3574,1.0,1.0
4,571431387,3575,1.0,1.0
4,571431387,3576,1.0,1.0
4,571431387,3577,1.0,1.0
4,571431387,3578,1.0,1.0
4,571431387,3579,1.0,1.0
4,571431387,3580,1.0,1.0
4,571431387,3581,1.0,1.0
4,571431387,3582,1.0,1.0
4,571431387,3583,1.0,1.0
4,571431387,3584,1.0,1.0
4,571431387,3585,1.0,1.0
4,571431387,3586,1.0,1.0
4,571431387,3587,1.0,1.0
4,571431387,3588,1.0,1.0
4,571431387,3589,1.0,1.0
4,571431387,3590,1.0,1.0
4,571431387,3591,1.0,1.0
4,571431387,3592,1.0,1.0
4,571431387,3593,1.0,1.0
4,571431387,3594,1.0,1.0
4,571431387,3595,1.0,1.0
4,571431387,3596,1.0,1.0
4,571431387,3597,1.0,1.0
4,571431387,3598,1.0,1.0
4,571431387,3599,1.0,1.0
4,571431387,3600,1.0,1.0
4,571431387,3601,1.0,1.0
4,571431387,3602,1.0,1.0
4,571431387,3603,1.0,1.0
4,571431387,3604,1.0,1.0
4,571431387,3605,1.0,1.0
4,571431387,3606,1.0,1.0
4,571431387,3607,1.0,1.0
4,571431387,3608,1.0,1.0
4,571431387,3609,1.0,1.0
4,571431387,3610,1.0,1.0
4,571431387,3611,1.0,1.0
4,571431387,3612,1.0,1.0
4,571431387,3613,1.0,1.0
4,571431387,3614,1.0,1.0
4,571431387,3615,1.0,1.0
4,571431387,3616,1.0,1.0
4,571431387,3617,1.0,1.0
4,571431387,3618,1.0,1.0
4,571431387,3619,1.0,1.0
4,571431387,3620,1.0,1.0
4,571431387,3621,1.0,1.0
4,571431387,3622,1.0,1.0
4,571431387,3623,1.0,1.0
4,571431387,3624,1.0,1.0
4,571431387,3625,1.0,1.0
4,571431387,3626,1.0,1.0
4,571431387,3627,1.0,1.0
4,571431387,3628,1.0,1.0
4,571431387,3629,1.0,1.0
4,571431387,3630,1.0,1.0
4,571431387,3631,1.0,1.0
4,571431387,3632,1.0,1.0
4,571431387,3633,1.0,1.0
4,571431387,3634,1.0,1.0
4,571431387,3635,1.0,1.0
4,571431387,3636,1.0,1.0
4,571431387,3637,1.0,1.0
4,571431387,3638,1.0,1.0
4,571431387,3639,1.0,1.0
4,571431387,3640,1.0,1.0
4,571431387,3641,1.0,1.0
4,571431387,3642,1.0,1.0
4,571431387,3643,1.0,1.0
4,571431387,3644,1.0,1.0
4,571431387,3645,1.0,1.0
4,571431387,3646,1.0,1.0
4,571431387,3647,1.0,1.0
4,571431387,3648,1.0,1.0
4,571431387,3649,1.0,1.0
4,571431387,3650,1.0,1.0
4,571431387,3651,1.0,1.0
4,571431387,3652,1.0,1.0
4,571431387,3653,1.0,1.0
4,571431387,3654,1.0,1.0
4,571431387,3655,1.0,1.0
4,571431387,3656,1.0,1.0
4,571431387,3657,1.0,1.0
4,571431387,3658,1.0,1.0
4,571431387,3659,1.0,1.0
4,571431387,3660,1.0,1.0
4,571431387,3661,1.0,1.0
4,571431387,3662,1.0,1.0
4,571431387,3663,1.0,1.0
4,571431387,3664,1.0,1.0
4,571431387,3665,1.0,1.0
4,571431387,3666,1.0,1.0
4,571431387,3667,1.0,1.0
4,571431387,3668,1.0,1.0
4,571431387,3669,0.9950000047683716,1.0
4,571431387,3670,0.9950000047683716,1.0
4,571431387,3671,0.9950000047683716,1.0
4,571431387,3672,0.9950000047683716,1.0
4,571431387,3673,0.9950000047683716,1.0
4,571431387,3674,0.9950000047683716,1.0
4,571431387,3675,0.9950000047683716,1.0
4,571431387,3676,0.9950000047683716,1.0
4,571431387,3677,0.9950000047683716,1.0
4,571431387,3678,0.9950000047683716,1.0
4,571431387,3679,0.9950000047683716,1.0
4,571431387,3680,0.9950000047683716,1.0
4,571431387,3681,0.9950000047683716,1.0
4,571431387,3682,0.9950000047683716,1.0
4,571431387,3683,0.9950000047683716,1.0
4,571431387,3684,0.9950000047683716,1.0
4,571431387,3685,0.9950000047683716,1.0
4,571431387,3686,0.9950000047683716,1.0
4,571431387,3687,0.9950000047683716,1.0
4,571431387,3688,0.9950000047683716,1.0
4,571431387,3689,0.9950000047683716,1.0
4,571431387,3690,0.9950000047683716,1.0
4,571431387,3691,0.9950000047683716,1.0
4,571431387,3692,0.9950000047683716,1.0
4,571431387,3693,0.9950000047683716,1.0
4,571431387,3694,0.9950000047683716,1.0
4,571431387,3695,0.9950000047683716,1.0
4,571431387,3696,0.9950000047683716,1.0
4,571431387,3697,0.9950000047683716,1.0
4,571431387,3698,0.9950000047683716,1.0
4,571431387,3699,0.9950000047683716,1.0
4,571431387,3700,0.9950000047683716,1.0
4,571431387,3701,0.9950000047683716,1.0
4,571431387,3702,0.9950000047683716,1.0
4,571431387,3703,0.9950000047683716,1.0
4,571431387,3704,0.9950000047683716,1.0
4,571431387,3705,0.9950000047683716,1.0
4,571431387,3706,0.9950000047683716,1.0
4,571431387,3707,0.9950000047683716,1.0
4,571431387,3708,0.9950000047683716,1.0
4,571431387,3709,0.9950000047683716,1.0
4,571431387,3710,0.9950000047683716,1.0
4,571431387,3711,0.9950000047683716,1.0
4,571431387,3712,0.9950000047683716,1.0
4,571431387,3713,0.9950000047683716,1.0
4,571431387,3714,0.9950000047683716,1.0
4,571431387,3715,0.9950000047683716,1.0
4,571431387,3716,0.9950000047683716,1.0
4,571431387,3717,0.9950000047683716,1.0
4,571431387,3718,0.9950000047683716,1.0
4,571431387,3719,0.9950000047683716,1.0
4,571431387,3720,0.9950000047683716,1.0
4,571431387,3721,0.9950000047683716,1.0
4,571431387,3722,0.9950000047683716,1.0
4,571431387,3723,0.9950000047683716,1.0
4,571431387,3724,0.9950000047683716,1.0
4,571431387,3725,0.9950000047683716,1.0
4,571431387,3726,0.9950000047683716,1.0
4,571431387,3727,0.9950000047683716,1.0
4,571431387,3728,0.9950000047683716,1.0
4,571431387,3729,0.9950000047683716,1.0
4,571431387,3730,0.9950000047683716,1.0
4,571431387,3731,0.9950000047683716,1.0
4,571431387,3732,0.9950000047683716,1.0
4,571431387,3733,0.9950000047683716,1.0
4,571431387,3734,0.9950000047683716,1.0
4,571431387,3735,0.9950000047683716,1.0
4,571431387,3736,0.9950000047683716,1.0
4,571431387,3737,0.9950000047683716,1.0
4,571431387,3738,0.9950000047683716,1.0
4,571431387,3739,0.9950000047683716,1.0
4,571431387,3740,0.9950000047683716,1.0
4,571431387,3741,0.9950000047683716,1.0
4,571431387,3742,0.9950000047683716,1.0
4,571431387,3743,0.9950000047683716,1.0
4,571431387,3744,0.9950000047683716,1.0
4,571431387,3745,0.9950000047683716,1.0
4,571431387,3746,0.9950000047683716,1.0
4,571431387,3747,0.9950000047683716,1.0
4,571431387,3748,0.9950000047683716,1.0
4,571431387,3749,0.9950000047683716,1.0
4,571431387,3750,0.9950000047683716,1.0
4,571431387,3751,0.9950000047683716,1.0
4,571431387,3752,0.9950000047683716,1.0
4,571431387,3753,0.9950000047683716,1.0
4,571431387,3754,0.9950000047683716,1.0
4,571431387,3755,0.9950000047683716,1.0
4,571431387,3756,0.9950000047683716,1.0
4,571431387,3757,0.9950000047683716,1.0
4,571431387,3758,0.9950000047683716,1.0
4,571431387,3759,0.9950000047683716,1.0
4,571431387,3760,0.9950000047683716,1.0
4,571431387,3761,0.9950000047683716,1.0
4,571431387,3762,0.9950000047683716,1.0
4,571431387,3763,0.9950000047683716,1.0
4,571431387,3764,0.9950000047683716,1.0
4,571431387,3765,0.9950000047683716,1.0
4,571431387,3766,0.9950000047683716,1.0
4,571431387,3767,0.9950000047683716,1.0
4,571431387,3768,0.9950000047683716,1.0
4,571431387,3769,0.9950000047683716,1.0
4,571431387,3770,0.9950000047683716,1.0
4,571431387,3771,0.9950000047683716,1.0
4,571431387,3772,0.9950000047683716,1.0
4,571431387,3773,0.9950000047683716,1.0
4,571431387,3774,0.9950000047683716,1.0
4,571431387,3775,0.9950000047683716,1.0
4,571431387,3776,0.9950000047683716,1.0
4,571431387,3777,0.9950000047683716,1.0
4,571431387,3778,0.9950000047683716,1.0
4,571431387,3779,0.9950000047683716,1.0
4,571431387,3780,0.9950000047683716,1.0
4,571431387,3781,0.9950000047683716,1.0
4,571431387,3782,0.9950000047683716,1.0
4,571431387,3783,0.9950000047683716,1.0
4,571431387,3784,0.9950000047683716,1.0
4,571431387,3785,0.9950000047683716,1.0
4,571431387,3786,0.9950000047683716,1.0
4,571431387,3787,0.9950000047683716,1.0
4,571431387,3788,0.9950000047683716,1.0
4,571431387,3789,0.9950000047683716,1.0
4,571431387,3790,0.9950000047683716,1.0
4,571431387,3791,0.9950000047683716,1.0
4,571431387,3792,0.9950000047683716,1.0
4,571431387,3793,0.9950000047683716,1.0
4,571431387,3794,0.9950000047683716,1.0
4,571431387,3795,0.9950000047683716,1.0
4,571431387,3796,0.9950000047683716,1.0
4,571431387,3797,0.9950000047683716,1.0
4,571431387,3798,0.9950000047683716,1.0
4,571431387,3799,0.9950000047683716,1.0
4,571431387,3800,0.9950000047683716,1.0
4,571431387,3801,0.9950000047683716,1.0
4,571431387,3802,0.9950000047683716,1.0
4,571431387,3803,0.9950000047683716,1.0
4,571431387,3804,0.9950000047683716,1.0
4,571431387,3805,0.9950000047683716,1.0
4,571431387,3806,0.9950000047683716,1.0
4,571431387,3807,0.9950000047683716,1.0
4,571431387,3808,0.9950000047683716,1.0
4,571431387,3809,0.9950000047683716,1.0
4,571431387,3810,0.9950000047683716,1.0
4,571431387,3811,0.9950000047683716,1.0
4,571431387,3812,0.9950000047683716,1.0
4,571431387,3813,0.9950000047683716,1.0
4,571431387,3814,0.9950000047683716,1.0
4,571431387,3815,0.9950000047683716,1.0
4,571431387,3816,0.9950000047683716,1.0
4,571431387,3817,0.9950000047683716,1.0
4,571431387,3818,0.9950000047683716,1.0
4,571431387,3819,0.9950000047683716,1.0
4,571431387,3820,0.9950000047683716,1.0
4,571431387,3821,0.9950000047683716,1.0
4,571431387,3822,0.9950000047683716,1.0
4,571431387,3823,0.9950000047683716,1.0
4,571431387,3824,0.9950000047683716,1.0
4,571431387,3825,0.9950000047683716,1.0
4,571431387,3826,0.9950000047683716,1.0
4,571431387,3827,0.9950000047683716,1.0
4,571431387,3828,0.9950000047683716,1.0
4,571431387,3829,0.9950000047683716,1.0
4,571431387,3830,0.9950000047683716,1.0
4,571431387,3831,0.9950000047683716,1.0
4,571431387,3832,0.9950000047683716,1.0
4,571431387,3833,0.9950000047683716,1.0
4,571431387,3834,0.9950000047683716,1.0
4,571431387,3835,0.9950000047683716,1.0
4,571431387,3836,0.9950000047683716,1.0
4,571431387,3837,0.9950000047683716,1.0
4,571431387,3838,0.9950000047683716,1.0
4,571431387,3839,0.9950000047683716,1.0
4,571431387,3840,0.9950000047683716,1.0
4,571431387,3841,0.9950000047683716,1.0
4,571431387,3842,0.9950000047683716,1.0
4,571431387,3843,0.9950000047683716,1.0
4,571431387,3844,0.9899999499320984,1.0
4,571431387,3845,0.9950000047683716,1.0
4,571431387,3846,0.9950000047683716,1.0
4,571431387,3847,0.9899999499320984,1.0
4,571431387,3848,0.9950000047683716,1.0
4,571431387,3849,0.9899999499320984,1.0
4,571431387,3850,0.9899999499320984,1.0
4,571431387,3851,0.9899999499320984,1.0
4,571431387,3852,0.9899999499320984,1.0
4,571431387,3853,0.9899999499320984,1.0
4,571431387,3854,0.9899999499320984,1.0
4,571431387,3855,0.9899999499320984,1.0
4,571431387,3856,0.9899999499320984,1.0
4,571431387,3857,0.9899999499320984,1.0
4,571431387,3858,0.9899999499320984,1.0
4,571431387,3859,0.9899999499320984,1.0
4,571431387,3860,0.9899999499320984,1.0
4,571431387,3861,0.9899999499320984,1.0
4,571431387,3862,0.9899999499320984,1.0
4,571431387,3863,0.9899999499320984,1.0
4,571431387,3864,0.9899999499320984,1.0
4,571431387,3865,0.9899999499320984,1.0
4,571431387,3866,0.9899999499320984,1.0
4,571431387,3867,0.9899999499320984,1.0
4,571431387,3868,0.9899999499320984,1.0
4,571431387,3869,0.9899999499320984,1.0
4,571431387,3870,0.9899999499320984,1.0
4,571431387,3871,0.9899999499320984,1.0
4,571431387,3872,0.9899999499320984,1.0
4,571431387,3873,0.9899999499320984,1.0
4,571431387,3874,0.9899999499320984,1.0
4,571431387,3875,0.9899999499320984,1.0
4,571431387,3876,0.9899999499320984,1.0
4,571431387,3877,0.9899999499320984,1.0
4,571431387,3878,0.9899999499320984,1.0
4,571431387,3879,0.9899999499320984,1.0
4,571431387,3880,0.9899999499320984,1.0
4,571431387,3881,0.9899999499320984,1.0
4,571431387,3882,0.9899999499320984,1.0
4,571431387,3883,0.9899999499320984,1.0
4,571431387,3884,0.9899999499320984,1.0
4,571431387,3885,0.9899999499320984,1.0
4,571431387,3886,0.9899999499320984,1.0
4,571431387,3887,0.9899999499320984,1.0
4,571431387,3888,0.9899999499320984,1.0
4,571431387,3889,0.9899999499320984,1.0
4,571431387,3890,0.9899999499320984,1.0
4,571431387,3891,0.9899999499320984,1.0
4,571431387,3892,0.9899999499320984,1.0
4,571431387,3893,0.9899999499320984,1.0
4,571431387,3894,0.9899999499320984,1.0
4,571431387,3895,0.9899999499320984,1.0
4,571431387,3896,0.9899999499320984,1.0
4,571431387,3897,0.9899999499320984,1.0
4,571431387,3898,0.9899999499320984,1.0
4,571431387,3899,0.98499995470047,1.0
4,571431387,3900,0.9899999499320984,1.0
4,571431387,3901,0.9899999499320984,1.0
4,571431387,3902,0.98499995470047,1.0
4,571431387,3903,0.9899999499320984,1.0
4,571431387,3904,0.9899999499320984,1.0
4,571431387,3905,0.98499995470047,1.0
4,571431387,3906,0.9899999499320984,1.0
4,571431387,3907,0.9899999499320984,1.0
4,571431387,3908,0.98499995470047,1.0
4,571431387,3909,0.9899999499320984,1.0
4,571431387,3910,0.9899999499320984,1.0
4,571431387,3911,0.9899999499320984,1.0
4,571431387,3912,0.9899999499320984,1.0
4,571431387,3913,0.9899999499320984,1.0
4,571431387,3914,0.9899999499320984,1.0
4,571431387,3915,0.9899999499320984,1.0
4,571431387,3916,0.9899999499320984,1.0
4,571431387,3917,0.9899999499320984,1.0
4,571431387,3918,0.9899999499320984,1.0
4,571431387,3919,0.9899999499320984,1.0
4,571431387,3920,0.9899999499320984,1.0
4,571431387,3921,0.9899999499320984,1.0
4,571431387,3922,0.9899999499320984,1.0
4,571431387,3923,0.9899999499320984,1.0
4,571431387,3924,0.9899999499320984,1.0
4,571431387,3925,0.9899999499320984,1.0
4,571431387,3926,0.98499995470047,1.0
4,571431387,3927,0.9899999499320984,1.0
4,571431387,3928,0.9899999499320984,1.0
4,571431387,3929,0.9899999499320984,1.0
4,571431387,3930,0.98499995470047,1.0
4,571431387,3931,0.9899999499320984,1.0
4,571431387,3932,0.9899999499320984,1.0
4,571431387,3933,0.9899999499320984,1.0
4,571431387,3934,0.9899999499320984,1.0
4,571431387,3935,0.9899999499320984,1.0
4,571431387,3936,0.9899999499320984,1.0
4,571431387,3937,0.9899999499320984,1.0
4,571431387,3938,0.9899999499320984,1.0
4,571431387,3939,0.9899999499320984,1.0
4,571431387,3940,0.9899999499320984,1.0
4,571431387,3941,0.98499995470047,1.0
4,571431387,3942,0.9899999499320984,1.0
4,571431387,3943,0.98499995470047,1.0
4,571431387,3944,0.9899999499320984,1.0
4,571431387,3945,0.9899999499320984,1.0
4,571431387,3946,0.98499995470047,1.0
4,571431387,3947,0.9899999499320984,1.0
4,571431387,3948,0.9899999499320984,1.0
4,571431387,3949,0.98499995470047,1.0
4,571431387,3950,0.9899999499320984,1.0
4,571431387,3951,0.9899999499320984,1.0
4,571431387,3952,0.9899999499320984,1.0
4,571431387,3953,0.98499995470047,1.0
4,571431387,3954,0.98499995470047,1.0
4,571431387,3955,0.98499995470047,1.0
4,571431387,3956,0.98499995470047,1.0
4,571431387,3957,0.98499995470047,1.0
4,571431387,3958,0.98499995470047,1.0
4,571431387,3959,0.98499995470047,1.0
4,571431387,3960,0.98499995470047,1.0
4,571431387,3961,0.9799999594688416,1.0
4,571431387,3962,0.98499995470047,1.0
4,571431387,3963,0.98499995470047,1.0
4,571431387,3964,0.98499995470047,1.0
4,571431387,3965,0.9799999594688416,1.0
4,571431387,3966,0.98499995470047,1.0
4,571431387,3967,0.98499995470047,1.0
4,571431387,3968,0.9799999594688416,1.0
4,571431387,3969,0.98499995470047,1.0
4,571431387,3970,0.9799999594688416,1.0
4,571431387,3971,0.98499995470047,1.0
4,571431387,3972,0.9749999642372131,1.0
4,571431387,3973,0.9799999594688416,1.0
4,571431387,3974,0.9799999594688416,1.0
4,571431387,3975,0.9799999594688416,1.0
4,571431387,3976,0.9799999594688416,1.0
4,571431387,3977,0.98499995470047,1.0
4,571431387,3978,0.9799999594688416,1.0
4,571431387,3979,0.9799999594688416,1.0
4,571431387,3980,0.9799999594688416,1.0
4,571431387,3981,0.9799999594688416,1.0
4,571431387,3982,0.9799999594688416,1.0
4,571431387,3983,0.9799999594688416,1.0
4,571431387,3984,0.9799999594688416,1.0
4,571431387,3985,0.9799999594688416,1.0
4,571431387,3986,0.9799999594688416,1.0
4,571431387,3987,0.9799999594688416,1.0
4,571431387,3988,0.9799999594688416,1.0
4,571431387,3989,0.9799999594688416,1.0
4,571431387,3990,0.9799999594688416,1.0
4,571431387,3991,0.9799999594688416,1.0
4,571431387,3992,0.9799999594688416,1.0
4,571431387,3993,0.9799999594688416,1.0
4,571431387,3994,0.9799999594688416,1.0
4,571431387,3995,0.9799999594688416,1.0
4,571431387,3996,0.9799999594688416,1.0
4,571431387,3997,0.9799999594688416,1.0
4,571431387,3998,0.9799999594688416,1.0
4,571431387,3999,0.9799999594688416,1.0
4,571431387,4000,0.9799999594688416,1.0
4,571431387,4001,0.9799999594688416,1.0
4,571431387,4002,0.9799999594688416,1.0
4,571431387,4003,0.9799999594688416,1.0
4,571431387,4004,0.9799999594688416,1.0
4,571431387,4005,0.9799999594688416,1.0
4,571431387,4006,0.9799999594688416,1.0
4,571431387,4007,0.9799999594688416,1.0
4,571431387,4008,0.9799999594688416,1.0
4,571431387,4009,0.9799999594688416,1.0
4,571431387,4010,0.9799999594688416,1.0
4,571431387,4011,0.9799999594688416,1.0
4,571431387,4012,0.9799999594688416,1.0
4,571431387,4013,0.9799999594688416,1.0
4,571431387,4014,0.9799999594688416,1.0
4,571431387,4015,0.9799999594688416,1.0
4,571431387,4016,0.9799999594688416,1.0
4,571431387,4017,0.9799999594688416,1.0
4,571431387,4018,0.9799999594688416,1.0
4,571431387,4019,0.9799999594688416,1.0
4,571431387,4020,0.9799999594688416,1.0
4,571431387,4021,0.9799999594688416,1.0
4,571431387,4022,0.9799999594688416,1.0
4,571431387,4023,0.9799999594688416,1.0
4,571431387,4024,0.9799999594688416,1.0
4,571431387,4025,0.9799999594688416,1.0
4,571431387,4026,0.9799999594688416,1.0
4,571431387,4027,0.9799999594688416,1.0
4,571431387,4028,0.9799999594688416,1.0
4,571431387,4029,0.9799999594688416,1.0
4,571431387,4030,0.9799999594688416,1.0
4,571431387,4031,0.9799999594688416,1.0
4,571431387,4032,0.9799999594688416,1.0
4,571431387,4033,0.9799999594688416,1.0
4,571431387,4034,0.9799999594688416,1.0
4,571431387,4035,0.9799999594688416,1.0
4,571431387,4036,0.9799999594688416,1.0
4,571431387,4037,0.9799999594688416,1.0
4,571431387,4038,0.9799999594688416,1.0
4,571431387,4039,0.9799999594688416,1.0
4,571431387,4040,0.9799999594688416,1.0
4,571431387,4041,0.9799999594688416,1.0
4,571431387,4042,0.9799999594688416,1.0
4,571431387,4043,0.9799999594688416,1.0
4,571431387,4044,0.9799999594688416,1.0
4,571431387,4045,0.9799999594688416,1.0
4,571431387,4046,0.9799999594688416,1.0
4,571431387,4047,0.9799999594688416,1.0
4,571431387,4048,0.9799999594688416,1.0
4,571431387,4049,0.9799999594688416,1.0
4,571431387,4050,0.9799999594688416,1.0
4,571431387,4051,0.9799999594688416,1.0
4,571431387,4052,0.9799999594688416,1.0
4,571431387,4053,0.9799999594688416,1.0
4,571431387,4054,0.9799999594688416,1.0
4,571431387,4055,0.9799999594688416,1.0
4,571431387,4056,0.9799999594688416,1.0
4,571431387,4057,0.9799999594688416,1.0
4,571431387,4058,0.9799999594688416,1.0
4,571431387,4059,0.9799999594688416,1.0
4,571431387,4060,0.9799999594688416,1.0
4,571431387,4061,0.9799999594688416,1.0
4,571431387,4062,0.9799999594688416,1.0
4,571431387,4063,0.9799999594688416,1.0
4,571431387,4064,0.9799999594688416,1.0
4,571431387,4065,0.9799999594688416,1.0
4,571431387,4066,0.9799999594688416,1.0
4,571431387,4067,0.9799999594688416,1.0
4,571431387,4068,0.9799999594688416,1.0
4,571431387,4069,0.9799999594688416,1.0
4,571431387,4070,0.9799999594688416,1.0
4,571431387,4071,0.9799999594688416,1.0
4,571431387,4072,0.9799999594688416,1.0
4,571431387,4073,0.9799999594688416,1.0
4,571431387,4074,0.9799999594688416,1.0
4,571431387,4075,0.9799999594688416,1.0
4,571431387,4076,0.9799999594688416,1.0
4,571431387,4077,0.9799999594688416,1.0
4,571431387,4078,0.9799999594688416,1.0
4,571431387,4079,0.9799999594688416,1.0
4,571431387,4080,0.9799999594688416,1.0
4,571431387,4081,0.9799999594688416,1.0
4,571431387,4082,0.9799999594688416,1.0
4,571431387,4083,0.9799999594688416,1.0
4,571431387,4084,0.98499995470047,1.0
4,571431387,4085,0.98499995470047,1.0
4,571431387,4086,0.98499995470047,1.0
4,571431387,4087,0.98499995470047,1.0
4,571431387,4088,0.98499995470047,1.0
4,571431387,4089,0.98499995470047,1.0
4,571431387,4090,0.98499995470047,1.0
4,571431387,4091,0.98499995470047,1.0
4,571431387,4092,0.98499995470047,1.0
4,571431387,4093,0.98499995470047,1.0
4,571431387,4094,0.98499995470047,1.0
4,571431387,4095,0.98499995470047,1.0
4,571431387,4096,0.98499995470047,1.0
4,571431387,4097,0.98499995470047,1.0
4,571431387,4098,0.98499995470047,1.0
4,571431387,4099,0.98499995470047,1.0
4,571431387,4100,0.98499995470047,1.0
4,571431387,4101,0.98499995470047,1.0
4,571431387,4102,0.98499995470047,1.0
4,571431387,4103,0.98499995470047,1.0
4,571431387,4104,0.98499995470047,1.0
4,571431387,4105,0.98499995470047,1.0
4,571431387,4106,0.98499995470047,1.0
4,571431387,4107,0.98499995470047,1.0
4,571431387,4108,0.98499995470047,1.0
4,571431387,4109,0.98499995470047,1.0
4,571431387,4110,0.98499995470047,1.0
4,571431387,4111,0.98499995470047,1.0
4,571431387,4112,0.98499995470047,1.0
4,571431387,4113,0.9899999499320984,1.0
4,571431387,4114,0.98499995470047,1.0
4,571431387,4115,0.98499995470047,1.0
4,571431387,4116,0.98499995470047,1.0
4,571431387,4117,0.98499995470047,1.0
4,571431387,4118,0.9899999499320984,1.0
4,571431387,4119,0.9899999499320984,1.0
4,571431387,4120,0.9899999499320984,1.0
4,571431387,4121,0.9899999499320984,1.0
4,571431387,4122,0.9899999499320984,1.0
4,571431387,4123,0.9899999499320984,1.0
4,571431387,4124,0.9899999499320984,1.0
4,571431387,4125,0.9899999499320984,1.0
4,571431387,4126,0.9899999499320984,1.0
4,571431387,4127,0.9899999499320984,1.0
4,571431387,4128,0.9899999499320984,1.0
4,571431387,4129,0.9899999499320984,1.0
4,571431387,4130,0.9899999499320984,1.0
4,571431387,4131,0.9899999499320984,1.0
4,571431387,4132,0.9899999499320984,1.0
4,571431387,4133,0.9899999499320984,1.0
4,571431387,4134,0.9899999499320984,1.0
4,571431387,4135,0.9899999499320984,1.0
4,571431387,4136,0.9899999499320984,1.0
4,571431387,4137,0.9899999499320984,1.0
4,571431387,4138,0.9899999499320984,1.0
4,571431387,4139,0.9899999499320984,1.0
4,571431387,4140,0.9899999499320984,1.0
4,571431387,4141,0.9899999499320984,1.0
4,571431387,4142,0.9899999499320984,1.0
4,571431387,4143,0.9899999499320984,1.0
4,571431387,4144,0.9899999499320984,1.0
4,571431387,4145,0.9899999499320984,1.0
4,571431387,4146,0.9899999499320984,1.0
4,571431387,4147,0.9899999499320984,1.0
4,571431387,4148,0.9899999499320984,1.0
4,571431387,4149,0.9899999499320984,1.0
4,571431387,4150,0.9899999499320984,1.0
4,571431387,4151,0.9899999499320984,1.0
4,571431387,4152,0.9899999499320984,1.0
4,571431387,4153,0.9899999499320984,1.0
4,571431387,4154,0.9899999499320984,1.0
4,571431387,4155,0.9899999499320984,1.0
4,571431387,4156,0.9899999499320984,1.0
4,571431387,4157,0.9899999499320984,1.0
4,571431387,4158,0.9899999499320984,1.0
4,571431387,4159,0.9899999499320984,1.0
4,571431387,4160,0.9899999499320984,1.0
4,571431387,4161,0.9899999499320984,1.0
4,571431387,4162,0.9899999499320984,1.0
4,571431387,4163,0.9899999499320984,1.0
4,571431387,4164,0.9899999499320984,1.0
4,571431387,4165,0.9899999499320984,1.0
4,571431387,4166,0.9899999499320984,1.0
4,571431387,4167,0.9899999499320984,1.0
4,571431387,4168,0.9899999499320984,1.0
4,571431387,4169,0.9899999499320984,1.0
4,571431387,4170,0.9899999499320984,1.0
4,571431387,4171,0.9899999499320984,1.0
4,571431387,4172,0.9899999499320984,1.0
4,571431387,4173,0.9899999499320984,1.0
4,571431387,4174,0.9899999499320984,1.0
4,571431387,4175,0.9899999499320984,1.0
4,571431387,4176,0.9899999499320984,1.0
4,571431387,4177,0.9899999499320984,1.0
4,571431387,4178,0.9899999499320984,1.0
4,571431387,4179,0.9899999499320984,1.0
4,571431387,4180,0.9899999499320984,1.0
4,571431387,4181,0.9899999499320984,1.0
4,571431387,4182,0.9899999499320984,1.0
4,571431387,4183,0.9899999499320984,1.0
4,571431387,4184,0.9899999499320984,1.0
4,571431387,4185,0.9899999499320984,1.0
4,571431387,4186,0.9899999499320984,1.0
4,571431387,4187,0.9899999499320984,1.0
4,571431387,4188,0.9899999499320984,1.0
4,571431387,4189,0.9899999499320984,1.0
4,571431387,4190,0.9899999499320984,1.0
4,571431387,4191,0.9899999499320984,1.0
4,571431387,4192,0.9899999499320984,1.0
4,571431387,4193,0.9899999499320984,1.0
4,571431387,4194,0.9899999499320984,1.0
4,571431387,4195,0.9899999499320984,1.0
4,571431387,4196,0.9899999499320984,1.0
4,571431387,4197,0.9899999499320984,1.0
4,571431387,4198,0.9899999499320984,1.0
4,571431387,4199,0.9899999499320984,1.0
4,571431387,4200,0.9899999499320984,1.0
4,571431387,4201,0.9899999499320984,1.0
4,571431387,4202,0.9899999499320984,1.0
4,571431387,4203,0.9899999499320984,1.0
4,571431387,4204,0.9899999499320984,1.0
4,571431387,4205,0.9899999499320984,1.0
4,571431387,4206,0.9899999499320984,1.0
4,571431387,4207,0.9899999499320984,1.0
4,571431387,4208,0.9899999499320984,1.0
4,571431387,4209,0.9899999499320984,1.0
4,571431387,4210,0.9899999499320984,1.0
4,571431387,4211,0.9899999499320984,1.0
4,571431387,4212,0.9899999499320984,1.0
4,571431387,4213,0.9899999499320984,1.0
4,571431387,4214,0.9899999499320984,1.0
4,571431387,4215,0.9950000047683716,1.0
4,571431387,4216,0.9899999499320984,1.0
4,571431387,4217,0.9950000047683716,1.0
4,571431387,4218,0.9950000047683716,1.0
4,571431387,4219,0.9950000047683716,1.0
4,571431387,4220,0.9950000047683716,1.0
4,571431387,4221,0.9950000047683716,1.0
4,571431387,4222,0.9950000047683716,1.0
4,571431387,4223,0.9950000047683716,1.0
4,571431387,4224,0.9950000047683716,1.0
4,571431387,4225,0.9950000047683716,1.0
4,571431387,4226,0.9950000047683716,1.0
4,571431387,4227,0.9950000047683716,1.0
4,571431387,4228,0.9950000047683716,1.0
4,571431387,4229,0.9950000047683716,1.0
4,571431387,4230,0.9950000047683716,1.0
4,571431387,4231,0.9950000047683716,1.0
4,571431387,4232,0.9950000047683716,1.0
4,571431387,4233,0.9950000047683716,1.0
4,571431387,4234,0.9950000047683716,1.0
4,571431387,4235,0.9950000047683716,1.0
4,571431387,4236,0.9950000047683716,1.0
4,571431387,4237,0.9950000047683716,1.0
4,571431387,4238,0.9950000047683716,1.0
4,571431387,4239,0.9950000047683716,1.0
4,571431387,4240,0.9950000047683716,1.0
4,571431387,4241,0.9950000047683716,1.0
4,571431387,4242,0.9950000047683716,1.0
4,571431387,4243,0.9950000047683716,1.0
4,571431387,4244,0.9950000047683716,1.0
4,571431387,4245,0.9950000047683716,1.0
4,571431387,4246,0.9950000047683716,1.0
4,571431387,4247,0.9950000047683716,1.0
4,571431387,4248,0.9950000047683716,1.0
4,571431387,4249,0.9950000047683716,1.0
4,571431387,4250,0.9950000047683716,1.0
4,571431387,4251,0.9950000047683716,1.0
4,571431387,4252,0.9950000047683716,1.0
4,571431387,4253,0.9950000047683716,1.0
4,571431387,4254,0.9950000047683716,1.0
4,571431387,4255,0.9950000047683716,1.0
4,571431387,4256,0.9950000047683716,1.0
4,571431387,4257,0.9950000047683716,1.0
4,571431387,4258,0.9950000047683716,1.0
4,571431387,4259,0.9950000047683716,1.0
4,571431387,4260,0.9950000047683716,1.0
4,571431387,4261,0.9950000047683716,1.0
4,571431387,4262,0.9950000047683716,1.0
4,571431387,4263,0.9950000047683716,1.0
4,571431387,4264,0.9950000047683716,1.0
4,571431387,4265,0.9950000047683716,1.0
4,571431387,4266,0.9950000047683716,1.0
4,571431387,4267,0.9950000047683716,1.0
4,571431387,4268,0.9950000047683716,1.0
4,571431387,4269,0.9950000047683716,1.0
4,571431387,4270,0.9950000047683716,1.0
4,571431387,4271,0.9950000047683716,1.0
4,571431387,4272,0.9950000047683716,1.0
4,571431387,4273,0.9950000047683716,1.0
4,571431387,4274,0.9950000047683716,1.0
4,571431387,4275,0.9950000047683716,1.0
4,571431387,4276,0.9950000047683716,1.0
4,571431387,4277,0.9950000047683716,1.0
4,571431387,4278,0.9950000047683716,1.0
4,571431387,4279,0.9950000047683716,1.0
4,571431387,4280,0.9950000047683716,1.0
4,571431387,4281,0.9950000047683716,1.0
4,571431387,4282,0.9950000047683716,1.0
4,571431387,4283,0.9950000047683716,1.0
4,571431387,4284,0.9950000047683716,1.0
4,571431387,4285,0.9950000047683716,1.0
4,571431387,4286,0.9950000047683716,1.0
4,571431387,4287,0.9950000047683716,1.0
4,571431387,4288,0.9950000047683716,1.0
4,571431387,4289,0.9950000047683716,1.0
4,571431387,4290,0.9950000047683716,1.0
4,571431387,4291,0.9950000047683716,1.0
4,571431387,4292,0.9950000047683716,1.0
4,571431387,4293,0.9950000047683716,1.0
4,571431387,4294,0.9950000047683716,1.0
4,571431387,4295,0.9950000047683716,1.0
4,571431387,4296,0.9950000047683716,1.0
4,571431387,4297,0.9950000047683716,1.0
4,571431387,4298,0.9950000047683716,1.0
4,571431387,4299,0.9950000047683716,1.0
4,571431387,4300,0.9950000047683716,1.0
4,571431387,4301,0.9950000047683716,1.0
4,571431387,4302,0.9950000047683716,1.0
4,571431387,4303,0.9950000047683716,1.0
4,571431387,4304,0.9950000047683716,1.0
4,571431387,4305,0.9950000047683716,1.0
4,571431387,4306,0.9950000047683716,1.0
4,571431387,4307,0.9950000047683716,1.0
4,571431387,4308,0.9950000047683716,1.0
4,571431387,4309,0.9950000047683716,1.0
4,571431387,4310,0.9950000047683716,1.0
4,571431387,4311,0.9950000047683716,1.0
4,571431387,4312,0.9950000047683716,1.0
4,571431387,4313,0.9950000047683716,1.0
4,571431387,4314,0.9950000047683716,1.0
4,571431387,4315,0.9950000047683716,1.0
4,571431387,4316,0.9950000047683716,1.0
4,571431387,4317,0.9950000047683716,1.0
4,571431387,4318,0.9950000047683716,1.0
4,571431387,4319,0.9950000047683716,1.0
4,571431387,4320,0.9950000047683716,1.0
4,571431387,4321,0.9950000047683716,1.0
4,571431387,4322,0.9950000047683716,1.0
4,571431387,4323,0.9950000047683716,1.0
4,571431387,4324,0.9950000047683716,1.0
4,571431387,4325,0.9950000047683716,1.0
4,571431387,4326,0.9950000047683716,1.0
4,571431387,4327,0.9950000047683716,1.0
4,571431387,4328,0.9950000047683716,1.0
4,571431387,4329,0.9950000047683716,1.0
4,571431387,4330,0.9950000047683716,1.0
4,571431387,4331,0.9950000047683716,1.0
4,571431387,4332,0.9950000047683716,1.0
4,571431387,4333,0.9950000047683716,1.0
4,571431387,4334,0.9950000047683716,1.0
4,571431387,4335,0.9950000047683716,1.0
4,571431387,4336,0.9950000047683716,1.0
4,571431387,4337,0.9950000047683716,1.0
4,571431387,4338,0.9950000047683716,1.0
4,571431387,4339,0.9950000047683716,1.0
4,571431387,4340,0.9950000047683716,1.0
4,571431387,4341,0.9950000047683716,1.0
4,571431387,4342,0.9950000047683716,1.0
4,571431387,4343,0.9950000047683716,1.0
4,571431387,4344,0.9950000047683716,1.0
4,571431387,4345,0.9950000047683716,1.0
4,571431387,4346,0.9950000047683716,1.0
4,571431387,4347,0.9950000047683716,1.0
4,571431387,4348,0.9950000047683716,1.0
4,571431387,4349,0.9950000047683716,1.0
4,571431387,4350,0.9950000047683716,1.0
4,571431387,4351,0.9950000047683716,1.0
4,571431387,4352,0.9950000047683716,1.0
4,571431387,4353,0.9950000047683716,1.0
4,571431387,4354,0.9950000047683716,1.0
4,571431387,4355,0.9950000047683716,1.0
4,571431387,4356,1.0,1.0
4,571431387,4357,0.9950000047683716,1.0
4,571431387,4358,1.0,1.0
4,571431387,4359,1.0,1.0
4,571431387,4360,1.0,1.0
4,571431387,4361,1.0,1.0
4,571431387,4362,1.0,1.0
4,571431387,4363,1.0,1.0
4,571431387,4364,1.0,1.0
4,571431387,4365,1.0,1.0
4,571431387,4366,1.0,1.0
4,571431387,4367,1.0,1.0
4,571431387,4368,1.0,1.0
4,571431387,4369,1.0,1.0
4,571431387,4370,1.0,1.0
4,571431387,4371,1.0,1.0
4,571431387,4372,1.0,1.0
4,571431387,4373,1.0,1.0
4,571431387,4374,1.0,1.0
4,571431387,4375,1.0,1.0
4,571431387,4376,1.0,1.0
4,571431387,4377,1.0,1.0
4,571431387,4378,1.0,1.0
4,571431387,4379,1.0,1.0
4,571431387,4380,1.0,1.0
4,571431387,4381,1.0,1.0
4,571431387,4382,1.0,1.0
4,571431387,4383,1.0,1.0
4,571431387,4384,1.0,1.0
4,571431387,4385,1.0,1.0
4,571431387,4386,1.0,1.0
4,571431387,4387,1.0,1.0
4,571431387,4388,1.0,1.0
4,571431387,4389,1.0,1.0
4,571431387,4390,1.0,1.0
4,571431387,4391,1.0,1.0
4,571431387,4392,1.0,1.0
4,571431387,4393,1.0,1.0
4,571431387,4394,1.0,1.0
4,571431387,4395,1.0,1.0
4,571431387,4396,1.0,1.0
4,571431387,4397,1.0,1.0
4,571431387,4398,1.0,1.0
4,571431387,4399,1.0,1.0
4,571431387,4400,1.0,1.0
4,571431387,4401,1.0,1.0
4,571431387,4402,1.0,1.0
4,571431387,4403,1.0,1.0
4,571431387,4404,1.0,1.0
4,571431387,4405,1.0,1.0
4,571431387,4406,1.0,1.0
4,571431387,4407,1.0,1.0
4,571431387,4408,1.0,1.0
4,571431387,4409,1.0,1.0
4,571431387,4410,1.0,1.0
4,571431387,4411,1.0,1.0
4,571431387,4412,1.0,1.0
4,571431387,4413,1.0,1.0
4,571431387,4414,1.0,1.0
4,571431387,4415,1.0,1.0
4,571431387,4416,1.0,1.0
4,571431387,4417,1.0,1.0
4,571431387,4418,1.0,1.0
4,571431387,4419,1.0,1.0
4,571431387,4420,1.0,1.0
4,571431387,4421,1.0,1.0
4,571431387,4422,1.0,1.0
4,571431387,4423,1.0,1.0
4,571431387,4424,1.0,1.0
4,571431387,4425,1.0,1.0
4,571431387,4426,1.0,1.0
4,571431387,4427,1.0,1.0
4,571431387,4428,1.0,1.0
4,571431387,4429,1.0,1.0
4,571431387,4430,1.0,1.0
4,571431387,4431,1.0,1.0
4,571431387,4432,1.0,1.0
4,571431387,4433,1.0,1.0
4,571431387,4434,1.0,1.0
4,571431387,4435,1.0,1.0
4,571431387,4436,1.0,1.0
4,571431387,4437,1.0,1.0
4,571431387,4438,1.0,1.0
4,571431387,4439,1.0,1.0
4,571431387,4440,1.0,1.0
4,571431387,4441,1.0,1.0
4,571431387,4442,1.0,1.0
4,571431387,4443,1.0,1.0
4,571431387,4444,1.0,1.0
4,571431387,4445,1.0,1.0
4,571431387,4446,1.0,1.0
4,571431387,4447,1.0,1.0
4,571431387,4448,1.0,1.0
4,571431387,4449,1.0,1.0
4,571431387,4450,1.0,1.0
4,571431387,4451,1.0,1.0
4,571431387,4452,1.0,1.0
4,571431387,4453,1.0,1.0
4,571431387,4454,1.0,1.0
4,571431387,4455,1.0,1.0
4,571431387,4456,1.0,1.0
4,571431387,4457,1.0,1.0
4,571431387,4458,1.0,1.0
4,571431387,4459,1.0,1.0
4,571431387,4460,1.0,1.0
4,571431387,4461,1.0,1.0
4,571431387,4462,1.0,1.0
4,571431387,4463,1.0,1.0
4,571431387,4464,1.0,1.0
4,571431387,4465,1.0,1.0
4,571431387,4466,1.0,1.0
4,571431387,4467,1.0,1.0
4,571431387,4468,1.0,1.0
4,571431387,4469,1.0,1.0
4,571431387,4470,1.0,1.0
4,571431387,4471,1.0,1.0
4,571431387,4472,1.0,1.0
4,571431387,4473,1.0,1.0
4,571431387,4474,1.0,1.0
4,571431387,4475,1.0,1.0
4,571431387,4476,1.0,1.0
4,571431387,4477,1.0,1.0
4,571431387,4478,1.0,1.0
4,571431387,4479,1.0,1.0
4,571431387,4480,1.0,1.0
4,571431387,4481,1.0,1.0
4,571431387,4482,1.0,1.0
4,571431387,4483,1.0,1.0
4,571431387,4484,1.0,1.0
4,571431387,4485,1.0,1.0
4,571431387,4486,1.0,1.0
4,571431387,4487,1.0,1.0
4,571431387,4488,1.0,1.0
4,571431387,4489,1.0,1.0
4,571431387,4490,1.0,1.0
4,571431387,4491,1.0,1.0
4,571431387,4492,1.0,1.0
4,571431387,4493,1.0,1.0
4,571431387,4494,1.0,1.0
4,571431387,4495,1.0,1.0
4,571431387,4496,1.0,1.0
4,571431387,4497,1.0,1.0
4,571431387,4498,1.0,1.0
4,571431387,4499,1.0,1.0
4,571431387,4500,1.0,1.0
4,571431387,4501,1.0,1.0
4,571431387,4502,1.0,1.0
4,571431387,4503,1.0,1.0
4,571431387,4504,1.0,1.0
4,571431387,4505,1.0,1.0
4,571431387,4506,1.0,1.0
4,571431387,4507,1.0,1.0
4,571431387,4508,1.0,1.0
4,571431387,4509,1.0,1.0
4,571431387,4510,1.0,1.0
4,571431387,4511,1.0,1.0
4,571431387,4512,1.0,1.0
4,571431387,4513,1.0,1.0
4,571431387,4514,1.0,1.0
4,571431387,4515,1.0,1.0
4,571431387,4516,1.0,1.0
4,571431387,4517,1.0,1.0
4,571431387,4518,1.0,1.0
4,571431387,4519,1.0,1.0
4,571431387,4520,1.0,1.0
4,571431387,4521,1.0,1.0
4,571431387,4522,1.0,1.0
4,571431387,4523,1.0,1.0
4,571431387,4524,1.0,1.0
4,571431387,4525,1.0,1.0
4,571431387,4526,1.0,1.0
4,571431387,4527,1.0,1.0
4,571431387,4528,1.0,1.0
4,571431387,4529,1.0,1.0
4,571431387,4530,1.0,1.0
4,571431387,4531,1.0,1.0
4,571431387,4532,1.0,1.0
4,571431387,4533,1.0,1.0
4,571431387,4534,1.0,1.0
4,571431387,4535,1.0,1.0
4,571431387,4536,1.0,1.0
4,571431387,4537,1.0,1.0
4,571431387,4538,1.0,1.0
4,571431387,4539,1.0,1.0
4,571431387,4540,1.0,1.0
4,571431387,4541,1.0,1.0
4,571431387,4542,1.0,1.0
4,571431387,4543,1.0,1.0
4,571431387,4544,1.0,1.0
4,571431387,4545,1.0,1.0
4,571431387,4546,1.0,1.0
4,571431387,4547,1.0,1.0
4,571431387,4548,1.0,1.0
4,571431387,4549,1.0,1.0
4,571431387,4550,1.0,1.0
4,571431387,4551,1.0,1.0
4,571431387,4552,1.0,1.0
4,571431387,4553,1.0,1.0
4,571431387,4554,1.0,1.0
4,571431387,4555,1.0,1.0
4,571431387,4556,1.0,1.0
4,571431387,4557,1.0,1.0
4,571431387,4558,1.0,1.0
4,571431387,4559,1.0,1.0
4,571431387,4560,1.0,1.0
4,571431387,4561,1.0,1.0
4,571431387,4562,1.0,1.0
4,571431387,4563,1.0,1.0
4,571431387,4564,1.0,1.0
4,571431387,4565,1.0,1.0
4,571431387,4566,1.0,1.0
4,571431387,4567,1.0,1.0
4,571431387,4568,1.0,1.0
4,571431387,4569,1.0,1.0
4,571431387,4570,1.0,1.0
4,571431387,4571,1.0,1.0
4,571431387,4572,1.0,1.0
4,571431387,4573,1.0,1.0
4,571431387,4574,1.0,1.0
4,571431387,4575,1.0,1.0
4,571431387,4576,1.0,1.0
4,571431387,4577,1.0,1.0
4,571431387,4578,1.0,1.0
4,571431387,4579,1.0,1.0
4,571431387,4580,1.0,1.0
4,571431387,4581,1.0,1.0
4,571431387,4582,1.0,1.0
4,571431387,4583,1.0,1.0
4,571431387,4584,1.0,1.0
4,571431387,4585,1.0,1.0
4,571431387,4586,1.0,1.0
4,571431387,4587,1.0,1.0
4,571431387,4588,1.0,1.0
4,571431387,4589,1.0,1.0
4,571431387,4590,1.0,1.0
4,571431387,4591,1.0,1.0
4,571431387,4592,1.0,1.0
4,571431387,4593,1.0,1.0
4,571431387,4594,1.0,1.0
4,571431387,4595,1.0,1.0
4,571431387,4596,1.0,1.0
4,571431387,4597,1.0,1.0
4,571431387,4598,1.0,1.0
4,571431387,4599,1.0,1.0
4,571431387,4600,1.0,1.0
4,571431387,4601,1.0,1.0
4,571431387,4602,1.0,1.0
4,571431387,4603,1.0,1.0
4,571431387,4604,1.0,1.0
4,571431387,4605,1.0,1.0
4,571431387,4606,1.0,1.0
4,571431387,4607,1.0,1.0
4,571431387,4608,1.0,1.0
4,571431387,4609,1.0,1.0
4,571431387,4610,1.0,1.0
4,571431387,4611,1.0,1.0
4,571431387,4612,1.0,1.0
4,571431387,4613,1.0,1.0
4,571431387,4614,1.0,1.0
4,571431387,4615,1.0,1.0
4,571431387,4616,1.0,1.0
4,571431387,4617,1.0,1.0
4,571431387,4618,1.0,1.0
4,571431387,4619,1.0,1.0
4,571431387,4620,1.0,1.0
4,571431387,4621,1.0,1.0
4,571431387,4622,1.0,1.0
4,571431387,4623,1.0,1.0
4,571431387,4624,1.0,1.0
4,571431387,4625,1.0,1.0
4,571431387,4626,1.0,1.0
4,571431387,4627,1.0,1.0
4,571431387,4628,1.0,1.0
4,571431387,4629,1.0,1.0
4,571431387,4630,1.0,1.0
4,571431387,4631,1.0,1.0
4,571431387,4632,1.0,1.0
4,571431387,4633,1.0,1.0
4,571431387,4634,1.0,1.0
4,571431387,4635,1.0,1.0
4,571431387,4636,1.0,1.0
4,571431387,4637,1.0,1.0
4,571431387,4638,1.0,1.0
4,571431387,4639,1.0,1.0
4,571431387,4640,1.0,1.0
4,571431387,4641,1.0,1.0
4,571431387,4642,1.0,1.0
4,571431387,4643,1.0,1.0
4,571431387,4644,1.0,1.0
4,571431387,4645,1.0,1.0
4,571431387,4646,1.0,1.0
4,571431387,4647,1.0,1.0
4,571431387,4648,1.0,1.0
4,571431387,4649,1.0,1.0
4,571431387,4650,1.0,1.0
4,571431387,4651,1.0,1.0
4,571431387,4652,1.0,1.0
4,571431387,4653,1.0,1.0
4,571431387,4654,1.0,1.0
4,571431387,4655,1.0,1.0
4,571431387,4656,1.0,1.0
4,571431387,4657,1.0,1.0
4,571431387,4658,1.0,1.0
4,571431387,4659,1.0,1.0
4,571431387,4660,1.0,1.0
4,571431387,4661,1.0,1.0
4,571431387,4662,1.0,1.0
4,571431387,4663,1.0,1.0
4,571431387,4664,1.0,1.0
4,571431387,4665,1.0,1.0
4,571431387,4666,1.0,1.0
4,571431387,4667,1.0,1.0
4,571431387,4668,1.0,1.0
4,571431387,4669,1.0,1.0
4,571431387,4670,1.0,1.0
4,571431387,4671,1.0,1.0
4,571431387,4672,1.0,1.0
4,571431387,4673,1.0,1.0
4,571431387,4674,1.0,1.0
4,571431387,4675,1.0,1.0
4,571431387,4676,1.0,1.0
4,571431387,4677,1.0,1.0
4,571431387,4678,1.0,1.0
4,571431387,4679,1.0,1.0
4,571431387,4680,1.0,1.0
4,571431387,4681,1.0,1.0
4,571431387,4682,1.0,1.0
4,571431387,4683,1.0,1.0
4,571431387,4684,1.0,1.0
4,571431387,4685,1.0,1.0
4,571431387,4686,1.0,1.0
4,571431387,4687,1.0,1.0
4,571431387,4688,1.0,1.0
4,571431387,4689,1.0,1.0
4,571431387,4690,1.0,1.0
4,571431387,4691,1.0,1.0
4,571431387,4692,1.0,1.0
4,571431387,4693,1.0,1.0
4,571431387,4694,1.0,1.0
4,571431387,4695,1.0,1.0
4,571431387,4696,1.0,1.0
4,571431387,4697,1.0,1.0
4,571431387,4698,1.0,1.0
4,571431387,4699,1.0,1.0
4,571431387,4700,1.0,1.0
4,571431387,4701,1.0,1.0
4,571431387,4702,1.0,1.0
4,571431387,4703,1.0,1.0
4,571431387,4704,1.0,1.0
4,571431387,4705,1.0,1.0
4,571431387,4706,1.0,1.0
4,571431387,4707,1.0,1.0
4,571431387,4708,1.0,1.0
4,571431387,4709,1.0,1.0
4,571431387,4710,1.0,1.0
4,571431387,4711,1.0,1.0
4,571431387,4712,1.0,1.0
4,571431387,4713,1.0,1.0
4,571431387,4714,1.0,1.0
4,571431387,4715,1.0,1.0
4,571431387,4716,1.0,1.0
4,571431387,4717,1.0,1.0
4,571431387,4718,1.0,1.0
4,571431387,4719,1.0,1.0
4,571431387,4720,1.0,1.0
4,571431387,4721,1.0,1.0
4,571431387,4722,1.0,1.0
4,571431387,4723,1.0,1.0
4,571431387,4724,1.0,1.0
4,571431387,4725,1.0,1.0
4,571431387,4726,1.0,1.0
4,571431387,4727,1.0,1.0
4,571431387,4728,1.0,1.0
4,571431387,4729,1.0,1.0
4,571431387,4730,1.0,1.0
4,571431387,4731,1.0,1.0
4,571431387,4732,1.0,1.0
4,571431387,4733,1.0,1.0
4,571431387,4734,1.0,1.0
4,571431387,4735,1.0,1.0
4,571431387,4736,1.0,1.0
4,571431387,4737,1.0,1.0
4,571431387,4738,1.0,1.0
4,571431387,4739,1.0,1.0
4,571431387,4740,1.0,1.0
4,571431387,4741,1.0,1.0
4,571431387,4742,1.0,1.0
4,571431387,4743,1.0,1.0
4,571431387,4744,1.0,1.0
4,571431387,4745,1.0,1.0
4,571431387,4746,1.0,1.0
4,571431387,4747,1.0,1.0
4,571431387,4748,1.0,1.0
4,571431387,4749,1.0,1.0
4,571431387,4750,1.0,1.0
4,571431387,4751,1.0,1.0
4,571431387,4752,1.0,1.0
4,571431387,4753,1.0,1.0
4,571431387,4754,1.0,1.0
4,571431387,4755,1.0,1.0
4,571431387,4756,1.0,1.0
4,571431387,4757,1.0,1.0
4,571431387,4758,1.0,1.0
4,571431387,4759,1.0,1.0
4,571431387,4760,1.0,1.0
4,571431387,4761,1.0,1.0
4,571431387,4762,1.0,1.0
4,571431387,4763,1.0,1.0
4,571431387,4764,1.0,1.0
4,571431387,4765,1.0,1.0
4,571431387,4766,1.0,1.0
4,571431387,4767,1.0,1.0
4,571431387,4768,1.0,1.0
4,571431387,4769,1.0,1.0
4,571431387,4770,1.0,1.0
4,571431387,4771,1.0,1.0
4,571431387,4772,1.0,1.0
4,571431387,4773,1.0,1.0
4,571431387,4774,1.0,1.0
4,571431387,4775,1.0,1.0
4,571431387,4776,1.0,1.0
4,571431387,4777,1.0,1.0
4,571431387,4778,1.0,1.0
4,571431387,4779,1.0,1.0
4,571431387,4780,1.0,1.0
4,571431387,4781,1.0,1.0
4,571431387,4782,1.0,1.0
4,571431387,4783,1.0,1.0
4,571431387,4784,1.0,1.0
4,571431387,4785,1.0,1.0
4,571431387,4786,1.0,1.0
4,571431387,4787,1.0,1.0
4,571431387,4788,1.0,1.0
4,571431387,4789,1.0,1.0
4,571431387,4790,1.0,1.0
4,571431387,4791,1.0,1.0
4,571431387,4792,1.0,1.0
4,571431387,4793,1.0,1.0
4,571431387,4794,1.0,1.0
4,571431387,4795,1.0,1.0
4,571431387,4796,1.0,1.0
4,571431387,4797,1.0,1.0
4,571431387,4798,1.0,1.0
4,571431387,4799,1.0,1.0
4,571431387,4800,1.0,1.0
4,571431387,4801,1.0,1.0
4,571431387,4802,1.0,1.0
4,571431387,4803,1.0,1.0
4,571431387,4804,1.0,1.0
4,571431387,4805,1.0,1.0
4,571431387,4806,1.0,1.0
4,571431387,4807,1.0,1.0
4,571431387,4808,1.0,1.0
4,571431387,4809,1.0,1.0
4,571431387,4810,1.0,1.0
4,571431387,4811,1.0,1.0
4,571431387,4812,1.0,1.0
4,571431387,4813,1.0,1.0
4,571431387,4814,1.0,1.0
4,571431387,4815,1.0,1.0
4,571431387,4816,1.0,1.0
4,571431387,4817,1.0,1.0
4,571431387,4818,1.0,1.0
4,571431387,4819,1.0,1.0
4,571431387,4820,1.0,1.0
4,571431387,4821,1.0,1.0
4,571431387,4822,1.0,1.0
4,571431387,4823,1.0,1.0
4,571431387,4824,1.0,1.0
4,571431387,4825,1.0,1.0
4,571431387,4826,1.0,1.0
4,571431387,4827,1.0,1.0
4,571431387,4828,1.0,1.0
4,571431387,4829,1.0,1.0
4,571431387,4830,1.0,1.0
4,571431387,4831,1.0,1.0
4,571431387,4832,1.0,1.0
4,571431387,4833,1.0,1.0
4,571431387,4834,1.0,1.0
4,571431387,4835,1.0,1.0
4,571431387,4836,1.0,1.0
4,571431387,4837,1.0,1.0
4,571431387,4838,1.0,1.0
4,571431387,4839,1.0,1.0
4,571431387,4840,1.0,1.0
4,571431387,4841,1.0,1.0
4,571431387,4842,1.0,1.0
4,571431387,4843,1.0,1.0
4,571431387,4844,1.0,1.0
4,571431387,4845,1.0,1.0
4,571431387,4846,1.0,1.0
4,571431387,4847,1.0,1.0
4,571431387,4848,1.0,1.0
4,571431387,4849,1.0,1.0
4,571431387,4850,1.0,1.0
4,571431387,4851,1.0,1.0
4,571431387,4852,1.0,1.0
4,571431387,4853,1.0,1.0
4,571431387,4854,1.0,1.0
4,571431387,4855,1.0,1.0
4,571431387,4856,1.0,1.0
4,571431387,4857,1.0,1.0
4,571431387,4858,1.0,1.0
4,571431387,4859,1.0,1.0
4,571431387,4860,1.0,1.0
4,571431387,4861,1.0,1.0
4,571431387,4862,1.0,1.0
4,571431387,4863,1.0,1.0
4,571431387,4864,1.0,1.0
4,571431387,4865,1.0,1.0
4,571431387,4866,1.0,1.0
4,571431387,4867,1.0,1.0
4,571431387,4868,1.0,1.0
4,571431387,4869,1.0,1.0
4,571431387,4870,1.0,1.0
4,571431387,4871,1.0,1.0
4,571431387,4872,1.0,1.0
4,571431387,4873,1.0,1.0
4,571431387,4874,1.0,1.0
4,571431387,4875,1.0,1.0
4,571431387,4876,1.0,1.0
4,571431387,4877,1.0,1.0
4,571431387,4878,1.0,1.0
4,571431387,4879,1.0,1.0
4,571431387,4880,1.0,1.0
4,571431387,4881,1.0,1.0
4,571431387,4882,1.0,1.0
4,571431387,4883,1.0,1.0
4,571431387,4884,1.0,1.0
4,571431387,4885,1.0,1.0
4,571431387,4886,1.0,1.0
4,571431387,4887,1.0,1.0
4,571431387,4888,1.0,1.0
4,571431387,4889,1.0,1.0
4,571431387,4890,1.0,1.0
4,571431387,4891,1.0,1.0
4,571431387,4892,1.0,1.0
4,571431387,4893,1.0,1.0
4,571431387,4894,1.0,1.0
4,571431387,4895,1.0,1.0
4,571431387,4896,1.0,1.0
4,571431387,4897,1.0,1.0
4,571431387,4898,1.0,1.0
4,571431387,4899,1.0,1.0
4,571431387,4900,1.0,1.0
4,571431387,4901,1.0,1.0
4,571431387,4902,1.0,1.0
4,571431387,4903,1.0,1.0
4,571431387,4904,1.0,1.0
4,571431387,4905,1.0,1.0
4,571431387,4906,1.0,1.0
4,571431387,4907,1.0,1.0
4,571431387,4908,1.0,1.0
4,571431387,4909,1.0,1.0
4,571431387,4910,1.0,1.0
4,571431387,4911,1.0,1.0
4,571431387,4912,1.0,1.0
4,571431387,4913,1.0,1.0
4,571431387,4914,1.0,1.0
4,571431387,4915,1.0,1.0
4,571431387,4916,1.0,1.0
4,571431387,4917,1.0,1.0
4,571431387,4918,1.0,1.0
4,571431387,4919,1.0,1.0
4,571431387,4920,1.0,1.0
4,571431387,4921,1.0,1.0
4,571431387,4922,1.0,1.0
4,571431387,4923,1.0,1.0
4,571431387,4924,1.0,1.0
4,571431387,4925,1.0,1.0
4,571431387,4926,1.0,1.0
4,571431387,4927,1.0,1.0
4,571431387,4928,1.0,1.0
4,571431387,4929,1.0,1.0
4,571431387,4930,1.0,1.0
4,571431387,4931,1.0,1.0
4,571431387,4932,1.0,1.0
4,571431387,4933,1.0,1.0
4,571431387,4934,1.0,1.0
4,571431387,4935,1.0,1.0
4,571431387,4936,1.0,1.0
4,571431387,4937,1.0,1.0
4,571431387,4938,1.0,1.0
4,571431387,4939,1.0,1.0
4,571431387,4940,1.0,1.0
4,571431387,4941,1.0,1.0
4,571431387,4942,1.0,1.0
4,571431387,4943,1.0,1.0
4,571431387,4944,1.0,1.0
4,571431387,4945,1.0,1.0
4,571431387,4946,1.0,1.0
4,571431387,4947,1.0,1.0
4,571431387,4948,1.0,1.0
4,571431387,4949,1.0,1.0
4,571431387,4950,1.0,1.0
4,571431387,4951,1.0,1.0
4,571431387,4952,1.0,1.0
4,571431387,4953,1.0,1.0
4,571431387,4954,1.0,1.0
4,571431387,4955,1.0,1.0
4,571431387,4956,1.0,1.0
4,571431387,4957,1.0,1.0
4,571431387,4958,1.0,1.0
4,571431387,4959,1.0,1.0
4,571431387,4960,1.0,1.0
4,571431387,4961,1.0,1.0
4,571431387,4962,1.0,1.0
4,571431387,4963,1.0,1.0
4,571431387,4964,1.0,1.0
4,571431387,4965,1.0,1.0
4,571431387,4966,1.0,1.0
4,571431387,4967,1.0,1.0
4,571431387,4968,1.0,1.0
4,571431387,4969,1.0,1.0
4,571431387,4970,1.0,1.0
4,571431387,4971,1.0,1.0
4,571431387,4972,1.0,1.0
4,571431387,4973,1.0,1.0
4,571431387,4974,1.0,1.0
4,571431387,4975,1.0,1.0
4,571431387,4976,1.0,1.0
4,571431387,4977,1.0,1.0
4,571431387,4978,1.0,1.0
4,571431387,4979,1.0,1.0
4,571431387,4980,1.0,1.0
4,571431387,4981,1.0,1.0
4,571431387,4982,1.0,1.0
4,571431387,4983,1.0,1.0
4,571431387,4984,1.0,1.0
4,571431387,4985,1.0,1.0
4,571431387,4986,1.0,1.0
4,571431387,4987,1.0,1.0
4,571431387,4988,1.0,1.0
4,571431387,4989,1.0,1.0
4,571431387,4990,1.0,1.0
4,571431387,4991,1.0,1.0
4,571431387,4992,1.0,1.0
4,571431387,4993,1.0,1.0
4,571431387,4994,1.0,1.0
4,571431387,4995,1.0,1.0
4,571431387,4996,1.0,1.0
4,571431387,4997,1.0,1.0
4,571431387,4998,1.0,1.0
4,571431387,4999,1.0,1.0
4,571431387,5000,1.0,1.0
