run_index,seed,epoch,train_accuracy,test_accuracy
0,0,0,0.497,0.53
0,0,1,0.598,0.47
0,0,2,0.61,0.5
0,0,3,0.645,0.49
0,0,4,0.657,0.5
0,0,5,0.701,0.48
0,0,6,0.723,0.48
0,0,7,0.764,0.5
0,0,8,0.803,0.54
0,0,9,0.835,0.59
0,0,10,0.753,0.57
0,0,11,0.841,0.66
0,0,12,0.929,0.76
0,0,13,0.976,0.88
0,0,14,0.999,0.97
0,0,15,1.0,0.99
0,0,16,1.0,1.0
0,0,17,1.0,1.0
0,0,18,1.0,1.0
0,0,19,1.0,1.0
0,0,20,1.0,1.0
0,0,21,1.0,1.0
0,0,22,1.0,1.0
0,0,23,1.0,1.0
0,0,24,1.0,1.0
0,0,25,1.0,1.0
0,0,26,1.0,1.0
0,0,27,1.0,1.0
0,0,28,1.0,1.0
0,0,29,1.0,1.0
0,0,30,1.0,1.0
0,0,31,1.0,1.0
0,0,32,1.0,1.0
0,0,33,1.0,1.0
0,0,34,1.0,1.0
0,0,35,1.0,1.0
0,0,36,1.0,1.0
0,0,37,1.0,1.0
0,0,38,1.0,1.0
0,0,39,1.0,1.0
0,0,40,1.0,1.0
0,0,41,1.0,1.0
0,0,42,1.0,1.0
0,0,43,1.0,1.0
0,0,44,1.0,1.0
0,0,45,1.0,1.0
0,0,46,1.0,1.0
0,0,47,1.0,1.0
0,0,48,1.0,1.0
0,0,49,1.0,1.0
0,0,50,1.0,1.0
0,0,51,1.0,1.0
0,0,52,1.0,1.0
0,0,53,1.0,1.0
0,0,54,1.0,1.0
0,0,55,1.0,1.0
0,0,56,1.0,1.0
0,0,57,1.0,1.0
0,0,58,1.0,1.0
0,0,59,1.0,1.0
0,0,60,1.0,1.0
0,0,61,1.0,1.0
0,0,62,1.0,1.0
0,0,63,1.0,1.0
0,0,64,1.0,1.0
0,0,65,1.0,1.0
0,0,66,1.0,1.0
0,0,67,1.0,1.0
0,0,68,1.0,1.0
0,0,69,1.0,1.0
0,0,70,1.0,1.0
0,0,71,1.0,1.0
0,0,72,1.0,1.0
0,0,73,1.0,1.0
0,0,74,1.0,1.0
0,0,75,1.0,1.0
0,0,76,1.0,1.0
0,0,77,1.0,1.0
0,0,78,1.0,1.0
0,0,79,1.0,1.0
0,0,80,1.0,1.0
0,0,81,1.0,1.0
0,0,82,1.0,1.0
0,0,83,1.0,1.0
0,0,84,1.0,1.0
0,0,85,1.0,1.0
0,0,86,1.0,1.0
0,0,87,1.0,1.0
0,0,88,1.0,1.0
0,0,89,1.0,1.0
0,0,90,1.0,1.0
0,0,91,1.0,1.0
0,0,92,1.0,1.0
0,0,93,1.0,1.0
0,0,94,1.0,1.0
0,0,95,1.0,1.0
0,0,96,1.0,1.0
0,0,97,1.0,1.0
0,0,98,1.0,1.0
0,0,99,1.0,1.0
0,0,100,1.0,1.0
0,0,101,1.0,1.0
0,0,102,1.0,1.0
0,0,103,1.0,1.0
0,0,104,1.0,1.0
0,0,105,1.0,1.0
0,0,106,1.0,1.0
0,0,107,1.0,1.0
0,0,108,1.0,1.0
0,0,109,1.0,1.0
0,0,110,1.0,1.0
0,0,111,1.0,1.0
0,0,112,1.0,1.0
0,0,113,1.0,1.0
0,0,114,1.0,1.0
0,0,115,1.0,1.0
0,0,116,1.0,1.0
0,0,117,1.0,1.0
0,0,118,1.0,1.0
0,0,119,1.0,1.0
0,0,120,1.0,1.0
0,0,121,1.0,1.0
0,0,122,1.0,1.0
0,0,123,1.0,1.0
0,0,124,1.0,1.0
0,0,125,1.0,1.0
0,0,126,1.0,1.0
0,0,127,1.0,1.0
0,0,128,1.0,1.0
0,0,129,1.0,1.0
0,0,130,1.0,1.0
0,0,131,1.0,1.0
0,0,132,1.0,1.0
0,0,133,1.0,1.0
0,0,134,1.0,1.0
0,0,135,1.0,1.0
0,0,136,1.0,1.0
0,0,137,1.0,1.0
0,0,138,1.0,1.0
0,0,139,1.0,1.0
0,0,140,1.0,1.0
0,0,141,1.0,1.0
0,0,142,1.0,1.0
0,0,143,1.0,1.0
0,0,144,1.0,1.0
0,0,145,1.0,1.0
0,0,146,1.0,1.0
0,0,147,1.0,1.0
0,0,148,1.0,1.0
0,0,149,1.0,1.0
0,0,150,1.0,1.0
0,0,151,1.0,1.0
0,0,152,1.0,1.0
0,0,153,1.0,1.0
0,0,154,1.0,1.0
0,0,155,1.0,1.0
0,0,156,1.0,1.0
0,0,157,1.0,1.0
0,0,158,1.0,1.0
0,0,159,1.0,1.0
0,0,160,1.0,1.0
0,0,161,1.0,1.0
0,0,162,1.0,1.0
0,0,163,1.0,1.0
0,0,164,1.0,1.0
0,0,165,1.0,1.0
0,0,166,1.0,1.0
0,0,167,1.0,1.0
0,0,168,1.0,1.0
0,0,169,1.0,1.0
0,0,170,1.0,1.0
0,0,171,1.0,1.0
0,0,172,1.0,1.0
0,0,173,1.0,1.0
0,0,174,1.0,1.0
0,0,175,1.0,1.0
0,0,176,1.0,1.0
0,0,177,1.0,1.0
0,0,178,1.0,1.0
0,0,179,1.0,1.0
0,0,180,1.0,1.0
0,0,181,1.0,1.0
0,0,182,1.0,1.0
0,0,183,1.0,1.0
0,0,184,1.0,1.0
0,0,185,1.0,1.0
0,0,186,1.0,1.0
0,0,187,1.0,1.0
0,0,188,1.0,1.0
0,0,189,1.0,1.0
0,0,190,1.0,1.0
0,0,191,1.0,1.0
0,0,192,1.0,1.0
0,0,193,1.0,1.0
0,0,194,1.0,1.0
0,0,195,1.0,1.0
0,0,196,1.0,1.0
0,0,197,1.0,1.0
0,0,198,1.0,1.0
0,0,199,1.0,1.0
0,0,200,1.0,1.0
0,0,201,1.0,1.0
0,0,202,1.0,1.0
0,0,203,1.0,1.0
0,0,204,1.0,1.0
0,0,205,1.0,1.0
0,0,206,1.0,1.0
0,0,207,1.0,1.0
0,0,208,1.0,1.0
0,0,209,1.0,1.0
0,0,210,1.0,1.0
0,0,211,1.0,1.0
0,0,212,1.0,1.0
0,0,213,1.0,1.0
0,0,214,1.0,1.0
0,0,215,1.0,1.0
0,0,216,1.0,1.0
0,0,217,1.0,1.0
0,0,218,1.0,1.0
0,0,219,1.0,1.0
0,0,220,1.0,1.0
0,0,221,1.0,1.0
0,0,222,1.0,1.0
0,0,223,1.0,1.0
0,0,224,1.0,1.0
0,0,225,1.0,1.0
0,0,226,1.0,1.0
0,0,227,1.0,1.0
0,0,228,1.0,1.0
0,0,229,1.0,1.0
0,0,230,1.0,1.0
0,0,231,1.0,1.0
0,0,232,1.0,1.0
0,0,233,1.0,1.0
0,0,234,1.0,1.0
0,0,235,1.0,1.0
0,0,236,1.0,1.0
0,0,237,1.0,1.0
0,0,238,1.0,1.0
0,0,239,1.0,1.0
0,0,240,1.0,1.0
0,0,241,1.0,1.0
0,0,242,1.0,1.0
0,0,243,1.0,1.0
0,0,244,1.0,1.0
0,0,245,1.0,1.0
0,0,246,1.0,1.0
0,0,247,1.0,1.0
0,0,248,1.0,1.0
0,0,249,1.0,1.0
0,0,250,1.0,1.0
0,0,251,1.0,1.0
0,0,252,1.0,1.0
0,0,253,1.0,1.0
0,0,254,1.0,1.0
0,0,255,1.0,1.0
0,0,256,1.0,1.0
0,0,257,1.0,1.0
0,0,258,1.0,1.0
0,0,259,1.0,1.0
0,0,260,1.0,1.0
0,0,261,1.0,1.0
0,0,262,1.0,1.0
0,0,263,1.0,1.0
0,0,264,1.0,1.0
0,0,265,1.0,1.0
0,0,266,1.0,1.0
0,0,267,1.0,1.0
0,0,268,1.0,1.0
0,0,269,1.0,1.0
0,0,270,1.0,1.0
0,0,271,1.0,1.0
0,0,272,1.0,1.0
0,0,273,1.0,1.0
0,0,274,1.0,1.0
0,0,275,1.0,1.0
0,0,276,1.0,1.0
0,0,277,1.0,1.0
0,0,278,1.0,1.0
0,0,279,1.0,1.0
0,0,280,1.0,1.0
0,0,281,1.0,1.0
0,0,282,1.0,1.0
0,0,283,1.0,1.0
0,0,284,1.0,1.0
0,0,285,1.0,1.0
0,0,286,1.0,1.0
0,0,287,1.0,1.0
0,0,288,1.0,1.0
0,0,289,1.0,1.0
0,0,290,1.0,1.0
0,0,291,1.0,1.0
0,0,292,1.0,1.0
0,0,293,1.0,1.0
0,0,294,1.0,1.0
0,0,295,1.0,1.0
0,0,296,1.0,1.0
0,0,297,1.0,1.0
0,0,298,1.0,1.0
0,0,299,1.0,1.0
0,0,300,1.0,1.0
1,1,0,0.469,0.49
1,1,1,0.547,0.54
1,1,2,0.613,0.56
1,1,3,0.647,0.58
1,1,4,0.667,0.54
1,1,5,0.676,0.54
1,1,6,0.703,0.55
1,1,7,0.756,0.56
1,1,8,0.811,0.6
1,1,9,0.871,0.66
1,1,10,0.77,0.66
1,1,11,0.903,0.72
1,1,12,0.928,0.75
1,1,13,0.987,0.93
1,1,14,1.0,0.97
1,1,15,1.0,1.0
1,1,16,1.0,1.0
1,1,17,1.0,1.0
1,1,18,1.0,1.0
1,1,19,1.0,1.0
1,1,20,1.0,1.0
1,1,21,1.0,1.0
1,1,22,1.0,1.0
1,1,23,1.0,1.0
1,1,24,1.0,1.0
1,1,25,1.0,1.0
1,1,26,1.0,1.0
1,1,27,1.0,1.0
1,1,28,1.0,1.0
1,1,29,1.0,1.0
1,1,30,1.0,1.0
1,1,31,1.0,1.0
1,1,32,1.0,1.0
1,1,33,1.0,1.0
1,1,34,1.0,1.0
1,1,35,1.0,1.0
1,1,36,1.0,1.0
1,1,37,1.0,1.0
1,1,38,1.0,1.0
1,1,39,1.0,1.0
1,1,40,1.0,1.0
1,1,41,1.0,1.0
1,1,42,1.0,1.0
1,1,43,1.0,1.0
1,1,44,1.0,1.0
1,1,45,1.0,1.0
1,1,46,1.0,1.0
1,1,47,1.0,1.0
1,1,48,1.0,1.0
1,1,49,1.0,1.0
1,1,50,1.0,1.0
1,1,51,1.0,1.0
1,1,52,1.0,1.0
1,1,53,1.0,1.0
1,1,54,1.0,1.0
1,1,55,1.0,1.0
1,1,56,1.0,1.0
1,1,57,1.0,1.0
1,1,58,1.0,1.0
1,1,59,1.0,1.0
1,1,60,1.0,1.0
1,1,61,1.0,1.0
1,1,62,1.0,1.0
1,1,63,1.0,1.0
1,1,64,1.0,1.0
1,1,65,1.0,1.0
1,1,66,1.0,1.0
1,1,67,1.0,1.0
1,1,68,1.0,1.0
1,1,69,1.0,1.0
1,1,70,1.0,1.0
1,1,71,1.0,1.0
1,1,72,1.0,1.0
1,1,73,1.0,1.0
1,1,74,1.0,1.0
1,1,75,1.0,1.0
1,1,76,1.0,1.0
1,1,77,1.0,1.0
1,1,78,1.0,1.0
1,1,79,1.0,1.0
1,1,80,1.0,1.0
1,1,81,1.0,1.0
1,1,82,1.0,1.0
1,1,83,1.0,1.0
1,1,84,1.0,1.0
1,1,85,1.0,1.0
1,1,86,1.0,1.0
1,1,87,1.0,1.0
1,1,88,1.0,1.0
1,1,89,1.0,1.0
1,1,90,1.0,1.0
1,1,91,1.0,1.0
1,1,92,1.0,1.0
1,1,93,1.0,1.0
1,1,94,1.0,1.0
1,1,95,1.0,1.0
1,1,96,1.0,1.0
1,1,97,1.0,1.0
1,1,98,1.0,1.0
1,1,99,1.0,1.0
1,1,100,1.0,1.0
1,1,101,1.0,1.0
1,1,102,1.0,1.0
1,1,103,1.0,1.0
1,1,104,1.0,1.0
1,1,105,1.0,1.0
1,1,106,1.0,1.0
1,1,107,1.0,1.0
1,1,108,1.0,1.0
1,1,109,1.0,1.0
1,1,110,1.0,1.0
1,1,111,1.0,1.0
1,1,112,1.0,1.0
1,1,113,1.0,1.0
1,1,114,1.0,1.0
1,1,115,1.0,1.0
1,1,116,1.0,1.0
1,1,117,1.0,1.0
1,1,118,1.0,1.0
1,1,119,1.0,1.0
1,1,120,1.0,1.0
1,1,121,1.0,1.0
1,1,122,1.0,1.0
1,1,123,1.0,1.0
1,1,124,1.0,1.0
1,1,125,1.0,1.0
1,1,126,1.0,1.0
1,1,127,1.0,1.0
1,1,128,1.0,1.0
1,1,129,1.0,1.0
1,1,130,1.0,1.0
1,1,131,1.0,1.0
1,1,132,1.0,1.0
1,1,133,1.0,1.0
1,1,134,1.0,1.0
1,1,135,1.0,1.0
1,1,136,1.0,1.0
1,1,137,1.0,1.0
1,1,138,1.0,1.0
1,1,139,1.0,1.0
1,1,140,1.0,1.0
1,1,141,1.0,1.0
1,1,142,1.0,1.0
1,1,143,1.0,1.0
1,1,144,1.0,1.0
1,1,145,1.0,1.0
1,1,146,1.0,1.0
1,1,147,1.0,1.0
1,1,148,1.0,1.0
1,1,149,1.0,1.0
1,1,150,1.0,1.0
1,1,151,1.0,1.0
1,1,152,1.0,1.0
1,1,153,1.0,1.0
1,1,154,1.0,1.0
1,1,155,1.0,1.0
1,1,156,1.0,1.0
1,1,157,1.0,1.0
1,1,158,1.0,1.0
1,1,159,1.0,1.0
1,1,160,1.0,1.0
1,1,161,1.0,1.0
1,1,162,1.0,1.0
1,1,163,1.0,1.0
1,1,164,1.0,1.0
1,1,165,1.0,1.0
1,1,166,1.0,1.0
1,1,167,1.0,1.0
1,1,168,1.0,1.0
1,1,169,1.0,1.0
1,1,170,1.0,1.0
1,1,171,1.0,1.0
1,1,172,1.0,1.0
1,1,173,1.0,1.0
1,1,174,1.0,1.0
1,1,175,1.0,1.0
1,1,176,1.0,1.0
1,1,177,1.0,1.0
1,1,178,1.0,1.0
1,1,179,1.0,1.0
1,1,180,1.0,1.0
1,1,181,1.0,1.0
1,1,182,1.0,1.0
1,1,183,1.0,1.0
1,1,184,1.0,1.0
1,1,185,1.0,1.0
1,1,186,1.0,1.0
1,1,187,1.0,1.0
1,1,188,1.0,1.0
1,1,189,1.0,1.0
1,1,190,1.0,1.0
1,1,191,1.0,1.0
1,1,192,1.0,1.0
1,1,193,1.0,1.0
1,1,194,1.0,1.0
1,1,195,1.0,1.0
1,1,196,1.0,1.0
1,1,197,1.0,1.0
1,1,198,1.0,1.0
1,1,199,1.0,1.0
1,1,200,1.0,1.0
1,1,201,1.0,1.0
1,1,202,1.0,1.0
1,1,203,1.0,1.0
1,1,204,1.0,1.0
1,1,205,1.0,1.0
1,1,206,1.0,1.0
1,1,207,1.0,1.0
1,1,208,1.0,1.0
1,1,209,1.0,1.0
1,1,210,1.0,1.0
1,1,211,1.0,1.0
1,1,212,1.0,1.0
1,1,213,1.0,1.0
1,1,214,1.0,1.0
1,1,215,1.0,1.0
1,1,216,1.0,1.0
1,1,217,1.0,1.0
1,1,218,1.0,1.0
1,1,219,1.0,1.0
1,1,220,1.0,1.0
1,1,221,1.0,1.0
1,1,222,1.0,1.0
1,1,223,1.0,1.0
1,1,224,1.0,1.0
1,1,225,1.0,1.0
1,1,226,1.0,1.0
1,1,227,1.0,1.0
1,1,228,1.0,1.0
1,1,229,1.0,1.0
1,1,230,1.0,1.0
1,1,231,1.0,1.0
1,1,232,1.0,1.0
1,1,233,1.0,1.0
1,1,234,1.0,1.0
1,1,235,1.0,1.0
1,1,236,1.0,1.0
1,1,237,1.0,1.0
1,1,238,1.0,1.0
1,1,239,1.0,1.0
1,1,240,1.0,1.0
1,1,241,1.0,1.0
1,1,242,1.0,1.0
1,1,243,1.0,1.0
1,1,244,1.0,1.0
1,1,245,1.0,1.0
1,1,246,1.0,1.0
1,1,247,1.0,1.0
1,1,248,1.0,1.0
1,1,249,1.0,1.0
1,1,250,1.0,1.0
1,1,251,1.0,1.0
1,1,252,1.0,1.0
1,1,253,1.0,1.0
1,1,254,1.0,1.0
1,1,255,1.0,1.0
1,1,256,1.0,1.0
1,1,257,1.0,1.0
1,1,258,1.0,1.0
1,1,259,1.0,1.0
1,1,260,1.0,1.0
1,1,261,1.0,1.0
1,1,262,1.0,1.0
1,1,263,1.0,1.0
1,1,264,1.0,1.0
1,1,265,1.0,1.0
1,1,266,1.0,1.0
1,1,267,1.0,1.0
1,1,268,1.0,1.0
1,1,269,1.0,1.0
1,1,270,1.0,1.0
1,1,271,1.0,1.0
1,1,272,1.0,1.0
1,1,273,1.0,1.0
1,1,274,1.0,1.0
1,1,275,1.0,1.0
1,1,276,1.0,1.0
1,1,277,1.0,1.0
1,1,278,1.0,1.0
1,1,279,1.0,1.0
1,1,280,1.0,1.0
1,1,281,1.0,1.0
1,1,282,1.0,1.0
1,1,283,1.0,1.0
1,1,284,1.0,1.0
1,1,285,1.0,1.0
1,1,286,1.0,1.0
1,1,287,1.0,1.0
1,1,288,1.0,1.0
1,1,289,1.0,1.0
1,1,290,1.0,1.0
1,1,291,1.0,1.0
1,1,292,1.0,1.0
1,1,293,1.0,1.0
1,1,294,1.0,1.0
1,1,295,1.0,1.0
1,1,296,1.0,1.0
1,1,297,1.0,1.0
1,1,298,1.0,1.0
1,1,299,1.0,1.0
1,1,300,1.0,1.0
2,2,0,0.521,0.52
2,2,1,0.621,0.47
2,2,2,0.614,0.48
2,2,3,0.665,0.53
2,2,4,0.675,0.49
2,2,5,0.699,0.51
2,2,6,0.711,0.5
2,2,7,0.737,0.5
2,2,8,0.769,0.51
2,2,9,0.801,0.54
2,2,10,0.692,0.53
2,2,11,0.778,0.54
2,2,12,0.846,0.61
2,2,13,0.89,0.69
2,2,14,0.932,0.74
2,2,15,0.957,0.83
2,2,16,0.979,0.85
2,2,17,0.989,0.92
2,2,18,0.998,0.96
2,2,19,1.0,1.0
2,2,20,1.0,1.0
2,2,21,1.0,1.0
2,2,22,1.0,1.0
2,2,23,1.0,1.0
2,2,24,1.0,1.0
2,2,25,1.0,1.0
2,2,26,1.0,1.0
2,2,27,1.0,1.0
2,2,28,1.0,1.0
2,2,29,1.0,1.0
2,2,30,1.0,1.0
2,2,31,1.0,1.0
2,2,32,1.0,1.0
2,2,33,1.0,1.0
2,2,34,1.0,1.0
2,2,35,1.0,1.0
2,2,36,1.0,1.0
2,2,37,1.0,1.0
2,2,38,1.0,1.0
2,2,39,1.0,1.0
2,2,40,1.0,1.0
2,2,41,1.0,1.0
2,2,42,1.0,1.0
2,2,43,1.0,1.0
2,2,44,1.0,1.0
2,2,45,1.0,1.0
2,2,46,1.0,1.0
2,2,47,1.0,1.0
2,2,48,1.0,1.0
2,2,49,1.0,1.0
2,2,50,1.0,1.0
2,2,51,1.0,1.0
2,2,52,1.0,1.0
2,2,53,1.0,1.0
2,2,54,1.0,1.0
2,2,55,1.0,1.0
2,2,56,1.0,1.0
2,2,57,1.0,1.0
2,2,58,1.0,1.0
2,2,59,1.0,1.0
2,2,60,1.0,1.0
2,2,61,1.0,1.0
2,2,62,1.0,1.0
2,2,63,1.0,1.0
2,2,64,1.0,1.0
2,2,65,1.0,1.0
2,2,66,1.0,1.0
2,2,67,1.0,1.0
2,2,68,1.0,1.0
2,2,69,1.0,1.0
2,2,70,1.0,1.0
2,2,71,1.0,1.0
2,2,72,1.0,1.0
2,2,73,1.0,1.0
2,2,74,1.0,1.0
2,2,75,1.0,1.0
2,2,76,1.0,1.0
2,2,77,1.0,1.0
2,2,78,1.0,1.0
2,2,79,1.0,1.0
2,2,80,1.0,1.0
2,2,81,1.0,1.0
2,2,82,1.0,1.0
2,2,83,1.0,1.0
2,2,84,1.0,1.0
2,2,85,1.0,1.0
2,2,86,1.0,1.0
2,2,87,1.0,1.0
2,2,88,1.0,1.0
2,2,89,1.0,1.0
2,2,90,1.0,1.0
2,2,91,1.0,1.0
2,2,92,1.0,1.0
2,2,93,1.0,1.0
2,2,94,1.0,1.0
2,2,95,1.0,1.0
2,2,96,1.0,1.0
2,2,97,1.0,1.0
2,2,98,1.0,1.0
2,2,99,1.0,1.0
2,2,100,1.0,1.0
2,2,101,1.0,1.0
2,2,102,1.0,1.0
2,2,103,1.0,1.0
2,2,104,1.0,1.0
2,2,105,1.0,1.0
2,2,106,1.0,1.0
2,2,107,1.0,1.0
2,2,108,1.0,1.0
2,2,109,1.0,1.0
2,2,110,1.0,1.0
2,2,111,1.0,1.0
2,2,112,1.0,1.0
2,2,113,1.0,1.0
2,2,114,1.0,1.0
2,2,115,1.0,1.0
2,2,116,1.0,1.0
2,2,117,1.0,1.0
2,2,118,1.0,1.0
2,2,119,1.0,1.0
2,2,120,1.0,1.0
2,2,121,1.0,1.0
2,2,122,1.0,1.0
2,2,123,1.0,1.0
2,2,124,1.0,1.0
2,2,125,1.0,1.0
2,2,126,1.0,1.0
2,2,127,1.0,1.0
2,2,128,1.0,1.0
2,2,129,1.0,1.0
2,2,130,1.0,1.0
2,2,131,1.0,1.0
2,2,132,1.0,1.0
2,2,133,1.0,1.0
2,2,134,1.0,1.0
2,2,135,1.0,1.0
2,2,136,1.0,1.0
2,2,137,1.0,1.0
2,2,138,1.0,1.0
2,2,139,1.0,1.0
2,2,140,1.0,1.0
2,2,141,1.0,1.0
2,2,142,1.0,1.0
2,2,143,1.0,1.0
2,2,144,1.0,1.0
2,2,145,1.0,1.0
2,2,146,1.0,1.0
2,2,147,1.0,1.0
2,2,148,1.0,1.0
2,2,149,1.0,1.0
2,2,150,1.0,1.0
2,2,151,1.0,1.0
2,2,152,1.0,1.0
2,2,153,1.0,1.0
2,2,154,1.0,1.0
2,2,155,1.0,1.0
2,2,156,1.0,1.0
2,2,157,1.0,1.0
2,2,158,1.0,1.0
2,2,159,1.0,1.0
2,2,160,1.0,1.0
2,2,161,1.0,1.0
2,2,162,1.0,1.0
2,2,163,1.0,1.0
2,2,164,1.0,1.0
2,2,165,1.0,1.0
2,2,166,1.0,1.0
2,2,167,1.0,1.0
2,2,168,1.0,1.0
2,2,169,1.0,1.0
2,2,170,1.0,1.0
2,2,171,1.0,1.0
2,2,172,1.0,1.0
2,2,173,1.0,1.0
2,2,174,1.0,1.0
2,2,175,1.0,1.0
2,2,176,0.922,0.93
2,2,177,1.0,1.0
2,2,178,1.0,1.0
2,2,179,1.0,1.0
2,2,180,1.0,1.0
2,2,181,1.0,1.0
2,2,182,0.997,1.0
2,2,183,1.0,1.0
2,2,184,1.0,1.0
2,2,185,1.0,1.0
2,2,186,1.0,1.0
2,2,187,1.0,1.0
2,2,188,1.0,1.0
2,2,189,1.0,1.0
2,2,190,1.0,1.0
2,2,191,1.0,1.0
2,2,192,1.0,1.0
2,2,193,1.0,1.0
2,2,194,1.0,1.0
2,2,195,1.0,1.0
2,2,196,1.0,1.0
2,2,197,1.0,1.0
2,2,198,1.0,1.0
2,2,199,1.0,1.0
2,2,200,1.0,1.0
2,2,201,1.0,1.0
2,2,202,1.0,1.0
2,2,203,1.0,1.0
2,2,204,1.0,1.0
2,2,205,1.0,1.0
2,2,206,1.0,1.0
2,2,207,1.0,1.0
2,2,208,1.0,1.0
2,2,209,1.0,1.0
2,2,210,1.0,1.0
2,2,211,1.0,1.0
2,2,212,1.0,1.0
2,2,213,1.0,1.0
2,2,214,1.0,1.0
2,2,215,1.0,1.0
2,2,216,1.0,1.0
2,2,217,1.0,1.0
2,2,218,1.0,1.0
2,2,219,1.0,1.0
2,2,220,1.0,1.0
2,2,221,1.0,1.0
2,2,222,1.0,1.0
2,2,223,1.0,1.0
2,2,224,1.0,1.0
2,2,225,1.0,1.0
2,2,226,1.0,1.0
2,2,227,1.0,1.0
2,2,228,1.0,1.0
2,2,229,1.0,1.0
2,2,230,1.0,1.0
2,2,231,1.0,1.0
2,2,232,1.0,1.0
2,2,233,1.0,1.0
2,2,234,1.0,1.0
2,2,235,1.0,1.0
2,2,236,1.0,1.0
2,2,237,1.0,1.0
2,2,238,1.0,1.0
2,2,239,1.0,1.0
2,2,240,1.0,1.0
2,2,241,1.0,1.0
2,2,242,1.0,1.0
2,2,243,1.0,1.0
2,2,244,1.0,1.0
2,2,245,1.0,1.0
2,2,246,1.0,1.0
2,2,247,1.0,1.0
2,2,248,1.0,1.0
2,2,249,1.0,1.0
2,2,250,1.0,1.0
2,2,251,1.0,1.0
2,2,252,1.0,1.0
2,2,253,1.0,1.0
2,2,254,1.0,1.0
2,2,255,1.0,1.0
2,2,256,1.0,1.0
2,2,257,1.0,1.0
2,2,258,1.0,1.0
2,2,259,1.0,1.0
2,2,260,1.0,1.0
2,2,261,1.0,1.0
2,2,262,1.0,1.0
2,2,263,1.0,1.0
2,2,264,1.0,1.0
2,2,265,1.0,1.0
2,2,266,1.0,1.0
2,2,267,1.0,1.0
2,2,268,1.0,1.0
2,2,269,1.0,1.0
2,2,270,1.0,1.0
2,2,271,1.0,1.0
2,2,272,1.0,1.0
2,2,273,1.0,1.0
2,2,274,1.0,1.0
2,2,275,1.0,1.0
2,2,276,1.0,1.0
2,2,277,1.0,1.0
2,2,278,1.0,1.0
2,2,279,1.0,1.0
2,2,280,1.0,1.0
2,2,281,1.0,1.0
2,2,282,1.0,1.0
2,2,283,1.0,1.0
2,2,284,1.0,1.0
2,2,285,1.0,1.0
2,2,286,1.0,1.0
2,2,287,1.0,1.0
2,2,288,1.0,1.0
2,2,289,1.0,1.0
2,2,290,1.0,1.0
2,2,291,1.0,1.0
2,2,292,1.0,1.0
2,2,293,1.0,1.0
2,2,294,1.0,1.0
2,2,295,1.0,1.0
2,2,296,0.833,0.8
2,2,297,1.0,1.0
2,2,298,1.0,1.0
2,2,299,1.0,1.0
2,2,300,1.0,1.0
3,3,0,0.482,0.43
3,3,1,0.621,0.45
3,3,2,0.63,0.48
3,3,3,0.643,0.47
3,3,4,0.683,0.48
3,3,5,0.692,0.46
3,3,6,0.729,0.5
3,3,7,0.75,0.48
3,3,8,0.799,0.52
3,3,9,0.839,0.53
3,3,10,0.769,0.57
3,3,11,0.865,0.76
3,3,12,0.917,0.81
3,3,13,0.971,0.88
3,3,14,0.992,0.94
3,3,15,1.0,1.0
3,3,16,1.0,1.0
3,3,17,1.0,1.0
3,3,18,1.0,1.0
3,3,19,1.0,1.0
3,3,20,1.0,1.0
3,3,21,1.0,1.0
3,3,22,1.0,1.0
3,3,23,1.0,1.0
3,3,24,1.0,1.0
3,3,25,1.0,1.0
3,3,26,1.0,1.0
3,3,27,1.0,1.0
3,3,28,1.0,1.0
3,3,29,1.0,1.0
3,3,30,1.0,1.0
3,3,31,1.0,1.0
3,3,32,1.0,1.0
3,3,33,1.0,1.0
3,3,34,1.0,1.0
3,3,35,1.0,1.0
3,3,36,1.0,1.0
3,3,37,1.0,1.0
3,3,38,1.0,1.0
3,3,39,1.0,1.0
3,3,40,1.0,1.0
3,3,41,1.0,1.0
3,3,42,1.0,1.0
3,3,43,1.0,1.0
3,3,44,1.0,1.0
3,3,45,1.0,1.0
3,3,46,1.0,1.0
3,3,47,1.0,1.0
3,3,48,1.0,1.0
3,3,49,1.0,1.0
3,3,50,1.0,1.0
3,3,51,1.0,1.0
3,3,52,1.0,1.0
3,3,53,1.0,1.0
3,3,54,1.0,1.0
3,3,55,1.0,1.0
3,3,56,1.0,1.0
3,3,57,1.0,1.0
3,3,58,1.0,1.0
3,3,59,1.0,1.0
3,3,60,1.0,1.0
3,3,61,1.0,1.0
3,3,62,1.0,1.0
3,3,63,1.0,1.0
3,3,64,1.0,1.0
3,3,65,1.0,1.0
3,3,66,1.0,1.0
3,3,67,1.0,1.0
3,3,68,1.0,1.0
3,3,69,1.0,1.0
3,3,70,1.0,1.0
3,3,71,1.0,1.0
3,3,72,1.0,1.0
3,3,73,1.0,1.0
3,3,74,1.0,1.0
3,3,75,1.0,1.0
3,3,76,1.0,1.0
3,3,77,1.0,1.0
3,3,78,1.0,1.0
3,3,79,1.0,1.0
3,3,80,1.0,1.0
3,3,81,1.0,1.0
3,3,82,1.0,1.0
3,3,83,1.0,1.0
3,3,84,1.0,1.0
3,3,85,1.0,1.0
3,3,86,1.0,1.0
3,3,87,1.0,1.0
3,3,88,1.0,1.0
3,3,89,1.0,1.0
3,3,90,1.0,1.0
3,3,91,1.0,1.0
3,3,92,1.0,1.0
3,3,93,1.0,1.0
3,3,94,1.0,1.0
3,3,95,1.0,1.0
3,3,96,1.0,1.0
3,3,97,1.0,1.0
3,3,98,1.0,1.0
3,3,99,1.0,1.0
3,3,100,1.0,1.0
3,3,101,1.0,1.0
3,3,102,1.0,1.0
3,3,103,1.0,1.0
3,3,104,1.0,1.0
3,3,105,1.0,1.0
3,3,106,1.0,1.0
3,3,107,1.0,1.0
3,3,108,1.0,1.0
3,3,109,1.0,1.0
3,3,110,1.0,1.0
3,3,111,1.0,1.0
3,3,112,1.0,1.0
3,3,113,1.0,1.0
3,3,114,1.0,1.0
3,3,115,1.0,1.0
3,3,116,1.0,1.0
3,3,117,1.0,1.0
3,3,118,1.0,1.0
3,3,119,1.0,1.0
3,3,120,1.0,1.0
3,3,121,1.0,1.0
3,3,122,1.0,1.0
3,3,123,1.0,1.0
3,3,124,1.0,1.0
3,3,125,1.0,1.0
3,3,126,1.0,1.0
3,3,127,1.0,1.0
3,3,128,1.0,1.0
3,3,129,1.0,1.0
3,3,130,1.0,1.0
3,3,131,1.0,1.0
3,3,132,1.0,1.0
3,3,133,1.0,1.0
3,3,134,1.0,1.0
3,3,135,1.0,1.0
3,3,136,1.0,1.0
3,3,137,1.0,1.0
3,3,138,1.0,1.0
3,3,139,1.0,1.0
3,3,140,1.0,1.0
3,3,141,1.0,1.0
3,3,142,1.0,1.0
3,3,143,1.0,1.0
3,3,144,1.0,1.0
3,3,145,1.0,1.0
3,3,146,1.0,1.0
3,3,147,1.0,1.0
3,3,148,1.0,1.0
3,3,149,1.0,1.0
3,3,150,1.0,1.0
3,3,151,1.0,1.0
3,3,152,1.0,1.0
3,3,153,1.0,1.0
3,3,154,1.0,1.0
3,3,155,1.0,1.0
3,3,156,1.0,1.0
3,3,157,1.0,1.0
3,3,158,1.0,1.0
3,3,159,1.0,1.0
3,3,160,1.0,1.0
3,3,161,1.0,1.0
3,3,162,1.0,1.0
3,3,163,1.0,1.0
3,3,164,1.0,1.0
3,3,165,1.0,1.0
3,3,166,1.0,1.0
3,3,167,1.0,1.0
3,3,168,1.0,1.0
3,3,169,1.0,1.0
3,3,170,1.0,1.0
3,3,171,1.0,1.0
3,3,172,1.0,1.0
3,3,173,1.0,1.0
3,3,174,1.0,1.0
3,3,175,1.0,1.0
3,3,176,1.0,1.0
3,3,177,1.0,1.0
3,3,178,1.0,1.0
3,3,179,1.0,1.0
3,3,180,1.0,1.0
3,3,181,1.0,1.0
3,3,182,1.0,1.0
3,3,183,1.0,1.0
3,3,184,1.0,1.0
3,3,185,1.0,1.0
3,3,186,1.0,1.0
3,3,187,1.0,1.0
3,3,188,1.0,1.0
3,3,189,1.0,1.0
3,3,190,1.0,1.0
3,3,191,1.0,1.0
3,3,192,1.0,1.0
3,3,193,1.0,1.0
3,3,194,1.0,1.0
3,3,195,1.0,1.0
3,3,196,1.0,1.0
3,3,197,1.0,1.0
3,3,198,1.0,1.0
3,3,199,1.0,1.0
3,3,200,1.0,1.0
3,3,201,1.0,1.0
3,3,202,1.0,1.0
3,3,203,1.0,1.0
3,3,204,1.0,1.0
3,3,205,1.0,1.0
3,3,206,1.0,1.0
3,3,207,1.0,1.0
3,3,208,1.0,1.0
3,3,209,1.0,1.0
3,3,210,1.0,1.0
3,3,211,1.0,1.0
3,3,212,1.0,1.0
3,3,213,1.0,1.0
3,3,214,1.0,1.0
3,3,215,1.0,1.0
3,3,216,1.0,1.0
3,3,217,1.0,1.0
3,3,218,1.0,1.0
3,3,219,1.0,1.0
3,3,220,1.0,1.0
3,3,221,1.0,1.0
3,3,222,1.0,1.0
3,3,223,1.0,1.0
3,3,224,1.0,1.0
3,3,225,1.0,1.0
3,3,226,1.0,1.0
3,3,227,1.0,1.0
3,3,228,1.0,1.0
3,3,229,1.0,1.0
3,3,230,1.0,1.0
3,3,231,1.0,1.0
3,3,232,1.0,1.0
3,3,233,1.0,1.0
3,3,234,1.0,1.0
3,3,235,1.0,1.0
3,3,236,1.0,1.0
3,3,237,1.0,1.0
3,3,238,1.0,1.0
3,3,239,1.0,1.0
3,3,240,1.0,1.0
3,3,241,1.0,1.0
3,3,242,1.0,1.0
3,3,243,1.0,1.0
3,3,244,1.0,1.0
3,3,245,1.0,1.0
3,3,246,1.0,1.0
3,3,247,1.0,1.0
3,3,248,1.0,1.0
3,3,249,1.0,1.0
3,3,250,1.0,1.0
3,3,251,1.0,1.0
3,3,252,1.0,1.0
3,3,253,1.0,1.0
3,3,254,1.0,1.0
3,3,255,1.0,1.0
3,3,256,1.0,1.0
3,3,257,1.0,1.0
3,3,258,1.0,1.0
3,3,259,1.0,1.0
3,3,260,1.0,1.0
3,3,261,1.0,1.0
3,3,262,1.0,1.0
3,3,263,1.0,1.0
3,3,264,1.0,1.0
3,3,265,1.0,1.0
3,3,266,1.0,1.0
3,3,267,1.0,1.0
3,3,268,1.0,1.0
3,3,269,1.0,1.0
3,3,270,1.0,1.0
3,3,271,1.0,1.0
3,3,272,1.0,1.0
3,3,273,1.0,1.0
3,3,274,1.0,1.0
3,3,275,1.0,1.0
3,3,276,1.0,1.0
3,3,277,1.0,1.0
3,3,278,1.0,1.0
3,3,279,1.0,1.0
3,3,280,1.0,1.0
3,3,281,1.0,1.0
3,3,282,1.0,1.0
3,3,283,1.0,1.0
3,3,284,1.0,1.0
3,3,285,1.0,1.0
3,3,286,1.0,1.0
3,3,287,1.0,1.0
3,3,288,1.0,1.0
3,3,289,1.0,1.0
3,3,290,1.0,1.0
3,3,291,1.0,1.0
3,3,292,1.0,1.0
3,3,293,1.0,1.0
3,3,294,1.0,1.0
3,3,295,1.0,1.0
3,3,296,1.0,1.0
3,3,297,1.0,1.0
3,3,298,1.0,1.0
3,3,299,1.0,1.0
3,3,300,1.0,1.0
4,4,0,0.511,0.42
4,4,1,0.52,0.45
4,4,2,0.554,0.46
4,4,3,0.595,0.46
4,4,4,0.656,0.43
4,4,5,0.678,0.42
4,4,6,0.704,0.43
4,4,7,0.743,0.49
4,4,8,0.774,0.45
4,4,9,0.815,0.51
4,4,10,0.72,0.5
4,4,11,0.804,0.56
4,4,12,0.857,0.59
4,4,13,0.912,0.67
4,4,14,0.97,0.81
4,4,15,0.985,0.86
4,4,16,0.999,0.96
4,4,17,0.999,0.99
4,4,18,1.0,0.99
4,4,19,1.0,1.0
4,4,20,1.0,0.99
4,4,21,1.0,0.99
4,4,22,1.0,1.0
4,4,23,1.0,1.0
4,4,24,1.0,1.0
4,4,25,1.0,1.0
4,4,26,1.0,1.0
4,4,27,1.0,1.0
4,4,28,1.0,1.0
4,4,29,1.0,1.0
4,4,30,1.0,1.0
4,4,31,1.0,1.0
4,4,32,1.0,1.0
4,4,33,1.0,1.0
4,4,34,1.0,1.0
4,4,35,1.0,1.0
4,4,36,1.0,1.0
4,4,37,1.0,1.0
4,4,38,1.0,1.0
4,4,39,1.0,1.0
4,4,40,1.0,1.0
4,4,41,1.0,1.0
4,4,42,1.0,1.0
4,4,43,1.0,1.0
4,4,44,1.0,1.0
4,4,45,1.0,1.0
4,4,46,1.0,1.0
4,4,47,1.0,1.0
4,4,48,1.0,1.0
4,4,49,1.0,1.0
4,4,50,1.0,1.0
4,4,51,1.0,1.0
4,4,52,1.0,1.0
4,4,53,1.0,1.0
4,4,54,1.0,1.0
4,4,55,1.0,1.0
4,4,56,1.0,1.0
4,4,57,1.0,1.0
4,4,58,1.0,1.0
4,4,59,1.0,1.0
4,4,60,1.0,1.0
4,4,61,1.0,1.0
4,4,62,1.0,1.0
4,4,63,1.0,1.0
4,4,64,1.0,1.0
4,4,65,1.0,1.0
4,4,66,1.0,1.0
4,4,67,1.0,1.0
4,4,68,1.0,1.0
4,4,69,1.0,1.0
4,4,70,1.0,1.0
4,4,71,1.0,1.0
4,4,72,1.0,1.0
4,4,73,1.0,1.0
4,4,74,1.0,1.0
4,4,75,1.0,1.0
4,4,76,1.0,1.0
4,4,77,1.0,1.0
4,4,78,1.0,1.0
4,4,79,1.0,1.0
4,4,80,1.0,1.0
4,4,81,1.0,1.0
4,4,82,1.0,1.0
4,4,83,1.0,1.0
4,4,84,1.0,1.0
4,4,85,1.0,1.0
4,4,86,1.0,1.0
4,4,87,1.0,1.0
4,4,88,1.0,1.0
4,4,89,1.0,1.0
4,4,90,1.0,1.0
4,4,91,1.0,1.0
4,4,92,1.0,1.0
4,4,93,1.0,1.0
4,4,94,1.0,1.0
4,4,95,1.0,1.0
4,4,96,1.0,1.0
4,4,97,1.0,1.0
4,4,98,1.0,1.0
4,4,99,1.0,1.0
4,4,100,1.0,1.0
4,4,101,1.0,1.0
4,4,102,1.0,1.0
4,4,103,1.0,1.0
4,4,104,1.0,1.0
4,4,105,1.0,1.0
4,4,106,1.0,1.0
4,4,107,1.0,1.0
4,4,108,1.0,1.0
4,4,109,1.0,1.0
4,4,110,1.0,1.0
4,4,111,1.0,1.0
4,4,112,1.0,1.0
4,4,113,1.0,1.0
4,4,114,1.0,1.0
4,4,115,1.0,1.0
4,4,116,1.0,1.0
4,4,117,1.0,1.0
4,4,118,1.0,1.0
4,4,119,1.0,1.0
4,4,120,1.0,1.0
4,4,121,1.0,1.0
4,4,122,1.0,1.0
4,4,123,1.0,1.0
4,4,124,1.0,1.0
4,4,125,1.0,1.0
4,4,126,1.0,1.0
4,4,127,1.0,1.0
4,4,128,1.0,1.0
4,4,129,1.0,1.0
4,4,130,1.0,1.0
4,4,131,1.0,1.0
4,4,132,1.0,1.0
4,4,133,1.0,1.0
4,4,134,1.0,1.0
4,4,135,1.0,1.0
4,4,136,1.0,1.0
4,4,137,1.0,1.0
4,4,138,1.0,1.0
4,4,139,1.0,1.0
4,4,140,1.0,1.0
4,4,141,1.0,1.0
4,4,142,1.0,1.0
4,4,143,1.0,1.0
4,4,144,1.0,1.0
4,4,145,1.0,1.0
4,4,146,1.0,1.0
4,4,147,1.0,1.0
4,4,148,1.0,1.0
4,4,149,1.0,1.0
4,4,150,1.0,1.0
4,4,151,1.0,1.0
4,4,152,1.0,1.0
4,4,153,1.0,1.0
4,4,154,1.0,1.0
4,4,155,1.0,1.0
4,4,156,1.0,1.0
4,4,157,1.0,1.0
4,4,158,1.0,1.0
4,4,159,1.0,1.0
4,4,160,1.0,1.0
4,4,161,1.0,1.0
4,4,162,1.0,1.0
4,4,163,0.994,1.0
4,4,164,1.0,1.0
4,4,165,1.0,1.0
4,4,166,1.0,1.0
4,4,167,1.0,1.0
4,4,168,1.0,1.0
4,4,169,1.0,1.0
4,4,170,1.0,1.0
4,4,171,1.0,1.0
4,4,172,1.0,1.0
4,4,173,1.0,1.0
4,4,174,1.0,1.0
4,4,175,1.0,1.0
4,4,176,1.0,1.0
4,4,177,1.0,1.0
4,4,178,1.0,1.0
4,4,179,1.0,1.0
4,4,180,1.0,1.0
4,4,181,1.0,1.0
4,4,182,1.0,1.0
4,4,183,1.0,1.0
4,4,184,1.0,1.0
4,4,185,1.0,1.0
4,4,186,1.0,1.0
4,4,187,1.0,1.0
4,4,188,1.0,1.0
4,4,189,1.0,1.0
4,4,190,1.0,1.0
4,4,191,1.0,1.0
4,4,192,1.0,1.0
4,4,193,1.0,1.0
4,4,194,1.0,1.0
4,4,195,1.0,1.0
4,4,196,1.0,1.0
4,4,197,1.0,1.0
4,4,198,1.0,1.0
4,4,199,1.0,1.0
4,4,200,0.999,1.0
4,4,201,1.0,1.0
4,4,202,1.0,1.0
4,4,203,1.0,1.0
4,4,204,1.0,1.0
4,4,205,1.0,1.0
4,4,206,1.0,1.0
4,4,207,1.0,1.0
4,4,208,1.0,1.0
4,4,209,1.0,1.0
4,4,210,1.0,1.0
4,4,211,1.0,1.0
4,4,212,1.0,1.0
4,4,213,1.0,1.0
4,4,214,1.0,1.0
4,4,215,1.0,1.0
4,4,216,1.0,1.0
4,4,217,1.0,1.0
4,4,218,1.0,1.0
4,4,219,1.0,1.0
4,4,220,1.0,1.0
4,4,221,1.0,1.0
4,4,222,1.0,1.0
4,4,223,1.0,1.0
4,4,224,1.0,1.0
4,4,225,1.0,1.0
4,4,226,1.0,1.0
4,4,227,1.0,1.0
4,4,228,1.0,1.0
4,4,229,1.0,1.0
4,4,230,1.0,1.0
4,4,231,1.0,1.0
4,4,232,1.0,1.0
4,4,233,1.0,1.0
4,4,234,1.0,1.0
4,4,235,1.0,1.0
4,4,236,1.0,1.0
4,4,237,1.0,1.0
4,4,238,1.0,1.0
4,4,239,1.0,1.0
4,4,240,1.0,1.0
4,4,241,1.0,1.0
4,4,242,1.0,1.0
4,4,243,1.0,1.0
4,4,244,1.0,1.0
4,4,245,1.0,1.0
4,4,246,1.0,1.0
4,4,247,1.0,1.0
4,4,248,1.0,1.0
4,4,249,1.0,1.0
4,4,250,1.0,1.0
4,4,251,1.0,1.0
4,4,252,1.0,1.0
4,4,253,1.0,1.0
4,4,254,1.0,1.0
4,4,255,1.0,1.0
4,4,256,1.0,1.0
4,4,257,1.0,1.0
4,4,258,1.0,1.0
4,4,259,1.0,1.0
4,4,260,1.0,1.0
4,4,261,1.0,1.0
4,4,262,1.0,1.0
4,4,263,1.0,1.0
4,4,264,1.0,1.0
4,4,265,1.0,1.0
4,4,266,1.0,1.0
4,4,267,1.0,1.0
4,4,268,1.0,1.0
4,4,269,1.0,1.0
4,4,270,1.0,1.0
4,4,271,1.0,1.0
4,4,272,1.0,1.0
4,4,273,1.0,1.0
4,4,274,1.0,1.0
4,4,275,1.0,1.0
4,4,276,1.0,1.0
4,4,277,1.0,1.0
4,4,278,1.0,1.0
4,4,279,1.0,1.0
4,4,280,1.0,1.0
4,4,281,1.0,1.0
4,4,282,1.0,1.0
4,4,283,1.0,1.0
4,4,284,1.0,1.0
4,4,285,1.0,1.0
4,4,286,1.0,1.0
4,4,287,1.0,1.0
4,4,288,1.0,1.0
4,4,289,1.0,1.0
4,4,290,1.0,1.0
4,4,291,1.0,1.0
4,4,292,1.0,1.0
4,4,293,1.0,1.0
4,4,294,1.0,1.0
4,4,295,1.0,1.0
4,4,296,1.0,1.0
4,4,297,1.0,1.0
4,4,298,1.0,1.0
4,4,299,1.0,1.0
4,4,300,1.0,1.0
5,5,0,0.48,0.48
5,5,1,0.498,0.55
5,5,2,0.602,0.52
5,5,3,0.642,0.46
5,5,4,0.661,0.52
5,5,5,0.676,0.51
5,5,6,0.713,0.5
5,5,7,0.745,0.48
5,5,8,0.786,0.55
5,5,9,0.824,0.65
5,5,10,0.764,0.62
5,5,11,0.872,0.71
5,5,12,0.908,0.76
5,5,13,0.94,0.81
5,5,14,0.973,0.86
5,5,15,0.994,0.95
5,5,16,1.0,0.96
5,5,17,1.0,1.0
5,5,18,1.0,1.0
5,5,19,1.0,1.0
5,5,20,1.0,1.0
5,5,21,1.0,1.0
5,5,22,1.0,1.0
5,5,23,1.0,1.0
5,5,24,1.0,1.0
5,5,25,1.0,1.0
5,5,26,1.0,1.0
5,5,27,1.0,1.0
5,5,28,1.0,1.0
5,5,29,1.0,1.0
5,5,30,1.0,1.0
5,5,31,1.0,1.0
5,5,32,1.0,1.0
5,5,33,1.0,1.0
5,5,34,1.0,1.0
5,5,35,1.0,1.0
5,5,36,1.0,1.0
5,5,37,1.0,1.0
5,5,38,1.0,1.0
5,5,39,1.0,1.0
5,5,40,1.0,1.0
5,5,41,1.0,1.0
5,5,42,1.0,1.0
5,5,43,1.0,1.0
5,5,44,1.0,1.0
5,5,45,1.0,1.0
5,5,46,1.0,1.0
5,5,47,1.0,1.0
5,5,48,1.0,1.0
5,5,49,1.0,1.0
5,5,50,1.0,1.0
5,5,51,1.0,1.0
5,5,52,1.0,1.0
5,5,53,1.0,1.0
5,5,54,1.0,1.0
5,5,55,1.0,1.0
5,5,56,1.0,1.0
5,5,57,1.0,1.0
5,5,58,1.0,1.0
5,5,59,1.0,1.0
5,5,60,1.0,1.0
5,5,61,1.0,1.0
5,5,62,1.0,1.0
5,5,63,1.0,1.0
5,5,64,1.0,1.0
5,5,65,1.0,1.0
5,5,66,1.0,1.0
5,5,67,1.0,1.0
5,5,68,1.0,1.0
5,5,69,1.0,1.0
5,5,70,1.0,1.0
5,5,71,1.0,1.0
5,5,72,1.0,1.0
5,5,73,1.0,1.0
5,5,74,1.0,1.0
5,5,75,1.0,1.0
5,5,76,1.0,1.0
5,5,77,1.0,1.0
5,5,78,1.0,1.0
5,5,79,1.0,1.0
5,5,80,1.0,1.0
5,5,81,1.0,1.0
5,5,82,1.0,1.0
5,5,83,1.0,1.0
5,5,84,1.0,1.0
5,5,85,1.0,1.0
5,5,86,1.0,1.0
5,5,87,1.0,1.0
5,5,88,1.0,1.0
5,5,89,1.0,1.0
5,5,90,1.0,1.0
5,5,91,1.0,1.0
5,5,92,1.0,1.0
5,5,93,1.0,1.0
5,5,94,1.0,1.0
5,5,95,1.0,1.0
5,5,96,1.0,1.0
5,5,97,1.0,1.0
5,5,98,1.0,1.0
5,5,99,1.0,1.0
5,5,100,1.0,1.0
5,5,101,1.0,1.0
5,5,102,1.0,1.0
5,5,103,1.0,1.0
5,5,104,1.0,1.0
5,5,105,1.0,1.0
5,5,106,1.0,1.0
5,5,107,1.0,1.0
5,5,108,1.0,1.0
5,5,109,1.0,1.0
5,5,110,1.0,1.0
5,5,111,1.0,1.0
5,5,112,1.0,1.0
5,5,113,1.0,1.0
5,5,114,1.0,1.0
5,5,115,1.0,1.0
5,5,116,1.0,1.0
5,5,117,1.0,1.0
5,5,118,1.0,1.0
5,5,119,1.0,1.0
5,5,120,1.0,1.0
5,5,121,1.0,1.0
5,5,122,1.0,1.0
5,5,123,1.0,1.0
5,5,124,1.0,1.0
5,5,125,1.0,1.0
5,5,126,1.0,1.0
5,5,127,1.0,1.0
5,5,128,1.0,1.0
5,5,129,1.0,1.0
5,5,130,1.0,1.0
5,5,131,1.0,1.0
5,5,132,1.0,1.0
5,5,133,1.0,1.0
5,5,134,1.0,1.0
5,5,135,1.0,1.0
5,5,136,1.0,1.0
5,5,137,1.0,1.0
5,5,138,1.0,1.0
5,5,139,1.0,1.0
5,5,140,1.0,1.0
5,5,141,1.0,1.0
5,5,142,1.0,1.0
5,5,143,1.0,1.0
5,5,144,1.0,1.0
5,5,145,1.0,1.0
5,5,146,1.0,1.0
5,5,147,1.0,1.0
5,5,148,1.0,1.0
5,5,149,1.0,1.0
5,5,150,1.0,1.0
5,5,151,1.0,1.0
5,5,152,1.0,1.0
5,5,153,1.0,1.0
5,5,154,1.0,1.0
5,5,155,1.0,1.0
5,5,156,1.0,1.0
5,5,157,1.0,1.0
5,5,158,1.0,1.0
5,5,159,1.0,1.0
5,5,160,1.0,1.0
5,5,161,1.0,1.0
5,5,162,1.0,1.0
5,5,163,1.0,1.0
5,5,164,1.0,1.0
5,5,165,1.0,1.0
5,5,166,1.0,1.0
5,5,167,0.999,1.0
5,5,168,1.0,1.0
5,5,169,1.0,1.0
5,5,170,1.0,1.0
5,5,171,1.0,1.0
5,5,172,1.0,1.0
5,5,173,1.0,1.0
5,5,174,1.0,1.0
5,5,175,1.0,1.0
5,5,176,1.0,1.0
5,5,177,0.953,0.93
5,5,178,1.0,1.0
5,5,179,1.0,1.0
5,5,180,1.0,1.0
5,5,181,1.0,1.0
5,5,182,1.0,1.0
5,5,183,1.0,1.0
5,5,184,1.0,1.0
5,5,185,1.0,1.0
5,5,186,1.0,1.0
5,5,187,1.0,1.0
5,5,188,1.0,1.0
5,5,189,1.0,1.0
5,5,190,1.0,1.0
5,5,191,1.0,1.0
5,5,192,1.0,1.0
5,5,193,1.0,1.0
5,5,194,1.0,1.0
5,5,195,1.0,1.0
5,5,196,1.0,1.0
5,5,197,1.0,1.0
5,5,198,1.0,1.0
5,5,199,1.0,1.0
5,5,200,1.0,1.0
5,5,201,1.0,1.0
5,5,202,1.0,1.0
5,5,203,1.0,1.0
5,5,204,1.0,1.0
5,5,205,1.0,1.0
5,5,206,1.0,1.0
5,5,207,1.0,1.0
5,5,208,1.0,1.0
5,5,209,1.0,1.0
5,5,210,1.0,1.0
5,5,211,1.0,1.0
5,5,212,1.0,1.0
5,5,213,1.0,1.0
5,5,214,1.0,1.0
5,5,215,1.0,1.0
5,5,216,1.0,1.0
5,5,217,1.0,1.0
5,5,218,1.0,1.0
5,5,219,1.0,1.0
5,5,220,1.0,1.0
5,5,221,1.0,1.0
5,5,222,1.0,1.0
5,5,223,1.0,1.0
5,5,224,1.0,1.0
5,5,225,1.0,1.0
5,5,226,1.0,1.0
5,5,227,1.0,1.0
5,5,228,1.0,1.0
5,5,229,1.0,1.0
5,5,230,1.0,1.0
5,5,231,1.0,1.0
5,5,232,1.0,1.0
5,5,233,1.0,1.0
5,5,234,1.0,1.0
5,5,235,1.0,1.0
5,5,236,1.0,1.0
5,5,237,1.0,1.0
5,5,238,1.0,1.0
5,5,239,1.0,1.0
5,5,240,1.0,1.0
5,5,241,1.0,1.0
5,5,242,1.0,1.0
5,5,243,1.0,1.0
5,5,244,1.0,1.0
5,5,245,1.0,1.0
5,5,246,1.0,1.0
5,5,247,1.0,1.0
5,5,248,1.0,1.0
5,5,249,1.0,1.0
5,5,250,1.0,1.0
5,5,251,1.0,1.0
5,5,252,1.0,1.0
5,5,253,1.0,1.0
5,5,254,1.0,1.0
5,5,255,1.0,1.0
5,5,256,1.0,1.0
5,5,257,1.0,1.0
5,5,258,1.0,1.0
5,5,259,1.0,1.0
5,5,260,1.0,1.0
5,5,261,1.0,1.0
5,5,262,1.0,1.0
5,5,263,1.0,1.0
5,5,264,1.0,1.0
5,5,265,1.0,1.0
5,5,266,1.0,1.0
5,5,267,1.0,1.0
5,5,268,1.0,1.0
5,5,269,1.0,1.0
5,5,270,1.0,1.0
5,5,271,1.0,1.0
5,5,272,1.0,1.0
5,5,273,1.0,1.0
5,5,274,1.0,1.0
5,5,275,1.0,1.0
5,5,276,1.0,1.0
5,5,277,1.0,1.0
5,5,278,1.0,1.0
5,5,279,1.0,1.0
5,5,280,1.0,1.0
5,5,281,1.0,1.0
5,5,282,1.0,1.0
5,5,283,1.0,1.0
5,5,284,1.0,1.0
5,5,285,1.0,1.0
5,5,286,1.0,1.0
5,5,287,1.0,1.0
5,5,288,1.0,1.0
5,5,289,1.0,1.0
5,5,290,1.0,1.0
5,5,291,1.0,1.0
5,5,292,1.0,1.0
5,5,293,1.0,1.0
5,5,294,1.0,1.0
5,5,295,1.0,1.0
5,5,296,1.0,1.0
5,5,297,1.0,1.0
5,5,298,1.0,1.0
5,5,299,1.0,1.0
5,5,300,1.0,1.0
6,6,0,0.492,0.51
6,6,1,0.561,0.52
6,6,2,0.606,0.47
6,6,3,0.625,0.48
6,6,4,0.677,0.54
6,6,5,0.694,0.54
6,6,6,0.726,0.51
6,6,7,0.774,0.57
6,6,8,0.833,0.63
6,6,9,0.887,0.71
6,6,10,0.809,0.69
6,6,11,0.889,0.72
6,6,12,0.92,0.76
6,6,13,0.942,0.8
6,6,14,0.972,0.8
6,6,15,0.992,0.86
6,6,16,0.999,0.95
6,6,17,1.0,0.99
6,6,18,1.0,1.0
6,6,19,1.0,1.0
6,6,20,1.0,1.0
6,6,21,1.0,1.0
6,6,22,1.0,1.0
6,6,23,1.0,1.0
6,6,24,1.0,1.0
6,6,25,1.0,1.0
6,6,26,1.0,1.0
6,6,27,1.0,1.0
6,6,28,1.0,1.0
6,6,29,1.0,1.0
6,6,30,1.0,1.0
6,6,31,1.0,1.0
6,6,32,1.0,1.0
6,6,33,1.0,1.0
6,6,34,1.0,1.0
6,6,35,1.0,1.0
6,6,36,1.0,1.0
6,6,37,1.0,1.0
6,6,38,1.0,1.0
6,6,39,1.0,1.0
6,6,40,1.0,1.0
6,6,41,1.0,1.0
6,6,42,1.0,1.0
6,6,43,1.0,1.0
6,6,44,1.0,1.0
6,6,45,1.0,1.0
6,6,46,1.0,1.0
6,6,47,1.0,1.0
6,6,48,1.0,1.0
6,6,49,1.0,1.0
6,6,50,1.0,1.0
6,6,51,1.0,1.0
6,6,52,1.0,1.0
6,6,53,1.0,1.0
6,6,54,1.0,1.0
6,6,55,1.0,1.0
6,6,56,1.0,1.0
6,6,57,1.0,1.0
6,6,58,1.0,1.0
6,6,59,1.0,1.0
6,6,60,1.0,1.0
6,6,61,1.0,1.0
6,6,62,1.0,1.0
6,6,63,1.0,1.0
6,6,64,1.0,1.0
6,6,65,1.0,1.0
6,6,66,1.0,1.0
6,6,67,1.0,1.0
6,6,68,1.0,1.0
6,6,69,1.0,1.0
6,6,70,1.0,1.0
6,6,71,1.0,1.0
6,6,72,1.0,1.0
6,6,73,1.0,1.0
6,6,74,1.0,1.0
6,6,75,1.0,1.0
6,6,76,1.0,1.0
6,6,77,1.0,1.0
6,6,78,1.0,1.0
6,6,79,1.0,1.0
6,6,80,1.0,1.0
6,6,81,1.0,1.0
6,6,82,1.0,1.0
6,6,83,1.0,1.0
6,6,84,1.0,1.0
6,6,85,1.0,1.0
6,6,86,1.0,1.0
6,6,87,1.0,1.0
6,6,88,1.0,1.0
6,6,89,1.0,1.0
6,6,90,1.0,1.0
6,6,91,1.0,1.0
6,6,92,1.0,1.0
6,6,93,1.0,1.0
6,6,94,1.0,1.0
6,6,95,1.0,1.0
6,6,96,1.0,1.0
6,6,97,1.0,1.0
6,6,98,1.0,1.0
6,6,99,1.0,1.0
6,6,100,1.0,1.0
6,6,101,1.0,1.0
6,6,102,1.0,1.0
6,6,103,1.0,1.0
6,6,104,1.0,1.0
6,6,105,1.0,1.0
6,6,106,1.0,1.0
6,6,107,1.0,1.0
6,6,108,1.0,1.0
6,6,109,1.0,1.0
6,6,110,1.0,1.0
6,6,111,1.0,1.0
6,6,112,1.0,1.0
6,6,113,1.0,1.0
6,6,114,1.0,1.0
6,6,115,1.0,1.0
6,6,116,1.0,1.0
6,6,117,1.0,1.0
6,6,118,1.0,1.0
6,6,119,1.0,1.0
6,6,120,1.0,1.0
6,6,121,1.0,1.0
6,6,122,1.0,1.0
6,6,123,1.0,1.0
6,6,124,1.0,1.0
6,6,125,1.0,1.0
6,6,126,1.0,1.0
6,6,127,1.0,1.0
6,6,128,1.0,1.0
6,6,129,1.0,1.0
6,6,130,1.0,1.0
6,6,131,1.0,1.0
6,6,132,1.0,1.0
6,6,133,1.0,1.0
6,6,134,1.0,1.0
6,6,135,1.0,1.0
6,6,136,1.0,1.0
6,6,137,1.0,1.0
6,6,138,1.0,1.0
6,6,139,1.0,1.0
6,6,140,1.0,1.0
6,6,141,1.0,1.0
6,6,142,1.0,1.0
6,6,143,1.0,1.0
6,6,144,1.0,1.0
6,6,145,1.0,1.0
6,6,146,1.0,1.0
6,6,147,1.0,1.0
6,6,148,1.0,1.0
6,6,149,1.0,1.0
6,6,150,1.0,1.0
6,6,151,1.0,1.0
6,6,152,1.0,1.0
6,6,153,1.0,1.0
6,6,154,1.0,1.0
6,6,155,1.0,1.0
6,6,156,1.0,1.0
6,6,157,1.0,1.0
6,6,158,1.0,1.0
6,6,159,1.0,1.0
6,6,160,1.0,1.0
6,6,161,1.0,1.0
6,6,162,1.0,1.0
6,6,163,1.0,1.0
6,6,164,1.0,1.0
6,6,165,1.0,1.0
6,6,166,1.0,1.0
6,6,167,1.0,1.0
6,6,168,1.0,1.0
6,6,169,1.0,1.0
6,6,170,1.0,1.0
6,6,171,1.0,1.0
6,6,172,1.0,1.0
6,6,173,1.0,1.0
6,6,174,1.0,1.0
6,6,175,1.0,1.0
6,6,176,1.0,1.0
6,6,177,1.0,1.0
6,6,178,1.0,1.0
6,6,179,1.0,1.0
6,6,180,1.0,1.0
6,6,181,1.0,1.0
6,6,182,1.0,1.0
6,6,183,1.0,1.0
6,6,184,1.0,1.0
6,6,185,1.0,1.0
6,6,186,1.0,1.0
6,6,187,1.0,1.0
6,6,188,1.0,1.0
6,6,189,1.0,1.0
6,6,190,1.0,1.0
6,6,191,1.0,1.0
6,6,192,1.0,1.0
6,6,193,1.0,1.0
6,6,194,1.0,1.0
6,6,195,1.0,1.0
6,6,196,1.0,1.0
6,6,197,1.0,1.0
6,6,198,1.0,1.0
6,6,199,1.0,1.0
6,6,200,1.0,1.0
6,6,201,1.0,1.0
6,6,202,1.0,1.0
6,6,203,1.0,1.0
6,6,204,1.0,1.0
6,6,205,1.0,1.0
6,6,206,1.0,1.0
6,6,207,1.0,1.0
6,6,208,1.0,1.0
6,6,209,1.0,1.0
6,6,210,1.0,1.0
6,6,211,1.0,1.0
6,6,212,1.0,1.0
6,6,213,1.0,1.0
6,6,214,1.0,1.0
6,6,215,1.0,1.0
6,6,216,1.0,1.0
6,6,217,1.0,1.0
6,6,218,1.0,1.0
6,6,219,1.0,1.0
6,6,220,1.0,1.0
6,6,221,1.0,1.0
6,6,222,1.0,1.0
6,6,223,1.0,1.0
6,6,224,1.0,1.0
6,6,225,1.0,1.0
6,6,226,1.0,1.0
6,6,227,1.0,1.0
6,6,228,1.0,1.0
6,6,229,1.0,1.0
6,6,230,1.0,1.0
6,6,231,1.0,1.0
6,6,232,1.0,1.0
6,6,233,1.0,1.0
6,6,234,1.0,1.0
6,6,235,1.0,1.0
6,6,236,1.0,1.0
6,6,237,1.0,1.0
6,6,238,1.0,1.0
6,6,239,1.0,1.0
6,6,240,1.0,1.0
6,6,241,1.0,1.0
6,6,242,1.0,1.0
6,6,243,1.0,1.0
6,6,244,1.0,1.0
6,6,245,1.0,1.0
6,6,246,1.0,1.0
6,6,247,1.0,1.0
6,6,248,1.0,1.0
6,6,249,1.0,1.0
6,6,250,1.0,1.0
6,6,251,1.0,1.0
6,6,252,1.0,1.0
6,6,253,1.0,1.0
6,6,254,1.0,1.0
6,6,255,1.0,1.0
6,6,256,1.0,1.0
6,6,257,1.0,1.0
6,6,258,1.0,1.0
6,6,259,1.0,1.0
6,6,260,1.0,1.0
6,6,261,1.0,1.0
6,6,262,1.0,1.0
6,6,263,1.0,1.0
6,6,264,1.0,1.0
6,6,265,1.0,1.0
6,6,266,1.0,1.0
6,6,267,1.0,1.0
6,6,268,1.0,1.0
6,6,269,1.0,1.0
6,6,270,1.0,1.0
6,6,271,1.0,1.0
6,6,272,1.0,1.0
6,6,273,1.0,1.0
6,6,274,1.0,1.0
6,6,275,1.0,1.0
6,6,276,1.0,1.0
6,6,277,1.0,1.0
6,6,278,1.0,1.0
6,6,279,1.0,1.0
6,6,280,1.0,1.0
6,6,281,1.0,1.0
6,6,282,1.0,1.0
6,6,283,1.0,1.0
6,6,284,1.0,1.0
6,6,285,1.0,1.0
6,6,286,1.0,1.0
6,6,287,1.0,1.0
6,6,288,1.0,1.0
6,6,289,1.0,1.0
6,6,290,1.0,1.0
6,6,291,1.0,1.0
6,6,292,1.0,1.0
6,6,293,1.0,1.0
6,6,294,1.0,1.0
6,6,295,1.0,1.0
6,6,296,1.0,1.0
6,6,297,1.0,1.0
6,6,298,1.0,1.0
6,6,299,1.0,1.0
6,6,300,1.0,1.0
7,7,0,0.491,0.51
7,7,1,0.596,0.45
7,7,2,0.612,0.52
7,7,3,0.659,0.5
7,7,4,0.664,0.5
7,7,5,0.708,0.49
7,7,6,0.755,0.49
7,7,7,0.817,0.61
7,7,8,0.877,0.6
7,7,9,0.9,0.66
7,7,10,0.834,0.64
7,7,11,0.913,0.77
7,7,12,0.94,0.83
7,7,13,0.956,0.86
7,7,14,0.978,0.86
7,7,15,0.986,0.88
7,7,16,0.996,0.94
7,7,17,0.998,0.96
7,7,18,0.999,1.0
7,7,19,1.0,1.0
7,7,20,1.0,1.0
7,7,21,1.0,1.0
7,7,22,1.0,1.0
7,7,23,1.0,1.0
7,7,24,1.0,1.0
7,7,25,1.0,1.0
7,7,26,1.0,1.0
7,7,27,1.0,1.0
7,7,28,1.0,1.0
7,7,29,1.0,1.0
7,7,30,1.0,1.0
7,7,31,1.0,1.0
7,7,32,1.0,1.0
7,7,33,1.0,1.0
7,7,34,1.0,1.0
7,7,35,1.0,1.0
7,7,36,1.0,1.0
7,7,37,1.0,1.0
7,7,38,1.0,1.0
7,7,39,1.0,1.0
7,7,40,1.0,1.0
7,7,41,1.0,1.0
7,7,42,1.0,1.0
7,7,43,1.0,1.0
7,7,44,1.0,1.0
7,7,45,1.0,1.0
7,7,46,1.0,1.0
7,7,47,1.0,1.0
7,7,48,1.0,1.0
7,7,49,1.0,1.0
7,7,50,1.0,1.0
7,7,51,1.0,1.0
7,7,52,1.0,1.0
7,7,53,1.0,1.0
7,7,54,1.0,1.0
7,7,55,1.0,1.0
7,7,56,1.0,1.0
7,7,57,1.0,1.0
7,7,58,1.0,1.0
7,7,59,1.0,1.0
7,7,60,1.0,1.0
7,7,61,1.0,1.0
7,7,62,1.0,1.0
7,7,63,1.0,1.0
7,7,64,1.0,1.0
7,7,65,1.0,1.0
7,7,66,1.0,1.0
7,7,67,1.0,1.0
7,7,68,1.0,1.0
7,7,69,1.0,1.0
7,7,70,1.0,1.0
7,7,71,1.0,1.0
7,7,72,1.0,1.0
7,7,73,1.0,1.0
7,7,74,1.0,1.0
7,7,75,1.0,1.0
7,7,76,1.0,1.0
7,7,77,1.0,1.0
7,7,78,1.0,1.0
7,7,79,1.0,1.0
7,7,80,1.0,1.0
7,7,81,1.0,1.0
7,7,82,1.0,1.0
7,7,83,1.0,1.0
7,7,84,1.0,1.0
7,7,85,1.0,1.0
7,7,86,1.0,1.0
7,7,87,1.0,1.0
7,7,88,1.0,1.0
7,7,89,1.0,1.0
7,7,90,1.0,1.0
7,7,91,1.0,1.0
7,7,92,1.0,1.0
7,7,93,1.0,1.0
7,7,94,1.0,1.0
7,7,95,1.0,1.0
7,7,96,1.0,1.0
7,7,97,1.0,1.0
7,7,98,1.0,1.0
7,7,99,1.0,1.0
7,7,100,1.0,1.0
7,7,101,1.0,1.0
7,7,102,1.0,1.0
7,7,103,1.0,1.0
7,7,104,1.0,1.0
7,7,105,1.0,1.0
7,7,106,1.0,1.0
7,7,107,1.0,1.0
7,7,108,1.0,1.0
7,7,109,1.0,1.0
7,7,110,1.0,1.0
7,7,111,1.0,1.0
7,7,112,1.0,1.0
7,7,113,1.0,1.0
7,7,114,1.0,1.0
7,7,115,1.0,1.0
7,7,116,1.0,1.0
7,7,117,1.0,1.0
7,7,118,1.0,1.0
7,7,119,1.0,1.0
7,7,120,1.0,1.0
7,7,121,1.0,1.0
7,7,122,1.0,1.0
7,7,123,1.0,1.0
7,7,124,1.0,1.0
7,7,125,1.0,1.0
7,7,126,1.0,1.0
7,7,127,1.0,1.0
7,7,128,1.0,1.0
7,7,129,1.0,1.0
7,7,130,1.0,1.0
7,7,131,1.0,1.0
7,7,132,1.0,1.0
7,7,133,1.0,1.0
7,7,134,1.0,1.0
7,7,135,1.0,1.0
7,7,136,1.0,1.0
7,7,137,1.0,1.0
7,7,138,1.0,1.0
7,7,139,1.0,1.0
7,7,140,1.0,1.0
7,7,141,1.0,1.0
7,7,142,1.0,1.0
7,7,143,1.0,1.0
7,7,144,1.0,1.0
7,7,145,1.0,1.0
7,7,146,1.0,1.0
7,7,147,1.0,1.0
7,7,148,1.0,1.0
7,7,149,1.0,1.0
7,7,150,1.0,1.0
7,7,151,1.0,1.0
7,7,152,1.0,1.0
7,7,153,1.0,1.0
7,7,154,1.0,1.0
7,7,155,1.0,1.0
7,7,156,1.0,1.0
7,7,157,1.0,1.0
7,7,158,1.0,1.0
7,7,159,1.0,1.0
7,7,160,1.0,1.0
7,7,161,1.0,1.0
7,7,162,1.0,1.0
7,7,163,1.0,1.0
7,7,164,1.0,1.0
7,7,165,1.0,1.0
7,7,166,1.0,1.0
7,7,167,1.0,1.0
7,7,168,1.0,1.0
7,7,169,1.0,1.0
7,7,170,1.0,1.0
7,7,171,1.0,1.0
7,7,172,1.0,1.0
7,7,173,1.0,1.0
7,7,174,1.0,1.0
7,7,175,1.0,1.0
7,7,176,1.0,1.0
7,7,177,1.0,1.0
7,7,178,1.0,1.0
7,7,179,1.0,1.0
7,7,180,1.0,1.0
7,7,181,1.0,1.0
7,7,182,1.0,1.0
7,7,183,1.0,1.0
7,7,184,1.0,1.0
7,7,185,1.0,1.0
7,7,186,1.0,1.0
7,7,187,1.0,1.0
7,7,188,1.0,1.0
7,7,189,1.0,1.0
7,7,190,1.0,1.0
7,7,191,1.0,1.0
7,7,192,1.0,1.0
7,7,193,1.0,1.0
7,7,194,1.0,1.0
7,7,195,1.0,1.0
7,7,196,1.0,1.0
7,7,197,1.0,1.0
7,7,198,1.0,1.0
7,7,199,1.0,1.0
7,7,200,1.0,1.0
7,7,201,1.0,1.0
7,7,202,1.0,1.0
7,7,203,1.0,1.0
7,7,204,1.0,1.0
7,7,205,1.0,1.0
7,7,206,1.0,1.0
7,7,207,1.0,1.0
7,7,208,1.0,1.0
7,7,209,1.0,1.0
7,7,210,1.0,1.0
7,7,211,1.0,1.0
7,7,212,1.0,1.0
7,7,213,1.0,1.0
7,7,214,1.0,1.0
7,7,215,1.0,1.0
7,7,216,1.0,1.0
7,7,217,1.0,1.0
7,7,218,1.0,1.0
7,7,219,1.0,1.0
7,7,220,1.0,1.0
7,7,221,1.0,1.0
7,7,222,1.0,1.0
7,7,223,1.0,1.0
7,7,224,1.0,1.0
7,7,225,1.0,1.0
7,7,226,1.0,1.0
7,7,227,1.0,1.0
7,7,228,1.0,1.0
7,7,229,1.0,1.0
7,7,230,1.0,1.0
7,7,231,1.0,1.0
7,7,232,1.0,1.0
7,7,233,1.0,1.0
7,7,234,1.0,1.0
7,7,235,1.0,1.0
7,7,236,1.0,1.0
7,7,237,1.0,1.0
7,7,238,1.0,1.0
7,7,239,1.0,1.0
7,7,240,1.0,1.0
7,7,241,1.0,1.0
7,7,242,1.0,1.0
7,7,243,1.0,1.0
7,7,244,1.0,1.0
7,7,245,1.0,1.0
7,7,246,1.0,1.0
7,7,247,1.0,1.0
7,7,248,1.0,1.0
7,7,249,1.0,1.0
7,7,250,1.0,1.0
7,7,251,1.0,1.0
7,7,252,1.0,1.0
7,7,253,1.0,1.0
7,7,254,1.0,1.0
7,7,255,1.0,1.0
7,7,256,1.0,1.0
7,7,257,1.0,1.0
7,7,258,1.0,1.0
7,7,259,1.0,1.0
7,7,260,1.0,1.0
7,7,261,1.0,1.0
7,7,262,1.0,1.0
7,7,263,1.0,1.0
7,7,264,1.0,1.0
7,7,265,1.0,1.0
7,7,266,1.0,1.0
7,7,267,1.0,1.0
7,7,268,1.0,1.0
7,7,269,1.0,1.0
7,7,270,1.0,1.0
7,7,271,1.0,1.0
7,7,272,1.0,1.0
7,7,273,1.0,1.0
7,7,274,1.0,1.0
7,7,275,1.0,1.0
7,7,276,1.0,1.0
7,7,277,1.0,1.0
7,7,278,1.0,1.0
7,7,279,1.0,1.0
7,7,280,1.0,1.0
7,7,281,1.0,1.0
7,7,282,1.0,1.0
7,7,283,1.0,1.0
7,7,284,1.0,1.0
7,7,285,1.0,1.0
7,7,286,1.0,1.0
7,7,287,1.0,1.0
7,7,288,1.0,1.0
7,7,289,1.0,1.0
7,7,290,1.0,1.0
7,7,291,1.0,1.0
7,7,292,1.0,1.0
7,7,293,1.0,1.0
7,7,294,1.0,1.0
7,7,295,1.0,1.0
7,7,296,1.0,1.0
7,7,297,1.0,1.0
7,7,298,1.0,1.0
7,7,299,1.0,1.0
7,7,300,1.0,1.0
8,8,0,0.521,0.45
8,8,1,0.545,0.47
8,8,2,0.623,0.48
8,8,3,0.635,0.49
8,8,4,0.66,0.48
8,8,5,0.674,0.49
8,8,6,0.705,0.49
8,8,7,0.725,0.48
8,8,8,0.756,0.49
8,8,9,0.785,0.49
8,8,10,0.681,0.57
8,8,11,0.758,0.56
8,8,12,0.817,0.58
8,8,13,0.858,0.62
8,8,14,0.9,0.65
8,8,15,0.94,0.71
8,8,16,0.963,0.74
8,8,17,0.985,0.83
8,8,18,0.994,0.86
8,8,19,0.998,0.94
8,8,20,0.999,0.95
8,8,21,1.0,0.96
8,8,22,1.0,0.98
8,8,23,1.0,0.98
8,8,24,1.0,0.98
8,8,25,1.0,0.99
8,8,26,1.0,0.99
8,8,27,1.0,0.99
8,8,28,1.0,0.99
8,8,29,1.0,0.99
8,8,30,1.0,0.99
8,8,31,1.0,1.0
8,8,32,1.0,1.0
8,8,33,1.0,1.0
8,8,34,1.0,1.0
8,8,35,1.0,1.0
8,8,36,1.0,1.0
8,8,37,1.0,1.0
8,8,38,1.0,1.0
8,8,39,1.0,1.0
8,8,40,1.0,1.0
8,8,41,1.0,1.0
8,8,42,1.0,1.0
8,8,43,1.0,1.0
8,8,44,1.0,1.0
8,8,45,1.0,1.0
8,8,46,1.0,1.0
8,8,47,1.0,1.0
8,8,48,1.0,1.0
8,8,49,1.0,1.0
8,8,50,1.0,1.0
8,8,51,1.0,1.0
8,8,52,1.0,1.0
8,8,53,1.0,1.0
8,8,54,1.0,1.0
8,8,55,1.0,1.0
8,8,56,1.0,1.0
8,8,57,1.0,1.0
8,8,58,1.0,1.0
8,8,59,1.0,1.0
8,8,60,1.0,1.0
8,8,61,1.0,1.0
8,8,62,1.0,1.0
8,8,63,1.0,1.0
8,8,64,1.0,1.0
8,8,65,1.0,1.0
8,8,66,1.0,1.0
8,8,67,1.0,1.0
8,8,68,1.0,1.0
8,8,69,1.0,1.0
8,8,70,1.0,1.0
8,8,71,1.0,1.0
8,8,72,1.0,1.0
8,8,73,1.0,1.0
8,8,74,1.0,1.0
8,8,75,1.0,1.0
8,8,76,1.0,1.0
8,8,77,1.0,1.0
8,8,78,1.0,1.0
8,8,79,1.0,1.0
8,8,80,1.0,1.0
8,8,81,1.0,1.0
8,8,82,1.0,1.0
8,8,83,1.0,1.0
8,8,84,1.0,1.0
8,8,85,1.0,1.0
8,8,86,1.0,1.0
8,8,87,1.0,1.0
8,8,88,1.0,1.0
8,8,89,1.0,1.0
8,8,90,1.0,1.0
8,8,91,1.0,1.0
8,8,92,1.0,1.0
8,8,93,1.0,1.0
8,8,94,1.0,1.0
8,8,95,1.0,1.0
8,8,96,1.0,1.0
8,8,97,1.0,1.0
8,8,98,1.0,1.0
8,8,99,1.0,1.0
8,8,100,1.0,1.0
8,8,101,1.0,1.0
8,8,102,1.0,1.0
8,8,103,1.0,1.0
8,8,104,1.0,1.0
8,8,105,1.0,1.0
8,8,106,1.0,1.0
8,8,107,1.0,1.0
8,8,108,1.0,1.0
8,8,109,1.0,1.0
8,8,110,1.0,1.0
8,8,111,1.0,1.0
8,8,112,1.0,1.0
8,8,113,1.0,1.0
8,8,114,1.0,1.0
8,8,115,1.0,1.0
8,8,116,1.0,1.0
8,8,117,1.0,1.0
8,8,118,1.0,1.0
8,8,119,1.0,1.0
8,8,120,1.0,1.0
8,8,121,1.0,1.0
8,8,122,1.0,1.0
8,8,123,1.0,1.0
8,8,124,1.0,1.0
8,8,125,1.0,1.0
8,8,126,1.0,1.0
8,8,127,1.0,1.0
8,8,128,1.0,1.0
8,8,129,1.0,1.0
8,8,130,1.0,1.0
8,8,131,1.0,1.0
8,8,132,1.0,1.0
8,8,133,1.0,1.0
8,8,134,1.0,1.0
8,8,135,1.0,1.0
8,8,136,1.0,1.0
8,8,137,1.0,1.0
8,8,138,1.0,1.0
8,8,139,1.0,1.0
8,8,140,1.0,1.0
8,8,141,1.0,1.0
8,8,142,1.0,1.0
8,8,143,1.0,1.0
8,8,144,1.0,1.0
8,8,145,1.0,1.0
8,8,146,1.0,1.0
8,8,147,1.0,1.0
8,8,148,1.0,1.0
8,8,149,1.0,1.0
8,8,150,1.0,1.0
8,8,151,1.0,1.0
8,8,152,1.0,1.0
8,8,153,1.0,1.0
8,8,154,1.0,1.0
8,8,155,1.0,1.0
8,8,156,1.0,1.0
8,8,157,1.0,1.0
8,8,158,1.0,1.0
8,8,159,1.0,1.0
8,8,160,1.0,1.0
8,8,161,1.0,1.0
8,8,162,1.0,1.0
8,8,163,1.0,1.0
8,8,164,1.0,1.0
8,8,165,1.0,1.0
8,8,166,1.0,1.0
8,8,167,1.0,1.0
8,8,168,1.0,1.0
8,8,169,1.0,1.0
8,8,170,1.0,1.0
8,8,171,1.0,1.0
8,8,172,1.0,1.0
8,8,173,1.0,1.0
8,8,174,1.0,1.0
8,8,175,1.0,1.0
8,8,176,1.0,1.0
8,8,177,1.0,1.0
8,8,178,1.0,1.0
8,8,179,1.0,1.0
8,8,180,1.0,1.0
8,8,181,1.0,1.0
8,8,182,1.0,1.0
8,8,183,1.0,1.0
8,8,184,1.0,1.0
8,8,185,1.0,1.0
8,8,186,1.0,1.0
8,8,187,1.0,1.0
8,8,188,1.0,1.0
8,8,189,1.0,1.0
8,8,190,1.0,1.0
8,8,191,1.0,1.0
8,8,192,1.0,1.0
8,8,193,1.0,1.0
8,8,194,1.0,1.0
8,8,195,1.0,1.0
8,8,196,1.0,1.0
8,8,197,1.0,1.0
8,8,198,1.0,1.0
8,8,199,1.0,1.0
8,8,200,1.0,1.0
8,8,201,1.0,1.0
8,8,202,1.0,1.0
8,8,203,1.0,1.0
8,8,204,1.0,1.0
8,8,205,1.0,1.0
8,8,206,1.0,1.0
8,8,207,1.0,1.0
8,8,208,1.0,1.0
8,8,209,1.0,1.0
8,8,210,1.0,1.0
8,8,211,1.0,1.0
8,8,212,1.0,1.0
8,8,213,1.0,1.0
8,8,214,1.0,1.0
8,8,215,1.0,1.0
8,8,216,1.0,1.0
8,8,217,1.0,1.0
8,8,218,1.0,1.0
8,8,219,1.0,1.0
8,8,220,1.0,1.0
8,8,221,1.0,1.0
8,8,222,1.0,1.0
8,8,223,1.0,1.0
8,8,224,1.0,1.0
8,8,225,1.0,1.0
8,8,226,1.0,1.0
8,8,227,1.0,1.0
8,8,228,1.0,1.0
8,8,229,1.0,1.0
8,8,230,1.0,1.0
8,8,231,1.0,1.0
8,8,232,1.0,1.0
8,8,233,1.0,1.0
8,8,234,1.0,1.0
8,8,235,1.0,1.0
8,8,236,1.0,1.0
8,8,237,1.0,1.0
8,8,238,1.0,1.0
8,8,239,1.0,1.0
8,8,240,1.0,1.0
8,8,241,1.0,1.0
8,8,242,1.0,1.0
8,8,243,1.0,1.0
8,8,244,1.0,1.0
8,8,245,1.0,1.0
8,8,246,1.0,1.0
8,8,247,1.0,1.0
8,8,248,1.0,1.0
8,8,249,1.0,1.0
8,8,250,1.0,1.0
8,8,251,1.0,1.0
8,8,252,1.0,1.0
8,8,253,1.0,1.0
8,8,254,1.0,1.0
8,8,255,1.0,1.0
8,8,256,1.0,1.0
8,8,257,1.0,1.0
8,8,258,1.0,1.0
8,8,259,1.0,1.0
8,8,260,1.0,1.0
8,8,261,1.0,1.0
8,8,262,1.0,1.0
8,8,263,1.0,1.0
8,8,264,1.0,1.0
8,8,265,1.0,1.0
8,8,266,1.0,1.0
8,8,267,1.0,1.0
8,8,268,1.0,1.0
8,8,269,1.0,1.0
8,8,270,1.0,1.0
8,8,271,1.0,1.0
8,8,272,1.0,1.0
8,8,273,1.0,1.0
8,8,274,1.0,1.0
8,8,275,1.0,1.0
8,8,276,1.0,1.0
8,8,277,1.0,1.0
8,8,278,1.0,1.0
8,8,279,1.0,1.0
8,8,280,1.0,1.0
8,8,281,1.0,1.0
8,8,282,1.0,1.0
8,8,283,1.0,1.0
8,8,284,1.0,1.0
8,8,285,1.0,1.0
8,8,286,1.0,1.0
8,8,287,1.0,1.0
8,8,288,1.0,1.0
8,8,289,1.0,1.0
8,8,290,1.0,1.0
8,8,291,1.0,1.0
8,8,292,1.0,1.0
8,8,293,1.0,1.0
8,8,294,1.0,1.0
8,8,295,1.0,1.0
8,8,296,1.0,1.0
8,8,297,1.0,1.0
8,8,298,1.0,1.0
8,8,299,1.0,1.0
8,8,300,1.0,1.0
9,9,0,0.499,0.52
9,9,1,0.59,0.44
9,9,2,0.616,0.44
9,9,3,0.622,0.46
9,9,4,0.636,0.45
9,9,5,0.652,0.42
9,9,6,0.715,0.49
9,9,7,0.733,0.5
9,9,8,0.762,0.54
9,9,9,0.816,0.59
9,9,10,0.765,0.57
9,9,11,0.872,0.75
9,9,12,0.93,0.85
9,9,13,0.954,0.89
9,9,14,0.979,0.9
9,9,15,0.996,0.91
9,9,16,1.0,0.99
9,9,17,1.0,1.0
9,9,18,1.0,1.0
9,9,19,1.0,1.0
9,9,20,1.0,1.0
9,9,21,1.0,1.0
9,9,22,1.0,1.0
9,9,23,1.0,1.0
9,9,24,1.0,1.0
9,9,25,1.0,1.0
9,9,26,1.0,1.0
9,9,27,1.0,1.0
9,9,28,1.0,1.0
9,9,29,1.0,1.0
9,9,30,1.0,1.0
9,9,31,1.0,1.0
9,9,32,1.0,1.0
9,9,33,1.0,1.0
9,9,34,1.0,1.0
9,9,35,1.0,1.0
9,9,36,1.0,1.0
9,9,37,1.0,1.0
9,9,38,1.0,1.0
9,9,39,1.0,1.0
9,9,40,1.0,1.0
9,9,41,1.0,1.0
9,9,42,1.0,1.0
9,9,43,1.0,1.0
9,9,44,1.0,1.0
9,9,45,1.0,1.0
9,9,46,1.0,1.0
9,9,47,1.0,1.0
9,9,48,1.0,1.0
9,9,49,1.0,1.0
9,9,50,1.0,1.0
9,9,51,1.0,1.0
9,9,52,1.0,1.0
9,9,53,1.0,1.0
9,9,54,1.0,1.0
9,9,55,1.0,1.0
9,9,56,1.0,1.0
9,9,57,1.0,1.0
9,9,58,1.0,1.0
9,9,59,1.0,1.0
9,9,60,1.0,1.0
9,9,61,1.0,1.0
9,9,62,1.0,1.0
9,9,63,1.0,1.0
9,9,64,1.0,1.0
9,9,65,1.0,1.0
9,9,66,1.0,1.0
9,9,67,1.0,1.0
9,9,68,1.0,1.0
9,9,69,1.0,1.0
9,9,70,1.0,1.0
9,9,71,1.0,1.0
9,9,72,1.0,1.0
9,9,73,1.0,1.0
9,9,74,1.0,1.0
9,9,75,1.0,1.0
9,9,76,1.0,1.0
9,9,77,1.0,1.0
9,9,78,1.0,1.0
9,9,79,1.0,1.0
9,9,80,1.0,1.0
9,9,81,1.0,1.0
9,9,82,1.0,1.0
9,9,83,1.0,1.0
9,9,84,1.0,1.0
9,9,85,1.0,1.0
9,9,86,1.0,1.0
9,9,87,1.0,1.0
9,9,88,1.0,1.0
9,9,89,1.0,1.0
9,9,90,1.0,1.0
9,9,91,1.0,1.0
9,9,92,1.0,1.0
9,9,93,1.0,1.0
9,9,94,1.0,1.0
9,9,95,1.0,1.0
9,9,96,1.0,1.0
9,9,97,1.0,1.0
9,9,98,1.0,1.0
9,9,99,1.0,1.0
9,9,100,1.0,1.0
9,9,101,1.0,1.0
9,9,102,1.0,1.0
9,9,103,1.0,1.0
9,9,104,1.0,1.0
9,9,105,1.0,1.0
9,9,106,1.0,1.0
9,9,107,1.0,1.0
9,9,108,1.0,1.0
9,9,109,1.0,1.0
9,9,110,1.0,1.0
9,9,111,1.0,1.0
9,9,112,1.0,1.0
9,9,113,1.0,1.0
9,9,114,1.0,1.0
9,9,115,1.0,1.0
9,9,116,1.0,1.0
9,9,117,1.0,1.0
9,9,118,1.0,1.0
9,9,119,1.0,1.0
9,9,120,1.0,1.0
9,9,121,1.0,1.0
9,9,122,1.0,1.0
9,9,123,1.0,1.0
9,9,124,1.0,1.0
9,9,125,1.0,1.0
9,9,126,1.0,1.0
9,9,127,1.0,1.0
9,9,128,1.0,1.0
9,9,129,1.0,1.0
9,9,130,1.0,1.0
9,9,131,1.0,1.0
9,9,132,1.0,1.0
9,9,133,1.0,1.0
9,9,134,1.0,1.0
9,9,135,1.0,1.0
9,9,136,1.0,1.0
9,9,137,1.0,1.0
9,9,138,1.0,1.0
9,9,139,1.0,1.0
9,9,140,1.0,1.0
9,9,141,1.0,1.0
9,9,142,1.0,1.0
9,9,143,1.0,1.0
9,9,144,1.0,1.0
9,9,145,1.0,1.0
9,9,146,1.0,1.0
9,9,147,1.0,1.0
9,9,148,1.0,1.0
9,9,149,1.0,1.0
9,9,150,1.0,1.0
9,9,151,1.0,1.0
9,9,152,1.0,1.0
9,9,153,1.0,1.0
9,9,154,1.0,1.0
9,9,155,1.0,1.0
9,9,156,1.0,1.0
9,9,157,1.0,1.0
9,9,158,1.0,1.0
9,9,159,1.0,1.0
9,9,160,1.0,1.0
9,9,161,1.0,1.0
9,9,162,1.0,1.0
9,9,163,1.0,1.0
9,9,164,1.0,1.0
9,9,165,1.0,1.0
9,9,166,1.0,1.0
9,9,167,1.0,1.0
9,9,168,1.0,1.0
9,9,169,1.0,1.0
9,9,170,1.0,1.0
9,9,171,1.0,1.0
9,9,172,1.0,1.0
9,9,173,1.0,1.0
9,9,174,1.0,1.0
9,9,175,1.0,1.0
9,9,176,1.0,1.0
9,9,177,1.0,1.0
9,9,178,1.0,1.0
9,9,179,1.0,1.0
9,9,180,1.0,1.0
9,9,181,1.0,1.0
9,9,182,1.0,1.0
9,9,183,1.0,1.0
9,9,184,1.0,1.0
9,9,185,1.0,1.0
9,9,186,1.0,1.0
9,9,187,1.0,1.0
9,9,188,1.0,1.0
9,9,189,1.0,1.0
9,9,190,1.0,1.0
9,9,191,1.0,1.0
9,9,192,1.0,1.0
9,9,193,1.0,1.0
9,9,194,1.0,1.0
9,9,195,1.0,1.0
9,9,196,1.0,1.0
9,9,197,1.0,1.0
9,9,198,1.0,1.0
9,9,199,1.0,1.0
9,9,200,1.0,1.0
9,9,201,1.0,1.0
9,9,202,1.0,1.0
9,9,203,1.0,1.0
9,9,204,1.0,1.0
9,9,205,1.0,1.0
9,9,206,1.0,1.0
9,9,207,1.0,1.0
9,9,208,1.0,1.0
9,9,209,1.0,1.0
9,9,210,1.0,1.0
9,9,211,1.0,1.0
9,9,212,1.0,1.0
9,9,213,1.0,1.0
9,9,214,1.0,1.0
9,9,215,1.0,1.0
9,9,216,1.0,1.0
9,9,217,1.0,1.0
9,9,218,1.0,1.0
9,9,219,1.0,1.0
9,9,220,1.0,1.0
9,9,221,1.0,1.0
9,9,222,1.0,1.0
9,9,223,1.0,1.0
9,9,224,1.0,1.0
9,9,225,1.0,1.0
9,9,226,1.0,1.0
9,9,227,1.0,1.0
9,9,228,1.0,1.0
9,9,229,1.0,1.0
9,9,230,1.0,1.0
9,9,231,1.0,1.0
9,9,232,1.0,1.0
9,9,233,1.0,1.0
9,9,234,1.0,1.0
9,9,235,1.0,1.0
9,9,236,1.0,1.0
9,9,237,1.0,1.0
9,9,238,1.0,1.0
9,9,239,1.0,1.0
9,9,240,1.0,1.0
9,9,241,1.0,1.0
9,9,242,1.0,1.0
9,9,243,1.0,1.0
9,9,244,1.0,1.0
9,9,245,1.0,1.0
9,9,246,1.0,1.0
9,9,247,1.0,1.0
9,9,248,1.0,1.0
9,9,249,1.0,1.0
9,9,250,1.0,1.0
9,9,251,1.0,1.0
9,9,252,1.0,1.0
9,9,253,1.0,1.0
9,9,254,1.0,1.0
9,9,255,1.0,1.0
9,9,256,1.0,1.0
9,9,257,1.0,1.0
9,9,258,1.0,1.0
9,9,259,1.0,1.0
9,9,260,1.0,1.0
9,9,261,1.0,1.0
9,9,262,1.0,1.0
9,9,263,1.0,1.0
9,9,264,1.0,1.0
9,9,265,1.0,1.0
9,9,266,1.0,1.0
9,9,267,1.0,1.0
9,9,268,1.0,1.0
9,9,269,1.0,1.0
9,9,270,1.0,1.0
9,9,271,1.0,1.0
9,9,272,1.0,1.0
9,9,273,1.0,1.0
9,9,274,1.0,1.0
9,9,275,1.0,1.0
9,9,276,1.0,1.0
9,9,277,1.0,1.0
9,9,278,1.0,1.0
9,9,279,1.0,1.0
9,9,280,1.0,1.0
9,9,281,1.0,1.0
9,9,282,1.0,1.0
9,9,283,1.0,1.0
9,9,284,1.0,1.0
9,9,285,1.0,1.0
9,9,286,1.0,1.0
9,9,287,1.0,1.0
9,9,288,1.0,1.0
9,9,289,1.0,1.0
9,9,290,1.0,1.0
9,9,291,1.0,1.0
9,9,292,1.0,1.0
9,9,293,1.0,1.0
9,9,294,1.0,1.0
9,9,295,1.0,1.0
9,9,296,1.0,1.0
9,9,297,1.0,1.0
9,9,298,1.0,1.0
9,9,299,1.0,1.0
9,9,300,1.0,1.0
10,10,0,0.535,0.46
10,10,1,0.589,0.43
10,10,2,0.623,0.45
10,10,3,0.616,0.47
10,10,4,0.675,0.48
10,10,5,0.683,0.44
10,10,6,0.711,0.43
10,10,7,0.735,0.46
10,10,8,0.749,0.42
10,10,9,0.786,0.45
10,10,10,0.72,0.54
10,10,11,0.814,0.65
10,10,12,0.872,0.7
10,10,13,0.955,0.84
10,10,14,0.989,0.92
10,10,15,0.995,0.97
10,10,16,0.999,0.97
10,10,17,1.0,0.98
10,10,18,1.0,1.0
10,10,19,1.0,1.0
10,10,20,1.0,1.0
10,10,21,1.0,1.0
10,10,22,1.0,1.0
10,10,23,1.0,1.0
10,10,24,1.0,1.0
10,10,25,1.0,1.0
10,10,26,1.0,1.0
10,10,27,1.0,1.0
10,10,28,1.0,1.0
10,10,29,1.0,1.0
10,10,30,1.0,1.0
10,10,31,1.0,1.0
10,10,32,1.0,1.0
10,10,33,1.0,1.0
10,10,34,1.0,1.0
10,10,35,1.0,1.0
10,10,36,1.0,1.0
10,10,37,1.0,1.0
10,10,38,1.0,1.0
10,10,39,1.0,1.0
10,10,40,1.0,1.0
10,10,41,1.0,1.0
10,10,42,1.0,1.0
10,10,43,1.0,1.0
10,10,44,1.0,1.0
10,10,45,1.0,1.0
10,10,46,1.0,1.0
10,10,47,1.0,1.0
10,10,48,1.0,1.0
10,10,49,1.0,1.0
10,10,50,1.0,1.0
10,10,51,1.0,1.0
10,10,52,1.0,1.0
10,10,53,1.0,1.0
10,10,54,1.0,1.0
10,10,55,1.0,1.0
10,10,56,1.0,1.0
10,10,57,1.0,1.0
10,10,58,1.0,1.0
10,10,59,1.0,1.0
10,10,60,1.0,1.0
10,10,61,1.0,1.0
10,10,62,1.0,1.0
10,10,63,1.0,1.0
10,10,64,1.0,1.0
10,10,65,1.0,1.0
10,10,66,1.0,1.0
10,10,67,1.0,1.0
10,10,68,1.0,1.0
10,10,69,1.0,1.0
10,10,70,1.0,1.0
10,10,71,1.0,1.0
10,10,72,1.0,1.0
10,10,73,1.0,1.0
10,10,74,1.0,1.0
10,10,75,1.0,1.0
10,10,76,1.0,1.0
10,10,77,1.0,1.0
10,10,78,1.0,1.0
10,10,79,1.0,1.0
10,10,80,1.0,1.0
10,10,81,1.0,1.0
10,10,82,1.0,1.0
10,10,83,1.0,1.0
10,10,84,1.0,1.0
10,10,85,1.0,1.0
10,10,86,1.0,1.0
10,10,87,1.0,1.0
10,10,88,1.0,1.0
10,10,89,1.0,1.0
10,10,90,1.0,1.0
10,10,91,1.0,1.0
10,10,92,1.0,1.0
10,10,93,1.0,1.0
10,10,94,1.0,1.0
10,10,95,1.0,1.0
10,10,96,1.0,1.0
10,10,97,1.0,1.0
10,10,98,1.0,1.0
10,10,99,1.0,1.0
10,10,100,1.0,1.0
10,10,101,1.0,1.0
10,10,102,1.0,1.0
10,10,103,1.0,1.0
10,10,104,1.0,1.0
10,10,105,1.0,1.0
10,10,106,1.0,1.0
10,10,107,1.0,1.0
10,10,108,1.0,1.0
10,10,109,1.0,1.0
10,10,110,1.0,1.0
10,10,111,1.0,1.0
10,10,112,1.0,1.0
10,10,113,1.0,1.0
10,10,114,1.0,1.0
10,10,115,1.0,1.0
10,10,116,1.0,1.0
10,10,117,1.0,1.0
10,10,118,1.0,1.0
10,10,119,1.0,1.0
10,10,120,1.0,1.0
10,10,121,1.0,1.0
10,10,122,1.0,1.0
10,10,123,1.0,1.0
10,10,124,1.0,1.0
10,10,125,1.0,1.0
10,10,126,1.0,1.0
10,10,127,1.0,1.0
10,10,128,1.0,1.0
10,10,129,1.0,1.0
10,10,130,1.0,1.0
10,10,131,1.0,1.0
10,10,132,1.0,1.0
10,10,133,1.0,1.0
10,10,134,1.0,1.0
10,10,135,1.0,1.0
10,10,136,1.0,1.0
10,10,137,1.0,1.0
10,10,138,1.0,1.0
10,10,139,1.0,1.0
10,10,140,1.0,1.0
10,10,141,1.0,1.0
10,10,142,1.0,1.0
10,10,143,1.0,1.0
10,10,144,1.0,1.0
10,10,145,1.0,1.0
10,10,146,1.0,1.0
10,10,147,1.0,1.0
10,10,148,1.0,1.0
10,10,149,1.0,1.0
10,10,150,1.0,1.0
10,10,151,1.0,1.0
10,10,152,1.0,1.0
10,10,153,1.0,1.0
10,10,154,1.0,1.0
10,10,155,1.0,1.0
10,10,156,1.0,1.0
10,10,157,1.0,1.0
10,10,158,1.0,1.0
10,10,159,1.0,1.0
10,10,160,1.0,1.0
10,10,161,1.0,1.0
10,10,162,1.0,1.0
10,10,163,1.0,1.0
10,10,164,1.0,1.0
10,10,165,1.0,1.0
10,10,166,1.0,1.0
10,10,167,1.0,1.0
10,10,168,1.0,1.0
10,10,169,1.0,1.0
10,10,170,1.0,1.0
10,10,171,1.0,1.0
10,10,172,1.0,1.0
10,10,173,1.0,1.0
10,10,174,1.0,1.0
10,10,175,1.0,1.0
10,10,176,1.0,1.0
10,10,177,1.0,1.0
10,10,178,1.0,1.0
10,10,179,1.0,1.0
10,10,180,1.0,1.0
10,10,181,1.0,1.0
10,10,182,1.0,1.0
10,10,183,1.0,1.0
10,10,184,1.0,1.0
10,10,185,1.0,1.0
10,10,186,1.0,1.0
10,10,187,1.0,1.0
10,10,188,1.0,1.0
10,10,189,1.0,1.0
10,10,190,1.0,1.0
10,10,191,1.0,1.0
10,10,192,1.0,1.0
10,10,193,1.0,1.0
10,10,194,1.0,1.0
10,10,195,1.0,1.0
10,10,196,1.0,1.0
10,10,197,1.0,1.0
10,10,198,1.0,1.0
10,10,199,1.0,1.0
10,10,200,1.0,1.0
10,10,201,1.0,1.0
10,10,202,1.0,1.0
10,10,203,1.0,1.0
10,10,204,1.0,1.0
10,10,205,1.0,1.0
10,10,206,1.0,1.0
10,10,207,1.0,1.0
10,10,208,1.0,1.0
10,10,209,1.0,1.0
10,10,210,1.0,1.0
10,10,211,1.0,1.0
10,10,212,1.0,1.0
10,10,213,1.0,1.0
10,10,214,1.0,1.0
10,10,215,1.0,1.0
10,10,216,1.0,1.0
10,10,217,1.0,1.0
10,10,218,1.0,1.0
10,10,219,1.0,1.0
10,10,220,1.0,1.0
10,10,221,1.0,1.0
10,10,222,1.0,1.0
10,10,223,1.0,1.0
10,10,224,1.0,1.0
10,10,225,1.0,1.0
10,10,226,1.0,1.0
10,10,227,1.0,1.0
10,10,228,1.0,1.0
10,10,229,1.0,1.0
10,10,230,1.0,1.0
10,10,231,1.0,1.0
10,10,232,1.0,1.0
10,10,233,1.0,1.0
10,10,234,1.0,1.0
10,10,235,1.0,1.0
10,10,236,1.0,1.0
10,10,237,1.0,1.0
10,10,238,1.0,1.0
10,10,239,1.0,1.0
10,10,240,1.0,1.0
10,10,241,1.0,1.0
10,10,242,1.0,1.0
10,10,243,1.0,1.0
10,10,244,1.0,1.0
10,10,245,1.0,1.0
10,10,246,1.0,1.0
10,10,247,1.0,1.0
10,10,248,1.0,1.0
10,10,249,1.0,1.0
10,10,250,1.0,1.0
10,10,251,1.0,1.0
10,10,252,1.0,1.0
10,10,253,1.0,1.0
10,10,254,1.0,1.0
10,10,255,1.0,1.0
10,10,256,1.0,1.0
10,10,257,1.0,1.0
10,10,258,1.0,1.0
10,10,259,1.0,1.0
10,10,260,1.0,1.0
10,10,261,1.0,1.0
10,10,262,1.0,1.0
10,10,263,1.0,1.0
10,10,264,1.0,1.0
10,10,265,1.0,1.0
10,10,266,1.0,1.0
10,10,267,1.0,1.0
10,10,268,1.0,1.0
10,10,269,1.0,1.0
10,10,270,1.0,1.0
10,10,271,1.0,1.0
10,10,272,1.0,1.0
10,10,273,1.0,1.0
10,10,274,1.0,1.0
10,10,275,1.0,1.0
10,10,276,1.0,1.0
10,10,277,1.0,1.0
10,10,278,1.0,1.0
10,10,279,1.0,1.0
10,10,280,1.0,1.0
10,10,281,1.0,1.0
10,10,282,1.0,1.0
10,10,283,1.0,1.0
10,10,284,1.0,1.0
10,10,285,1.0,1.0
10,10,286,1.0,1.0
10,10,287,1.0,1.0
10,10,288,1.0,1.0
10,10,289,1.0,1.0
10,10,290,1.0,1.0
10,10,291,1.0,1.0
10,10,292,1.0,1.0
10,10,293,1.0,1.0
10,10,294,1.0,1.0
10,10,295,1.0,1.0
10,10,296,1.0,1.0
10,10,297,1.0,1.0
10,10,298,1.0,1.0
10,10,299,1.0,1.0
10,10,300,1.0,1.0
11,11,0,0.517,0.46
11,11,1,0.598,0.52
11,11,2,0.637,0.57
11,11,3,0.655,0.5
11,11,4,0.69,0.49
11,11,5,0.713,0.54
11,11,6,0.736,0.57
11,11,7,0.761,0.56
11,11,8,0.801,0.56
11,11,9,0.846,0.6
11,11,10,0.776,0.59
11,11,11,0.881,0.71
11,11,12,0.933,0.76
11,11,13,0.962,0.83
11,11,14,0.977,0.9
11,11,15,0.992,0.94
11,11,16,0.997,0.98
11,11,17,0.999,0.98
11,11,18,0.999,0.98
11,11,19,1.0,0.99
11,11,20,1.0,1.0
11,11,21,1.0,1.0
11,11,22,1.0,1.0
11,11,23,1.0,1.0
11,11,24,1.0,1.0
11,11,25,1.0,1.0
11,11,26,1.0,1.0
11,11,27,1.0,1.0
11,11,28,1.0,1.0
11,11,29,1.0,1.0
11,11,30,1.0,1.0
11,11,31,1.0,1.0
11,11,32,1.0,1.0
11,11,33,1.0,1.0
11,11,34,1.0,1.0
11,11,35,1.0,1.0
11,11,36,1.0,1.0
11,11,37,1.0,1.0
11,11,38,1.0,1.0
11,11,39,1.0,1.0
11,11,40,1.0,1.0
11,11,41,1.0,1.0
11,11,42,1.0,1.0
11,11,43,1.0,1.0
11,11,44,1.0,1.0
11,11,45,1.0,1.0
11,11,46,1.0,1.0
11,11,47,1.0,1.0
11,11,48,1.0,1.0
11,11,49,1.0,1.0
11,11,50,1.0,1.0
11,11,51,1.0,1.0
11,11,52,1.0,1.0
11,11,53,1.0,1.0
11,11,54,1.0,1.0
11,11,55,1.0,1.0
11,11,56,1.0,1.0
11,11,57,1.0,1.0
11,11,58,1.0,1.0
11,11,59,1.0,1.0
11,11,60,1.0,1.0
11,11,61,1.0,1.0
11,11,62,1.0,1.0
11,11,63,1.0,1.0
11,11,64,1.0,1.0
11,11,65,1.0,1.0
11,11,66,1.0,1.0
11,11,67,1.0,1.0
11,11,68,1.0,1.0
11,11,69,1.0,1.0
11,11,70,1.0,1.0
11,11,71,1.0,1.0
11,11,72,1.0,1.0
11,11,73,1.0,1.0
11,11,74,1.0,1.0
11,11,75,1.0,1.0
11,11,76,1.0,1.0
11,11,77,1.0,1.0
11,11,78,1.0,1.0
11,11,79,1.0,1.0
11,11,80,1.0,1.0
11,11,81,1.0,1.0
11,11,82,1.0,1.0
11,11,83,1.0,1.0
11,11,84,1.0,1.0
11,11,85,1.0,1.0
11,11,86,1.0,1.0
11,11,87,1.0,1.0
11,11,88,1.0,1.0
11,11,89,1.0,1.0
11,11,90,1.0,1.0
11,11,91,1.0,1.0
11,11,92,1.0,1.0
11,11,93,1.0,1.0
11,11,94,1.0,1.0
11,11,95,1.0,1.0
11,11,96,1.0,1.0
11,11,97,1.0,1.0
11,11,98,1.0,1.0
11,11,99,1.0,1.0
11,11,100,1.0,1.0
11,11,101,1.0,1.0
11,11,102,1.0,1.0
11,11,103,1.0,1.0
11,11,104,1.0,1.0
11,11,105,1.0,1.0
11,11,106,1.0,1.0
11,11,107,1.0,1.0
11,11,108,1.0,1.0
11,11,109,1.0,1.0
11,11,110,1.0,1.0
11,11,111,1.0,1.0
11,11,112,1.0,1.0
11,11,113,1.0,1.0
11,11,114,1.0,1.0
11,11,115,1.0,1.0
11,11,116,1.0,1.0
11,11,117,1.0,1.0
11,11,118,1.0,1.0
11,11,119,1.0,1.0
11,11,120,1.0,1.0
11,11,121,1.0,1.0
11,11,122,1.0,1.0
11,11,123,1.0,1.0
11,11,124,1.0,1.0
11,11,125,1.0,1.0
11,11,126,1.0,1.0
11,11,127,1.0,1.0
11,11,128,1.0,1.0
11,11,129,1.0,1.0
11,11,130,1.0,1.0
11,11,131,1.0,1.0
11,11,132,1.0,1.0
11,11,133,1.0,1.0
11,11,134,1.0,1.0
11,11,135,1.0,1.0
11,11,136,1.0,1.0
11,11,137,1.0,1.0
11,11,138,1.0,1.0
11,11,139,1.0,1.0
11,11,140,1.0,1.0
11,11,141,1.0,1.0
11,11,142,1.0,1.0
11,11,143,1.0,1.0
11,11,144,1.0,1.0
11,11,145,1.0,1.0
11,11,146,1.0,1.0
11,11,147,1.0,1.0
11,11,148,1.0,1.0
11,11,149,1.0,1.0
11,11,150,1.0,1.0
11,11,151,1.0,1.0
11,11,152,1.0,1.0
11,11,153,1.0,1.0
11,11,154,1.0,1.0
11,11,155,1.0,1.0
11,11,156,1.0,1.0
11,11,157,1.0,1.0
11,11,158,1.0,1.0
11,11,159,1.0,1.0
11,11,160,1.0,1.0
11,11,161,1.0,1.0
11,11,162,1.0,1.0
11,11,163,1.0,1.0
11,11,164,1.0,1.0
11,11,165,1.0,1.0
11,11,166,1.0,1.0
11,11,167,1.0,1.0
11,11,168,1.0,1.0
11,11,169,1.0,1.0
11,11,170,1.0,1.0
11,11,171,1.0,1.0
11,11,172,1.0,1.0
11,11,173,1.0,1.0
11,11,174,1.0,1.0
11,11,175,1.0,1.0
11,11,176,1.0,1.0
11,11,177,1.0,1.0
11,11,178,1.0,1.0
11,11,179,1.0,1.0
11,11,180,1.0,1.0
11,11,181,1.0,1.0
11,11,182,1.0,1.0
11,11,183,1.0,1.0
11,11,184,1.0,1.0
11,11,185,1.0,1.0
11,11,186,1.0,1.0
11,11,187,1.0,1.0
11,11,188,1.0,1.0
11,11,189,1.0,1.0
11,11,190,1.0,1.0
11,11,191,1.0,1.0
11,11,192,1.0,1.0
11,11,193,1.0,1.0
11,11,194,1.0,1.0
11,11,195,1.0,1.0
11,11,196,1.0,1.0
11,11,197,1.0,1.0
11,11,198,1.0,1.0
11,11,199,1.0,1.0
11,11,200,1.0,1.0
11,11,201,1.0,1.0
11,11,202,1.0,1.0
11,11,203,1.0,1.0
11,11,204,1.0,1.0
11,11,205,1.0,1.0
11,11,206,1.0,1.0
11,11,207,1.0,1.0
11,11,208,1.0,1.0
11,11,209,1.0,1.0
11,11,210,1.0,1.0
11,11,211,1.0,1.0
11,11,212,1.0,1.0
11,11,213,1.0,1.0
11,11,214,1.0,1.0
11,11,215,1.0,1.0
11,11,216,1.0,1.0
11,11,217,1.0,1.0
11,11,218,1.0,1.0
11,11,219,1.0,1.0
11,11,220,1.0,1.0
11,11,221,1.0,1.0
11,11,222,1.0,1.0
11,11,223,1.0,1.0
11,11,224,1.0,1.0
11,11,225,1.0,1.0
11,11,226,1.0,1.0
11,11,227,1.0,1.0
11,11,228,1.0,1.0
11,11,229,1.0,1.0
11,11,230,1.0,1.0
11,11,231,1.0,1.0
11,11,232,1.0,1.0
11,11,233,1.0,1.0
11,11,234,1.0,1.0
11,11,235,1.0,1.0
11,11,236,1.0,1.0
11,11,237,1.0,1.0
11,11,238,1.0,1.0
11,11,239,1.0,1.0
11,11,240,1.0,1.0
11,11,241,1.0,1.0
11,11,242,1.0,1.0
11,11,243,1.0,1.0
11,11,244,1.0,1.0
11,11,245,1.0,1.0
11,11,246,1.0,1.0
11,11,247,1.0,1.0
11,11,248,1.0,1.0
11,11,249,1.0,1.0
11,11,250,1.0,1.0
11,11,251,1.0,1.0
11,11,252,1.0,1.0
11,11,253,1.0,1.0
11,11,254,1.0,1.0
11,11,255,1.0,1.0
11,11,256,1.0,1.0
11,11,257,1.0,1.0
11,11,258,1.0,1.0
11,11,259,1.0,1.0
11,11,260,1.0,1.0
11,11,261,1.0,1.0
11,11,262,0.998,1.0
11,11,263,1.0,1.0
11,11,264,1.0,1.0
11,11,265,1.0,1.0
11,11,266,1.0,1.0
11,11,267,1.0,1.0
11,11,268,1.0,1.0
11,11,269,1.0,1.0
11,11,270,1.0,1.0
11,11,271,1.0,1.0
11,11,272,1.0,1.0
11,11,273,1.0,1.0
11,11,274,1.0,1.0
11,11,275,1.0,1.0
11,11,276,0.988,0.99
11,11,277,1.0,1.0
11,11,278,1.0,1.0
11,11,279,1.0,1.0
11,11,280,0.982,0.99
11,11,281,1.0,1.0
11,11,282,1.0,1.0
11,11,283,1.0,1.0
11,11,284,1.0,1.0
11,11,285,1.0,1.0
11,11,286,1.0,1.0
11,11,287,1.0,1.0
11,11,288,1.0,1.0
11,11,289,1.0,1.0
11,11,290,1.0,1.0
11,11,291,1.0,1.0
11,11,292,1.0,1.0
11,11,293,0.878,0.91
11,11,294,1.0,1.0
11,11,295,1.0,1.0
11,11,296,1.0,1.0
11,11,297,1.0,1.0
11,11,298,1.0,1.0
11,11,299,1.0,1.0
11,11,300,1.0,1.0
12,12,0,0.508,0.6
12,12,1,0.533,0.45
12,12,2,0.545,0.46
12,12,3,0.617,0.44
12,12,4,0.617,0.46
12,12,5,0.641,0.43
12,12,6,0.688,0.43
12,12,7,0.708,0.44
12,12,8,0.762,0.5
12,12,9,0.81,0.49
12,12,10,0.686,0.49
12,12,11,0.805,0.55
12,12,12,0.884,0.63
12,12,13,0.94,0.68
12,12,14,0.979,0.78
12,12,15,0.996,0.86
12,12,16,0.999,0.97
12,12,17,1.0,1.0
12,12,18,1.0,1.0
12,12,19,1.0,1.0
12,12,20,1.0,1.0
12,12,21,1.0,1.0
12,12,22,1.0,1.0
12,12,23,1.0,1.0
12,12,24,1.0,1.0
12,12,25,1.0,1.0
12,12,26,1.0,1.0
12,12,27,1.0,1.0
12,12,28,1.0,1.0
12,12,29,1.0,1.0
12,12,30,1.0,1.0
12,12,31,1.0,1.0
12,12,32,1.0,1.0
12,12,33,1.0,1.0
12,12,34,1.0,1.0
12,12,35,1.0,1.0
12,12,36,1.0,1.0
12,12,37,1.0,1.0
12,12,38,1.0,1.0
12,12,39,1.0,1.0
12,12,40,1.0,1.0
12,12,41,1.0,1.0
12,12,42,1.0,1.0
12,12,43,1.0,1.0
12,12,44,1.0,1.0
12,12,45,1.0,1.0
12,12,46,1.0,1.0
12,12,47,1.0,1.0
12,12,48,1.0,1.0
12,12,49,1.0,1.0
12,12,50,1.0,1.0
12,12,51,1.0,1.0
12,12,52,1.0,1.0
12,12,53,1.0,1.0
12,12,54,1.0,1.0
12,12,55,1.0,1.0
12,12,56,1.0,1.0
12,12,57,1.0,1.0
12,12,58,1.0,1.0
12,12,59,1.0,1.0
12,12,60,1.0,1.0
12,12,61,1.0,1.0
12,12,62,1.0,1.0
12,12,63,1.0,1.0
12,12,64,1.0,1.0
12,12,65,1.0,1.0
12,12,66,1.0,1.0
12,12,67,1.0,1.0
12,12,68,1.0,1.0
12,12,69,1.0,1.0
12,12,70,1.0,1.0
12,12,71,1.0,1.0
12,12,72,1.0,1.0
12,12,73,1.0,1.0
12,12,74,1.0,1.0
12,12,75,1.0,1.0
12,12,76,1.0,1.0
12,12,77,1.0,1.0
12,12,78,1.0,1.0
12,12,79,1.0,1.0
12,12,80,1.0,1.0
12,12,81,1.0,1.0
12,12,82,1.0,1.0
12,12,83,1.0,1.0
12,12,84,1.0,1.0
12,12,85,1.0,1.0
12,12,86,0.985,0.97
12,12,87,1.0,1.0
12,12,88,1.0,1.0
12,12,89,1.0,1.0
12,12,90,1.0,1.0
12,12,91,0.99,0.99
12,12,92,1.0,1.0
12,12,93,1.0,1.0
12,12,94,1.0,1.0
12,12,95,1.0,1.0
12,12,96,1.0,1.0
12,12,97,1.0,1.0
12,12,98,1.0,1.0
12,12,99,1.0,1.0
12,12,100,1.0,1.0
12,12,101,1.0,1.0
12,12,102,1.0,1.0
12,12,103,1.0,1.0
12,12,104,1.0,1.0
12,12,105,1.0,1.0
12,12,106,1.0,1.0
12,12,107,1.0,1.0
12,12,108,1.0,1.0
12,12,109,1.0,1.0
12,12,110,1.0,1.0
12,12,111,1.0,1.0
12,12,112,1.0,1.0
12,12,113,1.0,1.0
12,12,114,1.0,1.0
12,12,115,1.0,1.0
12,12,116,1.0,1.0
12,12,117,1.0,1.0
12,12,118,1.0,1.0
12,12,119,1.0,1.0
12,12,120,1.0,1.0
12,12,121,1.0,1.0
12,12,122,1.0,1.0
12,12,123,1.0,1.0
12,12,124,1.0,1.0
12,12,125,1.0,1.0
12,12,126,1.0,1.0
12,12,127,1.0,1.0
12,12,128,1.0,1.0
12,12,129,1.0,1.0
12,12,130,1.0,1.0
12,12,131,1.0,1.0
12,12,132,1.0,1.0
12,12,133,1.0,1.0
12,12,134,1.0,1.0
12,12,135,1.0,1.0
12,12,136,1.0,1.0
12,12,137,1.0,1.0
12,12,138,1.0,1.0
12,12,139,1.0,1.0
12,12,140,1.0,1.0
12,12,141,1.0,1.0
12,12,142,1.0,1.0
12,12,143,1.0,1.0
12,12,144,1.0,1.0
12,12,145,1.0,1.0
12,12,146,1.0,1.0
12,12,147,1.0,1.0
12,12,148,1.0,1.0
12,12,149,1.0,1.0
12,12,150,1.0,1.0
12,12,151,1.0,1.0
12,12,152,1.0,1.0
12,12,153,1.0,1.0
12,12,154,1.0,1.0
12,12,155,1.0,1.0
12,12,156,1.0,1.0
12,12,157,1.0,1.0
12,12,158,1.0,1.0
12,12,159,1.0,1.0
12,12,160,1.0,1.0
12,12,161,1.0,1.0
12,12,162,1.0,1.0
12,12,163,1.0,1.0
12,12,164,1.0,1.0
12,12,165,1.0,1.0
12,12,166,1.0,1.0
12,12,167,1.0,1.0
12,12,168,1.0,1.0
12,12,169,1.0,1.0
12,12,170,1.0,1.0
12,12,171,1.0,1.0
12,12,172,1.0,1.0
12,12,173,1.0,1.0
12,12,174,1.0,1.0
12,12,175,1.0,1.0
12,12,176,1.0,1.0
12,12,177,1.0,1.0
12,12,178,1.0,1.0
12,12,179,1.0,1.0
12,12,180,1.0,1.0
12,12,181,1.0,1.0
12,12,182,1.0,1.0
12,12,183,1.0,1.0
12,12,184,1.0,1.0
12,12,185,1.0,1.0
12,12,186,1.0,1.0
12,12,187,1.0,1.0
12,12,188,1.0,1.0
12,12,189,1.0,1.0
12,12,190,1.0,1.0
12,12,191,1.0,1.0
12,12,192,1.0,1.0
12,12,193,1.0,1.0
12,12,194,1.0,1.0
12,12,195,1.0,1.0
12,12,196,1.0,1.0
12,12,197,1.0,1.0
12,12,198,1.0,1.0
12,12,199,1.0,1.0
12,12,200,1.0,1.0
12,12,201,1.0,1.0
12,12,202,1.0,1.0
12,12,203,1.0,1.0
12,12,204,1.0,1.0
12,12,205,1.0,1.0
12,12,206,1.0,1.0
12,12,207,1.0,1.0
12,12,208,1.0,1.0
12,12,209,1.0,1.0
12,12,210,1.0,1.0
12,12,211,1.0,1.0
12,12,212,1.0,1.0
12,12,213,1.0,1.0
12,12,214,1.0,1.0
12,12,215,1.0,1.0
12,12,216,1.0,1.0
12,12,217,1.0,1.0
12,12,218,1.0,1.0
12,12,219,1.0,1.0
12,12,220,1.0,1.0
12,12,221,1.0,1.0
12,12,222,1.0,1.0
12,12,223,1.0,1.0
12,12,224,1.0,1.0
12,12,225,1.0,1.0
12,12,226,1.0,1.0
12,12,227,1.0,1.0
12,12,228,1.0,1.0
12,12,229,1.0,1.0
12,12,230,1.0,1.0
12,12,231,1.0,1.0
12,12,232,1.0,1.0
12,12,233,1.0,1.0
12,12,234,1.0,1.0
12,12,235,1.0,1.0
12,12,236,1.0,1.0
12,12,237,1.0,1.0
12,12,238,1.0,1.0
12,12,239,1.0,1.0
12,12,240,1.0,1.0
12,12,241,1.0,1.0
12,12,242,1.0,1.0
12,12,243,1.0,1.0
12,12,244,1.0,1.0
12,12,245,1.0,1.0
12,12,246,1.0,1.0
12,12,247,1.0,1.0
12,12,248,1.0,1.0
12,12,249,1.0,1.0
12,12,250,1.0,1.0
12,12,251,1.0,1.0
12,12,252,1.0,1.0
12,12,253,1.0,1.0
12,12,254,1.0,1.0
12,12,255,1.0,1.0
12,12,256,1.0,1.0
12,12,257,1.0,1.0
12,12,258,1.0,1.0
12,12,259,1.0,1.0
12,12,260,1.0,1.0
12,12,261,1.0,1.0
12,12,262,1.0,1.0
12,12,263,1.0,1.0
12,12,264,1.0,1.0
12,12,265,1.0,1.0
12,12,266,1.0,1.0
12,12,267,1.0,1.0
12,12,268,1.0,1.0
12,12,269,1.0,1.0
12,12,270,1.0,1.0
12,12,271,1.0,1.0
12,12,272,1.0,1.0
12,12,273,1.0,1.0
12,12,274,1.0,1.0
12,12,275,1.0,1.0
12,12,276,1.0,1.0
12,12,277,1.0,1.0
12,12,278,1.0,1.0
12,12,279,1.0,1.0
12,12,280,1.0,1.0
12,12,281,1.0,1.0
12,12,282,1.0,1.0
12,12,283,1.0,1.0
12,12,284,1.0,1.0
12,12,285,1.0,1.0
12,12,286,1.0,1.0
12,12,287,1.0,1.0
12,12,288,1.0,1.0
12,12,289,1.0,1.0
12,12,290,1.0,1.0
12,12,291,1.0,1.0
12,12,292,1.0,1.0
12,12,293,1.0,1.0
12,12,294,1.0,1.0
12,12,295,1.0,1.0
12,12,296,1.0,1.0
12,12,297,1.0,1.0
12,12,298,1.0,1.0
12,12,299,1.0,1.0
12,12,300,1.0,1.0
13,13,0,0.452,0.53
13,13,1,0.547,0.43
13,13,2,0.619,0.51
13,13,3,0.644,0.49
13,13,4,0.648,0.53
13,13,5,0.671,0.53
13,13,6,0.693,0.54
13,13,7,0.718,0.56
13,13,8,0.745,0.58
13,13,9,0.773,0.56
13,13,10,0.693,0.5
13,13,11,0.797,0.6
13,13,12,0.857,0.7
13,13,13,0.907,0.74
13,13,14,0.96,0.8
13,13,15,0.985,0.89
13,13,16,0.996,0.95
13,13,17,1.0,0.99
13,13,18,1.0,1.0
13,13,19,1.0,1.0
13,13,20,1.0,1.0
13,13,21,1.0,1.0
13,13,22,1.0,1.0
13,13,23,1.0,1.0
13,13,24,1.0,1.0
13,13,25,1.0,1.0
13,13,26,1.0,1.0
13,13,27,1.0,1.0
13,13,28,1.0,1.0
13,13,29,1.0,1.0
13,13,30,1.0,1.0
13,13,31,1.0,1.0
13,13,32,1.0,1.0
13,13,33,1.0,1.0
13,13,34,1.0,1.0
13,13,35,1.0,1.0
13,13,36,1.0,1.0
13,13,37,1.0,1.0
13,13,38,1.0,1.0
13,13,39,1.0,1.0
13,13,40,1.0,1.0
13,13,41,1.0,1.0
13,13,42,1.0,1.0
13,13,43,1.0,1.0
13,13,44,1.0,1.0
13,13,45,1.0,1.0
13,13,46,1.0,1.0
13,13,47,1.0,1.0
13,13,48,1.0,1.0
13,13,49,1.0,1.0
13,13,50,1.0,1.0
13,13,51,1.0,1.0
13,13,52,1.0,1.0
13,13,53,1.0,1.0
13,13,54,1.0,1.0
13,13,55,1.0,1.0
13,13,56,1.0,1.0
13,13,57,1.0,1.0
13,13,58,1.0,1.0
13,13,59,1.0,1.0
13,13,60,1.0,1.0
13,13,61,1.0,1.0
13,13,62,1.0,1.0
13,13,63,1.0,1.0
13,13,64,1.0,1.0
13,13,65,1.0,1.0
13,13,66,1.0,1.0
13,13,67,1.0,1.0
13,13,68,1.0,1.0
13,13,69,1.0,1.0
13,13,70,1.0,1.0
13,13,71,1.0,1.0
13,13,72,1.0,1.0
13,13,73,1.0,1.0
13,13,74,1.0,1.0
13,13,75,1.0,1.0
13,13,76,1.0,1.0
13,13,77,1.0,1.0
13,13,78,1.0,1.0
13,13,79,1.0,1.0
13,13,80,1.0,1.0
13,13,81,1.0,1.0
13,13,82,1.0,1.0
13,13,83,1.0,1.0
13,13,84,1.0,1.0
13,13,85,1.0,1.0
13,13,86,1.0,1.0
13,13,87,1.0,1.0
13,13,88,1.0,1.0
13,13,89,1.0,1.0
13,13,90,1.0,1.0
13,13,91,1.0,1.0
13,13,92,1.0,1.0
13,13,93,1.0,1.0
13,13,94,1.0,1.0
13,13,95,1.0,1.0
13,13,96,1.0,1.0
13,13,97,1.0,1.0
13,13,98,1.0,1.0
13,13,99,1.0,1.0
13,13,100,1.0,1.0
13,13,101,1.0,1.0
13,13,102,1.0,1.0
13,13,103,1.0,1.0
13,13,104,1.0,1.0
13,13,105,1.0,1.0
13,13,106,1.0,1.0
13,13,107,1.0,1.0
13,13,108,1.0,1.0
13,13,109,1.0,1.0
13,13,110,1.0,1.0
13,13,111,1.0,1.0
13,13,112,1.0,1.0
13,13,113,1.0,1.0
13,13,114,1.0,1.0
13,13,115,1.0,1.0
13,13,116,1.0,1.0
13,13,117,1.0,1.0
13,13,118,1.0,1.0
13,13,119,1.0,1.0
13,13,120,1.0,1.0
13,13,121,1.0,1.0
13,13,122,1.0,1.0
13,13,123,1.0,1.0
13,13,124,1.0,1.0
13,13,125,1.0,1.0
13,13,126,1.0,1.0
13,13,127,1.0,1.0
13,13,128,1.0,1.0
13,13,129,1.0,1.0
13,13,130,1.0,1.0
13,13,131,1.0,1.0
13,13,132,1.0,1.0
13,13,133,1.0,1.0
13,13,134,1.0,1.0
13,13,135,1.0,1.0
13,13,136,1.0,1.0
13,13,137,1.0,1.0
13,13,138,1.0,1.0
13,13,139,1.0,1.0
13,13,140,1.0,1.0
13,13,141,1.0,1.0
13,13,142,1.0,1.0
13,13,143,1.0,1.0
13,13,144,1.0,1.0
13,13,145,1.0,1.0
13,13,146,1.0,1.0
13,13,147,1.0,1.0
13,13,148,1.0,1.0
13,13,149,1.0,1.0
13,13,150,1.0,1.0
13,13,151,1.0,1.0
13,13,152,1.0,1.0
13,13,153,1.0,1.0
13,13,154,1.0,1.0
13,13,155,1.0,1.0
13,13,156,1.0,1.0
13,13,157,1.0,1.0
13,13,158,1.0,1.0
13,13,159,1.0,1.0
13,13,160,1.0,1.0
13,13,161,1.0,1.0
13,13,162,1.0,1.0
13,13,163,1.0,1.0
13,13,164,1.0,1.0
13,13,165,1.0,1.0
13,13,166,1.0,1.0
13,13,167,1.0,1.0
13,13,168,1.0,1.0
13,13,169,1.0,1.0
13,13,170,1.0,1.0
13,13,171,1.0,1.0
13,13,172,1.0,1.0
13,13,173,1.0,1.0
13,13,174,1.0,1.0
13,13,175,1.0,1.0
13,13,176,1.0,1.0
13,13,177,1.0,1.0
13,13,178,1.0,1.0
13,13,179,1.0,1.0
13,13,180,1.0,1.0
13,13,181,1.0,1.0
13,13,182,1.0,1.0
13,13,183,1.0,1.0
13,13,184,1.0,1.0
13,13,185,1.0,1.0
13,13,186,1.0,1.0
13,13,187,1.0,1.0
13,13,188,1.0,1.0
13,13,189,1.0,1.0
13,13,190,1.0,1.0
13,13,191,1.0,1.0
13,13,192,1.0,1.0
13,13,193,1.0,1.0
13,13,194,1.0,1.0
13,13,195,1.0,1.0
13,13,196,1.0,1.0
13,13,197,1.0,1.0
13,13,198,1.0,1.0
13,13,199,1.0,1.0
13,13,200,1.0,1.0
13,13,201,1.0,1.0
13,13,202,1.0,1.0
13,13,203,1.0,1.0
13,13,204,1.0,1.0
13,13,205,1.0,1.0
13,13,206,1.0,1.0
13,13,207,1.0,1.0
13,13,208,1.0,1.0
13,13,209,1.0,1.0
13,13,210,1.0,1.0
13,13,211,1.0,1.0
13,13,212,1.0,1.0
13,13,213,1.0,1.0
13,13,214,1.0,1.0
13,13,215,1.0,1.0
13,13,216,1.0,1.0
13,13,217,1.0,1.0
13,13,218,1.0,1.0
13,13,219,1.0,1.0
13,13,220,1.0,1.0
13,13,221,1.0,1.0
13,13,222,1.0,1.0
13,13,223,1.0,1.0
13,13,224,1.0,1.0
13,13,225,1.0,1.0
13,13,226,1.0,1.0
13,13,227,1.0,1.0
13,13,228,1.0,1.0
13,13,229,1.0,1.0
13,13,230,1.0,1.0
13,13,231,1.0,1.0
13,13,232,1.0,1.0
13,13,233,1.0,1.0
13,13,234,1.0,1.0
13,13,235,1.0,1.0
13,13,236,1.0,1.0
13,13,237,1.0,1.0
13,13,238,1.0,1.0
13,13,239,1.0,1.0
13,13,240,1.0,1.0
13,13,241,1.0,1.0
13,13,242,1.0,1.0
13,13,243,1.0,1.0
13,13,244,1.0,1.0
13,13,245,1.0,1.0
13,13,246,1.0,1.0
13,13,247,1.0,1.0
13,13,248,1.0,1.0
13,13,249,1.0,1.0
13,13,250,1.0,1.0
13,13,251,1.0,1.0
13,13,252,1.0,1.0
13,13,253,1.0,1.0
13,13,254,1.0,1.0
13,13,255,1.0,1.0
13,13,256,1.0,1.0
13,13,257,1.0,1.0
13,13,258,1.0,1.0
13,13,259,1.0,1.0
13,13,260,1.0,1.0
13,13,261,1.0,1.0
13,13,262,1.0,1.0
13,13,263,1.0,1.0
13,13,264,1.0,1.0
13,13,265,1.0,1.0
13,13,266,1.0,1.0
13,13,267,1.0,1.0
13,13,268,1.0,1.0
13,13,269,1.0,1.0
13,13,270,1.0,1.0
13,13,271,1.0,1.0
13,13,272,1.0,1.0
13,13,273,1.0,1.0
13,13,274,1.0,1.0
13,13,275,1.0,1.0
13,13,276,1.0,1.0
13,13,277,1.0,1.0
13,13,278,1.0,1.0
13,13,279,1.0,1.0
13,13,280,1.0,1.0
13,13,281,1.0,1.0
13,13,282,1.0,1.0
13,13,283,1.0,1.0
13,13,284,1.0,1.0
13,13,285,1.0,1.0
13,13,286,1.0,1.0
13,13,287,1.0,1.0
13,13,288,1.0,1.0
13,13,289,1.0,1.0
13,13,290,1.0,1.0
13,13,291,1.0,1.0
13,13,292,1.0,1.0
13,13,293,1.0,1.0
13,13,294,1.0,1.0
13,13,295,1.0,1.0
13,13,296,0.992,1.0
13,13,297,1.0,1.0
13,13,298,1.0,1.0
13,13,299,1.0,1.0
13,13,300,1.0,1.0
14,14,0,0.508,0.46
14,14,1,0.576,0.51
14,14,2,0.611,0.48
14,14,3,0.651,0.5
14,14,4,0.674,0.49
14,14,5,0.703,0.51
14,14,6,0.728,0.51
14,14,7,0.763,0.51
14,14,8,0.792,0.58
14,14,9,0.828,0.63
14,14,10,0.733,0.53
14,14,11,0.825,0.63
14,14,12,0.849,0.64
14,14,13,0.888,0.71
14,14,14,0.92,0.74
14,14,15,0.954,0.78
14,14,16,0.978,0.82
14,14,17,0.999,0.91
14,14,18,1.0,0.98
14,14,19,1.0,0.99
14,14,20,1.0,1.0
14,14,21,1.0,1.0
14,14,22,1.0,1.0
14,14,23,1.0,1.0
14,14,24,1.0,1.0
14,14,25,1.0,1.0
14,14,26,1.0,1.0
14,14,27,1.0,1.0
14,14,28,1.0,1.0
14,14,29,1.0,1.0
14,14,30,1.0,1.0
14,14,31,1.0,1.0
14,14,32,1.0,1.0
14,14,33,1.0,1.0
14,14,34,1.0,1.0
14,14,35,1.0,1.0
14,14,36,1.0,1.0
14,14,37,1.0,1.0
14,14,38,1.0,1.0
14,14,39,1.0,1.0
14,14,40,1.0,1.0
14,14,41,1.0,1.0
14,14,42,1.0,1.0
14,14,43,1.0,1.0
14,14,44,1.0,1.0
14,14,45,1.0,1.0
14,14,46,1.0,1.0
14,14,47,1.0,1.0
14,14,48,1.0,1.0
14,14,49,1.0,1.0
14,14,50,1.0,1.0
14,14,51,1.0,1.0
14,14,52,1.0,1.0
14,14,53,1.0,1.0
14,14,54,1.0,1.0
14,14,55,1.0,1.0
14,14,56,1.0,1.0
14,14,57,1.0,1.0
14,14,58,1.0,1.0
14,14,59,1.0,1.0
14,14,60,1.0,1.0
14,14,61,1.0,1.0
14,14,62,1.0,1.0
14,14,63,1.0,1.0
14,14,64,1.0,1.0
14,14,65,1.0,1.0
14,14,66,1.0,1.0
14,14,67,1.0,1.0
14,14,68,1.0,1.0
14,14,69,1.0,1.0
14,14,70,1.0,1.0
14,14,71,1.0,1.0
14,14,72,1.0,1.0
14,14,73,1.0,1.0
14,14,74,1.0,1.0
14,14,75,1.0,1.0
14,14,76,1.0,1.0
14,14,77,1.0,1.0
14,14,78,1.0,1.0
14,14,79,1.0,1.0
14,14,80,1.0,1.0
14,14,81,1.0,1.0
14,14,82,1.0,1.0
14,14,83,1.0,1.0
14,14,84,1.0,1.0
14,14,85,1.0,1.0
14,14,86,1.0,1.0
14,14,87,1.0,1.0
14,14,88,1.0,1.0
14,14,89,1.0,1.0
14,14,90,1.0,1.0
14,14,91,1.0,1.0
14,14,92,1.0,1.0
14,14,93,1.0,1.0
14,14,94,1.0,1.0
14,14,95,1.0,1.0
14,14,96,1.0,1.0
14,14,97,1.0,1.0
14,14,98,1.0,1.0
14,14,99,1.0,1.0
14,14,100,1.0,1.0
14,14,101,1.0,1.0
14,14,102,1.0,1.0
14,14,103,1.0,1.0
14,14,104,1.0,1.0
14,14,105,1.0,1.0
14,14,106,1.0,1.0
14,14,107,1.0,1.0
14,14,108,1.0,1.0
14,14,109,1.0,1.0
14,14,110,1.0,1.0
14,14,111,1.0,1.0
14,14,112,1.0,1.0
14,14,113,1.0,1.0
14,14,114,1.0,1.0
14,14,115,1.0,1.0
14,14,116,1.0,1.0
14,14,117,1.0,1.0
14,14,118,1.0,1.0
14,14,119,1.0,1.0
14,14,120,1.0,1.0
14,14,121,1.0,1.0
14,14,122,1.0,1.0
14,14,123,1.0,1.0
14,14,124,1.0,1.0
14,14,125,1.0,1.0
14,14,126,1.0,1.0
14,14,127,1.0,1.0
14,14,128,1.0,1.0
14,14,129,1.0,1.0
14,14,130,1.0,1.0
14,14,131,1.0,1.0
14,14,132,1.0,1.0
14,14,133,1.0,1.0
14,14,134,1.0,1.0
14,14,135,1.0,1.0
14,14,136,1.0,1.0
14,14,137,1.0,1.0
14,14,138,1.0,1.0
14,14,139,1.0,1.0
14,14,140,1.0,1.0
14,14,141,1.0,1.0
14,14,142,1.0,1.0
14,14,143,1.0,1.0
14,14,144,1.0,1.0
14,14,145,1.0,1.0
14,14,146,1.0,1.0
14,14,147,1.0,1.0
14,14,148,1.0,1.0
14,14,149,1.0,1.0
14,14,150,1.0,1.0
14,14,151,1.0,1.0
14,14,152,1.0,1.0
14,14,153,1.0,1.0
14,14,154,1.0,1.0
14,14,155,1.0,1.0
14,14,156,1.0,1.0
14,14,157,1.0,1.0
14,14,158,1.0,1.0
14,14,159,1.0,1.0
14,14,160,1.0,1.0
14,14,161,1.0,1.0
14,14,162,1.0,1.0
14,14,163,1.0,1.0
14,14,164,1.0,1.0
14,14,165,1.0,1.0
14,14,166,1.0,1.0
14,14,167,1.0,1.0
14,14,168,1.0,1.0
14,14,169,1.0,1.0
14,14,170,1.0,1.0
14,14,171,1.0,1.0
14,14,172,1.0,1.0
14,14,173,1.0,1.0
14,14,174,1.0,1.0
14,14,175,1.0,1.0
14,14,176,1.0,1.0
14,14,177,1.0,1.0
14,14,178,1.0,1.0
14,14,179,1.0,1.0
14,14,180,1.0,1.0
14,14,181,1.0,1.0
14,14,182,1.0,1.0
14,14,183,1.0,1.0
14,14,184,1.0,1.0
14,14,185,1.0,1.0
14,14,186,1.0,1.0
14,14,187,1.0,1.0
14,14,188,1.0,1.0
14,14,189,1.0,1.0
14,14,190,1.0,1.0
14,14,191,1.0,1.0
14,14,192,0.915,0.91
14,14,193,1.0,1.0
14,14,194,1.0,1.0
14,14,195,0.997,1.0
14,14,196,1.0,1.0
14,14,197,1.0,1.0
14,14,198,1.0,1.0
14,14,199,1.0,1.0
14,14,200,1.0,1.0
14,14,201,1.0,1.0
14,14,202,1.0,1.0
14,14,203,1.0,1.0
14,14,204,1.0,1.0
14,14,205,1.0,1.0
14,14,206,1.0,1.0
14,14,207,1.0,1.0
14,14,208,1.0,1.0
14,14,209,1.0,1.0
14,14,210,0.937,0.93
14,14,211,1.0,1.0
14,14,212,1.0,1.0
14,14,213,1.0,1.0
14,14,214,1.0,1.0
14,14,215,1.0,1.0
14,14,216,1.0,1.0
14,14,217,1.0,1.0
14,14,218,1.0,1.0
14,14,219,1.0,1.0
14,14,220,1.0,1.0
14,14,221,1.0,1.0
14,14,222,1.0,1.0
14,14,223,1.0,1.0
14,14,224,1.0,1.0
14,14,225,1.0,1.0
14,14,226,1.0,1.0
14,14,227,1.0,1.0
14,14,228,1.0,1.0
14,14,229,1.0,1.0
14,14,230,1.0,1.0
14,14,231,1.0,1.0
14,14,232,1.0,1.0
14,14,233,1.0,1.0
14,14,234,1.0,1.0
14,14,235,1.0,1.0
14,14,236,1.0,1.0
14,14,237,1.0,1.0
14,14,238,1.0,1.0
14,14,239,1.0,1.0
14,14,240,1.0,1.0
14,14,241,1.0,1.0
14,14,242,1.0,1.0
14,14,243,1.0,1.0
14,14,244,1.0,1.0
14,14,245,1.0,1.0
14,14,246,1.0,1.0
14,14,247,1.0,1.0
14,14,248,1.0,1.0
14,14,249,1.0,1.0
14,14,250,1.0,1.0
14,14,251,1.0,1.0
14,14,252,1.0,1.0
14,14,253,1.0,1.0
14,14,254,1.0,1.0
14,14,255,1.0,1.0
14,14,256,1.0,1.0
14,14,257,1.0,1.0
14,14,258,1.0,1.0
14,14,259,1.0,1.0
14,14,260,1.0,1.0
14,14,261,1.0,1.0
14,14,262,1.0,1.0
14,14,263,1.0,1.0
14,14,264,1.0,1.0
14,14,265,1.0,1.0
14,14,266,1.0,1.0
14,14,267,1.0,1.0
14,14,268,1.0,1.0
14,14,269,1.0,1.0
14,14,270,1.0,1.0
14,14,271,1.0,1.0
14,14,272,1.0,1.0
14,14,273,1.0,1.0
14,14,274,1.0,1.0
14,14,275,1.0,1.0
14,14,276,1.0,1.0
14,14,277,1.0,1.0
14,14,278,1.0,1.0
14,14,279,1.0,1.0
14,14,280,1.0,1.0
14,14,281,1.0,1.0
14,14,282,1.0,1.0
14,14,283,1.0,1.0
14,14,284,1.0,1.0
14,14,285,1.0,1.0
14,14,286,1.0,1.0
14,14,287,1.0,1.0
14,14,288,1.0,1.0
14,14,289,1.0,1.0
14,14,290,1.0,1.0
14,14,291,1.0,1.0
14,14,292,1.0,1.0
14,14,293,1.0,1.0
14,14,294,1.0,1.0
14,14,295,1.0,1.0
14,14,296,1.0,1.0
14,14,297,1.0,1.0
14,14,298,1.0,1.0
14,14,299,1.0,1.0
14,14,300,1.0,1.0
15,15,0,0.5,0.47
15,15,1,0.624,0.46
15,15,2,0.636,0.42
15,15,3,0.661,0.43
15,15,4,0.673,0.45
15,15,5,0.7,0.47
15,15,6,0.719,0.49
15,15,7,0.731,0.48
15,15,8,0.776,0.51
15,15,9,0.811,0.56
15,15,10,0.731,0.57
15,15,11,0.806,0.61
15,15,12,0.859,0.65
15,15,13,0.908,0.71
15,15,14,0.944,0.77
15,15,15,0.98,0.87
15,15,16,0.992,0.93
15,15,17,0.999,0.99
15,15,18,1.0,1.0
15,15,19,1.0,1.0
15,15,20,1.0,1.0
15,15,21,1.0,1.0
15,15,22,1.0,1.0
15,15,23,1.0,1.0
15,15,24,1.0,1.0
15,15,25,1.0,1.0
15,15,26,1.0,1.0
15,15,27,1.0,1.0
15,15,28,1.0,1.0
15,15,29,1.0,1.0
15,15,30,1.0,1.0
15,15,31,1.0,1.0
15,15,32,1.0,1.0
15,15,33,1.0,1.0
15,15,34,1.0,1.0
15,15,35,1.0,1.0
15,15,36,1.0,1.0
15,15,37,1.0,1.0
15,15,38,1.0,1.0
15,15,39,1.0,1.0
15,15,40,1.0,1.0
15,15,41,1.0,1.0
15,15,42,1.0,1.0
15,15,43,1.0,1.0
15,15,44,1.0,1.0
15,15,45,1.0,1.0
15,15,46,1.0,1.0
15,15,47,1.0,1.0
15,15,48,1.0,1.0
15,15,49,1.0,1.0
15,15,50,1.0,1.0
15,15,51,1.0,1.0
15,15,52,1.0,1.0
15,15,53,1.0,1.0
15,15,54,1.0,1.0
15,15,55,1.0,1.0
15,15,56,1.0,1.0
15,15,57,1.0,1.0
15,15,58,1.0,1.0
15,15,59,1.0,1.0
15,15,60,1.0,1.0
15,15,61,1.0,1.0
15,15,62,1.0,1.0
15,15,63,1.0,1.0
15,15,64,1.0,1.0
15,15,65,1.0,1.0
15,15,66,1.0,1.0
15,15,67,1.0,1.0
15,15,68,1.0,1.0
15,15,69,1.0,1.0
15,15,70,1.0,1.0
15,15,71,1.0,1.0
15,15,72,1.0,1.0
15,15,73,1.0,1.0
15,15,74,1.0,1.0
15,15,75,1.0,1.0
15,15,76,1.0,1.0
15,15,77,1.0,1.0
15,15,78,1.0,1.0
15,15,79,1.0,1.0
15,15,80,1.0,1.0
15,15,81,1.0,1.0
15,15,82,1.0,1.0
15,15,83,1.0,1.0
15,15,84,1.0,1.0
15,15,85,1.0,1.0
15,15,86,1.0,1.0
15,15,87,1.0,1.0
15,15,88,1.0,1.0
15,15,89,1.0,1.0
15,15,90,1.0,1.0
15,15,91,1.0,1.0
15,15,92,1.0,1.0
15,15,93,1.0,1.0
15,15,94,1.0,1.0
15,15,95,1.0,1.0
15,15,96,1.0,1.0
15,15,97,1.0,1.0
15,15,98,1.0,1.0
15,15,99,1.0,1.0
15,15,100,1.0,1.0
15,15,101,1.0,1.0
15,15,102,1.0,1.0
15,15,103,1.0,1.0
15,15,104,1.0,1.0
15,15,105,1.0,1.0
15,15,106,1.0,1.0
15,15,107,1.0,1.0
15,15,108,1.0,1.0
15,15,109,1.0,1.0
15,15,110,1.0,1.0
15,15,111,1.0,1.0
15,15,112,1.0,1.0
15,15,113,1.0,1.0
15,15,114,1.0,1.0
15,15,115,1.0,1.0
15,15,116,1.0,1.0
15,15,117,1.0,1.0
15,15,118,1.0,1.0
15,15,119,1.0,1.0
15,15,120,1.0,1.0
15,15,121,1.0,1.0
15,15,122,1.0,1.0
15,15,123,1.0,1.0
15,15,124,1.0,1.0
15,15,125,1.0,1.0
15,15,126,1.0,1.0
15,15,127,1.0,1.0
15,15,128,1.0,1.0
15,15,129,1.0,1.0
15,15,130,1.0,1.0
15,15,131,1.0,1.0
15,15,132,1.0,1.0
15,15,133,1.0,1.0
15,15,134,1.0,1.0
15,15,135,1.0,1.0
15,15,136,1.0,1.0
15,15,137,1.0,1.0
15,15,138,1.0,1.0
15,15,139,1.0,1.0
15,15,140,1.0,1.0
15,15,141,1.0,1.0
15,15,142,1.0,1.0
15,15,143,1.0,1.0
15,15,144,1.0,1.0
15,15,145,1.0,1.0
15,15,146,1.0,1.0
15,15,147,1.0,1.0
15,15,148,1.0,1.0
15,15,149,1.0,1.0
15,15,150,1.0,1.0
15,15,151,1.0,1.0
15,15,152,1.0,1.0
15,15,153,1.0,1.0
15,15,154,1.0,1.0
15,15,155,1.0,1.0
15,15,156,1.0,1.0
15,15,157,1.0,1.0
15,15,158,1.0,1.0
15,15,159,1.0,1.0
15,15,160,1.0,1.0
15,15,161,1.0,1.0
15,15,162,1.0,1.0
15,15,163,1.0,1.0
15,15,164,1.0,1.0
15,15,165,1.0,1.0
15,15,166,1.0,1.0
15,15,167,1.0,1.0
15,15,168,1.0,1.0
15,15,169,1.0,1.0
15,15,170,1.0,1.0
15,15,171,1.0,1.0
15,15,172,1.0,1.0
15,15,173,1.0,1.0
15,15,174,1.0,1.0
15,15,175,1.0,1.0
15,15,176,1.0,1.0
15,15,177,1.0,1.0
15,15,178,1.0,1.0
15,15,179,1.0,1.0
15,15,180,1.0,1.0
15,15,181,1.0,1.0
15,15,182,1.0,1.0
15,15,183,1.0,1.0
15,15,184,1.0,1.0
15,15,185,1.0,1.0
15,15,186,1.0,1.0
15,15,187,1.0,1.0
15,15,188,1.0,1.0
15,15,189,1.0,1.0
15,15,190,1.0,1.0
15,15,191,1.0,1.0
15,15,192,1.0,1.0
15,15,193,1.0,1.0
15,15,194,1.0,1.0
15,15,195,1.0,1.0
15,15,196,1.0,1.0
15,15,197,1.0,1.0
15,15,198,1.0,1.0
15,15,199,1.0,1.0
15,15,200,1.0,1.0
15,15,201,1.0,1.0
15,15,202,1.0,1.0
15,15,203,1.0,1.0
15,15,204,1.0,1.0
15,15,205,1.0,1.0
15,15,206,1.0,1.0
15,15,207,1.0,1.0
15,15,208,1.0,1.0
15,15,209,1.0,1.0
15,15,210,1.0,1.0
15,15,211,1.0,1.0
15,15,212,1.0,1.0
15,15,213,1.0,1.0
15,15,214,0.998,1.0
15,15,215,1.0,1.0
15,15,216,1.0,1.0
15,15,217,1.0,1.0
15,15,218,1.0,1.0
15,15,219,1.0,1.0
15,15,220,1.0,1.0
15,15,221,1.0,1.0
15,15,222,1.0,1.0
15,15,223,1.0,1.0
15,15,224,1.0,1.0
15,15,225,1.0,1.0
15,15,226,1.0,1.0
15,15,227,1.0,1.0
15,15,228,1.0,1.0
15,15,229,1.0,1.0
15,15,230,1.0,1.0
15,15,231,1.0,1.0
15,15,232,1.0,1.0
15,15,233,1.0,1.0
15,15,234,1.0,1.0
15,15,235,1.0,1.0
15,15,236,1.0,1.0
15,15,237,1.0,1.0
15,15,238,1.0,1.0
15,15,239,1.0,1.0
15,15,240,1.0,1.0
15,15,241,1.0,1.0
15,15,242,1.0,1.0
15,15,243,1.0,1.0
15,15,244,1.0,1.0
15,15,245,1.0,1.0
15,15,246,1.0,1.0
15,15,247,1.0,1.0
15,15,248,1.0,1.0
15,15,249,1.0,1.0
15,15,250,1.0,1.0
15,15,251,1.0,1.0
15,15,252,1.0,1.0
15,15,253,1.0,1.0
15,15,254,1.0,1.0
15,15,255,1.0,1.0
15,15,256,1.0,1.0
15,15,257,1.0,1.0
15,15,258,1.0,1.0
15,15,259,1.0,1.0
15,15,260,1.0,1.0
15,15,261,1.0,1.0
15,15,262,1.0,1.0
15,15,263,1.0,1.0
15,15,264,0.893,0.91
15,15,265,1.0,1.0
15,15,266,1.0,1.0
15,15,267,0.996,1.0
15,15,268,1.0,1.0
15,15,269,1.0,1.0
15,15,270,1.0,1.0
15,15,271,1.0,1.0
15,15,272,0.991,0.99
15,15,273,1.0,1.0
15,15,274,1.0,1.0
15,15,275,1.0,1.0
15,15,276,1.0,1.0
15,15,277,1.0,1.0
15,15,278,1.0,1.0
15,15,279,1.0,1.0
15,15,280,1.0,1.0
15,15,281,1.0,1.0
15,15,282,1.0,1.0
15,15,283,1.0,1.0
15,15,284,1.0,1.0
15,15,285,1.0,1.0
15,15,286,1.0,1.0
15,15,287,1.0,1.0
15,15,288,1.0,1.0
15,15,289,1.0,1.0
15,15,290,1.0,1.0
15,15,291,1.0,1.0
15,15,292,1.0,1.0
15,15,293,1.0,1.0
15,15,294,1.0,1.0
15,15,295,1.0,1.0
15,15,296,1.0,1.0
15,15,297,1.0,1.0
15,15,298,1.0,1.0
15,15,299,1.0,1.0
15,15,300,1.0,1.0
16,16,0,0.502,0.47
16,16,1,0.63,0.47
16,16,2,0.629,0.48
16,16,3,0.603,0.54
16,16,4,0.674,0.48
16,16,5,0.742,0.5
16,16,6,0.791,0.53
16,16,7,0.831,0.6
16,16,8,0.851,0.62
16,16,9,0.875,0.66
16,16,10,0.812,0.7
16,16,11,0.892,0.75
16,16,12,0.925,0.78
16,16,13,0.962,0.85
16,16,14,0.995,0.97
16,16,15,1.0,0.98
16,16,16,1.0,0.99
16,16,17,1.0,0.99
16,16,18,1.0,0.99
16,16,19,1.0,0.99
16,16,20,1.0,1.0
16,16,21,1.0,1.0
16,16,22,1.0,1.0
16,16,23,1.0,1.0
16,16,24,1.0,1.0
16,16,25,1.0,1.0
16,16,26,1.0,1.0
16,16,27,1.0,1.0
16,16,28,1.0,1.0
16,16,29,1.0,1.0
16,16,30,1.0,1.0
16,16,31,1.0,1.0
16,16,32,1.0,1.0
16,16,33,1.0,1.0
16,16,34,1.0,1.0
16,16,35,1.0,1.0
16,16,36,1.0,1.0
16,16,37,1.0,1.0
16,16,38,1.0,1.0
16,16,39,1.0,1.0
16,16,40,1.0,1.0
16,16,41,1.0,1.0
16,16,42,1.0,1.0
16,16,43,1.0,1.0
16,16,44,1.0,1.0
16,16,45,1.0,1.0
16,16,46,1.0,1.0
16,16,47,1.0,1.0
16,16,48,1.0,1.0
16,16,49,1.0,1.0
16,16,50,1.0,1.0
16,16,51,1.0,1.0
16,16,52,1.0,1.0
16,16,53,1.0,1.0
16,16,54,1.0,1.0
16,16,55,1.0,1.0
16,16,56,1.0,1.0
16,16,57,1.0,1.0
16,16,58,1.0,1.0
16,16,59,1.0,1.0
16,16,60,1.0,1.0
16,16,61,1.0,1.0
16,16,62,1.0,1.0
16,16,63,1.0,1.0
16,16,64,1.0,1.0
16,16,65,1.0,1.0
16,16,66,1.0,1.0
16,16,67,1.0,1.0
16,16,68,1.0,1.0
16,16,69,1.0,1.0
16,16,70,1.0,1.0
16,16,71,1.0,1.0
16,16,72,1.0,1.0
16,16,73,1.0,1.0
16,16,74,1.0,1.0
16,16,75,1.0,1.0
16,16,76,1.0,1.0
16,16,77,1.0,1.0
16,16,78,1.0,1.0
16,16,79,1.0,1.0
16,16,80,1.0,1.0
16,16,81,1.0,1.0
16,16,82,1.0,1.0
16,16,83,1.0,1.0
16,16,84,1.0,1.0
16,16,85,1.0,1.0
16,16,86,1.0,1.0
16,16,87,1.0,1.0
16,16,88,1.0,1.0
16,16,89,1.0,1.0
16,16,90,1.0,1.0
16,16,91,1.0,1.0
16,16,92,1.0,1.0
16,16,93,1.0,1.0
16,16,94,1.0,1.0
16,16,95,1.0,1.0
16,16,96,1.0,1.0
16,16,97,1.0,1.0
16,16,98,1.0,1.0
16,16,99,1.0,1.0
16,16,100,1.0,1.0
16,16,101,1.0,1.0
16,16,102,1.0,1.0
16,16,103,1.0,1.0
16,16,104,1.0,1.0
16,16,105,1.0,1.0
16,16,106,1.0,1.0
16,16,107,1.0,1.0
16,16,108,1.0,1.0
16,16,109,1.0,1.0
16,16,110,1.0,1.0
16,16,111,1.0,1.0
16,16,112,1.0,1.0
16,16,113,1.0,1.0
16,16,114,1.0,1.0
16,16,115,1.0,1.0
16,16,116,1.0,1.0
16,16,117,1.0,1.0
16,16,118,1.0,1.0
16,16,119,1.0,1.0
16,16,120,1.0,1.0
16,16,121,1.0,1.0
16,16,122,1.0,1.0
16,16,123,1.0,1.0
16,16,124,1.0,1.0
16,16,125,1.0,1.0
16,16,126,1.0,1.0
16,16,127,1.0,1.0
16,16,128,1.0,1.0
16,16,129,1.0,1.0
16,16,130,1.0,1.0
16,16,131,1.0,1.0
16,16,132,1.0,1.0
16,16,133,1.0,1.0
16,16,134,1.0,1.0
16,16,135,1.0,1.0
16,16,136,1.0,1.0
16,16,137,1.0,1.0
16,16,138,1.0,1.0
16,16,139,0.981,1.0
16,16,140,1.0,1.0
16,16,141,1.0,1.0
16,16,142,1.0,1.0
16,16,143,1.0,1.0
16,16,144,1.0,1.0
16,16,145,1.0,1.0
16,16,146,1.0,1.0
16,16,147,1.0,1.0
16,16,148,1.0,1.0
16,16,149,1.0,1.0
16,16,150,1.0,1.0
16,16,151,1.0,1.0
16,16,152,1.0,1.0
16,16,153,1.0,1.0
16,16,154,1.0,1.0
16,16,155,1.0,1.0
16,16,156,1.0,1.0
16,16,157,1.0,1.0
16,16,158,1.0,1.0
16,16,159,1.0,1.0
16,16,160,1.0,1.0
16,16,161,0.995,1.0
16,16,162,1.0,1.0
16,16,163,1.0,1.0
16,16,164,1.0,1.0
16,16,165,0.97,0.99
16,16,166,1.0,1.0
16,16,167,1.0,1.0
16,16,168,1.0,1.0
16,16,169,1.0,1.0
16,16,170,1.0,1.0
16,16,171,1.0,1.0
16,16,172,1.0,1.0
16,16,173,1.0,1.0
16,16,174,1.0,1.0
16,16,175,1.0,1.0
16,16,176,1.0,1.0
16,16,177,1.0,1.0
16,16,178,0.998,1.0
16,16,179,1.0,1.0
16,16,180,1.0,1.0
16,16,181,1.0,1.0
16,16,182,1.0,1.0
16,16,183,1.0,1.0
16,16,184,1.0,1.0
16,16,185,1.0,1.0
16,16,186,1.0,1.0
16,16,187,1.0,1.0
16,16,188,1.0,1.0
16,16,189,1.0,1.0
16,16,190,1.0,1.0
16,16,191,1.0,1.0
16,16,192,1.0,1.0
16,16,193,1.0,1.0
16,16,194,1.0,1.0
16,16,195,1.0,1.0
16,16,196,1.0,1.0
16,16,197,1.0,1.0
16,16,198,1.0,1.0
16,16,199,1.0,1.0
16,16,200,1.0,1.0
16,16,201,1.0,1.0
16,16,202,1.0,1.0
16,16,203,1.0,1.0
16,16,204,1.0,1.0
16,16,205,1.0,1.0
16,16,206,1.0,1.0
16,16,207,1.0,1.0
16,16,208,1.0,1.0
16,16,209,1.0,1.0
16,16,210,1.0,1.0
16,16,211,1.0,1.0
16,16,212,1.0,1.0
16,16,213,1.0,1.0
16,16,214,1.0,1.0
16,16,215,1.0,1.0
16,16,216,1.0,1.0
16,16,217,1.0,1.0
16,16,218,1.0,1.0
16,16,219,1.0,1.0
16,16,220,1.0,1.0
16,16,221,1.0,1.0
16,16,222,1.0,1.0
16,16,223,1.0,1.0
16,16,224,1.0,1.0
16,16,225,1.0,1.0
16,16,226,1.0,1.0
16,16,227,1.0,1.0
16,16,228,1.0,1.0
16,16,229,1.0,1.0
16,16,230,1.0,1.0
16,16,231,1.0,1.0
16,16,232,1.0,1.0
16,16,233,1.0,1.0
16,16,234,1.0,1.0
16,16,235,1.0,1.0
16,16,236,1.0,1.0
16,16,237,1.0,1.0
16,16,238,1.0,1.0
16,16,239,1.0,1.0
16,16,240,1.0,1.0
16,16,241,1.0,1.0
16,16,242,1.0,1.0
16,16,243,1.0,1.0
16,16,244,1.0,1.0
16,16,245,1.0,1.0
16,16,246,1.0,1.0
16,16,247,1.0,1.0
16,16,248,1.0,1.0
16,16,249,1.0,1.0
16,16,250,1.0,1.0
16,16,251,1.0,1.0
16,16,252,1.0,1.0
16,16,253,1.0,1.0
16,16,254,1.0,1.0
16,16,255,1.0,1.0
16,16,256,1.0,1.0
16,16,257,1.0,1.0
16,16,258,1.0,1.0
16,16,259,1.0,1.0
16,16,260,1.0,1.0
16,16,261,1.0,1.0
16,16,262,1.0,1.0
16,16,263,1.0,1.0
16,16,264,1.0,1.0
16,16,265,1.0,1.0
16,16,266,1.0,1.0
16,16,267,1.0,1.0
16,16,268,1.0,1.0
16,16,269,1.0,1.0
16,16,270,1.0,1.0
16,16,271,1.0,1.0
16,16,272,1.0,1.0
16,16,273,1.0,1.0
16,16,274,1.0,1.0
16,16,275,1.0,1.0
16,16,276,1.0,1.0
16,16,277,1.0,1.0
16,16,278,1.0,1.0
16,16,279,1.0,1.0
16,16,280,1.0,1.0
16,16,281,1.0,1.0
16,16,282,1.0,1.0
16,16,283,1.0,1.0
16,16,284,1.0,1.0
16,16,285,1.0,1.0
16,16,286,1.0,1.0
16,16,287,1.0,1.0
16,16,288,1.0,1.0
16,16,289,1.0,1.0
16,16,290,1.0,1.0
16,16,291,1.0,1.0
16,16,292,1.0,1.0
16,16,293,1.0,1.0
16,16,294,1.0,1.0
16,16,295,1.0,1.0
16,16,296,1.0,1.0
16,16,297,1.0,1.0
16,16,298,1.0,1.0
16,16,299,1.0,1.0
16,16,300,1.0,1.0
17,17,0,0.496,0.57
17,17,1,0.518,0.55
17,17,2,0.619,0.5
17,17,3,0.647,0.51
17,17,4,0.677,0.52
17,17,5,0.704,0.51
17,17,6,0.745,0.56
17,17,7,0.777,0.6
17,17,8,0.808,0.61
17,17,9,0.838,0.62
17,17,10,0.767,0.54
17,17,11,0.873,0.65
17,17,12,0.956,0.8
17,17,13,0.99,0.88
17,17,14,1.0,0.97
17,17,15,1.0,0.99
17,17,16,1.0,1.0
17,17,17,1.0,1.0
17,17,18,1.0,1.0
17,17,19,1.0,1.0
17,17,20,1.0,1.0
17,17,21,1.0,1.0
17,17,22,1.0,1.0
17,17,23,1.0,1.0
17,17,24,1.0,1.0
17,17,25,1.0,1.0
17,17,26,1.0,1.0
17,17,27,1.0,1.0
17,17,28,1.0,1.0
17,17,29,1.0,1.0
17,17,30,1.0,1.0
17,17,31,1.0,1.0
17,17,32,1.0,1.0
17,17,33,1.0,1.0
17,17,34,1.0,1.0
17,17,35,1.0,1.0
17,17,36,1.0,1.0
17,17,37,1.0,1.0
17,17,38,1.0,1.0
17,17,39,1.0,1.0
17,17,40,1.0,1.0
17,17,41,1.0,1.0
17,17,42,1.0,1.0
17,17,43,1.0,1.0
17,17,44,1.0,1.0
17,17,45,1.0,1.0
17,17,46,1.0,1.0
17,17,47,1.0,1.0
17,17,48,1.0,1.0
17,17,49,1.0,1.0
17,17,50,1.0,1.0
17,17,51,1.0,1.0
17,17,52,1.0,1.0
17,17,53,1.0,1.0
17,17,54,1.0,1.0
17,17,55,1.0,1.0
17,17,56,1.0,1.0
17,17,57,1.0,1.0
17,17,58,1.0,1.0
17,17,59,1.0,1.0
17,17,60,1.0,1.0
17,17,61,1.0,1.0
17,17,62,1.0,1.0
17,17,63,1.0,1.0
17,17,64,1.0,1.0
17,17,65,1.0,1.0
17,17,66,1.0,1.0
17,17,67,1.0,1.0
17,17,68,1.0,1.0
17,17,69,1.0,1.0
17,17,70,1.0,1.0
17,17,71,1.0,1.0
17,17,72,1.0,1.0
17,17,73,1.0,1.0
17,17,74,1.0,1.0
17,17,75,1.0,1.0
17,17,76,1.0,1.0
17,17,77,1.0,1.0
17,17,78,1.0,1.0
17,17,79,1.0,1.0
17,17,80,1.0,1.0
17,17,81,1.0,1.0
17,17,82,1.0,1.0
17,17,83,1.0,1.0
17,17,84,1.0,1.0
17,17,85,1.0,1.0
17,17,86,1.0,1.0
17,17,87,1.0,1.0
17,17,88,1.0,1.0
17,17,89,1.0,1.0
17,17,90,1.0,1.0
17,17,91,1.0,1.0
17,17,92,1.0,1.0
17,17,93,1.0,1.0
17,17,94,1.0,1.0
17,17,95,1.0,1.0
17,17,96,1.0,1.0
17,17,97,1.0,1.0
17,17,98,1.0,1.0
17,17,99,1.0,1.0
17,17,100,1.0,1.0
17,17,101,1.0,1.0
17,17,102,1.0,1.0
17,17,103,1.0,1.0
17,17,104,1.0,1.0
17,17,105,1.0,1.0
17,17,106,1.0,1.0
17,17,107,1.0,1.0
17,17,108,1.0,1.0
17,17,109,1.0,1.0
17,17,110,1.0,1.0
17,17,111,1.0,1.0
17,17,112,1.0,1.0
17,17,113,1.0,1.0
17,17,114,1.0,1.0
17,17,115,1.0,1.0
17,17,116,1.0,1.0
17,17,117,1.0,1.0
17,17,118,1.0,1.0
17,17,119,1.0,1.0
17,17,120,1.0,1.0
17,17,121,1.0,1.0
17,17,122,1.0,1.0
17,17,123,1.0,1.0
17,17,124,1.0,1.0
17,17,125,1.0,1.0
17,17,126,1.0,1.0
17,17,127,1.0,1.0
17,17,128,1.0,1.0
17,17,129,1.0,1.0
17,17,130,1.0,1.0
17,17,131,1.0,1.0
17,17,132,1.0,1.0
17,17,133,1.0,1.0
17,17,134,1.0,1.0
17,17,135,1.0,1.0
17,17,136,1.0,1.0
17,17,137,1.0,1.0
17,17,138,1.0,1.0
17,17,139,1.0,1.0
17,17,140,1.0,1.0
17,17,141,1.0,1.0
17,17,142,1.0,1.0
17,17,143,1.0,1.0
17,17,144,1.0,1.0
17,17,145,1.0,1.0
17,17,146,1.0,1.0
17,17,147,1.0,1.0
17,17,148,1.0,1.0
17,17,149,1.0,1.0
17,17,150,1.0,1.0
17,17,151,1.0,1.0
17,17,152,1.0,1.0
17,17,153,1.0,1.0
17,17,154,1.0,1.0
17,17,155,1.0,1.0
17,17,156,1.0,1.0
17,17,157,1.0,1.0
17,17,158,1.0,1.0
17,17,159,1.0,1.0
17,17,160,1.0,1.0
17,17,161,1.0,1.0
17,17,162,1.0,1.0
17,17,163,1.0,1.0
17,17,164,1.0,1.0
17,17,165,1.0,1.0
17,17,166,1.0,1.0
17,17,167,1.0,1.0
17,17,168,1.0,1.0
17,17,169,1.0,1.0
17,17,170,1.0,1.0
17,17,171,1.0,1.0
17,17,172,1.0,1.0
17,17,173,1.0,1.0
17,17,174,1.0,1.0
17,17,175,1.0,1.0
17,17,176,1.0,1.0
17,17,177,1.0,1.0
17,17,178,1.0,1.0
17,17,179,1.0,1.0
17,17,180,1.0,1.0
17,17,181,1.0,1.0
17,17,182,1.0,1.0
17,17,183,1.0,1.0
17,17,184,1.0,1.0
17,17,185,1.0,1.0
17,17,186,1.0,1.0
17,17,187,1.0,1.0
17,17,188,1.0,1.0
17,17,189,1.0,1.0
17,17,190,1.0,1.0
17,17,191,1.0,1.0
17,17,192,1.0,1.0
17,17,193,1.0,1.0
17,17,194,1.0,1.0
17,17,195,1.0,1.0
17,17,196,1.0,1.0
17,17,197,1.0,1.0
17,17,198,1.0,1.0
17,17,199,1.0,1.0
17,17,200,1.0,1.0
17,17,201,1.0,1.0
17,17,202,1.0,1.0
17,17,203,1.0,1.0
17,17,204,1.0,1.0
17,17,205,1.0,1.0
17,17,206,1.0,1.0
17,17,207,1.0,1.0
17,17,208,1.0,1.0
17,17,209,1.0,1.0
17,17,210,1.0,1.0
17,17,211,1.0,1.0
17,17,212,1.0,1.0
17,17,213,1.0,1.0
17,17,214,1.0,1.0
17,17,215,1.0,1.0
17,17,216,1.0,1.0
17,17,217,1.0,1.0
17,17,218,1.0,1.0
17,17,219,1.0,1.0
17,17,220,1.0,1.0
17,17,221,1.0,1.0
17,17,222,1.0,1.0
17,17,223,1.0,1.0
17,17,224,1.0,1.0
17,17,225,1.0,1.0
17,17,226,1.0,1.0
17,17,227,1.0,1.0
17,17,228,1.0,1.0
17,17,229,1.0,1.0
17,17,230,1.0,1.0
17,17,231,1.0,1.0
17,17,232,1.0,1.0
17,17,233,1.0,1.0
17,17,234,1.0,1.0
17,17,235,1.0,1.0
17,17,236,1.0,1.0
17,17,237,1.0,1.0
17,17,238,1.0,1.0
17,17,239,1.0,1.0
17,17,240,1.0,1.0
17,17,241,1.0,1.0
17,17,242,1.0,1.0
17,17,243,1.0,1.0
17,17,244,1.0,1.0
17,17,245,1.0,1.0
17,17,246,1.0,1.0
17,17,247,1.0,1.0
17,17,248,1.0,1.0
17,17,249,1.0,1.0
17,17,250,1.0,1.0
17,17,251,1.0,1.0
17,17,252,1.0,1.0
17,17,253,1.0,1.0
17,17,254,1.0,1.0
17,17,255,1.0,1.0
17,17,256,1.0,1.0
17,17,257,1.0,1.0
17,17,258,1.0,1.0
17,17,259,1.0,1.0
17,17,260,1.0,1.0
17,17,261,1.0,1.0
17,17,262,1.0,1.0
17,17,263,1.0,1.0
17,17,264,1.0,1.0
17,17,265,1.0,1.0
17,17,266,1.0,1.0
17,17,267,1.0,1.0
17,17,268,1.0,1.0
17,17,269,1.0,1.0
17,17,270,1.0,1.0
17,17,271,1.0,1.0
17,17,272,1.0,1.0
17,17,273,1.0,1.0
17,17,274,1.0,1.0
17,17,275,1.0,1.0
17,17,276,1.0,1.0
17,17,277,1.0,1.0
17,17,278,1.0,1.0
17,17,279,1.0,1.0
17,17,280,1.0,1.0
17,17,281,1.0,1.0
17,17,282,1.0,1.0
17,17,283,1.0,1.0
17,17,284,1.0,1.0
17,17,285,1.0,1.0
17,17,286,1.0,1.0
17,17,287,1.0,1.0
17,17,288,1.0,1.0
17,17,289,1.0,1.0
17,17,290,1.0,1.0
17,17,291,1.0,1.0
17,17,292,1.0,1.0
17,17,293,1.0,1.0
17,17,294,1.0,1.0
17,17,295,1.0,1.0
17,17,296,1.0,1.0
17,17,297,1.0,1.0
17,17,298,1.0,1.0
17,17,299,1.0,1.0
17,17,300,1.0,1.0
18,18,0,0.522,0.55
18,18,1,0.559,0.51
18,18,2,0.609,0.52
18,18,3,0.643,0.47
18,18,4,0.674,0.53
18,18,5,0.701,0.53
18,18,6,0.723,0.53
18,18,7,0.742,0.5
18,18,8,0.775,0.5
18,18,9,0.795,0.51
18,18,10,0.696,0.54
18,18,11,0.77,0.52
18,18,12,0.817,0.55
18,18,13,0.883,0.63
18,18,14,0.918,0.66
18,18,15,0.957,0.79
18,18,16,0.987,0.84
18,18,17,0.997,0.89
18,18,18,0.999,0.93
18,18,19,1.0,0.98
18,18,20,1.0,0.97
18,18,21,1.0,0.97
18,18,22,1.0,1.0
18,18,23,1.0,1.0
18,18,24,1.0,1.0
18,18,25,1.0,1.0
18,18,26,1.0,1.0
18,18,27,1.0,1.0
18,18,28,1.0,1.0
18,18,29,1.0,1.0
18,18,30,1.0,1.0
18,18,31,1.0,1.0
18,18,32,1.0,1.0
18,18,33,1.0,1.0
18,18,34,1.0,1.0
18,18,35,1.0,1.0
18,18,36,1.0,1.0
18,18,37,1.0,1.0
18,18,38,1.0,1.0
18,18,39,1.0,1.0
18,18,40,1.0,1.0
18,18,41,1.0,1.0
18,18,42,1.0,1.0
18,18,43,1.0,1.0
18,18,44,1.0,1.0
18,18,45,1.0,1.0
18,18,46,1.0,1.0
18,18,47,1.0,1.0
18,18,48,1.0,1.0
18,18,49,1.0,1.0
18,18,50,1.0,1.0
18,18,51,1.0,1.0
18,18,52,1.0,1.0
18,18,53,1.0,1.0
18,18,54,1.0,1.0
18,18,55,1.0,1.0
18,18,56,1.0,1.0
18,18,57,1.0,1.0
18,18,58,1.0,1.0
18,18,59,1.0,1.0
18,18,60,1.0,1.0
18,18,61,1.0,1.0
18,18,62,1.0,1.0
18,18,63,1.0,1.0
18,18,64,1.0,1.0
18,18,65,1.0,1.0
18,18,66,1.0,1.0
18,18,67,1.0,1.0
18,18,68,1.0,1.0
18,18,69,1.0,1.0
18,18,70,1.0,1.0
18,18,71,1.0,1.0
18,18,72,1.0,1.0
18,18,73,1.0,1.0
18,18,74,1.0,1.0
18,18,75,1.0,1.0
18,18,76,1.0,1.0
18,18,77,1.0,1.0
18,18,78,1.0,1.0
18,18,79,1.0,1.0
18,18,80,1.0,1.0
18,18,81,1.0,1.0
18,18,82,1.0,1.0
18,18,83,1.0,1.0
18,18,84,1.0,1.0
18,18,85,1.0,1.0
18,18,86,1.0,1.0
18,18,87,1.0,1.0
18,18,88,1.0,1.0
18,18,89,1.0,1.0
18,18,90,1.0,1.0
18,18,91,1.0,1.0
18,18,92,1.0,1.0
18,18,93,1.0,1.0
18,18,94,1.0,1.0
18,18,95,1.0,1.0
18,18,96,1.0,1.0
18,18,97,1.0,1.0
18,18,98,1.0,1.0
18,18,99,1.0,1.0
18,18,100,1.0,1.0
18,18,101,1.0,1.0
18,18,102,1.0,1.0
18,18,103,1.0,1.0
18,18,104,1.0,1.0
18,18,105,1.0,1.0
18,18,106,1.0,1.0
18,18,107,1.0,1.0
18,18,108,1.0,1.0
18,18,109,1.0,1.0
18,18,110,1.0,1.0
18,18,111,1.0,1.0
18,18,112,1.0,1.0
18,18,113,1.0,1.0
18,18,114,1.0,1.0
18,18,115,1.0,1.0
18,18,116,1.0,1.0
18,18,117,1.0,1.0
18,18,118,1.0,1.0
18,18,119,1.0,1.0
18,18,120,1.0,1.0
18,18,121,1.0,1.0
18,18,122,1.0,1.0
18,18,123,1.0,1.0
18,18,124,1.0,1.0
18,18,125,1.0,1.0
18,18,126,1.0,1.0
18,18,127,1.0,1.0
18,18,128,1.0,1.0
18,18,129,1.0,1.0
18,18,130,1.0,1.0
18,18,131,1.0,1.0
18,18,132,1.0,1.0
18,18,133,1.0,1.0
18,18,134,1.0,1.0
18,18,135,1.0,1.0
18,18,136,1.0,1.0
18,18,137,1.0,1.0
18,18,138,1.0,1.0
18,18,139,1.0,1.0
18,18,140,1.0,1.0
18,18,141,1.0,1.0
18,18,142,1.0,1.0
18,18,143,1.0,1.0
18,18,144,1.0,1.0
18,18,145,1.0,1.0
18,18,146,1.0,1.0
18,18,147,1.0,1.0
18,18,148,1.0,1.0
18,18,149,1.0,1.0
18,18,150,1.0,1.0
18,18,151,1.0,1.0
18,18,152,1.0,1.0
18,18,153,1.0,1.0
18,18,154,1.0,1.0
18,18,155,1.0,1.0
18,18,156,1.0,1.0
18,18,157,1.0,1.0
18,18,158,1.0,1.0
18,18,159,1.0,1.0
18,18,160,1.0,1.0
18,18,161,1.0,1.0
18,18,162,1.0,1.0
18,18,163,1.0,1.0
18,18,164,1.0,1.0
18,18,165,1.0,1.0
18,18,166,1.0,1.0
18,18,167,1.0,1.0
18,18,168,1.0,1.0
18,18,169,1.0,1.0
18,18,170,1.0,1.0
18,18,171,1.0,1.0
18,18,172,1.0,1.0
18,18,173,1.0,1.0
18,18,174,1.0,1.0
18,18,175,1.0,1.0
18,18,176,1.0,1.0
18,18,177,1.0,1.0
18,18,178,1.0,1.0
18,18,179,1.0,1.0
18,18,180,1.0,1.0
18,18,181,1.0,1.0
18,18,182,1.0,1.0
18,18,183,1.0,1.0
18,18,184,1.0,1.0
18,18,185,1.0,1.0
18,18,186,1.0,1.0
18,18,187,1.0,1.0
18,18,188,1.0,1.0
18,18,189,1.0,1.0
18,18,190,1.0,1.0
18,18,191,1.0,1.0
18,18,192,1.0,1.0
18,18,193,1.0,1.0
18,18,194,1.0,1.0
18,18,195,1.0,1.0
18,18,196,1.0,1.0
18,18,197,1.0,1.0
18,18,198,1.0,1.0
18,18,199,1.0,1.0
18,18,200,1.0,1.0
18,18,201,1.0,1.0
18,18,202,1.0,1.0
18,18,203,1.0,1.0
18,18,204,1.0,1.0
18,18,205,1.0,1.0
18,18,206,1.0,1.0
18,18,207,1.0,1.0
18,18,208,1.0,1.0
18,18,209,1.0,1.0
18,18,210,1.0,1.0
18,18,211,1.0,1.0
18,18,212,1.0,1.0
18,18,213,1.0,1.0
18,18,214,1.0,1.0
18,18,215,1.0,1.0
18,18,216,1.0,1.0
18,18,217,1.0,1.0
18,18,218,1.0,1.0
18,18,219,1.0,1.0
18,18,220,1.0,1.0
18,18,221,1.0,1.0
18,18,222,1.0,1.0
18,18,223,1.0,1.0
18,18,224,1.0,1.0
18,18,225,1.0,1.0
18,18,226,1.0,1.0
18,18,227,1.0,1.0
18,18,228,1.0,1.0
18,18,229,1.0,1.0
18,18,230,1.0,1.0
18,18,231,1.0,1.0
18,18,232,1.0,1.0
18,18,233,1.0,1.0
18,18,234,1.0,1.0
18,18,235,1.0,1.0
18,18,236,1.0,1.0
18,18,237,1.0,1.0
18,18,238,1.0,1.0
18,18,239,1.0,1.0
18,18,240,1.0,1.0
18,18,241,1.0,1.0
18,18,242,1.0,1.0
18,18,243,1.0,1.0
18,18,244,1.0,1.0
18,18,245,1.0,1.0
18,18,246,1.0,1.0
18,18,247,1.0,1.0
18,18,248,1.0,1.0
18,18,249,1.0,1.0
18,18,250,1.0,1.0
18,18,251,1.0,1.0
18,18,252,1.0,1.0
18,18,253,1.0,1.0
18,18,254,1.0,1.0
18,18,255,1.0,1.0
18,18,256,1.0,1.0
18,18,257,1.0,1.0
18,18,258,1.0,1.0
18,18,259,1.0,1.0
18,18,260,1.0,1.0
18,18,261,1.0,1.0
18,18,262,1.0,1.0
18,18,263,1.0,1.0
18,18,264,1.0,1.0
18,18,265,1.0,1.0
18,18,266,1.0,1.0
18,18,267,1.0,1.0
18,18,268,1.0,1.0
18,18,269,1.0,1.0
18,18,270,1.0,1.0
18,18,271,1.0,1.0
18,18,272,1.0,1.0
18,18,273,1.0,1.0
18,18,274,1.0,1.0
18,18,275,1.0,1.0
18,18,276,1.0,1.0
18,18,277,1.0,1.0
18,18,278,1.0,1.0
18,18,279,1.0,1.0
18,18,280,1.0,1.0
18,18,281,1.0,1.0
18,18,282,1.0,1.0
18,18,283,1.0,1.0
18,18,284,1.0,1.0
18,18,285,1.0,1.0
18,18,286,1.0,1.0
18,18,287,1.0,1.0
18,18,288,1.0,1.0
18,18,289,1.0,1.0
18,18,290,1.0,1.0
18,18,291,1.0,1.0
18,18,292,1.0,1.0
18,18,293,1.0,1.0
18,18,294,1.0,1.0
18,18,295,1.0,1.0
18,18,296,1.0,1.0
18,18,297,1.0,1.0
18,18,298,1.0,1.0
18,18,299,1.0,1.0
18,18,300,1.0,1.0
19,19,0,0.524,0.52
19,19,1,0.527,0.58
19,19,2,0.627,0.58
19,19,3,0.65,0.55
19,19,4,0.658,0.54
19,19,5,0.692,0.54
19,19,6,0.716,0.57
19,19,7,0.745,0.58
19,19,8,0.79,0.59
19,19,9,0.82,0.58
19,19,10,0.736,0.58
19,19,11,0.843,0.65
19,19,12,0.901,0.74
19,19,13,0.951,0.88
19,19,14,0.997,0.97
19,19,15,1.0,1.0
19,19,16,1.0,1.0
19,19,17,1.0,1.0
19,19,18,1.0,1.0
19,19,19,1.0,1.0
19,19,20,1.0,1.0
19,19,21,1.0,1.0
19,19,22,1.0,1.0
19,19,23,1.0,1.0
19,19,24,1.0,1.0
19,19,25,1.0,1.0
19,19,26,1.0,1.0
19,19,27,1.0,1.0
19,19,28,1.0,1.0
19,19,29,1.0,1.0
19,19,30,1.0,1.0
19,19,31,1.0,1.0
19,19,32,1.0,1.0
19,19,33,1.0,1.0
19,19,34,1.0,1.0
19,19,35,1.0,1.0
19,19,36,1.0,1.0
19,19,37,1.0,1.0
19,19,38,1.0,1.0
19,19,39,1.0,1.0
19,19,40,1.0,1.0
19,19,41,1.0,1.0
19,19,42,1.0,1.0
19,19,43,1.0,1.0
19,19,44,1.0,1.0
19,19,45,1.0,1.0
19,19,46,1.0,1.0
19,19,47,1.0,1.0
19,19,48,1.0,1.0
19,19,49,1.0,1.0
19,19,50,1.0,1.0
19,19,51,1.0,1.0
19,19,52,1.0,1.0
19,19,53,1.0,1.0
19,19,54,1.0,1.0
19,19,55,1.0,1.0
19,19,56,1.0,1.0
19,19,57,1.0,1.0
19,19,58,1.0,1.0
19,19,59,1.0,1.0
19,19,60,1.0,1.0
19,19,61,1.0,1.0
19,19,62,1.0,1.0
19,19,63,1.0,1.0
19,19,64,1.0,1.0
19,19,65,1.0,1.0
19,19,66,1.0,1.0
19,19,67,1.0,1.0
19,19,68,1.0,1.0
19,19,69,1.0,1.0
19,19,70,1.0,1.0
19,19,71,1.0,1.0
19,19,72,1.0,1.0
19,19,73,1.0,1.0
19,19,74,1.0,1.0
19,19,75,1.0,1.0
19,19,76,1.0,1.0
19,19,77,1.0,1.0
19,19,78,1.0,1.0
19,19,79,1.0,1.0
19,19,80,1.0,1.0
19,19,81,1.0,1.0
19,19,82,1.0,1.0
19,19,83,1.0,1.0
19,19,84,1.0,1.0
19,19,85,1.0,1.0
19,19,86,1.0,1.0
19,19,87,1.0,1.0
19,19,88,1.0,1.0
19,19,89,1.0,1.0
19,19,90,1.0,1.0
19,19,91,1.0,1.0
19,19,92,1.0,1.0
19,19,93,1.0,1.0
19,19,94,1.0,1.0
19,19,95,1.0,1.0
19,19,96,1.0,1.0
19,19,97,1.0,1.0
19,19,98,1.0,1.0
19,19,99,1.0,1.0
19,19,100,1.0,1.0
19,19,101,1.0,1.0
19,19,102,1.0,1.0
19,19,103,1.0,1.0
19,19,104,1.0,1.0
19,19,105,1.0,1.0
19,19,106,1.0,1.0
19,19,107,1.0,1.0
19,19,108,1.0,1.0
19,19,109,1.0,1.0
19,19,110,1.0,1.0
19,19,111,1.0,1.0
19,19,112,1.0,1.0
19,19,113,1.0,1.0
19,19,114,1.0,1.0
19,19,115,1.0,1.0
19,19,116,1.0,1.0
19,19,117,1.0,1.0
19,19,118,1.0,1.0
19,19,119,1.0,1.0
19,19,120,1.0,1.0
19,19,121,1.0,1.0
19,19,122,1.0,1.0
19,19,123,1.0,1.0
19,19,124,1.0,1.0
19,19,125,1.0,1.0
19,19,126,1.0,1.0
19,19,127,1.0,1.0
19,19,128,1.0,1.0
19,19,129,1.0,1.0
19,19,130,1.0,1.0
19,19,131,1.0,1.0
19,19,132,1.0,1.0
19,19,133,1.0,1.0
19,19,134,1.0,1.0
19,19,135,1.0,1.0
19,19,136,1.0,1.0
19,19,137,1.0,1.0
19,19,138,1.0,1.0
19,19,139,1.0,1.0
19,19,140,1.0,1.0
19,19,141,1.0,1.0
19,19,142,1.0,1.0
19,19,143,1.0,1.0
19,19,144,1.0,1.0
19,19,145,1.0,1.0
19,19,146,1.0,1.0
19,19,147,1.0,1.0
19,19,148,1.0,1.0
19,19,149,1.0,1.0
19,19,150,1.0,1.0
19,19,151,1.0,1.0
19,19,152,1.0,1.0
19,19,153,1.0,1.0
19,19,154,1.0,1.0
19,19,155,1.0,1.0
19,19,156,1.0,1.0
19,19,157,1.0,1.0
19,19,158,1.0,1.0
19,19,159,1.0,1.0
19,19,160,1.0,1.0
19,19,161,1.0,1.0
19,19,162,1.0,1.0
19,19,163,1.0,1.0
19,19,164,1.0,1.0
19,19,165,1.0,1.0
19,19,166,1.0,1.0
19,19,167,1.0,1.0
19,19,168,1.0,1.0
19,19,169,1.0,1.0
19,19,170,1.0,1.0
19,19,171,1.0,1.0
19,19,172,1.0,1.0
19,19,173,1.0,1.0
19,19,174,1.0,1.0
19,19,175,1.0,1.0
19,19,176,1.0,1.0
19,19,177,1.0,1.0
19,19,178,1.0,1.0
19,19,179,1.0,1.0
19,19,180,1.0,1.0
19,19,181,1.0,1.0
19,19,182,1.0,1.0
19,19,183,1.0,1.0
19,19,184,1.0,1.0
19,19,185,1.0,1.0
19,19,186,1.0,1.0
19,19,187,1.0,1.0
19,19,188,1.0,1.0
19,19,189,1.0,1.0
19,19,190,1.0,1.0
19,19,191,1.0,1.0
19,19,192,1.0,1.0
19,19,193,1.0,1.0
19,19,194,1.0,1.0
19,19,195,1.0,1.0
19,19,196,1.0,1.0
19,19,197,1.0,1.0
19,19,198,1.0,1.0
19,19,199,1.0,1.0
19,19,200,1.0,1.0
19,19,201,1.0,1.0
19,19,202,1.0,1.0
19,19,203,1.0,1.0
19,19,204,1.0,1.0
19,19,205,1.0,1.0
19,19,206,1.0,1.0
19,19,207,1.0,1.0
19,19,208,1.0,1.0
19,19,209,1.0,1.0
19,19,210,1.0,1.0
19,19,211,1.0,1.0
19,19,212,1.0,1.0
19,19,213,1.0,1.0
19,19,214,1.0,1.0
19,19,215,1.0,1.0
19,19,216,1.0,1.0
19,19,217,1.0,1.0
19,19,218,1.0,1.0
19,19,219,1.0,1.0
19,19,220,1.0,1.0
19,19,221,1.0,1.0
19,19,222,1.0,1.0
19,19,223,1.0,1.0
19,19,224,1.0,1.0
19,19,225,1.0,1.0
19,19,226,1.0,1.0
19,19,227,1.0,1.0
19,19,228,1.0,1.0
19,19,229,1.0,1.0
19,19,230,1.0,1.0
19,19,231,1.0,1.0
19,19,232,1.0,1.0
19,19,233,1.0,1.0
19,19,234,1.0,1.0
19,19,235,1.0,1.0
19,19,236,1.0,1.0
19,19,237,1.0,1.0
19,19,238,1.0,1.0
19,19,239,1.0,1.0
19,19,240,1.0,1.0
19,19,241,1.0,1.0
19,19,242,1.0,1.0
19,19,243,1.0,1.0
19,19,244,1.0,1.0
19,19,245,1.0,1.0
19,19,246,1.0,1.0
19,19,247,1.0,1.0
19,19,248,1.0,1.0
19,19,249,1.0,1.0
19,19,250,1.0,1.0
19,19,251,1.0,1.0
19,19,252,1.0,1.0
19,19,253,1.0,1.0
19,19,254,1.0,1.0
19,19,255,1.0,1.0
19,19,256,1.0,1.0
19,19,257,1.0,1.0
19,19,258,1.0,1.0
19,19,259,1.0,1.0
19,19,260,1.0,1.0
19,19,261,1.0,1.0
19,19,262,1.0,1.0
19,19,263,1.0,1.0
19,19,264,1.0,1.0
19,19,265,1.0,1.0
19,19,266,1.0,1.0
19,19,267,1.0,1.0
19,19,268,1.0,1.0
19,19,269,1.0,1.0
19,19,270,1.0,1.0
19,19,271,1.0,1.0
19,19,272,1.0,1.0
19,19,273,1.0,1.0
19,19,274,1.0,1.0
19,19,275,1.0,1.0
19,19,276,1.0,1.0
19,19,277,1.0,1.0
19,19,278,1.0,1.0
19,19,279,1.0,1.0
19,19,280,1.0,1.0
19,19,281,1.0,1.0
19,19,282,1.0,1.0
19,19,283,1.0,1.0
19,19,284,1.0,1.0
19,19,285,1.0,1.0
19,19,286,1.0,1.0
19,19,287,1.0,1.0
19,19,288,1.0,1.0
19,19,289,1.0,1.0
19,19,290,1.0,1.0
19,19,291,1.0,1.0
19,19,292,1.0,1.0
19,19,293,1.0,1.0
19,19,294,1.0,1.0
19,19,295,1.0,1.0
19,19,296,1.0,1.0
19,19,297,1.0,1.0
19,19,298,1.0,1.0
19,19,299,1.0,1.0
19,19,300,1.0,1.0
